customer_id,age,gender,location,occupation,income,credit_score,kyc_status
1,56,Male,Mumbai,Self-Employed,109731.0,706,Not Started
2,69,Male,Pune,Salaried,113558.0,761,Verified
3,46,Male,Delhi,Salaried,90176.0,729,Verified
4,32,Female,Mumbai,Business,84550.0,761,Pending
5,60,Male,Delhi,Farmer,116161.0,796,Verified
6,25,Female,Pune,Business,,654,Verified
7,38,Male,Pune,Salaried,110219.0,611,Verified
8,56,Male,Lucknow,Retired,267052.0,706,Verified
9,36,Female,Kolkata,Self-Employed,180747.0,681,Verified
10,40,Female,Hyderabad,Farmer,51302.0,776,Verified
11,28,Male,Bengaluru,Self-Employed,182451.0,618,Pending
12,28,Male,Bengaluru,Retired,191631.0,796,Verified
13,41,Male,Jaipur,Farmer,102658.0,825,Verified
14,70,Male,Chennai,Business,54333.0,710,Verified
15,53,Female,Jaipur,Salaried,133899.0,715,Pending
16,57,Male,Chennai,Retired,132637.0,644,Verified
17,41,Male,Delhi,Salaried,67983.0,663,Verified
18,20,Male,Chennai,Salaried,55785.0,675,Verified
19,39,Female,Kolkata,Self-Employed,126433.0,832,Verified
20,70,Female,Kolkata,Retired,115862.0,703,Verified
21,19,Male,Hyderabad,Salaried,103740.0,597,Verified
22,41,Female,Mumbai,Business,126748.0,731,Verified
23,61,Male,Bengaluru,Farmer,68757.0,780,Verified
24,47,Male,Hyderabad,Retired,102653.0,707,Verified
25,55,Female,Kolkata,Self-Employed,183505.0,834,Verified
26,19,Female,Mumbai,Retired,108014.0,776,Verified
27,38,Female,Jaipur,Self-Employed,,620,Verified
28,50,Female,Bengaluru,Farmer,100347.0,663,Verified
29,29,Male,Lucknow,Business,70116.0,729,Verified
30,39,Female,Bengaluru,Salaried,156417.0,568,Not Started
31,61,Male,Delhi,Retired,161345.0,738,Verified
32,42,Female,Ahmedabad,Self-Employed,49253.0,560,Verified
33,66,Male,Bengaluru,Farmer,210114.0,796,Verified
34,44,Female,Kolkata,Salaried,68370.0,787,Verified
35,59,Male,Delhi,Farmer,339595.0,752,Verified
36,45,Male,Pune,Business,129409.0,652,Verified
37,33,Female,Chennai,Salaried,63080.0,724,Verified
38,32,Male,Jaipur,Salaried,67158.0,666,Verified
39,64,Male,Lucknow,Salaried,164203.0,622,Verified
40,68,Male,Jaipur,Self-Employed,105369.0,681,Verified
41,61,Male,Pune,Salaried,125745.0,769,Verified
42,72,Male,Ahmedabad,Farmer,350694.0,713,Not Started
43,69,Male,Bengaluru,Self-Employed,87593.0,833,Not Started
44,74,Female,Hyderabad,Salaried,,775,Pending
45,20,Male,Delhi,Farmer,312358.0,765,Verified
46,54,Female,Lucknow,Farmer,156734.0,573,Verified
47,68,Female,Pune,Retired,50820.0,685,Verified
48,24,Male,Ahmedabad,Farmer,180454.0,619,Verified
49,38,Female,Jaipur,Business,66317.0,694,Verified
50,26,Male,Pune,Salaried,309925.0,651,Pending
51,56,Female,Lucknow,Salaried,81331.0,677,Verified
52,35,Male,Lucknow,Salaried,791516.0,800,Verified
53,21,Male,Ahmedabad,Farmer,321395.0,750,Verified
54,42,Female,Jaipur,Farmer,82622.0,795,Verified
55,31,Female,Kolkata,Salaried,134862.0,573,Verified
56,67,Female,Lucknow,Self-Employed,209439.0,714,Verified
57,26,Male,Delhi,Self-Employed,213245.0,792,Not Started
58,43,Female,Delhi,Business,173755.0,838,Verified
59,70,Male,Chennai,Retired,282461.0,578,Verified
60,19,Male,Jaipur,Business,123775.0,680,Verified
61,37,Male,Pune,Salaried,106934.0,797,Verified
62,45,Female,Delhi,Salaried,108216.0,693,Verified
63,64,Male,Ahmedabad,Salaried,223022.0,632,Verified
64,24,Male,Pune,Retired,165895.0,578,Verified
65,61,Female,Jaipur,Farmer,158700.0,629,Verified
66,25,Male,Ahmedabad,Retired,214731.0,566,Verified
67,64,Male,Bengaluru,Business,38924.0,714,Verified
68,52,Male,Mumbai,Farmer,160499.0,786,Pending
69,31,Female,Delhi,Farmer,,602,Verified
70,34,Male,Delhi,Business,362683.0,731,Verified
71,53,Male,Chennai,Farmer,53255.0,781,Pending
72,67,Female,Kolkata,Self-Employed,339189.0,709,Verified
73,57,Female,Chennai,Business,139420.0,573,Verified
74,21,Male,Jaipur,Business,178687.0,742,Verified
75,19,Female,Chennai,Self-Employed,364234.0,705,Verified
76,23,Female,Kolkata,Retired,186550.0,696,Verified
77,71,Female,Kolkata,Retired,169434.0,663,Verified
78,59,Male,Lucknow,Retired,154103.0,717,Verified
79,21,Female,Lucknow,Farmer,99699.0,753,Verified
80,71,Female,Mumbai,Self-Employed,130994.0,900,Pending
81,46,Male,Ahmedabad,Business,86742.0,719,Verified
82,35,Male,Bengaluru,Business,129736.0,838,Verified
83,43,Male,Kolkata,Business,32808.0,740,Verified
84,61,Male,Bengaluru,Farmer,172374.0,701,Verified
85,51,Female,Delhi,Farmer,123866.0,722,Verified
86,27,Male,Hyderabad,Retired,108910.0,606,Verified
87,53,Male,Mumbai,Farmer,152033.0,735,Verified
88,31,Female,Jaipur,Retired,,540,Verified
89,48,Male,Pune,Retired,,636,Verified
90,65,Female,Bengaluru,Business,125284.0,719,Verified
91,32,Male,Chennai,Farmer,122088.0,811,Verified
92,25,Male,Kolkata,Retired,74665.0,831,Verified
93,31,Male,Bengaluru,Self-Employed,135181.0,689,Verified
94,40,Male,Pune,Self-Employed,306256.0,723,Verified
95,74,Male,Kolkata,Farmer,248091.0,793,Verified
96,57,Female,Jaipur,Business,,596,Verified
97,38,Female,Hyderabad,Business,184950.0,744,Verified
98,33,Male,Chennai,Retired,107460.0,639,Verified
99,62,Female,Bengaluru,Farmer,55821.0,695,Verified
100,35,Female,Lucknow,Self-Employed,,670,Verified
101,64,Female,Mumbai,Retired,115668.0,747,Verified
102,70,Male,Bengaluru,Retired,250015.0,756,Pending
103,41,Male,Bengaluru,Salaried,160433.0,785,Verified
104,43,Male,Pune,Farmer,350595.0,739,Verified
105,42,Female,Pune,Retired,273346.0,724,Verified
106,62,Female,Mumbai,Self-Employed,101326.0,867,Pending
107,58,Male,Bengaluru,Salaried,45384.0,580,Verified
108,46,Male,Ahmedabad,Self-Employed,306001.0,854,Verified
109,32,Female,Jaipur,Business,301231.0,685,Verified
110,62,Female,Pune,Salaried,58705.0,758,Verified
111,18,Female,Pune,Salaried,329570.0,682,Verified
112,42,Female,Ahmedabad,Retired,167589.0,650,Pending
113,24,Male,Kolkata,Business,146739.0,751,Verified
114,26,Female,Bengaluru,Retired,351115.0,798,Verified
115,41,Female,Mumbai,Farmer,298585.0,750,Pending
116,18,Male,Pune,Self-Employed,196968.0,663,Verified
117,61,Female,Mumbai,Self-Employed,177004.0,900,Verified
118,25,Female,Mumbai,Retired,192883.0,811,Pending
119,41,Male,Jaipur,Self-Employed,,789,Pending
120,28,Female,Lucknow,Self-Employed,128919.0,679,Verified
121,68,Female,Pune,Farmer,77545.0,656,Verified
122,34,Female,Chennai,Business,109117.0,686,Verified
123,25,Male,Kolkata,Salaried,,801,Verified
124,52,Male,Mumbai,Retired,91018.0,625,Verified
125,52,Female,Pune,Retired,144646.0,619,Verified
126,50,Male,Kolkata,Farmer,109712.0,755,Verified
127,22,Female,Chennai,Farmer,180113.0,737,Verified
128,59,Female,Pune,Salaried,50343.0,644,Verified
129,56,Male,Bengaluru,Business,124491.0,617,Verified
130,58,Male,Mumbai,Retired,144196.0,832,Verified
131,45,Male,Chennai,Farmer,,740,Verified
132,24,Male,Bengaluru,Retired,120158.0,594,Verified
133,26,Female,Mumbai,Self-Employed,51475.0,600,Verified
134,25,Female,Delhi,Retired,165031.0,679,Not Started
135,29,Female,Hyderabad,Business,196529.0,772,Pending
136,51,Female,Ahmedabad,Business,179176.0,760,Verified
137,50,Male,Mumbai,Retired,248509.0,806,Verified
138,65,Female,Chennai,Self-Employed,150380.0,583,Verified
139,72,Female,Chennai,Business,177586.0,729,Verified
140,40,Female,Hyderabad,Farmer,146335.0,831,Verified
141,41,Female,Pune,Retired,201296.0,823,Verified
142,54,Male,Ahmedabad,Self-Employed,51723.0,740,Verified
143,52,Female,Kolkata,Farmer,77952.0,900,Verified
144,61,Male,Mumbai,Retired,345290.0,761,Verified
145,57,Male,Pune,Self-Employed,30447.0,798,Verified
146,39,Male,Bengaluru,Farmer,122503.0,713,Pending
147,44,Female,Kolkata,Business,269242.0,643,Verified
148,52,Female,Ahmedabad,Retired,126001.0,635,Verified
149,18,Female,Pune,Retired,104505.0,725,Verified
150,52,Female,Lucknow,Business,144012.0,692,Pending
151,54,Female,Kolkata,Salaried,107810.0,559,Verified
152,64,Female,Jaipur,Farmer,135742.0,622,Pending
153,31,Male,Jaipur,Business,88430.0,682,Pending
154,20,Male,Mumbai,Retired,259161.0,771,Verified
155,18,Male,Mumbai,Farmer,313000.0,708,Verified
156,22,Female,Mumbai,Farmer,123003.0,703,Verified
157,43,Female,Ahmedabad,Salaried,57995.0,626,Verified
158,72,Male,Lucknow,Retired,97314.0,711,Verified
159,31,Male,Pune,Self-Employed,119325.0,822,Verified
160,56,Female,Bengaluru,Salaried,180471.0,723,Verified
161,44,Male,Delhi,Salaried,72780.0,581,Verified
162,26,Female,Chennai,Self-Employed,83994.0,603,Verified
163,32,Female,Bengaluru,Self-Employed,181028.0,760,Verified
164,32,Male,Pune,Salaried,,690,Verified
165,43,Male,Lucknow,Farmer,91770.0,703,Verified
166,59,Female,Ahmedabad,Business,59878.0,657,Verified
167,30,Female,Kolkata,Business,955960.0,752,Verified
168,68,Female,Bengaluru,Salaried,213199.0,684,Not Started
169,49,Female,Kolkata,Farmer,113527.0,694,Verified
170,56,Male,Delhi,Self-Employed,224452.0,637,Verified
171,66,Male,Pune,Salaried,123664.0,788,Verified
172,69,Female,Lucknow,Retired,224200.0,691,Verified
173,49,Female,Pune,Farmer,146625.0,761,Verified
174,21,Male,Chennai,Retired,140753.0,608,Verified
175,47,Female,Ahmedabad,Retired,124474.0,857,Verified
176,54,Female,Chennai,Salaried,55914.0,818,Pending
177,40,Male,Pune,Farmer,426282.0,547,Verified
178,56,Male,Chennai,Retired,75741.0,641,Verified
179,62,Female,Hyderabad,Farmer,58923.0,750,Verified
180,32,Male,Pune,Business,117276.0,597,Verified
181,60,Male,Lucknow,Retired,74841.0,698,Verified
182,46,Male,Bengaluru,Retired,,746,Pending
183,53,Female,Lucknow,Farmer,201321.0,694,Verified
184,30,Female,Hyderabad,Business,242118.0,755,Not Started
185,49,Female,Bengaluru,Retired,217257.0,651,Verified
186,24,Male,Hyderabad,Salaried,110926.0,519,Verified
187,68,Female,Bengaluru,Farmer,137277.0,793,Pending
188,39,Female,Lucknow,Farmer,170200.0,792,Verified
189,45,Female,Pune,Retired,46413.0,900,Verified
190,19,Female,Mumbai,Business,187653.0,522,Verified
191,59,Male,Jaipur,Retired,55582.0,773,Verified
192,62,Female,Jaipur,Self-Employed,453254.0,542,Verified
193,74,Male,Hyderabad,Retired,104536.0,859,Verified
194,70,Female,Jaipur,Self-Employed,119262.0,751,Verified
195,23,Male,Lucknow,Salaried,83967.0,629,Verified
196,45,Male,Kolkata,Farmer,91310.0,776,Not Started
197,45,Male,Hyderabad,Farmer,521496.0,662,Verified
198,61,Female,Bengaluru,Business,234268.0,735,Verified
199,61,Male,Ahmedabad,Retired,52600.0,727,Not Started
200,37,Female,Chennai,Salaried,328577.0,858,Verified
201,47,Male,Lucknow,Self-Employed,272650.0,864,Verified
202,28,Male,Bengaluru,Business,112563.0,659,Verified
203,72,Female,Kolkata,Salaried,160174.0,799,Verified
204,45,Male,Ahmedabad,Salaried,132063.0,740,Verified
205,42,Male,Jaipur,Self-Employed,435194.0,589,Verified
206,56,Female,Kolkata,Self-Employed,82638.0,650,Verified
207,50,Male,Hyderabad,Farmer,145453.0,900,Verified
208,18,Male,Delhi,Retired,103065.0,740,Verified
209,74,Male,Delhi,Business,56397.0,794,Verified
210,44,Female,Jaipur,Retired,496323.0,691,Verified
211,74,Female,Delhi,Business,65582.0,664,Verified
212,69,Female,Delhi,Salaried,152067.0,712,Verified
213,30,Female,Bengaluru,Self-Employed,46891.0,687,Verified
214,58,Male,Bengaluru,Self-Employed,104878.0,583,Verified
215,20,Male,Chennai,Salaried,171645.0,624,Verified
216,56,Female,Pune,Salaried,81240.0,770,Verified
217,23,Male,Jaipur,Business,189488.0,677,Verified
218,25,Male,Delhi,Salaried,113389.0,712,Verified
219,44,Male,Chennai,Business,267279.0,729,Verified
220,26,Male,Jaipur,Retired,301660.0,736,Verified
221,54,Female,Delhi,Self-Employed,93709.0,807,Verified
222,50,Male,Lucknow,Self-Employed,139531.0,616,Verified
223,68,Male,Mumbai,Self-Employed,148757.0,758,Not Started
224,59,Male,Lucknow,Retired,193225.0,774,Verified
225,61,Female,Ahmedabad,Retired,134407.0,793,Verified
226,41,Male,Jaipur,Farmer,149362.0,589,Verified
227,32,Male,Pune,Business,115146.0,731,Verified
228,71,Female,Ahmedabad,Business,142792.0,855,Verified
229,49,Female,Chennai,Farmer,290327.0,701,Not Started
230,49,Male,Chennai,Self-Employed,196349.0,751,Verified
231,41,Male,Delhi,Business,202958.0,776,Verified
232,58,Male,Ahmedabad,Business,205632.0,622,Verified
233,69,Male,Delhi,Self-Employed,121505.0,865,Verified
234,66,Male,Jaipur,Salaried,161344.0,752,Verified
235,66,Male,Chennai,Salaried,69487.0,754,Verified
236,69,Male,Mumbai,Farmer,285297.0,568,Verified
237,29,Male,Chennai,Retired,25090.0,777,Verified
238,56,Female,Bengaluru,Business,,753,Verified
239,19,Female,Kolkata,Business,264220.0,848,Verified
240,20,Female,Pune,Farmer,58787.0,683,Verified
241,66,Male,Ahmedabad,Farmer,169375.0,626,Verified
242,54,Male,Delhi,Business,88569.0,652,Verified
243,66,Female,Kolkata,Self-Employed,106801.0,667,Verified
244,73,Male,Kolkata,Self-Employed,235053.0,614,Verified
245,34,Male,Lucknow,Retired,150067.0,819,Verified
246,66,Female,Hyderabad,Business,39316.0,822,Verified
247,19,Female,Lucknow,Business,74172.0,693,Verified
248,19,Female,Lucknow,Business,239235.0,676,Verified
249,45,Male,Pune,Business,174445.0,555,Verified
250,71,Male,Bengaluru,Farmer,380363.0,769,Verified
251,40,Female,Chennai,Salaried,365707.0,850,Verified
252,54,Male,Lucknow,Business,108516.0,655,Verified
253,49,Female,Jaipur,Salaried,598357.0,700,Verified
254,50,Female,Chennai,Self-Employed,135224.0,746,Verified
255,18,Female,Bengaluru,Retired,,856,Verified
256,36,Male,Delhi,Self-Employed,91109.0,726,Pending
257,19,Male,Hyderabad,Business,34405.0,726,Verified
258,70,Female,Chennai,Self-Employed,349483.0,725,Verified
259,61,Female,Ahmedabad,Farmer,346923.0,588,Verified
260,43,Female,Pune,Salaried,72453.0,587,Verified
261,49,Male,Kolkata,Business,116223.0,641,Verified
262,23,Male,Delhi,Farmer,141120.0,796,Verified
263,49,Female,Bengaluru,Salaried,74891.0,681,Verified
264,72,Female,Lucknow,Farmer,46488.0,664,Verified
265,21,Female,Jaipur,Self-Employed,,663,Verified
266,72,Male,Jaipur,Business,,698,Verified
267,28,Female,Hyderabad,Self-Employed,105551.0,854,Verified
268,73,Female,Bengaluru,Retired,152303.0,697,Verified
269,34,Female,Delhi,Business,314177.0,643,Verified
270,55,Male,Ahmedabad,Self-Employed,111095.0,712,Verified
271,41,Male,Kolkata,Business,147601.0,859,Verified
272,22,Female,Lucknow,Salaried,206101.0,667,Verified
273,69,Male,Pune,Business,185811.0,609,Verified
274,51,Male,Mumbai,Business,92166.0,667,Verified
275,23,Female,Mumbai,Salaried,141185.0,720,Verified
276,39,Male,Lucknow,Self-Employed,185076.0,768,Verified
277,28,Female,Delhi,Business,67710.0,795,Verified
278,65,Male,Lucknow,Farmer,284396.0,621,Verified
279,33,Female,Bengaluru,Business,314567.0,629,Verified
280,50,Female,Mumbai,Self-Employed,86364.0,682,Verified
281,26,Male,Hyderabad,Salaried,149672.0,768,Verified
282,23,Male,Bengaluru,Self-Employed,195901.0,602,Pending
283,33,Male,Mumbai,Retired,96051.0,658,Verified
284,46,Male,Ahmedabad,Business,177898.0,659,Verified
285,20,Female,Kolkata,Business,146966.0,790,Verified
286,37,Female,Jaipur,Salaried,55229.0,754,Pending
287,53,Male,Bengaluru,Business,175518.0,786,Verified
288,36,Male,Jaipur,Farmer,68866.0,823,Verified
289,43,Male,Jaipur,Farmer,234104.0,684,Verified
290,20,Female,Mumbai,Self-Employed,89079.0,609,Verified
291,36,Male,Bengaluru,Salaried,120962.0,609,Verified
292,37,Female,Kolkata,Retired,303570.0,553,Not Started
293,49,Female,Ahmedabad,Self-Employed,179482.0,671,Verified
294,24,Female,Chennai,Salaried,,677,Not Started
295,69,Male,Hyderabad,Salaried,72479.0,776,Verified
296,58,Female,Jaipur,Self-Employed,93006.0,711,Pending
297,50,Male,Kolkata,Self-Employed,168853.0,668,Verified
298,57,Male,Pune,Business,165211.0,700,Verified
299,56,Female,Pune,Retired,80349.0,621,Verified
300,35,Female,Chennai,Farmer,66150.0,797,Verified
301,57,Male,Chennai,Business,157779.0,643,Verified
302,18,Male,Chennai,Salaried,119478.0,613,Verified
303,28,Male,Hyderabad,Retired,486178.0,779,Verified
304,45,Male,Hyderabad,Retired,136211.0,758,Verified
305,74,Male,Ahmedabad,Self-Employed,395755.0,563,Verified
306,42,Male,Jaipur,Retired,66024.0,782,Verified
307,67,Male,Delhi,Retired,51848.0,646,Verified
308,40,Female,Pune,Salaried,68047.0,678,Verified
309,48,Female,Mumbai,Business,271978.0,725,Verified
310,47,Female,Mumbai,Retired,382185.0,759,Verified
311,59,Male,Chennai,Self-Employed,83341.0,747,Verified
312,52,Female,Lucknow,Business,,705,Verified
313,24,Female,Pune,Self-Employed,66079.0,673,Verified
314,33,Female,Delhi,Retired,44937.0,745,Verified
315,43,Female,Delhi,Business,205058.0,699,Verified
316,65,Female,Mumbai,Retired,152331.0,863,Verified
317,74,Female,Lucknow,Salaried,134094.0,759,Verified
318,69,Male,Delhi,Business,57524.0,631,Verified
319,66,Female,Pune,Self-Employed,356459.0,669,Pending
320,19,Female,Jaipur,Salaried,98517.0,714,Verified
321,18,Female,Kolkata,Farmer,183538.0,820,Verified
322,65,Female,Lucknow,Self-Employed,55674.0,829,Verified
323,29,Male,Delhi,Retired,118858.0,676,Verified
324,22,Male,Lucknow,Self-Employed,158709.0,630,Verified
325,54,Female,Lucknow,Farmer,162145.0,619,Verified
326,49,Female,Jaipur,Self-Employed,146209.0,731,Verified
327,72,Female,Pune,Salaried,179282.0,900,Verified
328,26,Male,Mumbai,Self-Employed,67622.0,755,Verified
329,58,Male,Jaipur,Business,150005.0,574,Verified
330,52,Female,Delhi,Farmer,142665.0,648,Verified
331,36,Female,Chennai,Self-Employed,153124.0,656,Verified
332,65,Female,Jaipur,Farmer,139164.0,640,Verified
333,33,Male,Chennai,Salaried,62073.0,677,Verified
334,20,Female,Bengaluru,Business,60435.0,741,Verified
335,37,Male,Mumbai,Retired,35293.0,767,Verified
336,41,Female,Pune,Self-Employed,217623.0,802,Verified
337,71,Male,Kolkata,Salaried,218949.0,754,Verified
338,73,Male,Lucknow,Farmer,221047.0,543,Verified
339,50,Female,Chennai,Farmer,160183.0,620,Verified
340,41,Female,Kolkata,Salaried,37054.0,696,Verified
341,69,Male,Kolkata,Self-Employed,71968.0,722,Verified
342,28,Female,Chennai,Retired,,783,Verified
343,66,Male,Kolkata,Self-Employed,144540.0,713,Verified
344,25,Male,Lucknow,Business,,714,Verified
345,53,Male,Ahmedabad,Self-Employed,166267.0,730,Pending
346,55,Male,Bengaluru,Business,134187.0,688,Verified
347,57,Male,Chennai,Farmer,143267.0,717,Verified
348,37,Male,Lucknow,Business,90813.0,805,Verified
349,52,Male,Mumbai,Retired,240195.0,702,Verified
350,65,Female,Chennai,Salaried,102902.0,707,Verified
351,42,Male,Lucknow,Business,59971.0,707,Verified
352,52,Female,Lucknow,Self-Employed,83902.0,820,Verified
353,42,Male,Jaipur,Business,108112.0,615,Pending
354,46,Female,Ahmedabad,Farmer,241930.0,860,Verified
355,35,Male,Chennai,Business,129915.0,610,Verified
356,63,Male,Pune,Retired,119171.0,654,Pending
357,35,Male,Lucknow,Business,62994.0,773,Verified
358,19,Male,Bengaluru,Retired,213478.0,797,Verified
359,71,Male,Jaipur,Self-Employed,90114.0,590,Pending
360,52,Female,Lucknow,Farmer,125490.0,617,Verified
361,33,Female,Chennai,Salaried,323874.0,733,Verified
362,58,Female,Delhi,Self-Employed,180820.0,900,Verified
363,53,Female,Lucknow,Self-Employed,50164.0,815,Verified
364,50,Male,Hyderabad,Salaried,46087.0,688,Verified
365,21,Male,Delhi,Business,128209.0,504,Verified
366,50,Male,Lucknow,Business,64367.0,716,Verified
367,31,Male,Kolkata,Business,196640.0,740,Verified
368,38,Male,Lucknow,Farmer,136675.0,677,Verified
369,65,Female,Mumbai,Self-Employed,147153.0,637,Pending
370,37,Male,Kolkata,Retired,87200.0,723,Verified
371,73,Male,Chennai,Salaried,378825.0,629,Not Started
372,25,Female,Bengaluru,Self-Employed,733480.0,869,Verified
373,24,Female,Delhi,Business,112741.0,838,Verified
374,20,Male,Pune,Salaried,164691.0,765,Verified
375,34,Female,Jaipur,Retired,141273.0,717,Not Started
376,50,Female,Bengaluru,Self-Employed,114027.0,653,Verified
377,65,Male,Kolkata,Self-Employed,80883.0,708,Verified
378,29,Male,Jaipur,Farmer,69496.0,849,Verified
379,68,Male,Delhi,Self-Employed,67416.0,783,Verified
380,39,Female,Pune,Self-Employed,169930.0,727,Pending
381,72,Female,Hyderabad,Retired,97557.0,788,Verified
382,39,Male,Hyderabad,Retired,28368.0,756,Pending
383,63,Male,Pune,Salaried,174018.0,743,Verified
384,47,Female,Jaipur,Business,130228.0,793,Pending
385,55,Male,Chennai,Retired,298942.0,753,Verified
386,55,Male,Jaipur,Salaried,166687.0,782,Verified
387,62,Female,Lucknow,Self-Employed,54874.0,723,Verified
388,68,Female,Jaipur,Salaried,34968.0,688,Verified
389,71,Female,Chennai,Salaried,86536.0,663,Verified
390,25,Female,Bengaluru,Salaried,91577.0,653,Verified
391,44,Female,Delhi,Salaried,234661.0,573,Verified
392,44,Male,Jaipur,Retired,132545.0,632,Verified
393,51,Female,Delhi,Business,263080.0,630,Verified
394,38,Male,Kolkata,Salaried,60180.0,666,Verified
395,47,Female,Hyderabad,Farmer,237794.0,842,Verified
396,50,Male,Hyderabad,Self-Employed,205375.0,696,Not Started
397,45,Female,Chennai,Self-Employed,39698.0,730,Verified
398,64,Male,Kolkata,Self-Employed,294658.0,733,Verified
399,50,Male,Hyderabad,Self-Employed,140938.0,844,Verified
400,22,Male,Chennai,Self-Employed,168590.0,661,Verified
401,65,Male,Jaipur,Salaried,79305.0,691,Verified
402,36,Female,Kolkata,Business,286401.0,700,Verified
403,21,Female,Lucknow,Farmer,65414.0,806,Verified
404,52,Male,Lucknow,Retired,219532.0,824,Verified
405,66,Male,Lucknow,Farmer,218025.0,750,Verified
406,34,Male,Bengaluru,Retired,74273.0,814,Verified
407,61,Male,Lucknow,Retired,438022.0,725,Not Started
408,45,Male,Kolkata,Farmer,153111.0,695,Pending
409,47,Female,Mumbai,Salaried,197271.0,810,Verified
410,46,Male,Hyderabad,Self-Employed,53302.0,751,Verified
411,63,Male,Lucknow,Salaried,474795.0,647,Verified
412,70,Male,Kolkata,Self-Employed,63912.0,794,Verified
413,23,Male,Ahmedabad,Business,246454.0,692,Verified
414,52,Male,Jaipur,Retired,73360.0,681,Verified
415,58,Female,Bengaluru,Farmer,91914.0,785,Verified
416,54,Male,Delhi,Business,213898.0,702,Verified
417,41,Male,Chennai,Self-Employed,246849.0,743,Pending
418,46,Male,Ahmedabad,Salaried,62145.0,766,Pending
419,66,Male,Ahmedabad,Farmer,256346.0,643,Verified
420,63,Male,Bengaluru,Retired,249444.0,742,Verified
421,70,Female,Chennai,Business,75904.0,824,Verified
422,48,Female,Bengaluru,Retired,347732.0,628,Pending
423,52,Female,Lucknow,Self-Employed,55597.0,748,Not Started
424,50,Male,Delhi,Retired,91595.0,639,Verified
425,69,Male,Chennai,Salaried,177620.0,796,Verified
426,38,Female,Kolkata,Business,79846.0,796,Verified
427,49,Female,Hyderabad,Business,156106.0,679,Verified
428,40,Female,Bengaluru,Salaried,153990.0,897,Verified
429,50,Male,Delhi,Retired,119104.0,804,Verified
430,20,Male,Jaipur,Salaried,219573.0,770,Not Started
431,35,Male,Mumbai,Farmer,116190.0,765,Verified
432,42,Female,Jaipur,Salaried,153112.0,793,Verified
433,59,Female,Mumbai,Retired,265105.0,625,Verified
434,48,Female,Pune,Salaried,,726,Verified
435,71,Male,Kolkata,Self-Employed,213547.0,742,Verified
436,20,Female,Pune,Salaried,66869.0,675,Pending
437,57,Male,Bengaluru,Salaried,,749,Verified
438,63,Male,Bengaluru,Retired,78661.0,814,Verified
439,41,Male,Mumbai,Farmer,61769.0,674,Verified
440,67,Female,Chennai,Farmer,127641.0,705,Verified
441,49,Male,Delhi,Retired,77453.0,640,Verified
442,64,Male,Lucknow,Retired,214137.0,558,Verified
443,39,Female,Ahmedabad,Retired,217232.0,776,Verified
444,40,Male,Bengaluru,Self-Employed,42550.0,707,Verified
445,19,Male,Pune,Business,81066.0,714,Verified
446,44,Male,Pune,Salaried,55499.0,626,Verified
447,59,Male,Jaipur,Retired,100954.0,694,Verified
448,19,Female,Kolkata,Retired,175099.0,803,Verified
449,43,Male,Mumbai,Retired,115223.0,710,Verified
450,34,Male,Ahmedabad,Farmer,93540.0,712,Verified
451,57,Female,Mumbai,Retired,290717.0,727,Verified
452,50,Female,Bengaluru,Salaried,33426.0,604,Verified
453,26,Female,Hyderabad,Retired,279882.0,763,Verified
454,60,Male,Ahmedabad,Salaried,96127.0,603,Verified
455,71,Male,Jaipur,Self-Employed,127152.0,630,Pending
456,65,Female,Pune,Business,97108.0,620,Verified
457,56,Female,Jaipur,Farmer,,695,Verified
458,46,Female,Bengaluru,Salaried,63666.0,680,Verified
459,59,Female,Hyderabad,Self-Employed,134194.0,709,Pending
460,72,Female,Lucknow,Business,182858.0,633,Verified
461,43,Male,Ahmedabad,Business,50686.0,795,Pending
462,52,Male,Mumbai,Business,76731.0,780,Verified
463,67,Female,Ahmedabad,Salaried,121917.0,695,Verified
464,42,Male,Pune,Self-Employed,78276.0,669,Verified
465,41,Male,Mumbai,Retired,,660,Verified
466,30,Female,Lucknow,Self-Employed,,683,Verified
467,24,Female,Lucknow,Self-Employed,196762.0,590,Verified
468,74,Male,Kolkata,Self-Employed,108485.0,628,Verified
469,53,Male,Mumbai,Salaried,254500.0,783,Verified
470,62,Male,Delhi,Salaried,73229.0,735,Pending
471,37,Female,Hyderabad,Salaried,62871.0,848,Verified
472,18,Female,Delhi,Self-Employed,423288.0,684,Pending
473,25,Male,Lucknow,Salaried,89790.0,679,Verified
474,63,Male,Mumbai,Business,60685.0,675,Verified
475,33,Female,Kolkata,Salaried,46853.0,682,Verified
476,31,Male,Ahmedabad,Farmer,253993.0,653,Verified
477,29,Female,Ahmedabad,Salaried,108577.0,733,Verified
478,68,Female,Ahmedabad,Salaried,114436.0,712,Verified
479,40,Male,Kolkata,Salaried,121113.0,666,Verified
480,32,Female,Bengaluru,Salaried,244694.0,816,Verified
481,45,Male,Mumbai,Farmer,119645.0,871,Verified
482,51,Male,Delhi,Retired,543852.0,809,Verified
483,19,Female,Hyderabad,Salaried,144388.0,757,Verified
484,49,Male,Lucknow,Business,251971.0,774,Verified
485,40,Female,Hyderabad,Farmer,216024.0,867,Verified
486,39,Female,Lucknow,Retired,130370.0,774,Verified
487,68,Male,Mumbai,Salaried,93697.0,660,Not Started
488,42,Male,Mumbai,Retired,162621.0,743,Pending
489,39,Male,Jaipur,Business,180965.0,763,Verified
490,39,Male,Delhi,Farmer,94509.0,625,Verified
491,66,Male,Pune,Farmer,147238.0,685,Verified
492,69,Male,Lucknow,Retired,279770.0,803,Verified
493,59,Male,Chennai,Salaried,461376.0,555,Verified
494,23,Female,Pune,Self-Employed,222486.0,603,Pending
495,32,Female,Ahmedabad,Farmer,407443.0,695,Verified
496,71,Female,Hyderabad,Self-Employed,,740,Not Started
497,60,Male,Mumbai,Farmer,203034.0,594,Pending
498,54,Male,Chennai,Salaried,297483.0,699,Not Started
499,50,Female,Lucknow,Salaried,,808,Verified
500,25,Male,Bengaluru,Farmer,99573.0,715,Verified
501,70,Male,Lucknow,Retired,378035.0,789,Verified
502,61,Female,Hyderabad,Salaried,74231.0,659,Verified
503,61,Female,Lucknow,Salaried,59595.0,641,Verified
504,22,Female,Lucknow,Business,333297.0,782,Verified
505,56,Male,Kolkata,Salaried,273227.0,741,Verified
506,21,Female,Delhi,Business,172693.0,609,Verified
507,23,Female,Pune,Salaried,129647.0,641,Verified
508,62,Female,Bengaluru,Salaried,102425.0,842,Pending
509,49,Female,Mumbai,Retired,157814.0,631,Verified
510,69,Female,Lucknow,Retired,343824.0,789,Verified
511,47,Male,Bengaluru,Salaried,153759.0,669,Verified
512,64,Male,Jaipur,Farmer,489028.0,709,Verified
513,52,Female,Lucknow,Farmer,77749.0,735,Pending
514,72,Female,Kolkata,Salaried,131688.0,531,Verified
515,57,Female,Kolkata,Farmer,106528.0,585,Verified
516,69,Male,Chennai,Salaried,69488.0,717,Verified
517,33,Male,Ahmedabad,Retired,121558.0,648,Pending
518,30,Female,Hyderabad,Self-Employed,171167.0,794,Verified
519,67,Female,Pune,Business,182506.0,573,Verified
520,59,Female,Jaipur,Farmer,490054.0,758,Verified
521,47,Female,Hyderabad,Farmer,176078.0,593,Verified
522,36,Female,Hyderabad,Retired,265689.0,680,Verified
523,34,Female,Chennai,Farmer,138643.0,619,Pending
524,73,Female,Kolkata,Salaried,364701.0,871,Verified
525,36,Female,Delhi,Salaried,561895.0,596,Verified
526,45,Female,Bengaluru,Self-Employed,183258.0,699,Pending
527,72,Male,Mumbai,Self-Employed,73453.0,563,Verified
528,43,Male,Delhi,Self-Employed,95867.0,845,Verified
529,54,Female,Delhi,Salaried,157812.0,744,Verified
530,43,Male,Ahmedabad,Self-Employed,175238.0,721,Verified
531,70,Male,Ahmedabad,Self-Employed,202613.0,835,Verified
532,40,Male,Delhi,Salaried,175627.0,722,Verified
533,26,Male,Kolkata,Retired,133812.0,728,Verified
534,29,Male,Hyderabad,Farmer,90970.0,721,Verified
535,70,Male,Bengaluru,Business,,757,Not Started
536,18,Female,Hyderabad,Salaried,405547.0,668,Verified
537,18,Male,Hyderabad,Salaried,245722.0,691,Pending
538,64,Male,Hyderabad,Business,183656.0,778,Verified
539,51,Male,Bengaluru,Business,247147.0,733,Pending
540,49,Female,Bengaluru,Self-Employed,106656.0,700,Verified
541,71,Male,Chennai,Business,98227.0,590,Verified
542,65,Female,Pune,Farmer,85078.0,837,Verified
543,42,Female,Delhi,Farmer,123603.0,653,Verified
544,57,Female,Lucknow,Farmer,103445.0,793,Verified
545,62,Male,Chennai,Farmer,275121.0,724,Verified
546,70,Female,Chennai,Farmer,100188.0,600,Verified
547,18,Male,Mumbai,Self-Employed,82320.0,816,Verified
548,33,Female,Lucknow,Salaried,427430.0,731,Pending
549,56,Female,Ahmedabad,Business,101638.0,823,Pending
550,22,Male,Mumbai,Salaried,,694,Verified
551,39,Male,Ahmedabad,Business,174694.0,769,Verified
552,46,Male,Pune,Self-Employed,67372.0,560,Verified
553,72,Female,Jaipur,Self-Employed,279649.0,667,Verified
554,20,Male,Ahmedabad,Retired,195296.0,601,Verified
555,29,Female,Hyderabad,Retired,339433.0,678,Verified
556,43,Male,Ahmedabad,Self-Employed,88651.0,750,Verified
557,33,Female,Lucknow,Self-Employed,141418.0,658,Verified
558,68,Female,Bengaluru,Business,136436.0,783,Verified
559,54,Female,Lucknow,Self-Employed,156113.0,637,Pending
560,39,Female,Pune,Salaried,55672.0,785,Verified
561,74,Male,Chennai,Business,142415.0,821,Verified
562,46,Male,Hyderabad,Self-Employed,56620.0,796,Pending
563,31,Female,Jaipur,Business,165215.0,680,Verified
564,45,Male,Pune,Business,37153.0,529,Verified
565,22,Male,Chennai,Farmer,43873.0,759,Verified
566,64,Male,Kolkata,Retired,217756.0,699,Verified
567,66,Male,Lucknow,Business,95980.0,626,Verified
568,47,Male,Pune,Business,73665.0,662,Verified
569,63,Female,Lucknow,Farmer,285646.0,831,Not Started
570,69,Male,Jaipur,Self-Employed,162198.0,613,Verified
571,22,Female,Chennai,Business,224865.0,749,Verified
572,29,Male,Lucknow,Farmer,120602.0,728,Verified
573,33,Female,Bengaluru,Salaried,665156.0,679,Verified
574,43,Male,Ahmedabad,Farmer,92716.0,764,Verified
575,43,Female,Mumbai,Retired,379533.0,848,Verified
576,65,Female,Jaipur,Retired,128435.0,684,Pending
577,38,Male,Mumbai,Self-Employed,49380.0,689,Verified
578,56,Female,Delhi,Self-Employed,178030.0,762,Verified
579,53,Female,Ahmedabad,Retired,160951.0,788,Verified
580,50,Female,Jaipur,Retired,70913.0,699,Verified
581,47,Female,Pune,Business,76624.0,684,Verified
582,54,Male,Bengaluru,Retired,131292.0,521,Verified
583,40,Female,Pune,Self-Employed,164366.0,643,Verified
584,27,Male,Kolkata,Retired,30261.0,613,Verified
585,71,Male,Delhi,Self-Employed,250665.0,768,Verified
586,22,Female,Bengaluru,Salaried,99042.0,689,Verified
587,53,Male,Lucknow,Retired,59931.0,685,Verified
588,51,Female,Lucknow,Self-Employed,234366.0,709,Verified
589,69,Female,Hyderabad,Farmer,131377.0,636,Pending
590,48,Female,Lucknow,Business,276426.0,842,Verified
591,27,Female,Chennai,Self-Employed,173299.0,820,Not Started
592,36,Male,Delhi,Retired,133131.0,847,Verified
593,49,Male,Chennai,Retired,121584.0,768,Verified
594,18,Male,Ahmedabad,Salaried,178016.0,707,Verified
595,73,Male,Hyderabad,Farmer,103972.0,847,Verified
596,22,Male,Hyderabad,Self-Employed,79894.0,652,Verified
597,62,Male,Lucknow,Farmer,,635,Verified
598,21,Female,Bengaluru,Salaried,122187.0,658,Verified
599,33,Female,Ahmedabad,Business,135963.0,754,Verified
600,41,Male,Kolkata,Farmer,256178.0,645,Verified
601,33,Female,Delhi,Salaried,124452.0,696,Verified
602,72,Male,Delhi,Self-Employed,134460.0,573,Verified
603,19,Male,Jaipur,Business,92987.0,750,Pending
604,66,Female,Pune,Retired,172550.0,581,Pending
605,45,Female,Lucknow,Salaried,164374.0,630,Verified
606,49,Female,Jaipur,Retired,228768.0,813,Verified
607,44,Male,Kolkata,Business,94139.0,810,Verified
608,37,Female,Hyderabad,Salaried,101246.0,741,Verified
609,41,Female,Mumbai,Salaried,214332.0,733,Verified
610,29,Female,Kolkata,Business,155023.0,664,Verified
611,67,Female,Kolkata,Self-Employed,77363.0,644,Verified
612,52,Female,Bengaluru,Salaried,291832.0,679,Verified
613,50,Female,Bengaluru,Business,48095.0,581,Verified
614,50,Female,Bengaluru,Farmer,213325.0,731,Verified
615,68,Female,Bengaluru,Retired,62372.0,714,Verified
616,60,Female,Pune,Salaried,413112.0,630,Verified
617,54,Male,Lucknow,Farmer,52746.0,843,Verified
618,29,Female,Delhi,Salaried,266026.0,761,Verified
619,20,Male,Lucknow,Self-Employed,126883.0,768,Verified
620,18,Male,Lucknow,Business,106942.0,668,Verified
621,50,Female,Delhi,Salaried,148931.0,709,Verified
622,57,Female,Bengaluru,Business,194685.0,763,Verified
623,27,Female,Lucknow,Salaried,77448.0,722,Verified
624,60,Male,Pune,Self-Employed,81677.0,846,Verified
625,61,Female,Bengaluru,Self-Employed,196765.0,692,Verified
626,46,Male,Pune,Farmer,47839.0,667,Verified
627,30,Female,Jaipur,Self-Employed,93851.0,763,Verified
628,29,Female,Lucknow,Business,826051.0,602,Pending
629,48,Female,Chennai,Self-Employed,74548.0,788,Verified
630,63,Female,Pune,Salaried,265317.0,599,Not Started
631,19,Female,Jaipur,Self-Employed,93754.0,764,Verified
632,68,Female,Ahmedabad,Business,180851.0,654,Verified
633,67,Male,Ahmedabad,Salaried,197326.0,750,Verified
634,52,Male,Jaipur,Farmer,262334.0,787,Pending
635,40,Female,Hyderabad,Farmer,118166.0,723,Verified
636,34,Female,Hyderabad,Farmer,439473.0,608,Verified
637,43,Male,Bengaluru,Salaried,93564.0,633,Verified
638,25,Female,Hyderabad,Farmer,153358.0,648,Pending
639,46,Male,Ahmedabad,Self-Employed,154379.0,548,Verified
640,43,Male,Hyderabad,Salaried,67970.0,805,Pending
641,27,Female,Chennai,Salaried,112249.0,719,Verified
642,43,Female,Ahmedabad,Salaried,146812.0,613,Verified
643,51,Female,Pune,Retired,102819.0,833,Verified
644,68,Male,Kolkata,Business,576398.0,650,Verified
645,58,Male,Hyderabad,Retired,80565.0,731,Verified
646,24,Female,Hyderabad,Retired,270399.0,639,Verified
647,21,Female,Lucknow,Retired,222766.0,538,Pending
648,70,Male,Delhi,Business,132149.0,594,Verified
649,67,Female,Chennai,Retired,79291.0,671,Verified
650,62,Male,Ahmedabad,Farmer,84040.0,786,Verified
651,28,Female,Ahmedabad,Salaried,97657.0,739,Verified
652,46,Female,Mumbai,Salaried,45641.0,721,Verified
653,73,Male,Delhi,Self-Employed,72979.0,539,Verified
654,53,Male,Hyderabad,Farmer,54749.0,817,Verified
655,42,Female,Jaipur,Business,298799.0,729,Pending
656,38,Female,Lucknow,Salaried,193122.0,699,Not Started
657,74,Female,Pune,Retired,213541.0,806,Verified
658,53,Female,Lucknow,Self-Employed,189719.0,816,Verified
659,27,Female,Hyderabad,Self-Employed,147293.0,808,Verified
660,54,Female,Mumbai,Salaried,320106.0,688,Verified
661,26,Female,Kolkata,Farmer,92369.0,624,Verified
662,41,Male,Ahmedabad,Self-Employed,142060.0,794,Verified
663,52,Male,Pune,Salaried,,593,Verified
664,66,Male,Delhi,Farmer,60311.0,875,Verified
665,52,Female,Hyderabad,Salaried,854228.0,712,Verified
666,65,Male,Chennai,Salaried,135556.0,619,Verified
667,53,Female,Jaipur,Farmer,145102.0,605,Verified
668,35,Female,Lucknow,Farmer,283262.0,601,Verified
669,66,Female,Mumbai,Farmer,230723.0,721,Verified
670,56,Male,Kolkata,Salaried,136332.0,709,Verified
671,49,Male,Bengaluru,Self-Employed,144073.0,604,Verified
672,41,Male,Jaipur,Business,54042.0,679,Verified
673,40,Male,Hyderabad,Business,95427.0,593,Verified
674,49,Male,Kolkata,Salaried,181739.0,760,Verified
675,54,Female,Jaipur,Salaried,173917.0,705,Verified
676,29,Female,Jaipur,Self-Employed,277257.0,677,Verified
677,66,Female,Ahmedabad,Farmer,123958.0,600,Verified
678,72,Female,Jaipur,Salaried,57967.0,684,Verified
679,30,Male,Chennai,Retired,251208.0,674,Verified
680,40,Female,Kolkata,Farmer,315418.0,737,Verified
681,42,Female,Hyderabad,Salaried,228421.0,724,Verified
682,52,Male,Hyderabad,Retired,120791.0,777,Verified
683,58,Female,Chennai,Self-Employed,249355.0,668,Verified
684,47,Male,Delhi,Retired,1042723.0,551,Verified
685,34,Female,Kolkata,Salaried,142784.0,794,Verified
686,66,Female,Jaipur,Business,60655.0,630,Verified
687,37,Male,Mumbai,Salaried,93735.0,615,Not Started
688,65,Female,Pune,Business,193936.0,706,Verified
689,42,Female,Kolkata,Self-Employed,50875.0,735,Verified
690,39,Female,Bengaluru,Self-Employed,147509.0,664,Verified
691,30,Male,Mumbai,Farmer,,664,Verified
692,36,Female,Chennai,Farmer,334728.0,676,Pending
693,66,Male,Jaipur,Business,292470.0,830,Verified
694,53,Male,Delhi,Business,223854.0,709,Verified
695,29,Male,Bengaluru,Self-Employed,36402.0,627,Verified
696,58,Female,Delhi,Retired,231569.0,628,Verified
697,36,Female,Delhi,Business,203477.0,688,Verified
698,29,Female,Lucknow,Business,155370.0,730,Verified
699,26,Female,Ahmedabad,Retired,47187.0,751,Verified
700,24,Male,Bengaluru,Farmer,83611.0,720,Verified
701,45,Male,Pune,Farmer,66165.0,638,Verified
702,31,Male,Ahmedabad,Business,39775.0,673,Verified
703,48,Male,Bengaluru,Farmer,133019.0,772,Verified
704,69,Male,Delhi,Farmer,82562.0,612,Verified
705,36,Male,Ahmedabad,Farmer,643826.0,670,Verified
706,64,Male,Bengaluru,Self-Employed,120420.0,760,Verified
707,33,Male,Pune,Salaried,289599.0,784,Verified
708,70,Male,Mumbai,Business,51976.0,693,Verified
709,22,Male,Kolkata,Business,96950.0,675,Verified
710,52,Female,Jaipur,Self-Employed,141229.0,597,Verified
711,29,Female,Bengaluru,Salaried,77274.0,754,Pending
712,42,Female,Pune,Salaried,103433.0,822,Verified
713,69,Male,Kolkata,Self-Employed,116918.0,900,Verified
714,38,Male,Ahmedabad,Retired,115804.0,742,Verified
715,53,Female,Bengaluru,Retired,405579.0,705,Not Started
716,70,Male,Bengaluru,Salaried,167198.0,631,Verified
717,40,Male,Chennai,Retired,177674.0,550,Verified
718,33,Male,Bengaluru,Retired,184203.0,725,Verified
719,74,Male,Jaipur,Retired,192447.0,900,Verified
720,56,Male,Chennai,Salaried,126788.0,818,Verified
721,62,Male,Kolkata,Retired,109925.0,804,Verified
722,70,Female,Ahmedabad,Business,147280.0,730,Verified
723,59,Male,Ahmedabad,Salaried,266754.0,740,Verified
724,56,Male,Hyderabad,Self-Employed,261907.0,503,Verified
725,31,Female,Hyderabad,Retired,115354.0,774,Verified
726,48,Male,Kolkata,Farmer,211231.0,660,Verified
727,22,Male,Lucknow,Salaried,,650,Verified
728,52,Female,Pune,Self-Employed,135988.0,682,Verified
729,40,Male,Lucknow,Business,100296.0,679,Verified
730,46,Male,Pune,Self-Employed,119493.0,649,Verified
731,60,Male,Chennai,Retired,297985.0,711,Verified
732,28,Male,Kolkata,Farmer,140850.0,662,Verified
733,35,Female,Pune,Retired,144519.0,718,Verified
734,64,Female,Hyderabad,Self-Employed,55920.0,583,Verified
735,29,Male,Hyderabad,Salaried,110686.0,691,Verified
736,26,Female,Delhi,Farmer,115291.0,616,Verified
737,27,Male,Pune,Farmer,81025.0,655,Verified
738,61,Male,Kolkata,Self-Employed,134996.0,722,Pending
739,34,Female,Mumbai,Retired,103001.0,573,Verified
740,55,Male,Chennai,Self-Employed,139804.0,640,Verified
741,24,Male,Bengaluru,Farmer,143330.0,758,Verified
742,63,Male,Bengaluru,Self-Employed,75098.0,589,Verified
743,30,Male,Pune,Farmer,104902.0,861,Verified
744,57,Male,Lucknow,Retired,139584.0,812,Verified
745,59,Female,Chennai,Salaried,271191.0,667,Verified
746,26,Male,Ahmedabad,Salaried,155443.0,643,Pending
747,67,Male,Jaipur,Self-Employed,89576.0,727,Verified
748,44,Male,Bengaluru,Farmer,169296.0,586,Verified
749,19,Female,Hyderabad,Salaried,371212.0,539,Verified
750,22,Female,Chennai,Farmer,230966.0,670,Verified
751,46,Female,Lucknow,Retired,185075.0,698,Verified
752,54,Female,Kolkata,Self-Employed,205943.0,718,Verified
753,55,Female,Lucknow,Farmer,316150.0,657,Verified
754,36,Male,Chennai,Self-Employed,254073.0,818,Verified
755,25,Female,Ahmedabad,Farmer,187223.0,582,Verified
756,65,Female,Bengaluru,Farmer,253010.0,613,Verified
757,62,Female,Hyderabad,Retired,69634.0,751,Verified
758,18,Female,Mumbai,Self-Employed,54103.0,611,Verified
759,39,Male,Kolkata,Business,146424.0,607,Verified
760,69,Male,Hyderabad,Farmer,138858.0,720,Verified
761,34,Male,Ahmedabad,Farmer,96149.0,620,Verified
762,24,Female,Jaipur,Salaried,218712.0,698,Verified
763,42,Male,Ahmedabad,Self-Employed,43577.0,650,Verified
764,62,Male,Ahmedabad,Business,96678.0,636,Verified
765,21,Female,Bengaluru,Retired,99611.0,531,Verified
766,53,Male,Chennai,Business,49922.0,721,Verified
767,23,Female,Chennai,Retired,326713.0,603,Verified
768,48,Male,Hyderabad,Business,58952.0,695,Verified
769,36,Male,Jaipur,Business,93620.0,666,Verified
770,61,Male,Jaipur,Self-Employed,229759.0,692,Verified
771,71,Female,Lucknow,Salaried,196345.0,697,Not Started
772,56,Male,Mumbai,Business,68535.0,726,Verified
773,44,Male,Ahmedabad,Farmer,200685.0,648,Pending
774,27,Female,Mumbai,Farmer,158557.0,815,Verified
775,43,Male,Delhi,Farmer,540268.0,552,Verified
776,36,Female,Pune,Salaried,169798.0,690,Verified
777,56,Female,Ahmedabad,Business,122425.0,781,Verified
778,20,Male,Mumbai,Retired,79706.0,750,Verified
779,62,Female,Bengaluru,Retired,85259.0,627,Verified
780,30,Male,Pune,Self-Employed,81189.0,641,Pending
781,67,Female,Jaipur,Salaried,303355.0,624,Verified
782,45,Male,Ahmedabad,Business,134697.0,760,Pending
783,37,Female,Ahmedabad,Farmer,187053.0,647,Verified
784,45,Male,Jaipur,Salaried,330562.0,731,Verified
785,25,Female,Lucknow,Salaried,32368.0,732,Verified
786,58,Male,Bengaluru,Business,287025.0,900,Verified
787,56,Male,Ahmedabad,Self-Employed,137756.0,736,Verified
788,18,Male,Mumbai,Self-Employed,172997.0,641,Verified
789,20,Male,Ahmedabad,Self-Employed,81061.0,585,Verified
790,30,Female,Pune,Farmer,,686,Verified
791,45,Male,Ahmedabad,Farmer,178672.0,699,Verified
792,74,Female,Mumbai,Business,557244.0,522,Verified
793,66,Female,Kolkata,Self-Employed,243285.0,649,Verified
794,42,Female,Pune,Business,,735,Verified
795,73,Male,Hyderabad,Self-Employed,118753.0,664,Verified
796,50,Male,Hyderabad,Salaried,92956.0,792,Verified
797,55,Female,Pune,Retired,83409.0,577,Verified
798,70,Male,Bengaluru,Retired,99413.0,767,Verified
799,23,Male,Kolkata,Self-Employed,38884.0,787,Verified
800,61,Female,Pune,Business,86254.0,791,Pending
801,62,Female,Mumbai,Farmer,95205.0,576,Verified
802,49,Female,Delhi,Self-Employed,119945.0,736,Verified
803,62,Male,Chennai,Self-Employed,144213.0,653,Verified
804,64,Female,Ahmedabad,Farmer,165623.0,590,Verified
805,38,Male,Lucknow,Self-Employed,132064.0,674,Verified
806,33,Male,Kolkata,Salaried,94008.0,633,Verified
807,71,Female,Mumbai,Farmer,41027.0,788,Verified
808,38,Male,Lucknow,Salaried,94355.0,753,Verified
809,28,Male,Hyderabad,Retired,74349.0,612,Verified
810,54,Male,Pune,Farmer,176247.0,648,Verified
811,53,Female,Kolkata,Farmer,229940.0,677,Pending
812,52,Female,Jaipur,Business,234016.0,703,Pending
813,36,Female,Ahmedabad,Business,209855.0,795,Verified
814,37,Female,Chennai,Farmer,122993.0,768,Verified
815,74,Male,Hyderabad,Retired,97424.0,714,Verified
816,35,Male,Pune,Self-Employed,85113.0,687,Verified
817,64,Male,Ahmedabad,Business,53933.0,559,Verified
818,58,Male,Hyderabad,Retired,241618.0,819,Verified
819,66,Male,Jaipur,Retired,119991.0,671,Verified
820,31,Female,Lucknow,Business,63082.0,842,Verified
821,32,Male,Chennai,Self-Employed,81154.0,726,Verified
822,48,Male,Chennai,Business,79207.0,882,Verified
823,18,Male,Ahmedabad,Retired,,761,Verified
824,70,Male,Mumbai,Salaried,252832.0,588,Verified
825,71,Female,Ahmedabad,Business,108143.0,657,Pending
826,71,Male,Hyderabad,Retired,34492.0,695,Verified
827,20,Male,Mumbai,Business,118954.0,635,Verified
828,33,Female,Chennai,Retired,121332.0,677,Verified
829,40,Male,Delhi,Self-Employed,116430.0,593,Verified
830,74,Male,Chennai,Retired,91448.0,710,Verified
831,28,Male,Ahmedabad,Farmer,151822.0,730,Verified
832,29,Female,Hyderabad,Salaried,138647.0,624,Pending
833,27,Female,Mumbai,Retired,131282.0,874,Verified
834,49,Female,Pune,Business,170687.0,715,Pending
835,33,Male,Mumbai,Business,102960.0,640,Verified
836,25,Female,Jaipur,Retired,99514.0,571,Verified
837,55,Male,Bengaluru,Farmer,305002.0,715,Verified
838,29,Male,Bengaluru,Retired,186393.0,687,Verified
839,41,Male,Kolkata,Self-Employed,218856.0,776,Not Started
840,45,Male,Lucknow,Farmer,278080.0,697,Verified
841,70,Male,Kolkata,Retired,182694.0,608,Verified
842,25,Female,Kolkata,Salaried,232590.0,852,Verified
843,45,Female,Mumbai,Farmer,51658.0,747,Verified
844,53,Male,Hyderabad,Retired,150617.0,688,Verified
845,43,Male,Kolkata,Salaried,119416.0,723,Verified
846,25,Male,Ahmedabad,Retired,364620.0,750,Verified
847,67,Male,Mumbai,Self-Employed,232486.0,588,Verified
848,45,Female,Hyderabad,Business,91284.0,723,Verified
849,45,Male,Bengaluru,Retired,166654.0,671,Verified
850,54,Female,Delhi,Farmer,147356.0,753,Verified
851,58,Male,Ahmedabad,Retired,175010.0,647,Verified
852,53,Male,Pune,Retired,72308.0,658,Verified
853,44,Male,Lucknow,Retired,165381.0,851,Verified
854,71,Male,Pune,Retired,116205.0,814,Verified
855,34,Male,Hyderabad,Farmer,157861.0,429,Verified
856,26,Female,Jaipur,Farmer,86281.0,808,Pending
857,50,Male,Hyderabad,Retired,93804.0,703,Verified
858,70,Female,Delhi,Business,269495.0,649,Verified
859,37,Male,Bengaluru,Retired,70903.0,624,Verified
860,30,Male,Chennai,Farmer,74113.0,629,Verified
861,45,Male,Hyderabad,Self-Employed,129192.0,652,Verified
862,65,Female,Bengaluru,Retired,83857.0,614,Verified
863,46,Male,Pune,Retired,78353.0,594,Verified
864,30,Female,Hyderabad,Retired,141924.0,621,Pending
865,63,Male,Hyderabad,Retired,54012.0,737,Verified
866,52,Female,Kolkata,Salaried,72782.0,714,Verified
867,23,Male,Pune,Retired,457009.0,757,Verified
868,35,Female,Lucknow,Farmer,175551.0,704,Verified
869,68,Female,Lucknow,Farmer,85141.0,598,Verified
870,22,Female,Ahmedabad,Salaried,171258.0,752,Verified
871,64,Male,Jaipur,Retired,187287.0,624,Verified
872,42,Male,Chennai,Business,241989.0,764,Verified
873,19,Male,Hyderabad,Retired,123464.0,610,Verified
874,27,Female,Hyderabad,Farmer,239402.0,651,Pending
875,73,Female,Ahmedabad,Self-Employed,39220.0,679,Pending
876,47,Female,Jaipur,Self-Employed,70701.0,767,Verified
877,67,Male,Pune,Business,147020.0,724,Verified
878,62,Male,Hyderabad,Retired,162394.0,711,Verified
879,22,Male,Bengaluru,Salaried,77106.0,870,Verified
880,72,Female,Mumbai,Retired,155695.0,553,Verified
881,73,Female,Jaipur,Business,91647.0,621,Verified
882,50,Female,Hyderabad,Business,112851.0,618,Verified
883,71,Male,Jaipur,Business,246438.0,559,Verified
884,18,Female,Lucknow,Self-Employed,229891.0,648,Verified
885,35,Female,Chennai,Retired,73260.0,768,Verified
886,49,Male,Hyderabad,Retired,,659,Verified
887,64,Female,Chennai,Salaried,104120.0,681,Verified
888,66,Female,Delhi,Business,131131.0,563,Pending
889,28,Female,Mumbai,Business,89793.0,642,Pending
890,38,Female,Ahmedabad,Farmer,248795.0,670,Verified
891,43,Male,Chennai,Farmer,164133.0,764,Verified
892,42,Male,Hyderabad,Self-Employed,170017.0,567,Verified
893,39,Female,Kolkata,Retired,62322.0,671,Pending
894,44,Male,Ahmedabad,Salaried,268438.0,802,Verified
895,66,Female,Ahmedabad,Salaried,24536.0,672,Verified
896,30,Female,Pune,Business,219791.0,530,Verified
897,50,Female,Chennai,Salaried,233418.0,818,Verified
898,51,Female,Kolkata,Business,102802.0,772,Verified
899,58,Male,Chennai,Retired,286000.0,783,Verified
900,52,Male,Pune,Salaried,128302.0,561,Verified
901,18,Male,Mumbai,Business,138339.0,838,Pending
902,38,Male,Hyderabad,Retired,163361.0,644,Verified
903,65,Male,Lucknow,Retired,901617.0,666,Verified
904,72,Male,Lucknow,Business,298540.0,650,Pending
905,23,Female,Chennai,Business,202943.0,790,Verified
906,45,Female,Pune,Self-Employed,77058.0,694,Verified
907,34,Male,Jaipur,Retired,145242.0,750,Verified
908,22,Male,Hyderabad,Business,81808.0,716,Pending
909,48,Female,Chennai,Retired,218222.0,701,Verified
910,22,Male,Jaipur,Salaried,144970.0,629,Verified
911,55,Male,Hyderabad,Farmer,67866.0,864,Verified
912,20,Male,Jaipur,Farmer,139899.0,585,Verified
913,70,Female,Ahmedabad,Business,80045.0,745,Pending
914,40,Male,Chennai,Business,145908.0,742,Verified
915,54,Female,Pune,Retired,79583.0,808,Verified
916,70,Male,Hyderabad,Business,135468.0,827,Verified
917,54,Male,Lucknow,Retired,,698,Verified
918,27,Male,Chennai,Business,129078.0,755,Verified
919,27,Male,Hyderabad,Retired,105395.0,860,Verified
920,36,Female,Hyderabad,Business,150537.0,704,Verified
921,34,Female,Jaipur,Self-Employed,202462.0,619,Verified
922,38,Female,Jaipur,Retired,68575.0,677,Verified
923,31,Female,Kolkata,Self-Employed,155810.0,599,Verified
924,26,Female,Chennai,Self-Employed,293762.0,741,Verified
925,63,Female,Delhi,Self-Employed,187999.0,800,Pending
926,18,Female,Bengaluru,Self-Employed,,699,Verified
927,68,Male,Delhi,Salaried,195603.0,572,Verified
928,62,Male,Hyderabad,Farmer,174818.0,796,Verified
929,30,Male,Kolkata,Salaried,209433.0,559,Verified
930,21,Female,Hyderabad,Business,39563.0,578,Verified
931,18,Male,Delhi,Business,52466.0,694,Verified
932,66,Male,Hyderabad,Farmer,243506.0,731,Verified
933,57,Female,Jaipur,Farmer,54005.0,745,Verified
934,49,Female,Chennai,Farmer,169553.0,704,Verified
935,51,Female,Lucknow,Self-Employed,107880.0,859,Verified
936,45,Male,Delhi,Salaried,73298.0,715,Verified
937,48,Female,Bengaluru,Business,164356.0,797,Not Started
938,25,Male,Bengaluru,Salaried,150335.0,776,Not Started
939,56,Male,Jaipur,Salaried,472695.0,600,Verified
940,43,Male,Chennai,Salaried,91593.0,695,Verified
941,51,Male,Mumbai,Farmer,316180.0,890,Verified
942,71,Male,Mumbai,Farmer,164630.0,667,Verified
943,71,Female,Pune,Business,89625.0,652,Verified
944,20,Male,Pune,Business,215248.0,724,Verified
945,67,Female,Delhi,Business,187108.0,670,Verified
946,29,Female,Jaipur,Salaried,136149.0,642,Verified
947,18,Male,Jaipur,Farmer,156338.0,668,Pending
948,71,Male,Hyderabad,Self-Employed,93135.0,831,Verified
949,61,Male,Bengaluru,Salaried,81188.0,698,Pending
950,22,Female,Bengaluru,Retired,210169.0,597,Pending
951,47,Male,Bengaluru,Salaried,116499.0,581,Verified
952,47,Male,Kolkata,Farmer,127001.0,897,Verified
953,74,Male,Chennai,Retired,157612.0,691,Verified
954,34,Female,Ahmedabad,Salaried,156244.0,746,Verified
955,65,Female,Hyderabad,Farmer,56523.0,644,Verified
956,64,Male,Mumbai,Farmer,,737,Verified
957,40,Female,Jaipur,Self-Employed,143302.0,834,Verified
958,32,Female,Mumbai,Salaried,117996.0,654,Not Started
959,54,Female,Kolkata,Farmer,172561.0,748,Verified
960,38,Female,Mumbai,Business,153572.0,590,Verified
961,31,Female,Bengaluru,Farmer,211132.0,881,Verified
962,19,Female,Lucknow,Self-Employed,184018.0,732,Verified
963,28,Female,Hyderabad,Farmer,204988.0,674,Verified
964,68,Male,Lucknow,Salaried,299718.0,684,Verified
965,56,Male,Pune,Salaried,226426.0,666,Verified
966,55,Male,Lucknow,Retired,121020.0,670,Verified
967,51,Female,Ahmedabad,Salaried,67932.0,501,Pending
968,55,Female,Jaipur,Retired,362463.0,701,Verified
969,67,Male,Kolkata,Business,115539.0,698,Verified
970,51,Female,Jaipur,Self-Employed,100322.0,751,Verified
971,35,Male,Ahmedabad,Business,47003.0,665,Verified
972,47,Male,Jaipur,Retired,163257.0,644,Verified
973,32,Female,Lucknow,Farmer,145704.0,709,Pending
974,44,Male,Chennai,Farmer,53687.0,572,Verified
975,68,Male,Jaipur,Business,174899.0,722,Verified
976,51,Female,Pune,Farmer,98823.0,551,Verified
977,69,Female,Hyderabad,Retired,669435.0,805,Verified
978,74,Male,Hyderabad,Self-Employed,94692.0,768,Pending
979,55,Female,Mumbai,Salaried,102630.0,631,Verified
980,50,Female,Delhi,Retired,78837.0,766,Verified
981,41,Male,Lucknow,Retired,286853.0,719,Verified
982,32,Male,Bengaluru,Salaried,106546.0,624,Verified
983,47,Female,Ahmedabad,Salaried,86254.0,538,Verified
984,72,Male,Kolkata,Self-Employed,203653.0,736,Verified
985,59,Female,Lucknow,Self-Employed,58209.0,642,Not Started
986,68,Female,Hyderabad,Self-Employed,193894.0,803,Verified
987,34,Female,Mumbai,Farmer,388031.0,711,Verified
988,22,Male,Jaipur,Retired,187206.0,650,Not Started
989,46,Female,Bengaluru,Salaried,195387.0,862,Verified
990,21,Male,Bengaluru,Retired,224591.0,758,Verified
991,27,Male,Delhi,Retired,371693.0,400,Verified
992,73,Male,Chennai,Self-Employed,275388.0,668,Verified
993,34,Male,Delhi,Self-Employed,173477.0,592,Verified
994,27,Female,Jaipur,Retired,229196.0,642,Not Started
995,34,Male,Lucknow,Self-Employed,78311.0,697,Not Started
996,37,Male,Pune,Farmer,,740,Verified
997,41,Female,Ahmedabad,Salaried,72887.0,732,Verified
998,22,Male,Bengaluru,Retired,106915.0,801,Verified
999,51,Female,Kolkata,Salaried,20962.0,764,Verified
1000,23,Male,Lucknow,Farmer,169542.0,758,Verified
1001,70,Female,Kolkata,Self-Employed,90552.0,727,Verified
1002,19,Female,Mumbai,Business,259545.0,819,Pending
1003,30,Male,Kolkata,Farmer,168403.0,683,Verified
1004,60,Male,Bengaluru,Business,261570.0,685,Verified
1005,60,Male,Bengaluru,Salaried,69553.0,548,Verified
1006,65,Female,Bengaluru,Retired,248459.0,799,Verified
1007,28,Male,Lucknow,Self-Employed,471424.0,703,Verified
1008,68,Male,Lucknow,Farmer,210764.0,900,Verified
1009,64,Male,Ahmedabad,Self-Employed,214102.0,675,Verified
1010,74,Male,Hyderabad,Business,147526.0,717,Verified
1011,40,Male,Chennai,Business,97265.0,756,Not Started
1012,72,Female,Jaipur,Retired,210389.0,616,Verified
1013,33,Male,Jaipur,Business,53979.0,740,Pending
1014,48,Male,Mumbai,Retired,103709.0,712,Verified
1015,28,Female,Delhi,Farmer,46045.0,684,Verified
1016,71,Female,Ahmedabad,Retired,87361.0,809,Pending
1017,33,Male,Hyderabad,Business,195874.0,633,Verified
1018,25,Male,Pune,Salaried,180455.0,733,Pending
1019,21,Male,Mumbai,Retired,137386.0,833,Verified
1020,57,Female,Lucknow,Self-Employed,147597.0,649,Verified
1021,21,Male,Hyderabad,Salaried,42980.0,684,Verified
1022,73,Female,Bengaluru,Retired,106560.0,900,Verified
1023,42,Female,Lucknow,Self-Employed,88538.0,750,Pending
1024,20,Female,Delhi,Salaried,89730.0,666,Verified
1025,49,Male,Delhi,Retired,190946.0,778,Verified
1026,20,Male,Jaipur,Farmer,79515.0,661,Verified
1027,44,Male,Chennai,Self-Employed,92706.0,576,Verified
1028,46,Male,Chennai,Farmer,38092.0,826,Verified
1029,49,Female,Pune,Business,111695.0,616,Verified
1030,67,Female,Lucknow,Retired,69376.0,900,Verified
1031,68,Female,Lucknow,Retired,139738.0,668,Verified
1032,36,Female,Delhi,Self-Employed,75308.0,891,Verified
1033,38,Male,Bengaluru,Retired,141878.0,593,Verified
1034,22,Male,Bengaluru,Business,122172.0,797,Verified
1035,35,Male,Kolkata,Retired,363388.0,752,Verified
1036,45,Female,Bengaluru,Salaried,179572.0,781,Verified
1037,59,Female,Hyderabad,Farmer,44188.0,792,Verified
1038,39,Female,Chennai,Business,62384.0,667,Not Started
1039,38,Male,Bengaluru,Business,137740.0,598,Pending
1040,23,Male,Ahmedabad,Farmer,76274.0,705,Not Started
1041,18,Female,Lucknow,Farmer,22448.0,728,Verified
1042,22,Male,Bengaluru,Business,299458.0,669,Pending
1043,58,Female,Kolkata,Farmer,205281.0,733,Verified
1044,29,Female,Pune,Self-Employed,182150.0,738,Verified
1045,43,Female,Pune,Farmer,92559.0,632,Verified
1046,63,Male,Delhi,Salaried,172233.0,743,Verified
1047,51,Male,Bengaluru,Salaried,87324.0,687,Verified
1048,66,Male,Lucknow,Self-Employed,150680.0,650,Verified
1049,31,Male,Lucknow,Farmer,76699.0,776,Verified
1050,43,Male,Chennai,Salaried,330967.0,643,Verified
1051,62,Female,Pune,Retired,51941.0,671,Pending
1052,44,Female,Delhi,Farmer,279113.0,716,Verified
1053,26,Male,Bengaluru,Self-Employed,136400.0,826,Verified
1054,43,Male,Pune,Farmer,99342.0,726,Verified
1055,74,Male,Pune,Business,,754,Verified
1056,64,Male,Lucknow,Business,,684,Verified
1057,74,Female,Bengaluru,Salaried,302564.0,703,Pending
1058,39,Male,Mumbai,Business,160795.0,705,Verified
1059,64,Male,Bengaluru,Self-Employed,78087.0,734,Verified
1060,73,Male,Hyderabad,Salaried,,684,Verified
1061,47,Female,Pune,Self-Employed,396359.0,823,Verified
1062,60,Female,Chennai,Self-Employed,299122.0,678,Not Started
1063,65,Male,Mumbai,Business,229867.0,564,Verified
1064,34,Male,Kolkata,Business,214789.0,900,Verified
1065,43,Female,Delhi,Self-Employed,202738.0,682,Verified
1066,53,Female,Bengaluru,Business,,821,Pending
1067,18,Male,Chennai,Business,,829,Verified
1068,25,Female,Kolkata,Business,59098.0,790,Verified
1069,66,Female,Kolkata,Farmer,,693,Verified
1070,52,Female,Pune,Self-Employed,81589.0,734,Verified
1071,69,Female,Hyderabad,Retired,70756.0,601,Verified
1072,32,Female,Pune,Self-Employed,86494.0,879,Verified
1073,64,Male,Delhi,Salaried,591956.0,637,Verified
1074,73,Female,Mumbai,Business,144593.0,688,Verified
1075,39,Female,Lucknow,Business,165569.0,718,Not Started
1076,31,Female,Ahmedabad,Retired,63996.0,700,Pending
1077,43,Male,Mumbai,Salaried,44079.0,654,Verified
1078,45,Female,Delhi,Farmer,81517.0,828,Verified
1079,40,Female,Lucknow,Self-Employed,315817.0,790,Verified
1080,31,Male,Kolkata,Farmer,162847.0,737,Verified
1081,41,Female,Mumbai,Salaried,190834.0,676,Verified
1082,19,Female,Lucknow,Retired,207553.0,800,Verified
1083,62,Female,Bengaluru,Salaried,93451.0,670,Not Started
1084,43,Male,Pune,Retired,306441.0,843,Pending
1085,31,Male,Ahmedabad,Farmer,91155.0,719,Verified
1086,73,Female,Chennai,Farmer,309818.0,814,Verified
1087,68,Male,Bengaluru,Salaried,173751.0,700,Pending
1088,24,Female,Mumbai,Salaried,45550.0,716,Verified
1089,20,Male,Jaipur,Business,85067.0,814,Verified
1090,64,Male,Lucknow,Retired,45663.0,896,Verified
1091,40,Male,Kolkata,Business,267793.0,842,Pending
1092,63,Female,Kolkata,Self-Employed,131289.0,784,Verified
1093,60,Male,Jaipur,Self-Employed,34996.0,760,Verified
1094,64,Male,Mumbai,Salaried,166950.0,666,Verified
1095,62,Male,Kolkata,Farmer,96539.0,735,Verified
1096,35,Male,Hyderabad,Self-Employed,54705.0,632,Verified
1097,55,Female,Kolkata,Self-Employed,364681.0,741,Verified
1098,52,Female,Ahmedabad,Business,142112.0,747,Verified
1099,68,Male,Hyderabad,Business,111741.0,543,Verified
1100,32,Female,Delhi,Self-Employed,104856.0,713,Verified
1101,42,Male,Delhi,Salaried,53746.0,745,Verified
1102,72,Female,Lucknow,Business,60917.0,702,Verified
1103,54,Female,Hyderabad,Self-Employed,288067.0,740,Verified
1104,45,Female,Bengaluru,Farmer,100275.0,595,Verified
1105,27,Male,Lucknow,Business,135028.0,644,Verified
1106,56,Female,Bengaluru,Self-Employed,39081.0,797,Verified
1107,74,Male,Ahmedabad,Retired,60424.0,710,Verified
1108,34,Female,Pune,Business,192122.0,738,Verified
1109,56,Male,Mumbai,Retired,167147.0,663,Verified
1110,39,Female,Hyderabad,Business,381561.0,711,Verified
1111,43,Female,Jaipur,Business,298276.0,514,Verified
1112,61,Female,Chennai,Retired,116026.0,781,Pending
1113,42,Male,Mumbai,Salaried,176976.0,863,Verified
1114,34,Female,Ahmedabad,Self-Employed,110198.0,619,Verified
1115,30,Male,Hyderabad,Salaried,457204.0,630,Verified
1116,37,Female,Delhi,Salaried,265510.0,747,Verified
1117,42,Male,Mumbai,Self-Employed,147534.0,835,Verified
1118,21,Male,Bengaluru,Farmer,150277.0,709,Verified
1119,27,Female,Jaipur,Salaried,317080.0,605,Verified
1120,20,Male,Mumbai,Salaried,188668.0,692,Verified
1121,58,Male,Chennai,Salaried,339482.0,622,Verified
1122,62,Male,Ahmedabad,Farmer,35732.0,653,Verified
1123,35,Male,Ahmedabad,Business,175736.0,684,Verified
1124,64,Female,Lucknow,Retired,97806.0,631,Verified
1125,53,Female,Ahmedabad,Retired,382249.0,643,Verified
1126,64,Male,Lucknow,Farmer,337000.0,716,Verified
1127,39,Male,Ahmedabad,Salaried,135904.0,728,Verified
1128,51,Male,Chennai,Retired,334830.0,588,Verified
1129,64,Male,Ahmedabad,Farmer,388430.0,743,Verified
1130,25,Female,Jaipur,Self-Employed,139336.0,677,Verified
1131,57,Female,Pune,Retired,587223.0,771,Verified
1132,66,Male,Delhi,Self-Employed,130770.0,776,Verified
1133,61,Male,Jaipur,Salaried,117159.0,663,Verified
1134,36,Male,Ahmedabad,Retired,224027.0,762,Verified
1135,59,Female,Hyderabad,Farmer,107767.0,638,Verified
1136,58,Female,Bengaluru,Business,140253.0,822,Verified
1137,54,Male,Pune,Retired,310414.0,642,Verified
1138,23,Male,Delhi,Retired,134798.0,739,Verified
1139,69,Female,Bengaluru,Retired,48194.0,694,Verified
1140,43,Female,Jaipur,Retired,166108.0,623,Verified
1141,51,Male,Chennai,Farmer,87748.0,786,Verified
1142,73,Male,Chennai,Farmer,223947.0,657,Not Started
1143,62,Male,Bengaluru,Business,202342.0,565,Verified
1144,23,Female,Hyderabad,Farmer,322172.0,465,Verified
1145,54,Male,Bengaluru,Farmer,229698.0,635,Verified
1146,74,Male,Jaipur,Salaried,256311.0,826,Verified
1147,50,Female,Bengaluru,Salaried,89192.0,816,Verified
1148,70,Male,Delhi,Self-Employed,215861.0,648,Verified
1149,39,Female,Hyderabad,Business,434118.0,678,Verified
1150,38,Male,Kolkata,Salaried,88151.0,670,Verified
1151,23,Male,Mumbai,Business,,596,Verified
1152,23,Female,Kolkata,Business,95836.0,629,Verified
1153,72,Male,Lucknow,Retired,79923.0,793,Verified
1154,65,Female,Bengaluru,Business,159169.0,752,Verified
1155,21,Female,Chennai,Retired,204750.0,733,Verified
1156,47,Male,Kolkata,Self-Employed,230280.0,596,Verified
1157,28,Female,Ahmedabad,Self-Employed,74828.0,718,Verified
1158,47,Male,Jaipur,Self-Employed,172944.0,514,Verified
1159,48,Female,Kolkata,Retired,88315.0,781,Verified
1160,41,Male,Pune,Retired,54538.0,731,Verified
1161,72,Female,Hyderabad,Self-Employed,,595,Verified
1162,26,Male,Jaipur,Retired,84920.0,847,Verified
1163,72,Male,Chennai,Farmer,182218.0,557,Verified
1164,20,Female,Lucknow,Farmer,266020.0,755,Verified
1165,68,Female,Kolkata,Retired,55054.0,757,Verified
1166,48,Male,Hyderabad,Retired,164584.0,604,Verified
1167,57,Male,Mumbai,Salaried,65774.0,706,Verified
1168,54,Female,Hyderabad,Salaried,194357.0,570,Verified
1169,53,Female,Hyderabad,Business,91708.0,468,Verified
1170,41,Male,Jaipur,Business,70913.0,619,Verified
1171,48,Male,Mumbai,Business,215302.0,657,Verified
1172,23,Male,Hyderabad,Self-Employed,93699.0,764,Verified
1173,19,Female,Pune,Farmer,110241.0,715,Verified
1174,37,Male,Kolkata,Self-Employed,35172.0,717,Verified
1175,45,Male,Kolkata,Retired,235139.0,623,Verified
1176,28,Female,Pune,Salaried,218064.0,664,Pending
1177,21,Male,Kolkata,Retired,133689.0,630,Verified
1178,32,Male,Hyderabad,Retired,53287.0,605,Verified
1179,23,Male,Lucknow,Salaried,,659,Verified
1180,71,Male,Hyderabad,Retired,89343.0,716,Verified
1181,66,Male,Jaipur,Business,101518.0,661,Verified
1182,47,Female,Ahmedabad,Salaried,533506.0,682,Verified
1183,73,Male,Lucknow,Retired,87362.0,769,Verified
1184,55,Female,Chennai,Business,208007.0,667,Pending
1185,68,Female,Chennai,Business,186699.0,596,Verified
1186,74,Female,Lucknow,Farmer,168401.0,757,Verified
1187,19,Male,Hyderabad,Business,157818.0,732,Verified
1188,32,Male,Bengaluru,Self-Employed,167014.0,737,Verified
1189,28,Male,Ahmedabad,Salaried,156869.0,763,Verified
1190,25,Male,Pune,Salaried,129165.0,748,Verified
1191,43,Male,Hyderabad,Salaried,329974.0,712,Pending
1192,68,Female,Lucknow,Retired,60621.0,900,Verified
1193,62,Male,Bengaluru,Retired,245948.0,600,Verified
1194,61,Male,Hyderabad,Self-Employed,218252.0,660,Verified
1195,22,Male,Bengaluru,Business,202610.0,792,Verified
1196,23,Female,Lucknow,Retired,260456.0,722,Verified
1197,43,Male,Hyderabad,Business,126051.0,774,Verified
1198,71,Female,Mumbai,Business,43417.0,724,Verified
1199,21,Male,Kolkata,Retired,127596.0,826,Verified
1200,36,Female,Lucknow,Retired,73518.0,624,Pending
1201,37,Female,Chennai,Self-Employed,85895.0,824,Verified
1202,50,Male,Chennai,Farmer,63231.0,809,Verified
1203,37,Male,Ahmedabad,Salaried,100067.0,607,Verified
1204,66,Male,Delhi,Retired,93156.0,763,Verified
1205,29,Male,Chennai,Retired,31999.0,706,Verified
1206,64,Female,Delhi,Business,202832.0,658,Verified
1207,18,Female,Mumbai,Farmer,504939.0,549,Verified
1208,43,Female,Lucknow,Retired,191711.0,624,Verified
1209,31,Female,Bengaluru,Farmer,,770,Verified
1210,55,Male,Ahmedabad,Salaried,128946.0,779,Verified
1211,54,Male,Kolkata,Business,103508.0,692,Verified
1212,28,Female,Pune,Self-Employed,140649.0,779,Verified
1213,53,Male,Delhi,Salaried,130326.0,790,Verified
1214,30,Female,Kolkata,Farmer,80448.0,723,Verified
1215,60,Male,Ahmedabad,Farmer,365760.0,648,Verified
1216,20,Male,Ahmedabad,Salaried,54596.0,747,Verified
1217,50,Female,Chennai,Farmer,205048.0,751,Verified
1218,23,Male,Kolkata,Self-Employed,125402.0,767,Not Started
1219,67,Female,Hyderabad,Self-Employed,416857.0,783,Verified
1220,73,Female,Jaipur,Farmer,163492.0,594,Verified
1221,27,Female,Ahmedabad,Farmer,107372.0,666,Verified
1222,22,Female,Delhi,Self-Employed,114849.0,548,Pending
1223,40,Female,Pune,Farmer,136481.0,773,Verified
1224,27,Female,Pune,Retired,67126.0,691,Pending
1225,61,Male,Mumbai,Business,84110.0,746,Verified
1226,19,Male,Mumbai,Retired,45663.0,584,Verified
1227,30,Female,Chennai,Farmer,76589.0,829,Verified
1228,57,Male,Hyderabad,Farmer,140976.0,608,Verified
1229,19,Male,Chennai,Business,,775,Verified
1230,37,Male,Pune,Farmer,40636.0,720,Verified
1231,18,Female,Bengaluru,Business,122722.0,693,Verified
1232,54,Female,Pune,Self-Employed,186847.0,687,Verified
1233,26,Male,Ahmedabad,Business,120844.0,655,Verified
1234,34,Female,Kolkata,Business,91101.0,820,Verified
1235,26,Female,Kolkata,Retired,104058.0,711,Verified
1236,28,Female,Ahmedabad,Farmer,96331.0,602,Verified
1237,32,Female,Ahmedabad,Self-Employed,,677,Verified
1238,41,Female,Pune,Salaried,147900.0,720,Verified
1239,55,Male,Kolkata,Business,532114.0,786,Verified
1240,72,Female,Kolkata,Salaried,85287.0,658,Verified
1241,52,Male,Lucknow,Farmer,110097.0,664,Pending
1242,47,Female,Kolkata,Business,129182.0,711,Verified
1243,48,Female,Ahmedabad,Salaried,88220.0,784,Verified
1244,66,Male,Mumbai,Retired,257543.0,593,Verified
1245,22,Male,Hyderabad,Salaried,32128.0,752,Verified
1246,61,Female,Bengaluru,Retired,96893.0,670,Verified
1247,67,Male,Ahmedabad,Self-Employed,217725.0,682,Not Started
1248,31,Female,Kolkata,Farmer,111697.0,880,Not Started
1249,70,Male,Delhi,Salaried,81430.0,693,Verified
1250,73,Male,Pune,Business,173590.0,774,Verified
1251,28,Female,Pune,Farmer,229534.0,771,Pending
1252,26,Female,Hyderabad,Salaried,151203.0,609,Verified
1253,51,Female,Ahmedabad,Business,82394.0,553,Verified
1254,29,Male,Hyderabad,Business,175207.0,779,Verified
1255,52,Female,Mumbai,Business,104691.0,617,Verified
1256,52,Female,Jaipur,Business,208379.0,568,Not Started
1257,18,Female,Chennai,Salaried,324472.0,797,Verified
1258,57,Female,Delhi,Self-Employed,27908.0,623,Verified
1259,39,Female,Chennai,Retired,142435.0,644,Verified
1260,46,Male,Jaipur,Retired,47031.0,877,Verified
1261,25,Male,Delhi,Retired,576698.0,568,Pending
1262,28,Female,Chennai,Self-Employed,100622.0,603,Verified
1263,58,Male,Delhi,Business,208527.0,670,Verified
1264,54,Female,Hyderabad,Business,130458.0,689,Verified
1265,31,Male,Bengaluru,Farmer,82302.0,634,Verified
1266,47,Female,Lucknow,Retired,76632.0,611,Verified
1267,52,Female,Delhi,Retired,345037.0,838,Verified
1268,38,Male,Jaipur,Business,236467.0,732,Not Started
1269,54,Male,Hyderabad,Retired,427689.0,759,Pending
1270,22,Male,Lucknow,Business,137761.0,698,Verified
1271,36,Female,Hyderabad,Business,158380.0,734,Pending
1272,31,Female,Mumbai,Business,113514.0,789,Pending
1273,43,Male,Kolkata,Salaried,112168.0,625,Verified
1274,21,Female,Pune,Salaried,71315.0,732,Verified
1275,42,Male,Mumbai,Salaried,140141.0,769,Pending
1276,62,Male,Jaipur,Salaried,82988.0,841,Verified
1277,59,Female,Ahmedabad,Self-Employed,173710.0,875,Verified
1278,42,Male,Ahmedabad,Farmer,147562.0,715,Verified
1279,35,Male,Pune,Farmer,158357.0,806,Verified
1280,57,Male,Hyderabad,Business,364061.0,483,Pending
1281,25,Male,Bengaluru,Retired,130271.0,841,Verified
1282,56,Male,Jaipur,Salaried,209826.0,648,Pending
1283,57,Male,Pune,Farmer,456300.0,689,Verified
1284,31,Female,Lucknow,Farmer,291843.0,747,Verified
1285,49,Male,Lucknow,Salaried,266173.0,696,Verified
1286,68,Female,Ahmedabad,Self-Employed,110856.0,726,Verified
1287,55,Male,Kolkata,Self-Employed,152938.0,844,Verified
1288,50,Male,Hyderabad,Farmer,60418.0,677,Verified
1289,40,Female,Ahmedabad,Self-Employed,179755.0,617,Verified
1290,32,Female,Bengaluru,Salaried,157106.0,864,Verified
1291,50,Male,Pune,Farmer,135135.0,754,Verified
1292,42,Female,Delhi,Salaried,246796.0,873,Verified
1293,34,Female,Bengaluru,Self-Employed,64559.0,783,Verified
1294,50,Female,Delhi,Salaried,355371.0,597,Verified
1295,64,Male,Hyderabad,Self-Employed,,764,Verified
1296,72,Male,Pune,Self-Employed,127723.0,626,Verified
1297,19,Male,Lucknow,Salaried,121876.0,710,Verified
1298,31,Female,Lucknow,Self-Employed,177791.0,703,Verified
1299,70,Male,Mumbai,Business,331874.0,572,Verified
1300,57,Female,Lucknow,Salaried,141629.0,640,Verified
1301,57,Male,Jaipur,Business,145280.0,897,Verified
1302,68,Male,Mumbai,Salaried,134709.0,730,Verified
1303,56,Female,Mumbai,Self-Employed,388176.0,695,Pending
1304,68,Male,Lucknow,Self-Employed,106795.0,864,Pending
1305,23,Female,Ahmedabad,Farmer,130914.0,676,Verified
1306,23,Female,Kolkata,Farmer,320636.0,702,Verified
1307,20,Female,Kolkata,Business,145540.0,794,Verified
1308,24,Female,Jaipur,Self-Employed,263612.0,675,Verified
1309,68,Female,Chennai,Farmer,,646,Verified
1310,25,Female,Ahmedabad,Self-Employed,117810.0,518,Verified
1311,59,Female,Chennai,Salaried,324701.0,630,Verified
1312,69,Male,Delhi,Farmer,88805.0,629,Verified
1313,32,Male,Ahmedabad,Business,121689.0,723,Verified
1314,64,Male,Pune,Farmer,155439.0,658,Verified
1315,46,Male,Chennai,Self-Employed,73608.0,893,Pending
1316,50,Female,Jaipur,Retired,103955.0,620,Pending
1317,69,Female,Jaipur,Retired,142569.0,829,Pending
1318,47,Female,Ahmedabad,Self-Employed,137037.0,728,Verified
1319,56,Male,Mumbai,Salaried,287280.0,778,Verified
1320,44,Female,Pune,Farmer,336003.0,773,Verified
1321,53,Male,Hyderabad,Retired,79726.0,521,Verified
1322,46,Female,Pune,Salaried,142452.0,709,Verified
1323,55,Female,Jaipur,Self-Employed,199695.0,687,Pending
1324,74,Male,Delhi,Salaried,330978.0,613,Not Started
1325,50,Male,Chennai,Self-Employed,205067.0,749,Verified
1326,54,Male,Chennai,Farmer,158665.0,855,Verified
1327,44,Female,Delhi,Salaried,198774.0,482,Verified
1328,72,Female,Bengaluru,Farmer,199638.0,664,Verified
1329,50,Female,Ahmedabad,Salaried,76372.0,604,Pending
1330,21,Male,Jaipur,Self-Employed,149594.0,716,Verified
1331,39,Male,Kolkata,Self-Employed,319815.0,682,Verified
1332,19,Female,Lucknow,Salaried,117664.0,658,Verified
1333,27,Female,Delhi,Self-Employed,144014.0,768,Verified
1334,22,Male,Delhi,Business,115208.0,849,Verified
1335,27,Male,Pune,Business,33246.0,900,Pending
1336,50,Female,Ahmedabad,Farmer,134909.0,647,Verified
1337,71,Male,Ahmedabad,Business,159704.0,555,Verified
1338,55,Male,Kolkata,Business,97979.0,757,Verified
1339,30,Male,Lucknow,Retired,66651.0,846,Verified
1340,48,Female,Ahmedabad,Retired,78561.0,779,Verified
1341,64,Female,Mumbai,Retired,,846,Verified
1342,53,Female,Jaipur,Retired,435180.0,690,Verified
1343,62,Female,Mumbai,Self-Employed,305425.0,658,Not Started
1344,41,Male,Bengaluru,Farmer,59480.0,719,Verified
1345,69,Male,Jaipur,Farmer,222521.0,681,Verified
1346,73,Female,Hyderabad,Business,89510.0,766,Pending
1347,32,Male,Jaipur,Farmer,93961.0,792,Not Started
1348,46,Female,Jaipur,Business,100994.0,799,Verified
1349,25,Male,Kolkata,Farmer,203545.0,753,Verified
1350,22,Male,Mumbai,Salaried,236938.0,730,Verified
1351,46,Male,Lucknow,Salaried,125641.0,777,Verified
1352,64,Male,Pune,Farmer,126926.0,543,Verified
1353,21,Male,Kolkata,Self-Employed,176056.0,727,Verified
1354,29,Male,Jaipur,Business,187362.0,714,Verified
1355,62,Female,Pune,Farmer,269881.0,728,Verified
1356,19,Male,Chennai,Business,61659.0,702,Verified
1357,44,Female,Pune,Retired,134863.0,746,Verified
1358,48,Female,Delhi,Farmer,70206.0,661,Verified
1359,68,Female,Kolkata,Self-Employed,129241.0,806,Verified
1360,68,Female,Kolkata,Retired,,750,Verified
1361,53,Female,Delhi,Farmer,129567.0,722,Verified
1362,53,Male,Chennai,Salaried,82467.0,650,Not Started
1363,43,Male,Ahmedabad,Farmer,54591.0,779,Verified
1364,60,Male,Ahmedabad,Salaried,37924.0,727,Verified
1365,44,Female,Ahmedabad,Salaried,123166.0,645,Verified
1366,22,Female,Ahmedabad,Farmer,102888.0,705,Verified
1367,37,Male,Mumbai,Farmer,,763,Verified
1368,28,Male,Delhi,Salaried,294646.0,756,Verified
1369,27,Female,Chennai,Business,79566.0,751,Verified
1370,57,Male,Jaipur,Retired,311795.0,717,Verified
1371,55,Female,Bengaluru,Self-Employed,353029.0,797,Verified
1372,23,Female,Kolkata,Farmer,41335.0,815,Verified
1373,25,Female,Pune,Retired,140847.0,772,Verified
1374,40,Female,Ahmedabad,Retired,104839.0,660,Pending
1375,64,Female,Pune,Business,23223.0,620,Verified
1376,43,Male,Bengaluru,Retired,56006.0,663,Verified
1377,63,Female,Kolkata,Farmer,212132.0,876,Verified
1378,60,Female,Hyderabad,Retired,,733,Verified
1379,29,Male,Lucknow,Farmer,229030.0,890,Not Started
1380,43,Male,Chennai,Farmer,161810.0,699,Pending
1381,30,Male,Mumbai,Salaried,131558.0,688,Verified
1382,57,Male,Pune,Business,365711.0,703,Verified
1383,35,Female,Ahmedabad,Self-Employed,483566.0,702,Verified
1384,42,Female,Delhi,Salaried,93704.0,644,Verified
1385,50,Male,Pune,Self-Employed,40135.0,612,Pending
1386,64,Male,Kolkata,Farmer,37839.0,752,Verified
1387,57,Female,Hyderabad,Salaried,294528.0,799,Verified
1388,60,Male,Chennai,Retired,129543.0,900,Verified
1389,29,Male,Delhi,Retired,148739.0,673,Verified
1390,61,Female,Lucknow,Self-Employed,45506.0,680,Verified
1391,53,Female,Kolkata,Farmer,84803.0,644,Verified
1392,65,Male,Hyderabad,Self-Employed,111604.0,805,Verified
1393,21,Male,Delhi,Business,150950.0,779,Verified
1394,22,Male,Lucknow,Retired,104909.0,635,Verified
1395,73,Female,Pune,Salaried,71511.0,633,Verified
1396,54,Female,Kolkata,Salaried,83221.0,790,Verified
1397,25,Male,Jaipur,Salaried,275129.0,742,Verified
1398,59,Female,Lucknow,Retired,154333.0,774,Verified
1399,66,Female,Hyderabad,Farmer,192393.0,634,Verified
1400,45,Male,Jaipur,Retired,77705.0,550,Verified
1401,48,Male,Jaipur,Retired,22645.0,635,Verified
1402,26,Female,Mumbai,Salaried,97357.0,768,Verified
1403,71,Male,Hyderabad,Retired,79226.0,889,Verified
1404,68,Male,Jaipur,Salaried,164293.0,673,Verified
1405,46,Female,Pune,Farmer,956881.0,900,Verified
1406,31,Female,Kolkata,Business,202218.0,780,Not Started
1407,57,Female,Kolkata,Salaried,688022.0,591,Not Started
1408,58,Female,Pune,Self-Employed,187449.0,728,Not Started
1409,39,Female,Mumbai,Business,91315.0,783,Verified
1410,28,Male,Chennai,Farmer,164185.0,503,Verified
1411,40,Female,Mumbai,Business,387854.0,764,Verified
1412,18,Male,Kolkata,Salaried,399408.0,809,Pending
1413,63,Male,Chennai,Farmer,94353.0,743,Not Started
1414,54,Female,Mumbai,Self-Employed,155113.0,704,Verified
1415,38,Female,Jaipur,Salaried,56525.0,695,Verified
1416,43,Male,Chennai,Salaried,218557.0,690,Verified
1417,63,Female,Kolkata,Farmer,338410.0,610,Verified
1418,53,Male,Pune,Farmer,136473.0,651,Verified
1419,71,Male,Ahmedabad,Business,89283.0,674,Pending
1420,40,Male,Jaipur,Self-Employed,165393.0,719,Verified
1421,74,Female,Jaipur,Business,171181.0,662,Verified
1422,18,Female,Ahmedabad,Business,139900.0,636,Not Started
1423,71,Male,Lucknow,Salaried,148335.0,774,Verified
1424,72,Female,Bengaluru,Farmer,120056.0,741,Verified
1425,68,Male,Delhi,Salaried,242213.0,664,Verified
1426,57,Female,Hyderabad,Self-Employed,207261.0,753,Verified
1427,32,Male,Mumbai,Business,73876.0,671,Verified
1428,38,Male,Bengaluru,Self-Employed,72667.0,715,Verified
1429,64,Female,Mumbai,Farmer,114391.0,792,Verified
1430,26,Male,Bengaluru,Farmer,207337.0,658,Verified
1431,70,Male,Chennai,Retired,145631.0,610,Verified
1432,26,Female,Pune,Self-Employed,90591.0,697,Verified
1433,27,Female,Hyderabad,Salaried,155891.0,594,Verified
1434,69,Male,Hyderabad,Self-Employed,109263.0,686,Verified
1435,74,Male,Mumbai,Business,226000.0,686,Verified
1436,70,Male,Ahmedabad,Farmer,162728.0,500,Verified
1437,43,Male,Chennai,Farmer,110286.0,755,Verified
1438,58,Male,Lucknow,Self-Employed,153110.0,694,Verified
1439,52,Female,Hyderabad,Self-Employed,293323.0,810,Verified
1440,69,Female,Delhi,Self-Employed,94677.0,728,Verified
1441,42,Male,Mumbai,Business,169667.0,772,Not Started
1442,43,Male,Jaipur,Business,127736.0,811,Pending
1443,28,Male,Delhi,Salaried,172162.0,698,Verified
1444,55,Male,Kolkata,Self-Employed,89973.0,709,Verified
1445,19,Female,Mumbai,Salaried,142372.0,576,Verified
1446,24,Male,Mumbai,Retired,259029.0,815,Verified
1447,35,Male,Jaipur,Business,75947.0,697,Verified
1448,44,Female,Chennai,Farmer,60015.0,624,Verified
1449,51,Male,Jaipur,Retired,61398.0,772,Verified
1450,44,Female,Hyderabad,Farmer,66013.0,524,Pending
1451,34,Male,Pune,Retired,190459.0,673,Verified
1452,60,Female,Mumbai,Salaried,57325.0,787,Verified
1453,61,Female,Kolkata,Salaried,111442.0,672,Verified
1454,68,Female,Ahmedabad,Business,193102.0,648,Verified
1455,71,Female,Mumbai,Farmer,171099.0,674,Pending
1456,41,Male,Jaipur,Retired,,539,Verified
1457,42,Male,Bengaluru,Self-Employed,149426.0,770,Verified
1458,24,Female,Mumbai,Self-Employed,142100.0,699,Verified
1459,69,Female,Mumbai,Business,116478.0,686,Verified
1460,23,Male,Kolkata,Farmer,117418.0,687,Verified
1461,70,Male,Kolkata,Self-Employed,509536.0,711,Verified
1462,41,Male,Mumbai,Business,216552.0,765,Verified
1463,50,Male,Bengaluru,Business,590303.0,705,Verified
1464,66,Male,Pune,Farmer,98896.0,594,Verified
1465,46,Female,Lucknow,Self-Employed,126629.0,758,Verified
1466,60,Male,Bengaluru,Self-Employed,59918.0,752,Verified
1467,39,Male,Bengaluru,Self-Employed,81982.0,727,Verified
1468,43,Female,Bengaluru,Salaried,417128.0,801,Not Started
1469,45,Female,Pune,Self-Employed,97419.0,712,Verified
1470,67,Female,Chennai,Retired,421497.0,804,Verified
1471,38,Female,Chennai,Salaried,63195.0,829,Pending
1472,66,Male,Bengaluru,Salaried,70822.0,759,Not Started
1473,24,Female,Lucknow,Salaried,108582.0,646,Verified
1474,34,Female,Jaipur,Salaried,128252.0,698,Verified
1475,37,Male,Delhi,Business,231852.0,815,Verified
1476,58,Female,Chennai,Retired,174637.0,582,Verified
1477,66,Female,Ahmedabad,Farmer,103799.0,676,Verified
1478,37,Male,Kolkata,Self-Employed,123009.0,680,Verified
1479,71,Male,Pune,Salaried,110036.0,636,Verified
1480,39,Male,Pune,Farmer,76973.0,784,Verified
1481,45,Male,Delhi,Business,78215.0,742,Verified
1482,57,Male,Chennai,Farmer,246898.0,649,Verified
1483,66,Female,Lucknow,Salaried,44494.0,761,Verified
1484,24,Male,Lucknow,Retired,351658.0,696,Verified
1485,18,Female,Kolkata,Farmer,108467.0,634,Verified
1486,49,Female,Bengaluru,Salaried,83826.0,649,Pending
1487,30,Female,Jaipur,Salaried,207701.0,747,Verified
1488,47,Female,Chennai,Self-Employed,324854.0,789,Verified
1489,40,Male,Lucknow,Self-Employed,260558.0,668,Verified
1490,68,Male,Delhi,Retired,180072.0,756,Verified
1491,73,Female,Kolkata,Self-Employed,255792.0,844,Verified
1492,36,Female,Mumbai,Retired,47577.0,602,Verified
1493,49,Female,Kolkata,Business,97431.0,740,Pending
1494,47,Male,Lucknow,Business,77134.0,780,Pending
1495,46,Female,Mumbai,Self-Employed,277835.0,701,Verified
1496,66,Male,Ahmedabad,Business,105864.0,815,Verified
1497,62,Female,Hyderabad,Farmer,221293.0,896,Verified
1498,46,Female,Kolkata,Farmer,183784.0,739,Verified
1499,47,Male,Delhi,Farmer,79429.0,690,Verified
1500,33,Female,Delhi,Business,93697.0,793,Verified
1501,57,Male,Jaipur,Farmer,289610.0,781,Verified
1502,36,Male,Bengaluru,Retired,83676.0,495,Verified
1503,35,Male,Kolkata,Salaried,143619.0,709,Verified
1504,18,Female,Lucknow,Self-Employed,83323.0,676,Verified
1505,31,Female,Hyderabad,Retired,110374.0,743,Verified
1506,68,Female,Chennai,Farmer,129612.0,693,Verified
1507,64,Male,Lucknow,Salaried,83306.0,702,Verified
1508,67,Female,Delhi,Self-Employed,74887.0,636,Pending
1509,19,Female,Ahmedabad,Retired,158224.0,772,Verified
1510,71,Male,Lucknow,Self-Employed,80271.0,850,Verified
1511,45,Female,Pune,Business,81929.0,637,Verified
1512,66,Male,Delhi,Farmer,75854.0,591,Verified
1513,67,Female,Kolkata,Retired,127167.0,711,Verified
1514,47,Male,Ahmedabad,Retired,234737.0,707,Verified
1515,55,Male,Pune,Salaried,329034.0,809,Verified
1516,68,Male,Mumbai,Salaried,86202.0,605,Verified
1517,21,Female,Hyderabad,Salaried,484168.0,664,Verified
1518,18,Male,Delhi,Self-Employed,72924.0,527,Verified
1519,25,Male,Kolkata,Farmer,255283.0,826,Verified
1520,46,Female,Pune,Self-Employed,86421.0,731,Verified
1521,72,Female,Pune,Farmer,79019.0,670,Verified
1522,56,Male,Bengaluru,Retired,85233.0,597,Verified
1523,20,Male,Pune,Self-Employed,,605,Verified
1524,49,Male,Hyderabad,Self-Employed,188713.0,745,Verified
1525,27,Male,Ahmedabad,Self-Employed,199171.0,615,Verified
1526,27,Female,Ahmedabad,Business,75630.0,718,Verified
1527,36,Female,Pune,Farmer,73586.0,883,Verified
1528,63,Female,Kolkata,Farmer,76881.0,680,Verified
1529,51,Male,Delhi,Self-Employed,124640.0,628,Not Started
1530,50,Female,Kolkata,Business,117466.0,742,Verified
1531,40,Female,Jaipur,Self-Employed,75350.0,605,Pending
1532,72,Female,Delhi,Farmer,,856,Verified
1533,45,Female,Mumbai,Retired,517902.0,829,Verified
1534,49,Female,Hyderabad,Business,98437.0,696,Verified
1535,67,Female,Kolkata,Business,102733.0,633,Verified
1536,24,Male,Bengaluru,Self-Employed,186427.0,673,Verified
1537,46,Female,Ahmedabad,Retired,95293.0,684,Verified
1538,25,Female,Pune,Farmer,199063.0,742,Verified
1539,18,Female,Delhi,Salaried,86584.0,798,Verified
1540,74,Male,Pune,Farmer,400021.0,621,Verified
1541,72,Female,Mumbai,Farmer,163876.0,795,Verified
1542,20,Female,Jaipur,Retired,91857.0,762,Verified
1543,41,Male,Pune,Business,93600.0,666,Pending
1544,40,Male,Kolkata,Farmer,97902.0,617,Verified
1545,25,Female,Delhi,Business,303656.0,719,Verified
1546,71,Female,Bengaluru,Retired,62240.0,619,Verified
1547,74,Female,Mumbai,Retired,89253.0,797,Pending
1548,64,Male,Lucknow,Self-Employed,95130.0,614,Verified
1549,54,Female,Hyderabad,Salaried,132004.0,756,Not Started
1550,20,Male,Jaipur,Retired,113248.0,703,Verified
1551,68,Male,Kolkata,Retired,54462.0,662,Pending
1552,50,Male,Hyderabad,Business,104831.0,701,Verified
1553,45,Male,Bengaluru,Retired,125526.0,801,Verified
1554,64,Male,Hyderabad,Farmer,91413.0,608,Verified
1555,25,Male,Ahmedabad,Self-Employed,201202.0,674,Verified
1556,51,Male,Delhi,Self-Employed,231340.0,646,Verified
1557,52,Male,Hyderabad,Farmer,127130.0,706,Verified
1558,49,Male,Kolkata,Retired,153020.0,651,Verified
1559,41,Male,Lucknow,Salaried,,559,Verified
1560,31,Male,Ahmedabad,Retired,103501.0,620,Verified
1561,49,Female,Ahmedabad,Self-Employed,243505.0,849,Verified
1562,73,Male,Hyderabad,Salaried,103356.0,730,Verified
1563,63,Male,Jaipur,Business,85617.0,728,Verified
1564,60,Male,Chennai,Business,522622.0,685,Verified
1565,33,Male,Jaipur,Retired,396903.0,705,Verified
1566,21,Female,Pune,Retired,176406.0,673,Verified
1567,69,Female,Kolkata,Salaried,263906.0,754,Verified
1568,54,Female,Chennai,Salaried,35047.0,718,Verified
1569,71,Female,Delhi,Retired,83073.0,610,Verified
1570,38,Female,Ahmedabad,Self-Employed,100511.0,731,Verified
1571,31,Male,Kolkata,Business,115660.0,501,Verified
1572,48,Male,Bengaluru,Salaried,99313.0,745,Verified
1573,72,Male,Pune,Self-Employed,28853.0,590,Pending
1574,65,Male,Lucknow,Retired,167982.0,701,Verified
1575,35,Female,Pune,Farmer,184645.0,608,Verified
1576,24,Female,Kolkata,Salaried,348411.0,710,Pending
1577,27,Male,Delhi,Farmer,83035.0,759,Verified
1578,24,Female,Ahmedabad,Self-Employed,79055.0,837,Verified
1579,50,Female,Mumbai,Business,26689.0,578,Not Started
1580,40,Male,Mumbai,Self-Employed,111732.0,792,Verified
1581,38,Male,Kolkata,Business,228815.0,721,Verified
1582,36,Male,Hyderabad,Self-Employed,92313.0,671,Verified
1583,65,Male,Jaipur,Salaried,482177.0,774,Verified
1584,36,Male,Pune,Salaried,114238.0,689,Pending
1585,53,Male,Delhi,Farmer,145538.0,770,Verified
1586,46,Male,Pune,Self-Employed,58814.0,625,Verified
1587,35,Male,Bengaluru,Self-Employed,158313.0,656,Verified
1588,19,Female,Mumbai,Farmer,40636.0,790,Verified
1589,18,Female,Ahmedabad,Retired,202040.0,836,Pending
1590,64,Female,Bengaluru,Self-Employed,205799.0,707,Verified
1591,22,Male,Ahmedabad,Self-Employed,301214.0,473,Verified
1592,37,Male,Pune,Self-Employed,72259.0,693,Verified
1593,28,Female,Delhi,Retired,146728.0,712,Verified
1594,59,Male,Mumbai,Salaried,186893.0,690,Verified
1595,19,Male,Pune,Farmer,173749.0,738,Verified
1596,20,Female,Mumbai,Retired,79286.0,669,Verified
1597,40,Female,Kolkata,Business,31723.0,781,Verified
1598,72,Male,Lucknow,Business,164091.0,610,Pending
1599,29,Male,Lucknow,Retired,121601.0,815,Verified
1600,37,Male,Ahmedabad,Retired,94845.0,841,Verified
1601,22,Male,Pune,Salaried,210737.0,632,Verified
1602,54,Male,Chennai,Business,129709.0,632,Verified
1603,55,Male,Mumbai,Farmer,60384.0,744,Verified
1604,47,Male,Mumbai,Self-Employed,41820.0,609,Verified
1605,26,Female,Chennai,Self-Employed,67685.0,668,Pending
1606,51,Female,Hyderabad,Salaried,560065.0,803,Verified
1607,70,Female,Pune,Salaried,205596.0,772,Verified
1608,61,Male,Chennai,Business,149219.0,878,Pending
1609,52,Male,Lucknow,Farmer,119492.0,724,Verified
1610,69,Male,Mumbai,Farmer,114871.0,658,Verified
1611,39,Male,Lucknow,Retired,268423.0,714,Verified
1612,61,Male,Pune,Salaried,99274.0,697,Pending
1613,41,Female,Delhi,Self-Employed,188368.0,698,Verified
1614,34,Female,Delhi,Self-Employed,108114.0,707,Verified
1615,27,Female,Ahmedabad,Business,426810.0,630,Verified
1616,47,Male,Lucknow,Self-Employed,208017.0,733,Verified
1617,73,Female,Lucknow,Farmer,281344.0,590,Verified
1618,63,Male,Lucknow,Farmer,93841.0,649,Verified
1619,40,Male,Hyderabad,Salaried,251420.0,699,Pending
1620,49,Male,Lucknow,Business,,517,Verified
1621,34,Female,Delhi,Self-Employed,142347.0,775,Verified
1622,67,Female,Hyderabad,Salaried,355410.0,535,Pending
1623,68,Male,Ahmedabad,Retired,71277.0,766,Verified
1624,34,Female,Kolkata,Retired,150535.0,600,Verified
1625,31,Female,Bengaluru,Self-Employed,173304.0,675,Verified
1626,26,Male,Ahmedabad,Self-Employed,182044.0,754,Verified
1627,57,Male,Jaipur,Self-Employed,101674.0,896,Verified
1628,19,Male,Hyderabad,Farmer,465915.0,719,Verified
1629,62,Female,Delhi,Self-Employed,61270.0,541,Verified
1630,42,Male,Delhi,Retired,319762.0,791,Verified
1631,56,Female,Pune,Self-Employed,,690,Verified
1632,26,Male,Mumbai,Business,416871.0,715,Verified
1633,71,Female,Lucknow,Retired,,757,Verified
1634,39,Male,Delhi,Business,79118.0,520,Verified
1635,60,Female,Lucknow,Retired,326167.0,710,Verified
1636,63,Female,Chennai,Salaried,43208.0,675,Verified
1637,21,Female,Mumbai,Retired,50824.0,813,Verified
1638,43,Female,Chennai,Retired,99411.0,771,Verified
1639,46,Male,Lucknow,Business,149522.0,571,Verified
1640,62,Female,Hyderabad,Business,346395.0,817,Verified
1641,51,Male,Jaipur,Retired,119234.0,748,Verified
1642,40,Male,Mumbai,Retired,,578,Verified
1643,54,Female,Hyderabad,Farmer,,714,Verified
1644,28,Male,Delhi,Salaried,176620.0,797,Pending
1645,23,Male,Jaipur,Salaried,173641.0,606,Verified
1646,35,Female,Kolkata,Self-Employed,119756.0,827,Verified
1647,38,Male,Delhi,Retired,41231.0,581,Verified
1648,59,Female,Bengaluru,Retired,76836.0,642,Verified
1649,53,Male,Ahmedabad,Retired,312438.0,629,Verified
1650,58,Male,Mumbai,Retired,149080.0,827,Verified
1651,55,Male,Bengaluru,Salaried,109808.0,668,Verified
1652,51,Female,Lucknow,Business,260641.0,611,Verified
1653,34,Female,Mumbai,Farmer,67638.0,747,Verified
1654,54,Female,Ahmedabad,Business,116400.0,766,Pending
1655,42,Female,Mumbai,Business,144734.0,766,Verified
1656,55,Male,Hyderabad,Salaried,102250.0,686,Verified
1657,29,Male,Chennai,Farmer,141557.0,731,Verified
1658,40,Female,Pune,Retired,119060.0,654,Not Started
1659,70,Male,Hyderabad,Salaried,57549.0,852,Verified
1660,59,Male,Ahmedabad,Salaried,148581.0,807,Verified
1661,39,Male,Mumbai,Farmer,60053.0,802,Verified
1662,38,Female,Hyderabad,Self-Employed,147174.0,777,Verified
1663,44,Female,Chennai,Salaried,303908.0,754,Verified
1664,74,Male,Bengaluru,Business,112576.0,604,Verified
1665,48,Male,Hyderabad,Business,65980.0,763,Not Started
1666,23,Female,Lucknow,Retired,,719,Verified
1667,44,Female,Bengaluru,Salaried,80888.0,817,Verified
1668,57,Male,Ahmedabad,Retired,190366.0,778,Verified
1669,51,Female,Bengaluru,Salaried,121931.0,756,Pending
1670,29,Male,Mumbai,Farmer,371706.0,566,Verified
1671,62,Male,Jaipur,Salaried,267746.0,702,Verified
1672,74,Female,Jaipur,Self-Employed,121559.0,662,Verified
1673,70,Female,Kolkata,Business,204713.0,731,Verified
1674,24,Male,Lucknow,Farmer,105246.0,674,Verified
1675,27,Female,Mumbai,Business,135995.0,686,Verified
1676,62,Female,Ahmedabad,Retired,107274.0,749,Verified
1677,34,Female,Delhi,Farmer,211055.0,673,Verified
1678,43,Female,Jaipur,Self-Employed,314832.0,720,Verified
1679,38,Female,Ahmedabad,Business,215171.0,580,Verified
1680,45,Male,Bengaluru,Salaried,231691.0,639,Verified
1681,63,Male,Hyderabad,Salaried,231844.0,765,Verified
1682,19,Male,Jaipur,Salaried,185489.0,605,Verified
1683,71,Male,Mumbai,Farmer,67267.0,815,Verified
1684,60,Female,Jaipur,Self-Employed,369750.0,792,Verified
1685,18,Male,Chennai,Self-Employed,393425.0,687,Verified
1686,68,Male,Chennai,Self-Employed,115806.0,900,Verified
1687,70,Male,Chennai,Business,106679.0,815,Verified
1688,53,Male,Lucknow,Farmer,192422.0,629,Verified
1689,68,Male,Jaipur,Salaried,185440.0,773,Verified
1690,43,Female,Kolkata,Business,118046.0,715,Verified
1691,46,Male,Ahmedabad,Self-Employed,62943.0,643,Verified
1692,38,Female,Chennai,Salaried,160079.0,619,Verified
1693,28,Female,Bengaluru,Farmer,185510.0,794,Pending
1694,57,Male,Mumbai,Retired,205971.0,659,Verified
1695,28,Male,Lucknow,Self-Employed,164321.0,701,Verified
1696,53,Male,Pune,Self-Employed,113247.0,631,Verified
1697,66,Female,Chennai,Self-Employed,241929.0,646,Verified
1698,56,Female,Ahmedabad,Self-Employed,138622.0,699,Verified
1699,57,Male,Bengaluru,Salaried,100815.0,742,Verified
1700,52,Female,Mumbai,Farmer,119564.0,489,Verified
1701,71,Female,Hyderabad,Business,46743.0,711,Verified
1702,51,Male,Delhi,Salaried,119450.0,646,Verified
1703,72,Male,Bengaluru,Farmer,201403.0,829,Not Started
1704,64,Female,Kolkata,Business,163386.0,900,Verified
1705,41,Female,Bengaluru,Self-Employed,331837.0,679,Verified
1706,71,Female,Bengaluru,Farmer,113802.0,563,Verified
1707,39,Female,Kolkata,Self-Employed,178508.0,719,Verified
1708,22,Female,Hyderabad,Farmer,214410.0,692,Verified
1709,73,Male,Lucknow,Retired,543462.0,877,Not Started
1710,50,Female,Jaipur,Self-Employed,145344.0,851,Verified
1711,53,Female,Mumbai,Self-Employed,,783,Verified
1712,64,Female,Bengaluru,Self-Employed,221628.0,660,Verified
1713,37,Male,Bengaluru,Salaried,408169.0,767,Verified
1714,36,Male,Kolkata,Business,109806.0,732,Verified
1715,52,Male,Ahmedabad,Self-Employed,220720.0,730,Verified
1716,69,Male,Bengaluru,Self-Employed,278518.0,577,Verified
1717,60,Male,Bengaluru,Salaried,245301.0,800,Verified
1718,34,Female,Kolkata,Salaried,143679.0,719,Verified
1719,62,Female,Ahmedabad,Retired,87633.0,701,Verified
1720,60,Male,Kolkata,Farmer,126910.0,658,Pending
1721,51,Female,Lucknow,Self-Employed,175459.0,642,Pending
1722,26,Male,Bengaluru,Farmer,229793.0,736,Verified
1723,43,Male,Chennai,Salaried,162815.0,561,Verified
1724,19,Male,Mumbai,Salaried,106091.0,777,Verified
1725,70,Male,Ahmedabad,Retired,185949.0,620,Verified
1726,26,Male,Chennai,Business,223251.0,535,Not Started
1727,26,Male,Kolkata,Salaried,167337.0,864,Pending
1728,57,Male,Bengaluru,Self-Employed,80683.0,637,Verified
1729,34,Female,Kolkata,Retired,119510.0,648,Verified
1730,18,Male,Jaipur,Business,235318.0,806,Verified
1731,42,Female,Jaipur,Retired,58116.0,867,Verified
1732,60,Female,Lucknow,Salaried,37953.0,579,Verified
1733,57,Female,Bengaluru,Business,,628,Verified
1734,59,Female,Bengaluru,Farmer,181108.0,634,Verified
1735,42,Male,Chennai,Business,191767.0,789,Verified
1736,56,Male,Pune,Self-Employed,69836.0,849,Verified
1737,52,Female,Bengaluru,Farmer,207423.0,618,Pending
1738,20,Male,Lucknow,Farmer,157180.0,830,Verified
1739,67,Female,Ahmedabad,Self-Employed,51503.0,649,Pending
1740,54,Female,Ahmedabad,Farmer,313191.0,738,Pending
1741,61,Female,Kolkata,Salaried,146563.0,601,Verified
1742,61,Female,Chennai,Business,105067.0,699,Verified
1743,68,Female,Hyderabad,Business,106213.0,700,Verified
1744,47,Female,Delhi,Self-Employed,39770.0,683,Verified
1745,55,Male,Kolkata,Salaried,190232.0,742,Verified
1746,51,Female,Bengaluru,Farmer,155922.0,624,Pending
1747,29,Male,Kolkata,Business,118605.0,634,Verified
1748,36,Male,Hyderabad,Business,286958.0,747,Verified
1749,54,Female,Delhi,Business,58086.0,824,Not Started
1750,61,Male,Hyderabad,Business,93147.0,708,Verified
1751,66,Male,Hyderabad,Retired,80017.0,752,Verified
1752,34,Male,Jaipur,Self-Employed,112727.0,774,Verified
1753,27,Female,Ahmedabad,Farmer,138757.0,780,Verified
1754,74,Male,Pune,Farmer,172475.0,628,Verified
1755,72,Female,Bengaluru,Self-Employed,108209.0,643,Verified
1756,66,Male,Lucknow,Salaried,78715.0,651,Verified
1757,64,Female,Chennai,Self-Employed,366445.0,873,Verified
1758,29,Female,Kolkata,Business,566359.0,753,Verified
1759,33,Male,Bengaluru,Business,145215.0,749,Verified
1760,41,Male,Jaipur,Self-Employed,84620.0,741,Verified
1761,36,Male,Ahmedabad,Self-Employed,322956.0,597,Verified
1762,25,Female,Kolkata,Farmer,55935.0,874,Verified
1763,48,Female,Chennai,Farmer,109004.0,750,Verified
1764,38,Female,Pune,Retired,87757.0,771,Verified
1765,34,Male,Bengaluru,Retired,66455.0,559,Verified
1766,40,Female,Lucknow,Business,112644.0,776,Not Started
1767,54,Female,Ahmedabad,Retired,79340.0,679,Verified
1768,71,Female,Mumbai,Retired,134268.0,597,Verified
1769,33,Female,Bengaluru,Salaried,135443.0,628,Verified
1770,23,Male,Hyderabad,Self-Employed,91785.0,602,Pending
1771,25,Male,Hyderabad,Farmer,106691.0,601,Verified
1772,42,Female,Lucknow,Retired,116017.0,715,Verified
1773,35,Female,Delhi,Farmer,216622.0,677,Verified
1774,42,Female,Lucknow,Retired,121898.0,738,Verified
1775,29,Male,Ahmedabad,Retired,218561.0,852,Verified
1776,32,Male,Hyderabad,Business,189376.0,698,Pending
1777,43,Male,Pune,Salaried,187760.0,519,Verified
1778,58,Male,Pune,Self-Employed,306419.0,689,Verified
1779,62,Female,Hyderabad,Self-Employed,68075.0,811,Verified
1780,43,Female,Ahmedabad,Business,100317.0,702,Verified
1781,64,Male,Jaipur,Business,,839,Verified
1782,49,Male,Chennai,Self-Employed,114189.0,748,Verified
1783,27,Male,Chennai,Self-Employed,24610.0,553,Verified
1784,33,Male,Ahmedabad,Salaried,117974.0,719,Not Started
1785,24,Female,Mumbai,Retired,144490.0,735,Verified
1786,34,Female,Chennai,Salaried,27715.0,801,Verified
1787,40,Male,Kolkata,Self-Employed,296666.0,864,Verified
1788,43,Female,Chennai,Retired,86836.0,787,Verified
1789,38,Female,Kolkata,Self-Employed,162290.0,747,Verified
1790,39,Female,Hyderabad,Salaried,116356.0,767,Verified
1791,24,Male,Jaipur,Salaried,61512.0,695,Verified
1792,31,Female,Lucknow,Salaried,70101.0,585,Verified
1793,32,Male,Jaipur,Retired,76035.0,713,Verified
1794,70,Male,Chennai,Farmer,255609.0,741,Verified
1795,24,Male,Chennai,Farmer,121963.0,607,Verified
1796,26,Male,Ahmedabad,Self-Employed,97429.0,822,Verified
1797,68,Male,Lucknow,Retired,76057.0,795,Pending
1798,65,Male,Chennai,Business,273126.0,593,Verified
1799,25,Male,Delhi,Farmer,320783.0,826,Verified
1800,67,Female,Delhi,Retired,271264.0,683,Pending
1801,40,Female,Mumbai,Retired,,643,Verified
1802,46,Male,Hyderabad,Farmer,158562.0,801,Verified
1803,35,Female,Kolkata,Retired,64244.0,705,Verified
1804,48,Female,Jaipur,Retired,114979.0,871,Pending
1805,47,Female,Hyderabad,Farmer,88405.0,637,Verified
1806,69,Male,Kolkata,Salaried,44564.0,562,Verified
1807,56,Female,Kolkata,Self-Employed,,686,Verified
1808,52,Female,Bengaluru,Business,87772.0,777,Verified
1809,35,Female,Chennai,Self-Employed,273092.0,631,Verified
1810,59,Male,Mumbai,Salaried,226171.0,596,Verified
1811,56,Male,Chennai,Salaried,186098.0,729,Verified
1812,34,Female,Mumbai,Retired,192477.0,585,Pending
1813,31,Male,Hyderabad,Self-Employed,92117.0,736,Verified
1814,48,Male,Ahmedabad,Salaried,406244.0,681,Verified
1815,41,Male,Ahmedabad,Self-Employed,136745.0,752,Verified
1816,52,Female,Hyderabad,Salaried,159717.0,592,Verified
1817,61,Female,Lucknow,Business,90269.0,820,Verified
1818,62,Male,Delhi,Salaried,76214.0,694,Pending
1819,51,Female,Kolkata,Self-Employed,177438.0,774,Verified
1820,20,Male,Mumbai,Retired,151829.0,791,Verified
1821,54,Female,Pune,Self-Employed,82983.0,611,Not Started
1822,60,Female,Chennai,Farmer,56215.0,784,Verified
1823,57,Female,Hyderabad,Self-Employed,62196.0,588,Pending
1824,43,Female,Kolkata,Business,273124.0,593,Pending
1825,72,Male,Mumbai,Business,92231.0,876,Verified
1826,40,Female,Jaipur,Business,,804,Verified
1827,61,Male,Lucknow,Salaried,318126.0,886,Not Started
1828,56,Female,Chennai,Business,67962.0,678,Verified
1829,32,Female,Ahmedabad,Self-Employed,86146.0,718,Verified
1830,73,Female,Hyderabad,Retired,84014.0,754,Verified
1831,66,Male,Ahmedabad,Business,351808.0,708,Verified
1832,21,Female,Mumbai,Self-Employed,440661.0,646,Verified
1833,46,Male,Ahmedabad,Salaried,209177.0,633,Pending
1834,39,Male,Chennai,Salaried,213210.0,728,Pending
1835,42,Female,Delhi,Retired,94069.0,619,Pending
1836,30,Male,Kolkata,Retired,428650.0,616,Verified
1837,35,Female,Delhi,Self-Employed,156470.0,743,Verified
1838,50,Male,Hyderabad,Retired,222318.0,701,Verified
1839,33,Male,Delhi,Retired,125077.0,789,Verified
1840,62,Female,Bengaluru,Salaried,113457.0,673,Verified
1841,59,Female,Kolkata,Self-Employed,361431.0,660,Verified
1842,61,Male,Mumbai,Retired,184210.0,746,Pending
1843,19,Female,Kolkata,Self-Employed,318324.0,640,Verified
1844,72,Male,Bengaluru,Business,155313.0,654,Verified
1845,52,Female,Pune,Salaried,80096.0,657,Verified
1846,59,Male,Delhi,Salaried,,692,Verified
1847,51,Female,Kolkata,Salaried,141744.0,860,Verified
1848,47,Female,Ahmedabad,Farmer,91501.0,592,Verified
1849,72,Female,Mumbai,Self-Employed,68564.0,820,Verified
1850,30,Male,Jaipur,Business,273991.0,772,Pending
1851,30,Female,Hyderabad,Retired,96094.0,843,Verified
1852,35,Female,Hyderabad,Business,144772.0,900,Verified
1853,49,Female,Hyderabad,Self-Employed,159162.0,831,Verified
1854,49,Male,Kolkata,Salaried,93630.0,788,Verified
1855,52,Female,Delhi,Farmer,318214.0,598,Verified
1856,56,Female,Kolkata,Self-Employed,68167.0,609,Verified
1857,63,Male,Chennai,Self-Employed,155901.0,740,Verified
1858,69,Male,Ahmedabad,Retired,154457.0,565,Verified
1859,46,Female,Jaipur,Business,128984.0,762,Verified
1860,66,Male,Jaipur,Business,61197.0,528,Verified
1861,46,Female,Ahmedabad,Retired,224693.0,807,Verified
1862,70,Female,Bengaluru,Farmer,,682,Verified
1863,61,Female,Lucknow,Salaried,88846.0,720,Verified
1864,74,Male,Chennai,Salaried,203718.0,646,Verified
1865,33,Male,Mumbai,Farmer,166866.0,548,Verified
1866,73,Female,Jaipur,Retired,61798.0,814,Verified
1867,61,Male,Hyderabad,Self-Employed,79829.0,823,Pending
1868,64,Female,Kolkata,Business,263806.0,680,Verified
1869,74,Male,Bengaluru,Self-Employed,160436.0,766,Verified
1870,27,Male,Lucknow,Business,94980.0,676,Verified
1871,47,Male,Ahmedabad,Self-Employed,79612.0,734,Verified
1872,42,Female,Pune,Retired,97808.0,774,Verified
1873,56,Female,Mumbai,Retired,102060.0,757,Not Started
1874,37,Male,Lucknow,Farmer,80212.0,823,Verified
1875,22,Male,Hyderabad,Self-Employed,46861.0,754,Pending
1876,18,Male,Lucknow,Self-Employed,264080.0,712,Verified
1877,47,Female,Jaipur,Farmer,238561.0,645,Verified
1878,66,Male,Kolkata,Farmer,62072.0,669,Not Started
1879,20,Female,Ahmedabad,Retired,144609.0,778,Verified
1880,62,Male,Lucknow,Retired,77548.0,582,Verified
1881,31,Male,Mumbai,Self-Employed,113898.0,803,Pending
1882,73,Male,Lucknow,Retired,108352.0,686,Pending
1883,47,Female,Pune,Retired,103084.0,640,Verified
1884,67,Male,Bengaluru,Self-Employed,443196.0,616,Pending
1885,21,Male,Jaipur,Farmer,,767,Verified
1886,35,Female,Kolkata,Self-Employed,82047.0,708,Verified
1887,54,Female,Hyderabad,Salaried,84326.0,845,Verified
1888,42,Male,Ahmedabad,Self-Employed,249264.0,602,Not Started
1889,65,Male,Ahmedabad,Salaried,49451.0,660,Verified
1890,18,Female,Bengaluru,Self-Employed,84324.0,702,Verified
1891,70,Male,Delhi,Salaried,317456.0,646,Verified
1892,63,Female,Delhi,Salaried,154260.0,710,Verified
1893,32,Female,Hyderabad,Self-Employed,149515.0,737,Verified
1894,26,Male,Lucknow,Retired,478920.0,751,Verified
1895,32,Male,Pune,Business,154478.0,838,Verified
1896,66,Male,Ahmedabad,Retired,87124.0,599,Verified
1897,74,Female,Lucknow,Salaried,112505.0,738,Verified
1898,41,Male,Ahmedabad,Self-Employed,67423.0,655,Verified
1899,21,Male,Ahmedabad,Self-Employed,283102.0,746,Verified
1900,29,Female,Lucknow,Self-Employed,188102.0,746,Verified
1901,54,Female,Bengaluru,Self-Employed,261620.0,626,Verified
1902,54,Male,Delhi,Business,275899.0,633,Verified
1903,60,Female,Chennai,Farmer,103930.0,753,Verified
1904,23,Male,Mumbai,Salaried,75595.0,711,Verified
1905,56,Male,Bengaluru,Business,129181.0,691,Not Started
1906,73,Male,Jaipur,Retired,78932.0,765,Verified
1907,63,Male,Pune,Farmer,147116.0,772,Pending
1908,41,Male,Pune,Farmer,262829.0,664,Verified
1909,28,Male,Mumbai,Self-Employed,120465.0,637,Verified
1910,30,Female,Pune,Business,145801.0,602,Verified
1911,51,Female,Lucknow,Retired,125957.0,712,Verified
1912,42,Female,Pune,Self-Employed,215698.0,589,Verified
1913,24,Male,Chennai,Self-Employed,89262.0,718,Verified
1914,69,Male,Pune,Salaried,35672.0,813,Verified
1915,21,Male,Ahmedabad,Farmer,176755.0,679,Verified
1916,25,Female,Bengaluru,Retired,241036.0,664,Verified
1917,37,Female,Lucknow,Farmer,174177.0,879,Verified
1918,46,Male,Delhi,Business,90750.0,838,Verified
1919,71,Male,Pune,Salaried,67440.0,645,Verified
1920,70,Male,Hyderabad,Self-Employed,179279.0,721,Pending
1921,68,Male,Hyderabad,Salaried,145058.0,737,Verified
1922,62,Male,Hyderabad,Self-Employed,123565.0,727,Verified
1923,63,Female,Pune,Salaried,397710.0,864,Verified
1924,27,Female,Jaipur,Self-Employed,75502.0,717,Verified
1925,60,Male,Ahmedabad,Farmer,386552.0,730,Verified
1926,51,Male,Kolkata,Farmer,135818.0,768,Verified
1927,74,Female,Pune,Farmer,44296.0,811,Verified
1928,43,Male,Jaipur,Farmer,,789,Pending
1929,58,Male,Kolkata,Salaried,236972.0,755,Verified
1930,66,Male,Mumbai,Self-Employed,107041.0,577,Verified
1931,20,Male,Chennai,Farmer,55002.0,668,Not Started
1932,73,Male,Ahmedabad,Salaried,120728.0,779,Verified
1933,23,Female,Pune,Self-Employed,79674.0,731,Pending
1934,22,Male,Bengaluru,Salaried,178991.0,780,Verified
1935,22,Male,Lucknow,Farmer,211936.0,870,Verified
1936,71,Female,Bengaluru,Business,70703.0,609,Verified
1937,64,Male,Bengaluru,Salaried,87249.0,806,Verified
1938,40,Female,Mumbai,Farmer,209816.0,681,Pending
1939,66,Female,Lucknow,Retired,79594.0,789,Verified
1940,26,Male,Mumbai,Self-Employed,69613.0,706,Verified
1941,52,Female,Kolkata,Farmer,65695.0,890,Verified
1942,37,Male,Mumbai,Retired,164592.0,721,Verified
1943,66,Female,Hyderabad,Salaried,160411.0,655,Verified
1944,59,Male,Chennai,Salaried,88395.0,745,Verified
1945,52,Female,Hyderabad,Retired,133660.0,737,Not Started
1946,67,Female,Pune,Retired,333127.0,806,Verified
1947,35,Male,Kolkata,Self-Employed,74278.0,748,Verified
1948,34,Female,Jaipur,Salaried,41314.0,900,Verified
1949,41,Female,Kolkata,Retired,175088.0,700,Verified
1950,20,Female,Jaipur,Business,124712.0,701,Verified
1951,49,Male,Chennai,Business,87028.0,658,Verified
1952,52,Female,Mumbai,Retired,197057.0,717,Verified
1953,55,Male,Mumbai,Self-Employed,220474.0,729,Verified
1954,30,Male,Lucknow,Salaried,35420.0,733,Verified
1955,73,Male,Pune,Business,90079.0,715,Verified
1956,64,Male,Bengaluru,Retired,535261.0,658,Verified
1957,42,Female,Delhi,Retired,189102.0,635,Verified
1958,26,Male,Kolkata,Farmer,199918.0,678,Verified
1959,21,Female,Kolkata,Retired,269342.0,807,Verified
1960,31,Male,Pune,Self-Employed,134624.0,825,Pending
1961,54,Male,Hyderabad,Business,214918.0,703,Verified
1962,51,Male,Ahmedabad,Farmer,205015.0,629,Verified
1963,28,Male,Pune,Business,184135.0,703,Verified
1964,58,Male,Delhi,Business,109841.0,887,Verified
1965,73,Male,Mumbai,Self-Employed,147744.0,794,Verified
1966,20,Female,Jaipur,Retired,93618.0,756,Verified
1967,45,Male,Hyderabad,Self-Employed,134281.0,791,Verified
1968,46,Male,Hyderabad,Retired,66099.0,840,Verified
1969,26,Male,Lucknow,Farmer,82920.0,612,Verified
1970,20,Female,Chennai,Self-Employed,112489.0,676,Verified
1971,42,Female,Delhi,Self-Employed,75643.0,665,Verified
1972,51,Male,Hyderabad,Salaried,98419.0,759,Verified
1973,29,Male,Delhi,Self-Employed,120770.0,723,Pending
1974,59,Male,Pune,Salaried,169627.0,774,Verified
1975,26,Female,Jaipur,Retired,235521.0,666,Verified
1976,32,Male,Jaipur,Retired,100884.0,826,Verified
1977,57,Male,Kolkata,Retired,296874.0,704,Verified
1978,42,Male,Mumbai,Salaried,234021.0,769,Verified
1979,22,Male,Kolkata,Retired,180314.0,811,Verified
1980,28,Male,Hyderabad,Business,146121.0,804,Verified
1981,51,Female,Chennai,Self-Employed,161373.0,740,Verified
1982,41,Male,Kolkata,Salaried,271639.0,779,Verified
1983,32,Female,Kolkata,Retired,277659.0,858,Verified
1984,55,Male,Kolkata,Business,296846.0,753,Verified
1985,25,Male,Delhi,Self-Employed,136598.0,647,Verified
1986,22,Female,Pune,Self-Employed,185903.0,759,Verified
1987,65,Male,Chennai,Retired,298381.0,706,Verified
1988,43,Female,Jaipur,Business,91653.0,510,Verified
1989,35,Female,Lucknow,Salaried,110079.0,749,Not Started
1990,23,Male,Delhi,Retired,134541.0,719,Verified
1991,54,Female,Hyderabad,Self-Employed,228607.0,808,Pending
1992,65,Male,Chennai,Self-Employed,230753.0,646,Verified
1993,30,Female,Jaipur,Self-Employed,116016.0,582,Verified
1994,45,Male,Chennai,Retired,53897.0,724,Verified
1995,22,Female,Ahmedabad,Farmer,154463.0,742,Verified
1996,30,Male,Ahmedabad,Farmer,76804.0,717,Verified
1997,34,Male,Kolkata,Farmer,54504.0,711,Verified
1998,67,Female,Kolkata,Business,62422.0,619,Verified
1999,57,Female,Ahmedabad,Retired,162077.0,698,Verified
2000,62,Female,Lucknow,Self-Employed,301529.0,680,Verified
2001,49,Female,Jaipur,Business,136399.0,801,Verified
2002,46,Female,Hyderabad,Farmer,,742,Verified
2003,68,Male,Mumbai,Salaried,270963.0,686,Verified
2004,20,Male,Mumbai,Business,52750.0,856,Verified
2005,73,Male,Delhi,Business,182063.0,687,Verified
2006,57,Male,Lucknow,Retired,132329.0,757,Not Started
2007,51,Male,Lucknow,Business,187144.0,695,Verified
2008,57,Female,Hyderabad,Retired,99699.0,848,Pending
2009,44,Male,Chennai,Salaried,81572.0,717,Verified
2010,30,Female,Mumbai,Self-Employed,144973.0,719,Pending
2011,62,Male,Chennai,Self-Employed,358439.0,698,Verified
2012,50,Male,Chennai,Farmer,223361.0,726,Pending
2013,23,Male,Lucknow,Farmer,98261.0,811,Verified
2014,41,Female,Chennai,Salaried,59600.0,781,Verified
2015,36,Female,Mumbai,Self-Employed,48570.0,712,Verified
2016,33,Female,Jaipur,Farmer,293508.0,854,Verified
2017,57,Male,Bengaluru,Business,75128.0,784,Verified
2018,45,Female,Chennai,Retired,109611.0,672,Verified
2019,50,Male,Hyderabad,Farmer,294409.0,592,Not Started
2020,65,Male,Pune,Salaried,50598.0,674,Verified
2021,58,Male,Kolkata,Self-Employed,326230.0,745,Verified
2022,30,Male,Hyderabad,Salaried,114441.0,760,Verified
2023,60,Male,Ahmedabad,Retired,66893.0,825,Verified
2024,62,Female,Mumbai,Retired,114874.0,616,Verified
2025,42,Female,Pune,Salaried,86374.0,672,Verified
2026,70,Male,Kolkata,Farmer,173597.0,609,Pending
2027,59,Male,Hyderabad,Farmer,90321.0,596,Verified
2028,53,Male,Pune,Self-Employed,42320.0,656,Verified
2029,44,Male,Bengaluru,Self-Employed,116735.0,741,Verified
2030,55,Female,Mumbai,Business,59046.0,775,Verified
2031,24,Male,Jaipur,Business,150632.0,629,Verified
2032,22,Female,Delhi,Self-Employed,65364.0,641,Verified
2033,60,Male,Lucknow,Business,99428.0,558,Verified
2034,62,Female,Bengaluru,Salaried,148680.0,728,Verified
2035,74,Male,Ahmedabad,Farmer,117304.0,647,Verified
2036,68,Female,Lucknow,Business,154857.0,851,Verified
2037,48,Male,Jaipur,Business,200420.0,744,Verified
2038,40,Female,Bengaluru,Salaried,66519.0,695,Verified
2039,59,Male,Kolkata,Retired,128202.0,655,Verified
2040,27,Male,Pune,Self-Employed,18075.0,582,Verified
2041,49,Female,Mumbai,Salaried,154570.0,593,Verified
2042,60,Female,Pune,Retired,111247.0,657,Pending
2043,70,Female,Chennai,Salaried,73860.0,650,Verified
2044,47,Female,Hyderabad,Farmer,161044.0,625,Verified
2045,56,Female,Ahmedabad,Salaried,269310.0,742,Verified
2046,48,Male,Chennai,Salaried,100146.0,753,Not Started
2047,35,Male,Chennai,Farmer,75592.0,671,Verified
2048,53,Male,Ahmedabad,Self-Employed,147122.0,874,Verified
2049,19,Female,Hyderabad,Retired,59793.0,561,Verified
2050,31,Male,Kolkata,Business,89659.0,714,Verified
2051,30,Male,Hyderabad,Self-Employed,277463.0,691,Verified
2052,46,Female,Mumbai,Salaried,138318.0,663,Verified
2053,29,Female,Pune,Business,43145.0,650,Verified
2054,56,Male,Kolkata,Farmer,45334.0,709,Verified
2055,19,Male,Delhi,Self-Employed,146862.0,690,Verified
2056,49,Male,Pune,Retired,223560.0,676,Verified
2057,30,Male,Kolkata,Self-Employed,50485.0,599,Pending
2058,63,Male,Hyderabad,Self-Employed,174526.0,572,Pending
2059,44,Female,Ahmedabad,Business,296027.0,685,Verified
2060,66,Female,Hyderabad,Farmer,413625.0,675,Verified
2061,58,Female,Delhi,Farmer,162549.0,693,Pending
2062,34,Male,Kolkata,Self-Employed,180608.0,700,Verified
2063,57,Female,Mumbai,Farmer,37052.0,665,Verified
2064,48,Male,Hyderabad,Business,,691,Pending
2065,51,Male,Kolkata,Business,94344.0,637,Verified
2066,41,Female,Pune,Retired,76109.0,839,Verified
2067,62,Male,Delhi,Farmer,,642,Verified
2068,52,Male,Mumbai,Retired,330052.0,678,Pending
2069,65,Female,Kolkata,Salaried,501234.0,648,Verified
2070,23,Male,Bengaluru,Business,143666.0,647,Verified
2071,36,Female,Hyderabad,Self-Employed,,712,Verified
2072,47,Male,Delhi,Business,136752.0,701,Verified
2073,24,Female,Mumbai,Salaried,71491.0,670,Verified
2074,27,Male,Mumbai,Self-Employed,323206.0,685,Verified
2075,58,Male,Chennai,Farmer,91741.0,648,Verified
2076,49,Female,Lucknow,Farmer,334810.0,744,Verified
2077,51,Male,Delhi,Business,,884,Verified
2078,45,Male,Mumbai,Self-Employed,192610.0,635,Verified
2079,32,Male,Kolkata,Self-Employed,399267.0,743,Verified
2080,47,Male,Chennai,Retired,508595.0,713,Verified
2081,54,Male,Lucknow,Salaried,119953.0,766,Verified
2082,46,Male,Pune,Farmer,82020.0,769,Verified
2083,39,Female,Kolkata,Business,43540.0,727,Verified
2084,21,Male,Hyderabad,Self-Employed,512374.0,706,Verified
2085,37,Male,Lucknow,Farmer,102354.0,673,Verified
2086,49,Male,Delhi,Business,263293.0,644,Verified
2087,53,Male,Hyderabad,Farmer,85412.0,701,Verified
2088,67,Female,Jaipur,Business,335360.0,600,Verified
2089,21,Male,Jaipur,Farmer,87547.0,659,Verified
2090,44,Female,Delhi,Retired,65184.0,804,Verified
2091,34,Male,Pune,Salaried,117583.0,718,Verified
2092,29,Female,Lucknow,Farmer,96852.0,785,Verified
2093,39,Female,Chennai,Salaried,190571.0,834,Verified
2094,34,Female,Bengaluru,Farmer,,694,Verified
2095,27,Female,Mumbai,Self-Employed,194196.0,727,Verified
2096,71,Female,Bengaluru,Retired,111903.0,684,Verified
2097,18,Male,Jaipur,Retired,89405.0,640,Verified
2098,39,Male,Jaipur,Salaried,93889.0,628,Pending
2099,43,Female,Pune,Self-Employed,454505.0,781,Verified
2100,73,Male,Bengaluru,Business,152528.0,727,Verified
2101,35,Male,Bengaluru,Retired,40528.0,866,Verified
2102,67,Female,Chennai,Self-Employed,97526.0,792,Verified
2103,31,Male,Pune,Self-Employed,141226.0,647,Pending
2104,64,Female,Pune,Salaried,403221.0,781,Verified
2105,46,Female,Delhi,Self-Employed,247019.0,684,Verified
2106,29,Female,Hyderabad,Self-Employed,76647.0,813,Verified
2107,53,Female,Pune,Business,568646.0,668,Verified
2108,52,Male,Pune,Salaried,130784.0,620,Verified
2109,69,Male,Kolkata,Salaried,281475.0,642,Verified
2110,29,Male,Lucknow,Self-Employed,66636.0,646,Verified
2111,24,Male,Lucknow,Business,31606.0,638,Verified
2112,46,Female,Ahmedabad,Farmer,57236.0,661,Verified
2113,28,Female,Bengaluru,Retired,18955.0,782,Verified
2114,50,Male,Mumbai,Salaried,473191.0,862,Verified
2115,23,Male,Bengaluru,Business,151557.0,596,Verified
2116,64,Female,Delhi,Business,76513.0,817,Verified
2117,32,Male,Delhi,Self-Employed,174831.0,669,Verified
2118,49,Male,Delhi,Retired,149283.0,739,Verified
2119,68,Male,Hyderabad,Salaried,193409.0,569,Verified
2120,28,Female,Mumbai,Farmer,275328.0,754,Verified
2121,40,Female,Lucknow,Self-Employed,111977.0,539,Verified
2122,43,Female,Chennai,Salaried,78598.0,736,Verified
2123,51,Female,Lucknow,Salaried,218965.0,731,Verified
2124,63,Male,Hyderabad,Business,215647.0,726,Verified
2125,51,Male,Delhi,Retired,141555.0,647,Verified
2126,46,Female,Hyderabad,Farmer,492147.0,756,Verified
2127,21,Male,Lucknow,Retired,102468.0,743,Verified
2128,34,Female,Chennai,Business,77659.0,692,Verified
2129,52,Female,Ahmedabad,Farmer,171246.0,767,Verified
2130,30,Female,Mumbai,Farmer,88880.0,701,Verified
2131,58,Female,Hyderabad,Self-Employed,179389.0,754,Verified
2132,56,Female,Lucknow,Farmer,80837.0,699,Verified
2133,32,Female,Mumbai,Salaried,104805.0,728,Verified
2134,72,Male,Lucknow,Retired,414366.0,758,Verified
2135,46,Male,Lucknow,Retired,104469.0,676,Verified
2136,46,Male,Chennai,Self-Employed,82511.0,605,Verified
2137,28,Female,Ahmedabad,Farmer,,733,Verified
2138,69,Male,Mumbai,Business,70925.0,811,Verified
2139,49,Female,Delhi,Salaried,87925.0,735,Verified
2140,19,Male,Mumbai,Self-Employed,,737,Pending
2141,64,Female,Pune,Farmer,233993.0,706,Verified
2142,31,Male,Delhi,Business,277142.0,772,Not Started
2143,37,Female,Mumbai,Farmer,85107.0,694,Verified
2144,39,Female,Kolkata,Self-Employed,190538.0,671,Verified
2145,28,Male,Kolkata,Business,100744.0,803,Verified
2146,44,Male,Lucknow,Business,92652.0,664,Verified
2147,20,Female,Delhi,Business,274286.0,785,Verified
2148,34,Male,Mumbai,Business,95824.0,804,Verified
2149,61,Male,Lucknow,Farmer,157459.0,758,Verified
2150,73,Female,Bengaluru,Business,146290.0,603,Verified
2151,45,Female,Lucknow,Farmer,70091.0,712,Not Started
2152,46,Female,Hyderabad,Business,237912.0,692,Verified
2153,38,Male,Kolkata,Business,186497.0,667,Verified
2154,64,Male,Bengaluru,Self-Employed,,722,Verified
2155,33,Female,Jaipur,Farmer,157385.0,775,Verified
2156,54,Female,Hyderabad,Farmer,83802.0,671,Verified
2157,37,Female,Delhi,Retired,,695,Verified
2158,23,Male,Lucknow,Self-Employed,55981.0,689,Verified
2159,36,Male,Kolkata,Farmer,107593.0,808,Verified
2160,74,Male,Ahmedabad,Self-Employed,165581.0,688,Verified
2161,22,Male,Kolkata,Self-Employed,137669.0,605,Not Started
2162,20,Male,Chennai,Self-Employed,210612.0,576,Verified
2163,18,Male,Kolkata,Salaried,53581.0,740,Verified
2164,55,Female,Ahmedabad,Farmer,359025.0,645,Pending
2165,32,Male,Ahmedabad,Self-Employed,182606.0,766,Verified
2166,51,Female,Lucknow,Salaried,301291.0,596,Verified
2167,52,Female,Delhi,Salaried,225155.0,664,Verified
2168,66,Female,Ahmedabad,Business,132327.0,596,Verified
2169,42,Male,Kolkata,Business,61666.0,746,Verified
2170,41,Female,Delhi,Farmer,95022.0,765,Verified
2171,29,Female,Mumbai,Business,345842.0,738,Verified
2172,35,Female,Kolkata,Farmer,305976.0,617,Verified
2173,32,Female,Pune,Salaried,91880.0,646,Verified
2174,61,Female,Lucknow,Salaried,24564.0,729,Verified
2175,33,Female,Hyderabad,Farmer,117288.0,566,Verified
2176,44,Male,Lucknow,Business,112126.0,689,Verified
2177,25,Female,Ahmedabad,Business,114707.0,838,Verified
2178,63,Male,Jaipur,Farmer,182978.0,694,Verified
2179,42,Female,Chennai,Retired,225422.0,583,Verified
2180,34,Male,Pune,Business,241393.0,658,Verified
2181,46,Male,Ahmedabad,Self-Employed,174107.0,656,Verified
2182,70,Female,Kolkata,Business,45231.0,891,Verified
2183,25,Female,Delhi,Retired,108584.0,851,Verified
2184,32,Male,Pune,Salaried,530966.0,772,Verified
2185,44,Male,Jaipur,Salaried,166797.0,680,Pending
2186,63,Female,Hyderabad,Salaried,166158.0,812,Verified
2187,67,Male,Delhi,Business,165329.0,613,Verified
2188,69,Female,Chennai,Salaried,170967.0,801,Pending
2189,24,Male,Bengaluru,Retired,31893.0,788,Verified
2190,20,Female,Chennai,Retired,,697,Verified
2191,46,Female,Lucknow,Business,,806,Verified
2192,61,Male,Pune,Self-Employed,287477.0,671,Verified
2193,70,Male,Lucknow,Business,137119.0,602,Verified
2194,41,Male,Ahmedabad,Salaried,49617.0,793,Verified
2195,20,Female,Mumbai,Business,172483.0,702,Verified
2196,37,Female,Ahmedabad,Retired,82265.0,761,Verified
2197,63,Female,Hyderabad,Business,64211.0,864,Verified
2198,32,Male,Pune,Business,80782.0,648,Verified
2199,42,Male,Mumbai,Self-Employed,184518.0,697,Verified
2200,47,Male,Delhi,Retired,283582.0,843,Verified
2201,31,Male,Mumbai,Farmer,178039.0,766,Verified
2202,24,Female,Hyderabad,Farmer,194700.0,650,Verified
2203,34,Female,Kolkata,Retired,176986.0,628,Verified
2204,61,Female,Lucknow,Farmer,141605.0,665,Verified
2205,37,Male,Jaipur,Salaried,202432.0,647,Verified
2206,53,Female,Ahmedabad,Farmer,31218.0,730,Verified
2207,26,Female,Pune,Salaried,142437.0,716,Verified
2208,55,Female,Hyderabad,Retired,71186.0,733,Not Started
2209,65,Female,Bengaluru,Farmer,267732.0,638,Verified
2210,74,Male,Jaipur,Farmer,121992.0,703,Verified
2211,39,Male,Hyderabad,Salaried,135750.0,535,Verified
2212,71,Female,Bengaluru,Salaried,54012.0,722,Verified
2213,70,Male,Bengaluru,Business,245266.0,809,Verified
2214,70,Male,Bengaluru,Self-Employed,194152.0,588,Not Started
2215,19,Female,Kolkata,Farmer,186124.0,751,Verified
2216,41,Female,Mumbai,Self-Employed,81813.0,658,Verified
2217,25,Female,Chennai,Self-Employed,83769.0,778,Pending
2218,28,Male,Ahmedabad,Farmer,152384.0,723,Verified
2219,30,Male,Bengaluru,Salaried,87843.0,744,Verified
2220,34,Female,Hyderabad,Business,172981.0,715,Verified
2221,25,Female,Delhi,Retired,36441.0,822,Verified
2222,38,Female,Delhi,Farmer,99456.0,739,Verified
2223,35,Female,Pune,Farmer,391622.0,650,Verified
2224,47,Female,Lucknow,Retired,173458.0,718,Verified
2225,35,Female,Bengaluru,Self-Employed,147278.0,678,Not Started
2226,63,Male,Hyderabad,Business,,723,Verified
2227,64,Female,Bengaluru,Self-Employed,32808.0,674,Verified
2228,48,Female,Kolkata,Retired,81700.0,652,Verified
2229,55,Female,Lucknow,Retired,104746.0,726,Pending
2230,49,Male,Bengaluru,Business,223019.0,714,Verified
2231,28,Female,Ahmedabad,Retired,225346.0,800,Verified
2232,62,Male,Delhi,Retired,79253.0,674,Verified
2233,42,Male,Bengaluru,Business,,541,Verified
2234,50,Male,Ahmedabad,Farmer,104612.0,679,Verified
2235,55,Female,Ahmedabad,Self-Employed,275677.0,571,Verified
2236,58,Male,Mumbai,Farmer,71712.0,745,Verified
2237,25,Male,Ahmedabad,Farmer,123749.0,567,Verified
2238,28,Male,Lucknow,Self-Employed,99300.0,625,Verified
2239,39,Female,Delhi,Farmer,251103.0,679,Verified
2240,68,Male,Pune,Business,97376.0,841,Pending
2241,41,Male,Kolkata,Self-Employed,129901.0,618,Verified
2242,58,Female,Delhi,Salaried,180608.0,711,Verified
2243,34,Male,Hyderabad,Farmer,184823.0,759,Verified
2244,29,Female,Pune,Retired,226879.0,836,Verified
2245,74,Female,Ahmedabad,Self-Employed,151248.0,776,Verified
2246,63,Male,Bengaluru,Salaried,103679.0,802,Verified
2247,49,Male,Mumbai,Retired,108032.0,783,Pending
2248,32,Female,Pune,Salaried,,607,Verified
2249,33,Male,Hyderabad,Farmer,,740,Verified
2250,71,Male,Hyderabad,Retired,121990.0,782,Verified
2251,39,Male,Pune,Farmer,134797.0,628,Verified
2252,45,Female,Mumbai,Retired,53618.0,660,Verified
2253,37,Male,Ahmedabad,Self-Employed,198871.0,641,Verified
2254,50,Female,Lucknow,Business,,775,Verified
2255,27,Female,Hyderabad,Business,243074.0,704,Verified
2256,57,Male,Ahmedabad,Salaried,133265.0,682,Pending
2257,49,Male,Lucknow,Retired,46956.0,601,Verified
2258,67,Female,Lucknow,Farmer,107466.0,704,Verified
2259,50,Male,Hyderabad,Self-Employed,118189.0,661,Verified
2260,19,Female,Pune,Self-Employed,208093.0,730,Pending
2261,50,Male,Lucknow,Self-Employed,38478.0,612,Verified
2262,50,Male,Bengaluru,Business,136586.0,725,Pending
2263,58,Male,Delhi,Farmer,181354.0,672,Verified
2264,30,Male,Kolkata,Self-Employed,89600.0,603,Verified
2265,47,Male,Hyderabad,Self-Employed,139355.0,597,Verified
2266,50,Female,Jaipur,Salaried,91471.0,609,Verified
2267,30,Male,Lucknow,Retired,86013.0,692,Verified
2268,69,Male,Chennai,Retired,104292.0,720,Pending
2269,43,Male,Bengaluru,Retired,86993.0,732,Verified
2270,39,Female,Jaipur,Salaried,200821.0,736,Verified
2271,56,Male,Ahmedabad,Business,85736.0,645,Verified
2272,19,Female,Kolkata,Salaried,77517.0,799,Verified
2273,55,Male,Mumbai,Self-Employed,384907.0,672,Verified
2274,56,Male,Lucknow,Farmer,237149.0,748,Verified
2275,43,Male,Mumbai,Self-Employed,43612.0,696,Verified
2276,63,Female,Kolkata,Self-Employed,84216.0,741,Verified
2277,67,Male,Bengaluru,Farmer,154119.0,691,Pending
2278,32,Male,Bengaluru,Retired,,743,Verified
2279,51,Male,Kolkata,Salaried,54486.0,709,Pending
2280,59,Female,Bengaluru,Business,267036.0,779,Verified
2281,72,Male,Lucknow,Self-Employed,218630.0,640,Verified
2282,61,Male,Kolkata,Self-Employed,177929.0,559,Verified
2283,66,Male,Hyderabad,Business,300751.0,627,Verified
2284,57,Male,Chennai,Salaried,174796.0,800,Verified
2285,28,Female,Ahmedabad,Self-Employed,174407.0,696,Verified
2286,20,Female,Delhi,Business,,717,Verified
2287,23,Male,Pune,Self-Employed,258004.0,620,Verified
2288,26,Male,Chennai,Retired,80426.0,715,Verified
2289,23,Male,Delhi,Retired,194837.0,623,Verified
2290,26,Male,Pune,Self-Employed,89450.0,635,Not Started
2291,56,Male,Mumbai,Self-Employed,180321.0,675,Verified
2292,48,Female,Chennai,Retired,177366.0,747,Verified
2293,49,Female,Jaipur,Self-Employed,58100.0,756,Verified
2294,58,Female,Chennai,Salaried,123858.0,759,Verified
2295,67,Female,Bengaluru,Salaried,156241.0,575,Pending
2296,29,Female,Lucknow,Farmer,102562.0,709,Not Started
2297,25,Female,Lucknow,Salaried,160946.0,693,Pending
2298,25,Male,Delhi,Self-Employed,216109.0,579,Pending
2299,67,Female,Bengaluru,Self-Employed,130829.0,711,Not Started
2300,45,Male,Mumbai,Business,152476.0,688,Verified
2301,37,Male,Lucknow,Salaried,305607.0,753,Pending
2302,64,Female,Ahmedabad,Retired,177002.0,716,Verified
2303,24,Male,Mumbai,Retired,150316.0,663,Verified
2304,28,Male,Bengaluru,Farmer,74993.0,788,Verified
2305,37,Female,Bengaluru,Business,199310.0,521,Verified
2306,33,Male,Delhi,Retired,162444.0,704,Verified
2307,21,Male,Hyderabad,Farmer,287864.0,560,Verified
2308,23,Female,Lucknow,Salaried,137054.0,632,Verified
2309,39,Female,Bengaluru,Business,44812.0,754,Verified
2310,43,Female,Bengaluru,Business,48047.0,601,Verified
2311,20,Male,Ahmedabad,Self-Employed,207194.0,588,Verified
2312,58,Male,Chennai,Salaried,94645.0,900,Verified
2313,59,Female,Chennai,Business,173175.0,594,Not Started
2314,31,Female,Bengaluru,Farmer,142706.0,850,Verified
2315,28,Male,Mumbai,Retired,120559.0,695,Pending
2316,35,Male,Ahmedabad,Salaried,,665,Verified
2317,71,Male,Mumbai,Salaried,79282.0,758,Verified
2318,29,Female,Pune,Business,131997.0,823,Verified
2319,40,Male,Hyderabad,Business,93836.0,612,Verified
2320,29,Female,Chennai,Business,106579.0,666,Not Started
2321,30,Male,Chennai,Farmer,109734.0,781,Verified
2322,42,Female,Ahmedabad,Self-Employed,116306.0,734,Pending
2323,62,Female,Kolkata,Business,231724.0,803,Verified
2324,68,Female,Mumbai,Self-Employed,123269.0,753,Verified
2325,36,Male,Lucknow,Self-Employed,246279.0,863,Verified
2326,72,Female,Ahmedabad,Salaried,335277.0,725,Verified
2327,63,Female,Delhi,Retired,222563.0,728,Not Started
2328,53,Male,Kolkata,Retired,,737,Verified
2329,62,Female,Jaipur,Farmer,162121.0,697,Verified
2330,25,Female,Mumbai,Farmer,223958.0,782,Verified
2331,46,Female,Kolkata,Retired,140592.0,730,Verified
2332,72,Female,Ahmedabad,Retired,240564.0,776,Verified
2333,70,Male,Lucknow,Salaried,192618.0,790,Verified
2334,72,Male,Delhi,Salaried,107376.0,746,Verified
2335,49,Male,Hyderabad,Retired,228093.0,752,Not Started
2336,68,Female,Kolkata,Business,140771.0,624,Verified
2337,61,Female,Hyderabad,Business,125031.0,663,Verified
2338,35,Female,Bengaluru,Salaried,100136.0,781,Verified
2339,23,Male,Chennai,Self-Employed,,831,Verified
2340,35,Male,Pune,Retired,242287.0,545,Verified
2341,36,Female,Chennai,Farmer,227150.0,661,Verified
2342,39,Male,Jaipur,Business,164726.0,712,Verified
2343,54,Male,Lucknow,Self-Employed,190954.0,635,Verified
2344,49,Female,Delhi,Business,285792.0,640,Verified
2345,73,Male,Hyderabad,Self-Employed,121786.0,750,Verified
2346,58,Male,Ahmedabad,Retired,68237.0,844,Verified
2347,20,Male,Hyderabad,Retired,290883.0,537,Pending
2348,45,Male,Lucknow,Retired,96968.0,695,Verified
2349,27,Female,Ahmedabad,Salaried,88062.0,749,Verified
2350,68,Male,Ahmedabad,Self-Employed,45355.0,776,Verified
2351,52,Male,Jaipur,Farmer,187732.0,737,Not Started
2352,46,Male,Lucknow,Farmer,50369.0,859,Pending
2353,71,Female,Kolkata,Retired,84952.0,712,Verified
2354,32,Male,Chennai,Farmer,189651.0,821,Verified
2355,50,Female,Bengaluru,Business,205490.0,655,Verified
2356,24,Male,Hyderabad,Self-Employed,90127.0,714,Verified
2357,29,Male,Kolkata,Self-Employed,122947.0,606,Verified
2358,66,Male,Bengaluru,Self-Employed,78940.0,786,Verified
2359,47,Female,Delhi,Business,95890.0,699,Verified
2360,38,Female,Pune,Salaried,156331.0,740,Verified
2361,48,Male,Hyderabad,Business,98618.0,683,Verified
2362,41,Female,Jaipur,Self-Employed,115090.0,759,Verified
2363,37,Female,Bengaluru,Self-Employed,55336.0,743,Verified
2364,54,Male,Ahmedabad,Self-Employed,262964.0,625,Verified
2365,21,Female,Kolkata,Farmer,180962.0,630,Verified
2366,45,Male,Chennai,Salaried,214431.0,707,Verified
2367,61,Female,Jaipur,Business,289021.0,766,Verified
2368,37,Female,Hyderabad,Self-Employed,81216.0,868,Pending
2369,41,Female,Lucknow,Retired,,735,Verified
2370,67,Female,Kolkata,Salaried,42749.0,795,Verified
2371,66,Male,Jaipur,Retired,876993.0,572,Verified
2372,68,Female,Pune,Salaried,121814.0,881,Verified
2373,49,Male,Hyderabad,Self-Employed,248510.0,761,Verified
2374,58,Male,Delhi,Salaried,63393.0,705,Verified
2375,53,Female,Chennai,Salaried,242276.0,696,Verified
2376,70,Female,Delhi,Self-Employed,406181.0,615,Verified
2377,51,Female,Bengaluru,Retired,128519.0,640,Verified
2378,53,Male,Lucknow,Retired,72655.0,872,Verified
2379,19,Female,Bengaluru,Farmer,122605.0,625,Verified
2380,32,Female,Chennai,Retired,35029.0,624,Verified
2381,51,Male,Kolkata,Retired,130257.0,650,Verified
2382,53,Male,Bengaluru,Salaried,218072.0,608,Verified
2383,23,Male,Lucknow,Farmer,130424.0,711,Verified
2384,56,Male,Mumbai,Self-Employed,112366.0,802,Verified
2385,59,Female,Mumbai,Self-Employed,182872.0,658,Verified
2386,68,Female,Jaipur,Business,191456.0,593,Verified
2387,68,Female,Jaipur,Farmer,49220.0,734,Verified
2388,71,Female,Hyderabad,Salaried,140547.0,705,Verified
2389,29,Male,Jaipur,Business,574693.0,795,Verified
2390,20,Female,Pune,Business,59814.0,671,Verified
2391,62,Male,Jaipur,Self-Employed,126595.0,687,Verified
2392,35,Female,Pune,Retired,427217.0,697,Verified
2393,57,Male,Jaipur,Salaried,258462.0,717,Verified
2394,38,Female,Delhi,Farmer,97925.0,676,Verified
2395,32,Male,Ahmedabad,Business,150796.0,662,Not Started
2396,50,Male,Pune,Salaried,133084.0,552,Verified
2397,52,Female,Kolkata,Self-Employed,85064.0,661,Pending
2398,43,Male,Hyderabad,Business,127446.0,770,Verified
2399,25,Female,Chennai,Business,112648.0,782,Verified
2400,53,Male,Pune,Self-Employed,142579.0,669,Verified
2401,65,Female,Bengaluru,Self-Employed,85048.0,820,Not Started
2402,47,Male,Ahmedabad,Self-Employed,61947.0,707,Verified
2403,40,Male,Delhi,Salaried,129992.0,596,Verified
2404,59,Male,Mumbai,Salaried,372902.0,569,Verified
2405,61,Male,Delhi,Salaried,139989.0,813,Verified
2406,31,Male,Jaipur,Retired,109212.0,678,Verified
2407,31,Male,Hyderabad,Business,209494.0,606,Verified
2408,19,Male,Ahmedabad,Salaried,121177.0,517,Verified
2409,72,Male,Bengaluru,Retired,408734.0,676,Pending
2410,54,Female,Pune,Business,132940.0,744,Pending
2411,22,Female,Delhi,Salaried,202865.0,650,Pending
2412,55,Male,Ahmedabad,Self-Employed,84731.0,620,Pending
2413,62,Female,Pune,Farmer,180206.0,663,Verified
2414,58,Female,Hyderabad,Salaried,,815,Not Started
2415,71,Male,Chennai,Farmer,128810.0,591,Verified
2416,64,Female,Mumbai,Salaried,98612.0,655,Pending
2417,31,Male,Hyderabad,Self-Employed,90870.0,812,Verified
2418,73,Male,Jaipur,Farmer,,752,Verified
2419,56,Male,Lucknow,Retired,194340.0,725,Verified
2420,42,Female,Chennai,Self-Employed,123464.0,654,Verified
2421,37,Female,Jaipur,Farmer,158318.0,712,Pending
2422,19,Male,Delhi,Farmer,130255.0,664,Verified
2423,56,Male,Chennai,Self-Employed,141367.0,636,Verified
2424,23,Female,Jaipur,Self-Employed,,618,Verified
2425,34,Male,Chennai,Self-Employed,134697.0,776,Verified
2426,42,Male,Hyderabad,Business,672545.0,704,Verified
2427,74,Female,Ahmedabad,Retired,160650.0,736,Verified
2428,45,Female,Mumbai,Salaried,196257.0,722,Verified
2429,19,Female,Mumbai,Farmer,173306.0,747,Verified
2430,52,Female,Jaipur,Salaried,,688,Not Started
2431,54,Female,Jaipur,Self-Employed,289640.0,669,Verified
2432,22,Male,Chennai,Retired,111893.0,640,Verified
2433,18,Male,Delhi,Retired,250956.0,589,Pending
2434,57,Male,Jaipur,Business,109041.0,614,Pending
2435,29,Female,Chennai,Self-Employed,74908.0,678,Not Started
2436,73,Female,Kolkata,Farmer,165916.0,573,Verified
2437,53,Male,Mumbai,Business,68679.0,592,Verified
2438,62,Female,Jaipur,Self-Employed,183760.0,798,Verified
2439,40,Male,Hyderabad,Business,65089.0,729,Verified
2440,64,Male,Bengaluru,Salaried,110040.0,671,Verified
2441,48,Female,Chennai,Self-Employed,56442.0,900,Verified
2442,28,Male,Mumbai,Farmer,725416.0,569,Verified
2443,27,Female,Jaipur,Farmer,49396.0,792,Pending
2444,20,Male,Ahmedabad,Self-Employed,134039.0,700,Not Started
2445,71,Female,Chennai,Business,,776,Verified
2446,31,Female,Delhi,Retired,248161.0,719,Verified
2447,33,Male,Jaipur,Self-Employed,222083.0,550,Verified
2448,27,Female,Chennai,Farmer,110157.0,718,Verified
2449,46,Male,Jaipur,Salaried,299735.0,738,Verified
2450,27,Male,Lucknow,Farmer,230507.0,523,Pending
2451,29,Male,Bengaluru,Retired,151354.0,875,Verified
2452,47,Female,Pune,Farmer,153945.0,736,Verified
2453,58,Male,Pune,Retired,111040.0,767,Verified
2454,18,Male,Lucknow,Self-Employed,77204.0,610,Verified
2455,22,Male,Chennai,Farmer,279929.0,768,Verified
2456,37,Male,Delhi,Business,292823.0,802,Verified
2457,25,Female,Jaipur,Business,78396.0,731,Pending
2458,60,Male,Chennai,Farmer,121507.0,709,Verified
2459,29,Male,Ahmedabad,Farmer,122265.0,634,Not Started
2460,18,Male,Delhi,Salaried,130667.0,691,Verified
2461,74,Male,Ahmedabad,Farmer,138493.0,666,Pending
2462,71,Female,Lucknow,Salaried,235182.0,758,Verified
2463,37,Male,Hyderabad,Salaried,85107.0,637,Verified
2464,45,Female,Pune,Salaried,80193.0,757,Verified
2465,74,Male,Pune,Salaried,279840.0,638,Verified
2466,60,Male,Jaipur,Self-Employed,100953.0,687,Verified
2467,54,Female,Bengaluru,Business,62454.0,762,Pending
2468,64,Male,Lucknow,Salaried,99600.0,650,Verified
2469,54,Female,Chennai,Business,109313.0,765,Not Started
2470,29,Female,Lucknow,Salaried,,757,Verified
2471,54,Male,Chennai,Business,232094.0,686,Verified
2472,66,Male,Lucknow,Farmer,265272.0,808,Verified
2473,66,Female,Hyderabad,Farmer,,716,Not Started
2474,73,Male,Kolkata,Business,235095.0,803,Verified
2475,61,Male,Bengaluru,Salaried,88181.0,862,Verified
2476,73,Male,Chennai,Self-Employed,118283.0,689,Pending
2477,45,Male,Bengaluru,Business,73574.0,764,Verified
2478,64,Female,Delhi,Retired,117443.0,655,Verified
2479,32,Male,Lucknow,Self-Employed,200880.0,622,Verified
2480,23,Male,Jaipur,Retired,144459.0,693,Verified
2481,61,Female,Mumbai,Business,292696.0,594,Verified
2482,37,Male,Delhi,Salaried,67181.0,630,Pending
2483,67,Male,Ahmedabad,Retired,179898.0,760,Pending
2484,31,Female,Pune,Business,63008.0,666,Verified
2485,19,Male,Mumbai,Self-Employed,140999.0,770,Verified
2486,26,Female,Hyderabad,Salaried,207773.0,735,Verified
2487,54,Female,Lucknow,Retired,117160.0,867,Verified
2488,37,Male,Kolkata,Business,185475.0,754,Verified
2489,43,Female,Hyderabad,Salaried,74919.0,804,Verified
2490,46,Male,Chennai,Salaried,49108.0,744,Verified
2491,18,Male,Mumbai,Farmer,186133.0,736,Verified
2492,72,Female,Pune,Salaried,379423.0,809,Verified
2493,52,Female,Jaipur,Business,73304.0,766,Pending
2494,23,Male,Kolkata,Self-Employed,277428.0,727,Verified
2495,54,Female,Bengaluru,Farmer,136770.0,727,Verified
2496,70,Female,Lucknow,Business,59789.0,755,Verified
2497,22,Female,Chennai,Business,67582.0,652,Verified
2498,50,Male,Lucknow,Business,134520.0,649,Verified
2499,66,Male,Hyderabad,Retired,104540.0,831,Verified
2500,68,Male,Mumbai,Retired,60612.0,868,Verified
2501,31,Female,Hyderabad,Self-Employed,48222.0,631,Verified
2502,29,Male,Mumbai,Business,80175.0,653,Pending
2503,59,Female,Jaipur,Retired,149685.0,807,Verified
2504,37,Male,Pune,Retired,132742.0,755,Verified
2505,70,Male,Bengaluru,Retired,98642.0,767,Verified
2506,67,Male,Jaipur,Self-Employed,150412.0,786,Verified
2507,41,Female,Delhi,Self-Employed,248703.0,689,Verified
2508,60,Male,Pune,Business,168801.0,738,Not Started
2509,51,Female,Jaipur,Farmer,123898.0,731,Verified
2510,42,Male,Kolkata,Business,232546.0,637,Verified
2511,67,Male,Lucknow,Retired,74914.0,736,Verified
2512,46,Male,Hyderabad,Retired,116430.0,815,Verified
2513,74,Male,Pune,Salaried,118107.0,681,Verified
2514,56,Male,Kolkata,Business,63439.0,722,Verified
2515,48,Male,Hyderabad,Retired,103578.0,727,Verified
2516,73,Male,Delhi,Retired,38370.0,685,Verified
2517,64,Male,Ahmedabad,Farmer,419705.0,767,Verified
2518,60,Female,Pune,Salaried,75929.0,652,Verified
2519,67,Female,Kolkata,Business,345127.0,823,Verified
2520,40,Male,Hyderabad,Self-Employed,136332.0,763,Verified
2521,61,Female,Hyderabad,Business,187010.0,630,Verified
2522,55,Female,Jaipur,Business,99381.0,854,Verified
2523,37,Male,Mumbai,Farmer,150958.0,724,Verified
2524,40,Female,Jaipur,Business,196869.0,648,Verified
2525,62,Female,Kolkata,Farmer,198537.0,803,Verified
2526,69,Male,Chennai,Farmer,212111.0,752,Verified
2527,33,Male,Lucknow,Retired,106831.0,559,Verified
2528,67,Female,Pune,Self-Employed,99886.0,665,Verified
2529,59,Female,Jaipur,Farmer,,733,Verified
2530,72,Male,Hyderabad,Salaried,182395.0,526,Verified
2531,25,Male,Hyderabad,Salaried,255104.0,717,Verified
2532,67,Male,Ahmedabad,Self-Employed,351368.0,723,Not Started
2533,38,Female,Pune,Farmer,160028.0,609,Verified
2534,18,Female,Ahmedabad,Self-Employed,84129.0,733,Pending
2535,72,Female,Lucknow,Retired,48134.0,710,Verified
2536,25,Male,Delhi,Salaried,248948.0,608,Verified
2537,46,Female,Jaipur,Business,45353.0,788,Verified
2538,49,Female,Bengaluru,Salaried,108623.0,781,Not Started
2539,55,Male,Kolkata,Farmer,116473.0,685,Verified
2540,22,Male,Kolkata,Self-Employed,127813.0,693,Verified
2541,64,Female,Delhi,Salaried,136146.0,771,Verified
2542,39,Female,Pune,Business,144768.0,692,Verified
2543,64,Male,Jaipur,Business,,545,Verified
2544,51,Female,Lucknow,Self-Employed,134429.0,751,Verified
2545,18,Male,Mumbai,Self-Employed,34970.0,640,Not Started
2546,72,Female,Ahmedabad,Salaried,,676,Verified
2547,72,Female,Delhi,Farmer,,833,Verified
2548,43,Male,Mumbai,Retired,36526.0,698,Verified
2549,60,Female,Ahmedabad,Business,81755.0,710,Verified
2550,27,Female,Delhi,Self-Employed,94651.0,753,Verified
2551,47,Male,Kolkata,Retired,272235.0,752,Verified
2552,67,Female,Kolkata,Retired,149939.0,631,Verified
2553,35,Male,Hyderabad,Retired,163843.0,704,Verified
2554,34,Male,Ahmedabad,Farmer,270691.0,713,Pending
2555,43,Male,Bengaluru,Self-Employed,125783.0,733,Verified
2556,25,Male,Lucknow,Business,209507.0,734,Verified
2557,64,Female,Chennai,Self-Employed,200851.0,900,Verified
2558,57,Male,Pune,Salaried,61582.0,610,Verified
2559,66,Female,Pune,Business,322478.0,793,Verified
2560,29,Female,Ahmedabad,Self-Employed,56830.0,810,Verified
2561,44,Male,Delhi,Business,231057.0,751,Verified
2562,25,Female,Delhi,Salaried,53624.0,654,Pending
2563,42,Male,Chennai,Business,191136.0,851,Verified
2564,63,Male,Lucknow,Retired,407236.0,523,Verified
2565,21,Male,Jaipur,Farmer,117267.0,651,Not Started
2566,50,Male,Lucknow,Salaried,114255.0,809,Verified
2567,18,Male,Jaipur,Business,192195.0,678,Verified
2568,36,Female,Chennai,Salaried,109356.0,845,Pending
2569,48,Male,Jaipur,Retired,396713.0,581,Verified
2570,33,Male,Bengaluru,Farmer,149539.0,615,Verified
2571,31,Female,Hyderabad,Salaried,109963.0,664,Verified
2572,70,Female,Lucknow,Retired,96358.0,745,Verified
2573,65,Female,Jaipur,Retired,76133.0,691,Pending
2574,22,Male,Kolkata,Retired,91432.0,668,Verified
2575,58,Female,Bengaluru,Business,107969.0,830,Verified
2576,43,Female,Lucknow,Self-Employed,99451.0,838,Pending
2577,45,Female,Jaipur,Salaried,89778.0,674,Verified
2578,19,Female,Kolkata,Self-Employed,,564,Verified
2579,67,Male,Chennai,Retired,71822.0,526,Pending
2580,23,Male,Chennai,Self-Employed,145507.0,730,Pending
2581,26,Male,Ahmedabad,Retired,190139.0,765,Verified
2582,50,Male,Pune,Retired,194476.0,715,Verified
2583,58,Female,Mumbai,Farmer,128648.0,703,Verified
2584,42,Male,Kolkata,Farmer,115333.0,641,Verified
2585,65,Female,Ahmedabad,Self-Employed,174718.0,765,Verified
2586,30,Female,Bengaluru,Salaried,,852,Verified
2587,26,Male,Jaipur,Self-Employed,114077.0,521,Verified
2588,70,Male,Lucknow,Salaried,52202.0,703,Verified
2589,30,Female,Delhi,Self-Employed,100634.0,627,Verified
2590,48,Female,Kolkata,Business,66975.0,583,Verified
2591,58,Male,Mumbai,Business,89295.0,613,Not Started
2592,28,Male,Delhi,Salaried,135935.0,742,Verified
2593,21,Female,Hyderabad,Farmer,165254.0,744,Verified
2594,51,Female,Mumbai,Salaried,387810.0,834,Verified
2595,55,Male,Ahmedabad,Self-Employed,96525.0,710,Verified
2596,63,Female,Mumbai,Retired,212092.0,560,Verified
2597,21,Male,Jaipur,Business,160104.0,689,Verified
2598,55,Male,Lucknow,Retired,,592,Verified
2599,36,Male,Bengaluru,Business,188290.0,607,Verified
2600,23,Male,Delhi,Self-Employed,72759.0,759,Verified
2601,51,Male,Mumbai,Business,47390.0,726,Verified
2602,35,Male,Jaipur,Salaried,160614.0,759,Verified
2603,30,Male,Chennai,Retired,97045.0,679,Not Started
2604,58,Male,Mumbai,Retired,73999.0,777,Pending
2605,40,Male,Mumbai,Self-Employed,62284.0,674,Pending
2606,36,Female,Pune,Retired,146765.0,804,Verified
2607,62,Male,Delhi,Self-Employed,329267.0,739,Verified
2608,28,Male,Pune,Farmer,104276.0,692,Verified
2609,18,Female,Pune,Salaried,189883.0,728,Verified
2610,41,Female,Lucknow,Business,125322.0,708,Verified
2611,71,Male,Jaipur,Business,61474.0,845,Verified
2612,24,Female,Pune,Business,207085.0,730,Verified
2613,42,Female,Mumbai,Farmer,69091.0,709,Verified
2614,38,Female,Ahmedabad,Salaried,134993.0,689,Verified
2615,32,Male,Ahmedabad,Retired,108563.0,781,Not Started
2616,18,Female,Chennai,Retired,227714.0,770,Verified
2617,29,Male,Ahmedabad,Salaried,70623.0,686,Verified
2618,24,Female,Chennai,Salaried,168472.0,611,Verified
2619,32,Female,Ahmedabad,Business,80509.0,633,Verified
2620,38,Male,Hyderabad,Retired,98060.0,694,Verified
2621,36,Female,Chennai,Salaried,15046.0,824,Pending
2622,46,Male,Kolkata,Retired,467549.0,688,Verified
2623,42,Female,Delhi,Salaried,,659,Verified
2624,50,Male,Delhi,Self-Employed,84086.0,560,Verified
2625,66,Male,Delhi,Business,67860.0,838,Verified
2626,49,Male,Jaipur,Salaried,98974.0,758,Verified
2627,66,Female,Lucknow,Farmer,204869.0,777,Verified
2628,52,Male,Bengaluru,Salaried,42820.0,791,Verified
2629,61,Male,Lucknow,Self-Employed,122400.0,695,Not Started
2630,55,Male,Chennai,Farmer,385534.0,717,Verified
2631,43,Female,Lucknow,Farmer,67483.0,836,Verified
2632,28,Female,Ahmedabad,Salaried,139837.0,725,Verified
2633,52,Male,Chennai,Self-Employed,499811.0,759,Verified
2634,25,Male,Lucknow,Farmer,194715.0,783,Verified
2635,63,Male,Lucknow,Business,143710.0,764,Verified
2636,31,Male,Pune,Business,180590.0,699,Verified
2637,27,Male,Hyderabad,Retired,104766.0,707,Verified
2638,19,Female,Jaipur,Retired,290622.0,776,Verified
2639,63,Male,Chennai,Self-Employed,104862.0,775,Verified
2640,26,Male,Bengaluru,Farmer,41130.0,809,Pending
2641,20,Male,Delhi,Business,105368.0,756,Verified
2642,38,Female,Mumbai,Business,74605.0,760,Verified
2643,43,Female,Kolkata,Self-Employed,112565.0,672,Verified
2644,25,Female,Lucknow,Farmer,114068.0,660,Verified
2645,65,Male,Delhi,Self-Employed,,776,Verified
2646,19,Male,Ahmedabad,Salaried,202233.0,661,Not Started
2647,23,Male,Kolkata,Business,156054.0,708,Verified
2648,45,Male,Hyderabad,Self-Employed,133017.0,827,Pending
2649,70,Male,Delhi,Self-Employed,70593.0,813,Verified
2650,46,Female,Pune,Salaried,36001.0,735,Verified
2651,43,Female,Delhi,Retired,142614.0,684,Verified
2652,42,Female,Hyderabad,Business,214654.0,699,Verified
2653,29,Male,Delhi,Self-Employed,124866.0,783,Verified
2654,22,Female,Lucknow,Business,96673.0,706,Verified
2655,51,Male,Delhi,Retired,176081.0,662,Verified
2656,65,Male,Pune,Self-Employed,126754.0,813,Pending
2657,54,Female,Jaipur,Salaried,366387.0,725,Verified
2658,32,Male,Hyderabad,Business,279187.0,660,Not Started
2659,61,Male,Pune,Salaried,236974.0,750,Pending
2660,53,Male,Chennai,Retired,209953.0,792,Verified
2661,32,Female,Delhi,Retired,61445.0,624,Verified
2662,60,Female,Bengaluru,Business,198352.0,692,Verified
2663,65,Male,Delhi,Retired,167008.0,689,Verified
2664,40,Female,Hyderabad,Farmer,191732.0,748,Pending
2665,23,Male,Kolkata,Business,179076.0,763,Verified
2666,63,Male,Pune,Farmer,174845.0,663,Verified
2667,67,Female,Bengaluru,Retired,673686.0,583,Verified
2668,61,Female,Chennai,Business,127298.0,797,Pending
2669,60,Female,Ahmedabad,Farmer,233702.0,614,Verified
2670,62,Male,Chennai,Retired,,733,Pending
2671,38,Female,Pune,Self-Employed,214140.0,698,Verified
2672,40,Female,Kolkata,Self-Employed,234121.0,723,Verified
2673,60,Female,Pune,Salaried,165820.0,850,Not Started
2674,72,Male,Mumbai,Self-Employed,362779.0,900,Pending
2675,33,Female,Bengaluru,Farmer,78389.0,571,Verified
2676,64,Female,Kolkata,Self-Employed,99476.0,793,Verified
2677,70,Male,Bengaluru,Business,151362.0,696,Verified
2678,32,Male,Pune,Business,226044.0,799,Verified
2679,42,Male,Jaipur,Business,148399.0,791,Verified
2680,53,Female,Bengaluru,Self-Employed,288213.0,829,Verified
2681,28,Female,Mumbai,Self-Employed,89589.0,734,Verified
2682,68,Female,Lucknow,Salaried,67215.0,634,Verified
2683,32,Female,Kolkata,Retired,160312.0,788,Verified
2684,21,Male,Mumbai,Salaried,127222.0,720,Verified
2685,38,Male,Mumbai,Farmer,184558.0,690,Pending
2686,30,Male,Ahmedabad,Business,131079.0,669,Verified
2687,39,Male,Jaipur,Self-Employed,108661.0,795,Verified
2688,36,Male,Delhi,Retired,127394.0,846,Verified
2689,51,Male,Jaipur,Retired,135579.0,608,Verified
2690,31,Male,Hyderabad,Self-Employed,110970.0,762,Verified
2691,21,Male,Ahmedabad,Salaried,117962.0,678,Verified
2692,65,Male,Pune,Retired,104594.0,585,Verified
2693,70,Male,Pune,Salaried,,722,Pending
2694,69,Male,Chennai,Self-Employed,149704.0,639,Verified
2695,63,Female,Delhi,Salaried,516098.0,575,Verified
2696,44,Female,Hyderabad,Business,146741.0,643,Pending
2697,46,Female,Bengaluru,Self-Employed,95749.0,622,Pending
2698,64,Male,Jaipur,Self-Employed,661593.0,655,Pending
2699,45,Female,Kolkata,Retired,170788.0,597,Verified
2700,52,Female,Mumbai,Retired,241367.0,676,Verified
2701,25,Female,Bengaluru,Retired,190092.0,649,Verified
2702,33,Male,Chennai,Business,193650.0,741,Verified
2703,59,Female,Jaipur,Business,183761.0,760,Verified
2704,53,Female,Kolkata,Farmer,68786.0,732,Verified
2705,47,Female,Chennai,Self-Employed,166129.0,689,Verified
2706,35,Female,Mumbai,Retired,60179.0,687,Verified
2707,19,Male,Ahmedabad,Self-Employed,120016.0,638,Verified
2708,66,Female,Delhi,Salaried,,640,Verified
2709,30,Male,Ahmedabad,Business,165129.0,769,Verified
2710,21,Female,Kolkata,Farmer,162832.0,560,Verified
2711,43,Male,Ahmedabad,Salaried,177849.0,703,Verified
2712,42,Male,Kolkata,Self-Employed,158321.0,682,Verified
2713,47,Male,Hyderabad,Business,92587.0,760,Verified
2714,28,Female,Hyderabad,Retired,113937.0,588,Pending
2715,24,Male,Lucknow,Salaried,231477.0,711,Verified
2716,48,Female,Lucknow,Business,252891.0,739,Verified
2717,61,Female,Ahmedabad,Self-Employed,66965.0,548,Verified
2718,27,Male,Pune,Self-Employed,53180.0,618,Pending
2719,56,Male,Ahmedabad,Salaried,86152.0,702,Verified
2720,30,Male,Ahmedabad,Salaried,249478.0,753,Verified
2721,48,Female,Pune,Salaried,276214.0,725,Verified
2722,24,Female,Delhi,Farmer,76510.0,757,Pending
2723,73,Male,Jaipur,Retired,160233.0,618,Verified
2724,66,Male,Pune,Business,400576.0,574,Verified
2725,59,Female,Kolkata,Self-Employed,170960.0,717,Verified
2726,59,Female,Jaipur,Self-Employed,312669.0,605,Verified
2727,73,Female,Mumbai,Retired,242616.0,636,Verified
2728,53,Female,Delhi,Salaried,77179.0,789,Verified
2729,37,Male,Mumbai,Salaried,118897.0,726,Verified
2730,21,Male,Lucknow,Self-Employed,136060.0,661,Verified
2731,71,Male,Bengaluru,Retired,141844.0,650,Verified
2732,24,Male,Hyderabad,Self-Employed,230913.0,762,Verified
2733,71,Male,Mumbai,Salaried,170282.0,728,Verified
2734,18,Male,Chennai,Business,22886.0,606,Pending
2735,61,Male,Ahmedabad,Salaried,60615.0,544,Verified
2736,73,Female,Kolkata,Business,35867.0,869,Verified
2737,62,Female,Mumbai,Farmer,148037.0,606,Verified
2738,59,Female,Mumbai,Retired,153936.0,754,Pending
2739,64,Female,Bengaluru,Farmer,157934.0,838,Verified
2740,30,Male,Lucknow,Salaried,74955.0,722,Verified
2741,72,Female,Ahmedabad,Retired,199683.0,658,Verified
2742,39,Male,Ahmedabad,Salaried,,588,Verified
2743,71,Female,Bengaluru,Retired,62750.0,587,Verified
2744,38,Male,Pune,Retired,55292.0,742,Pending
2745,39,Female,Bengaluru,Salaried,133242.0,833,Verified
2746,45,Male,Chennai,Salaried,390456.0,676,Verified
2747,26,Male,Jaipur,Retired,369478.0,662,Not Started
2748,43,Female,Chennai,Retired,186846.0,769,Verified
2749,26,Male,Bengaluru,Salaried,85991.0,651,Verified
2750,32,Female,Hyderabad,Salaried,226864.0,733,Verified
2751,27,Female,Pune,Self-Employed,101574.0,713,Verified
2752,41,Female,Hyderabad,Self-Employed,84078.0,675,Verified
2753,74,Female,Chennai,Self-Employed,36813.0,708,Verified
2754,59,Female,Ahmedabad,Farmer,141695.0,859,Verified
2755,25,Male,Chennai,Retired,91316.0,761,Verified
2756,41,Female,Delhi,Business,141189.0,802,Pending
2757,33,Female,Lucknow,Farmer,33536.0,631,Verified
2758,66,Female,Kolkata,Retired,147546.0,803,Verified
2759,43,Male,Delhi,Business,30987.0,764,Verified
2760,44,Female,Bengaluru,Self-Employed,255957.0,582,Verified
2761,54,Female,Mumbai,Business,182250.0,755,Verified
2762,21,Female,Hyderabad,Salaried,112736.0,666,Verified
2763,67,Male,Jaipur,Salaried,186770.0,578,Verified
2764,41,Male,Delhi,Retired,74099.0,721,Not Started
2765,36,Male,Pune,Farmer,139166.0,755,Verified
2766,53,Female,Hyderabad,Self-Employed,214672.0,722,Verified
2767,56,Female,Delhi,Retired,20815.0,700,Verified
2768,27,Male,Ahmedabad,Self-Employed,101892.0,681,Verified
2769,42,Male,Kolkata,Salaried,131454.0,900,Verified
2770,35,Male,Chennai,Farmer,118447.0,609,Not Started
2771,36,Male,Chennai,Farmer,319420.0,784,Verified
2772,53,Female,Delhi,Salaried,67891.0,711,Not Started
2773,27,Female,Bengaluru,Business,91794.0,637,Verified
2774,50,Male,Pune,Farmer,42213.0,705,Verified
2775,72,Female,Bengaluru,Business,329777.0,591,Verified
2776,67,Male,Hyderabad,Self-Employed,114947.0,659,Not Started
2777,22,Female,Lucknow,Farmer,102432.0,706,Verified
2778,64,Male,Kolkata,Salaried,129122.0,578,Verified
2779,66,Male,Kolkata,Business,195192.0,753,Verified
2780,52,Male,Chennai,Self-Employed,164131.0,628,Verified
2781,61,Female,Kolkata,Self-Employed,652607.0,586,Verified
2782,51,Female,Bengaluru,Farmer,174969.0,618,Verified
2783,50,Female,Pune,Farmer,100796.0,894,Verified
2784,72,Male,Pune,Retired,95148.0,541,Verified
2785,38,Male,Chennai,Retired,105276.0,747,Verified
2786,34,Male,Delhi,Farmer,54117.0,646,Verified
2787,39,Female,Pune,Retired,136478.0,680,Verified
2788,65,Male,Bengaluru,Salaried,213220.0,761,Verified
2789,54,Female,Mumbai,Salaried,92225.0,757,Verified
2790,32,Female,Delhi,Retired,82090.0,652,Verified
2791,52,Female,Lucknow,Farmer,330899.0,594,Verified
2792,45,Male,Jaipur,Salaried,56620.0,762,Verified
2793,24,Male,Ahmedabad,Self-Employed,38534.0,756,Verified
2794,49,Male,Kolkata,Farmer,66720.0,685,Verified
2795,28,Female,Kolkata,Business,52878.0,747,Verified
2796,27,Female,Mumbai,Business,168003.0,672,Verified
2797,26,Male,Delhi,Farmer,107321.0,639,Verified
2798,31,Male,Chennai,Retired,116796.0,710,Verified
2799,30,Female,Bengaluru,Salaried,266135.0,754,Verified
2800,74,Female,Mumbai,Salaried,88009.0,736,Verified
2801,42,Male,Ahmedabad,Farmer,212151.0,753,Verified
2802,19,Female,Pune,Self-Employed,,645,Verified
2803,52,Male,Chennai,Retired,101377.0,844,Verified
2804,24,Male,Jaipur,Self-Employed,207360.0,680,Verified
2805,38,Female,Chennai,Farmer,115256.0,699,Verified
2806,35,Female,Mumbai,Farmer,231992.0,597,Verified
2807,20,Female,Lucknow,Self-Employed,51902.0,693,Verified
2808,59,Male,Mumbai,Business,,755,Pending
2809,71,Female,Mumbai,Farmer,105371.0,774,Verified
2810,56,Male,Mumbai,Retired,78170.0,842,Verified
2811,58,Male,Chennai,Self-Employed,97731.0,754,Verified
2812,66,Female,Mumbai,Business,116808.0,733,Verified
2813,28,Male,Delhi,Self-Employed,205255.0,672,Verified
2814,56,Female,Chennai,Business,104339.0,653,Verified
2815,41,Female,Pune,Business,,792,Not Started
2816,63,Male,Delhi,Retired,107914.0,790,Pending
2817,36,Male,Ahmedabad,Farmer,83995.0,618,Verified
2818,21,Male,Pune,Business,76084.0,771,Pending
2819,43,Male,Jaipur,Farmer,50624.0,765,Verified
2820,55,Female,Kolkata,Retired,138925.0,615,Verified
2821,59,Female,Chennai,Farmer,94729.0,755,Verified
2822,49,Male,Kolkata,Salaried,237938.0,620,Verified
2823,56,Male,Chennai,Business,55914.0,503,Verified
2824,62,Female,Pune,Retired,96254.0,696,Verified
2825,63,Female,Jaipur,Self-Employed,395436.0,731,Verified
2826,53,Male,Bengaluru,Retired,75829.0,700,Verified
2827,57,Male,Bengaluru,Business,115622.0,900,Verified
2828,54,Female,Delhi,Retired,64247.0,742,Verified
2829,50,Male,Mumbai,Self-Employed,59334.0,722,Verified
2830,53,Male,Mumbai,Salaried,337185.0,746,Verified
2831,20,Female,Bengaluru,Business,147654.0,672,Verified
2832,26,Female,Pune,Business,144380.0,789,Verified
2833,25,Female,Jaipur,Retired,48156.0,740,Verified
2834,50,Female,Delhi,Farmer,165255.0,736,Verified
2835,23,Female,Pune,Farmer,266853.0,656,Not Started
2836,58,Male,Mumbai,Self-Employed,265584.0,577,Verified
2837,56,Male,Delhi,Salaried,198988.0,667,Verified
2838,21,Male,Kolkata,Salaried,67664.0,734,Verified
2839,30,Male,Hyderabad,Retired,160793.0,672,Verified
2840,66,Female,Ahmedabad,Retired,198899.0,734,Verified
2841,19,Female,Delhi,Farmer,45403.0,690,Verified
2842,22,Female,Mumbai,Salaried,67998.0,746,Verified
2843,61,Female,Pune,Salaried,,626,Verified
2844,44,Male,Kolkata,Salaried,225399.0,726,Verified
2845,49,Male,Ahmedabad,Self-Employed,52620.0,655,Verified
2846,38,Female,Ahmedabad,Self-Employed,214703.0,579,Verified
2847,25,Female,Delhi,Retired,141094.0,695,Verified
2848,55,Female,Ahmedabad,Farmer,,840,Pending
2849,25,Female,Kolkata,Business,91061.0,586,Verified
2850,67,Female,Jaipur,Farmer,196243.0,720,Verified
2851,20,Female,Pune,Self-Employed,221084.0,777,Verified
2852,71,Male,Delhi,Self-Employed,107926.0,900,Verified
2853,61,Female,Ahmedabad,Retired,134679.0,668,Verified
2854,20,Female,Jaipur,Business,90299.0,656,Verified
2855,39,Male,Pune,Salaried,358966.0,610,Verified
2856,23,Female,Chennai,Business,123975.0,806,Verified
2857,19,Male,Jaipur,Business,76633.0,636,Verified
2858,40,Female,Chennai,Business,86726.0,678,Verified
2859,61,Male,Chennai,Retired,143783.0,552,Verified
2860,19,Female,Jaipur,Self-Employed,209399.0,785,Pending
2861,55,Male,Ahmedabad,Salaried,59785.0,808,Verified
2862,34,Female,Chennai,Business,403768.0,781,Verified
2863,52,Male,Ahmedabad,Salaried,160365.0,573,Not Started
2864,51,Male,Ahmedabad,Business,176288.0,761,Verified
2865,40,Male,Pune,Self-Employed,125704.0,567,Verified
2866,47,Female,Lucknow,Salaried,134801.0,714,Verified
2867,69,Male,Kolkata,Farmer,121909.0,727,Not Started
2868,25,Male,Ahmedabad,Self-Employed,,736,Verified
2869,39,Female,Pune,Salaried,132620.0,755,Verified
2870,61,Male,Hyderabad,Business,211130.0,709,Pending
2871,53,Female,Chennai,Business,,543,Verified
2872,22,Male,Delhi,Self-Employed,149849.0,755,Verified
2873,30,Female,Ahmedabad,Self-Employed,82261.0,718,Not Started
2874,46,Male,Jaipur,Business,276486.0,633,Verified
2875,48,Male,Chennai,Salaried,80802.0,576,Verified
2876,64,Female,Chennai,Farmer,109646.0,840,Pending
2877,74,Female,Hyderabad,Retired,110307.0,814,Verified
2878,72,Female,Delhi,Self-Employed,107756.0,770,Verified
2879,33,Male,Pune,Business,205561.0,652,Verified
2880,59,Male,Hyderabad,Salaried,110195.0,496,Verified
2881,47,Male,Kolkata,Self-Employed,307538.0,774,Verified
2882,74,Female,Chennai,Salaried,81545.0,741,Verified
2883,72,Male,Ahmedabad,Self-Employed,147506.0,678,Verified
2884,33,Male,Ahmedabad,Business,83661.0,805,Verified
2885,29,Male,Hyderabad,Salaried,171542.0,782,Verified
2886,34,Female,Kolkata,Business,131983.0,724,Verified
2887,33,Male,Bengaluru,Salaried,121414.0,712,Pending
2888,29,Female,Mumbai,Self-Employed,271872.0,714,Verified
2889,25,Male,Jaipur,Retired,89985.0,767,Verified
2890,37,Female,Jaipur,Retired,189455.0,637,Verified
2891,20,Male,Bengaluru,Farmer,84004.0,746,Verified
2892,33,Female,Chennai,Farmer,142573.0,631,Verified
2893,47,Female,Pune,Business,65033.0,823,Verified
2894,62,Male,Delhi,Salaried,89544.0,755,Verified
2895,40,Female,Bengaluru,Farmer,,651,Verified
2896,45,Male,Kolkata,Self-Employed,395850.0,716,Verified
2897,68,Female,Ahmedabad,Retired,141560.0,637,Verified
2898,57,Female,Mumbai,Salaried,359619.0,837,Verified
2899,71,Male,Chennai,Retired,152085.0,847,Verified
2900,22,Male,Mumbai,Salaried,105635.0,769,Verified
2901,37,Male,Delhi,Farmer,335579.0,842,Verified
2902,57,Male,Ahmedabad,Farmer,173201.0,722,Verified
2903,73,Male,Kolkata,Business,90614.0,774,Verified
2904,61,Male,Jaipur,Salaried,,814,Verified
2905,18,Male,Delhi,Self-Employed,111797.0,709,Verified
2906,74,Female,Bengaluru,Farmer,40400.0,716,Verified
2907,47,Male,Jaipur,Business,233651.0,789,Verified
2908,38,Male,Jaipur,Farmer,257033.0,764,Verified
2909,37,Female,Kolkata,Retired,401421.0,645,Verified
2910,23,Male,Bengaluru,Farmer,,524,Verified
2911,39,Male,Hyderabad,Salaried,114779.0,695,Verified
2912,35,Male,Delhi,Business,219914.0,531,Verified
2913,25,Female,Pune,Salaried,221880.0,625,Verified
2914,56,Female,Lucknow,Self-Employed,356101.0,635,Verified
2915,49,Male,Ahmedabad,Self-Employed,129732.0,661,Verified
2916,50,Female,Kolkata,Farmer,120650.0,779,Verified
2917,70,Female,Ahmedabad,Business,86740.0,798,Verified
2918,33,Female,Delhi,Business,183961.0,753,Verified
2919,29,Female,Bengaluru,Business,52630.0,763,Verified
2920,55,Female,Pune,Business,212278.0,765,Verified
2921,69,Male,Lucknow,Farmer,189606.0,497,Not Started
2922,51,Male,Mumbai,Salaried,189291.0,710,Verified
2923,31,Male,Pune,Farmer,144775.0,557,Pending
2924,53,Female,Kolkata,Salaried,334298.0,753,Verified
2925,50,Female,Ahmedabad,Retired,224852.0,532,Verified
2926,40,Female,Pune,Retired,92573.0,694,Verified
2927,67,Female,Chennai,Salaried,93573.0,756,Verified
2928,62,Male,Bengaluru,Farmer,78605.0,614,Verified
2929,19,Female,Bengaluru,Self-Employed,185493.0,791,Verified
2930,58,Female,Chennai,Farmer,73124.0,753,Verified
2931,38,Female,Jaipur,Self-Employed,255259.0,742,Verified
2932,19,Female,Jaipur,Farmer,294721.0,769,Verified
2933,44,Female,Delhi,Business,78636.0,679,Verified
2934,74,Male,Hyderabad,Business,119213.0,722,Verified
2935,26,Female,Mumbai,Retired,134588.0,710,Pending
2936,18,Male,Chennai,Retired,226475.0,708,Verified
2937,28,Female,Delhi,Salaried,349971.0,652,Verified
2938,20,Female,Ahmedabad,Self-Employed,48470.0,604,Verified
2939,69,Male,Chennai,Business,110094.0,681,Verified
2940,40,Female,Hyderabad,Farmer,113594.0,676,Verified
2941,43,Male,Chennai,Salaried,57503.0,647,Verified
2942,21,Male,Hyderabad,Farmer,99602.0,782,Not Started
2943,35,Male,Hyderabad,Business,172243.0,610,Verified
2944,72,Female,Hyderabad,Business,112735.0,695,Verified
2945,23,Female,Bengaluru,Business,52745.0,809,Verified
2946,52,Female,Pune,Business,747470.0,787,Verified
2947,39,Male,Bengaluru,Farmer,156327.0,813,Verified
2948,60,Female,Delhi,Salaried,142488.0,659,Verified
2949,32,Female,Bengaluru,Business,68957.0,776,Verified
2950,39,Male,Bengaluru,Retired,155815.0,619,Verified
2951,54,Male,Ahmedabad,Salaried,120749.0,686,Verified
2952,69,Male,Chennai,Retired,42911.0,694,Pending
2953,59,Female,Bengaluru,Farmer,70112.0,661,Verified
2954,29,Female,Lucknow,Business,214691.0,679,Verified
2955,64,Female,Hyderabad,Salaried,427800.0,668,Verified
2956,66,Male,Chennai,Business,166092.0,626,Verified
2957,59,Female,Jaipur,Business,,782,Not Started
2958,55,Male,Ahmedabad,Salaried,121364.0,694,Verified
2959,35,Male,Pune,Business,126509.0,727,Pending
2960,62,Female,Ahmedabad,Business,256424.0,723,Verified
2961,52,Male,Hyderabad,Self-Employed,361373.0,714,Verified
2962,47,Female,Chennai,Self-Employed,290878.0,717,Verified
2963,41,Male,Pune,Salaried,70276.0,684,Pending
2964,59,Female,Mumbai,Salaried,,830,Verified
2965,47,Male,Kolkata,Business,157395.0,774,Not Started
2966,31,Female,Ahmedabad,Retired,114027.0,711,Verified
2967,23,Male,Pune,Salaried,168167.0,672,Verified
2968,20,Male,Delhi,Business,218021.0,699,Verified
2969,33,Female,Pune,Retired,243211.0,745,Verified
2970,24,Male,Kolkata,Self-Employed,366415.0,837,Verified
2971,69,Female,Hyderabad,Salaried,109353.0,593,Verified
2972,31,Female,Chennai,Business,58781.0,766,Verified
2973,26,Male,Mumbai,Self-Employed,165205.0,805,Verified
2974,32,Male,Delhi,Farmer,412622.0,583,Verified
2975,38,Female,Pune,Self-Employed,100089.0,694,Verified
2976,52,Female,Lucknow,Business,201211.0,619,Verified
2977,19,Female,Bengaluru,Retired,202288.0,746,Verified
2978,44,Male,Hyderabad,Farmer,149472.0,679,Verified
2979,19,Female,Ahmedabad,Farmer,133807.0,698,Verified
2980,52,Male,Ahmedabad,Farmer,76569.0,675,Verified
2981,35,Female,Kolkata,Salaried,33894.0,771,Verified
2982,31,Female,Hyderabad,Business,68384.0,729,Verified
2983,37,Male,Delhi,Farmer,,729,Verified
2984,35,Male,Jaipur,Self-Employed,257417.0,723,Verified
2985,27,Male,Mumbai,Retired,125257.0,758,Verified
2986,42,Male,Delhi,Business,97595.0,687,Verified
2987,19,Female,Mumbai,Self-Employed,78074.0,854,Verified
2988,42,Male,Chennai,Salaried,197616.0,605,Verified
2989,71,Male,Chennai,Farmer,,563,Pending
2990,50,Male,Hyderabad,Self-Employed,252221.0,556,Verified
2991,53,Female,Hyderabad,Business,191701.0,533,Verified
2992,48,Female,Ahmedabad,Self-Employed,54975.0,767,Verified
2993,31,Male,Bengaluru,Salaried,107904.0,756,Verified
2994,18,Male,Kolkata,Retired,428644.0,812,Verified
2995,63,Female,Bengaluru,Farmer,261234.0,620,Verified
2996,33,Female,Delhi,Business,52971.0,773,Verified
2997,71,Male,Ahmedabad,Farmer,128881.0,714,Verified
2998,63,Male,Mumbai,Farmer,165688.0,724,Not Started
2999,69,Male,Jaipur,Farmer,84348.0,763,Pending
3000,20,Male,Pune,Self-Employed,33339.0,645,Verified
3001,52,Female,Lucknow,Self-Employed,141392.0,900,Verified
3002,58,Female,Chennai,Retired,83062.0,823,Verified
3003,23,Male,Bengaluru,Salaried,83258.0,664,Verified
3004,42,Female,Kolkata,Business,107709.0,617,Verified
3005,30,Male,Jaipur,Self-Employed,122982.0,702,Verified
3006,70,Female,Jaipur,Farmer,132528.0,725,Verified
3007,51,Female,Chennai,Salaried,78402.0,800,Verified
3008,25,Male,Lucknow,Business,116760.0,610,Verified
3009,38,Male,Hyderabad,Business,46423.0,734,Verified
3010,51,Female,Jaipur,Business,160592.0,580,Pending
3011,21,Male,Delhi,Business,24010.0,747,Pending
3012,42,Male,Delhi,Retired,112006.0,700,Verified
3013,32,Female,Hyderabad,Business,231309.0,874,Verified
3014,21,Female,Mumbai,Salaried,70572.0,578,Verified
3015,62,Male,Ahmedabad,Self-Employed,204814.0,826,Verified
3016,29,Female,Hyderabad,Salaried,266583.0,565,Pending
3017,49,Male,Lucknow,Farmer,18311.0,597,Verified
3018,49,Female,Delhi,Retired,121684.0,567,Verified
3019,45,Female,Jaipur,Retired,23731.0,731,Verified
3020,30,Female,Delhi,Farmer,124129.0,610,Verified
3021,48,Male,Pune,Salaried,132680.0,595,Verified
3022,31,Female,Ahmedabad,Salaried,30046.0,727,Not Started
3023,37,Female,Kolkata,Farmer,422905.0,748,Verified
3024,35,Male,Pune,Business,158199.0,713,Verified
3025,46,Male,Mumbai,Business,,696,Not Started
3026,23,Male,Chennai,Self-Employed,321010.0,865,Verified
3027,49,Male,Pune,Salaried,45371.0,722,Pending
3028,46,Female,Mumbai,Salaried,63736.0,778,Verified
3029,60,Male,Mumbai,Farmer,,722,Not Started
3030,19,Male,Kolkata,Farmer,392632.0,616,Verified
3031,40,Female,Chennai,Business,162658.0,756,Not Started
3032,36,Male,Bengaluru,Salaried,197925.0,654,Verified
3033,48,Male,Hyderabad,Salaried,159628.0,702,Verified
3034,68,Male,Jaipur,Retired,188012.0,735,Verified
3035,22,Female,Lucknow,Self-Employed,139643.0,544,Verified
3036,36,Female,Lucknow,Self-Employed,156773.0,573,Verified
3037,51,Female,Lucknow,Business,142139.0,787,Not Started
3038,27,Male,Bengaluru,Salaried,92489.0,653,Verified
3039,42,Female,Hyderabad,Retired,129576.0,657,Verified
3040,19,Male,Lucknow,Salaried,157024.0,724,Verified
3041,28,Male,Hyderabad,Farmer,142391.0,677,Verified
3042,67,Male,Jaipur,Business,54904.0,745,Verified
3043,48,Female,Lucknow,Self-Employed,59457.0,705,Not Started
3044,73,Male,Chennai,Salaried,255175.0,726,Verified
3045,32,Male,Mumbai,Business,110836.0,650,Verified
3046,26,Male,Lucknow,Self-Employed,189252.0,726,Verified
3047,40,Male,Hyderabad,Salaried,69198.0,803,Verified
3048,36,Female,Mumbai,Retired,55056.0,661,Verified
3049,26,Male,Kolkata,Business,80325.0,787,Verified
3050,52,Female,Lucknow,Salaried,116595.0,705,Verified
3051,38,Male,Lucknow,Self-Employed,89404.0,772,Verified
3052,26,Female,Pune,Self-Employed,289630.0,720,Pending
3053,45,Female,Mumbai,Retired,148407.0,707,Verified
3054,63,Male,Lucknow,Business,404078.0,739,Verified
3055,68,Male,Chennai,Business,169846.0,813,Verified
3056,24,Female,Jaipur,Salaried,31334.0,730,Verified
3057,33,Female,Mumbai,Self-Employed,251105.0,750,Verified
3058,33,Male,Jaipur,Self-Employed,53867.0,678,Verified
3059,50,Male,Ahmedabad,Retired,153019.0,843,Not Started
3060,21,Female,Hyderabad,Retired,83716.0,764,Pending
3061,21,Female,Kolkata,Business,481965.0,716,Verified
3062,56,Male,Pune,Self-Employed,316083.0,699,Verified
3063,57,Male,Chennai,Salaried,85383.0,793,Verified
3064,34,Male,Kolkata,Farmer,123449.0,658,Pending
3065,54,Female,Pune,Salaried,154316.0,558,Verified
3066,56,Male,Kolkata,Retired,223697.0,716,Verified
3067,69,Female,Kolkata,Salaried,135604.0,811,Verified
3068,46,Male,Delhi,Self-Employed,72046.0,845,Verified
3069,69,Male,Hyderabad,Business,86635.0,700,Verified
3070,53,Female,Bengaluru,Farmer,132895.0,713,Verified
3071,55,Female,Pune,Business,279477.0,754,Verified
3072,56,Female,Chennai,Farmer,172250.0,687,Verified
3073,67,Male,Mumbai,Farmer,83780.0,753,Verified
3074,54,Female,Kolkata,Self-Employed,196619.0,702,Verified
3075,69,Female,Kolkata,Self-Employed,105642.0,795,Pending
3076,52,Male,Pune,Retired,227350.0,771,Verified
3077,24,Male,Ahmedabad,Retired,606953.0,778,Verified
3078,44,Male,Bengaluru,Farmer,107442.0,692,Verified
3079,45,Male,Kolkata,Retired,,873,Pending
3080,39,Female,Lucknow,Self-Employed,85201.0,751,Verified
3081,31,Male,Delhi,Retired,124572.0,731,Pending
3082,24,Female,Jaipur,Farmer,135637.0,645,Verified
3083,54,Female,Delhi,Business,118633.0,701,Verified
3084,39,Female,Bengaluru,Salaried,584089.0,719,Not Started
3085,22,Female,Lucknow,Retired,110862.0,643,Verified
3086,72,Male,Delhi,Self-Employed,189494.0,685,Verified
3087,19,Male,Jaipur,Business,41854.0,695,Verified
3088,44,Male,Mumbai,Self-Employed,172680.0,714,Verified
3089,38,Female,Hyderabad,Retired,264404.0,560,Verified
3090,71,Male,Mumbai,Farmer,97095.0,698,Verified
3091,55,Female,Hyderabad,Salaried,29551.0,677,Verified
3092,32,Male,Ahmedabad,Salaried,130198.0,708,Verified
3093,38,Male,Ahmedabad,Business,134633.0,797,Verified
3094,27,Male,Ahmedabad,Salaried,205756.0,884,Pending
3095,40,Female,Delhi,Farmer,445317.0,767,Verified
3096,73,Female,Ahmedabad,Self-Employed,106082.0,605,Pending
3097,56,Male,Hyderabad,Farmer,79716.0,680,Verified
3098,22,Male,Mumbai,Business,66161.0,760,Verified
3099,18,Male,Pune,Business,150069.0,751,Verified
3100,30,Female,Kolkata,Salaried,177657.0,793,Verified
3101,38,Female,Hyderabad,Farmer,96048.0,701,Verified
3102,43,Male,Mumbai,Self-Employed,212609.0,679,Verified
3103,67,Female,Mumbai,Farmer,176175.0,858,Verified
3104,62,Male,Kolkata,Self-Employed,136754.0,714,Verified
3105,38,Female,Lucknow,Self-Employed,77540.0,623,Verified
3106,70,Male,Pune,Farmer,99796.0,835,Verified
3107,35,Female,Lucknow,Retired,31013.0,582,Verified
3108,54,Male,Lucknow,Farmer,153503.0,412,Verified
3109,62,Female,Mumbai,Self-Employed,,775,Verified
3110,49,Female,Jaipur,Business,149207.0,787,Not Started
3111,53,Female,Chennai,Business,180339.0,745,Pending
3112,34,Female,Hyderabad,Salaried,167962.0,599,Verified
3113,52,Female,Delhi,Business,124713.0,704,Verified
3114,66,Male,Lucknow,Retired,137201.0,686,Verified
3115,28,Male,Ahmedabad,Self-Employed,57378.0,664,Verified
3116,38,Male,Delhi,Farmer,93880.0,830,Pending
3117,69,Female,Bengaluru,Farmer,137349.0,621,Verified
3118,72,Male,Jaipur,Retired,85690.0,736,Verified
3119,70,Female,Delhi,Business,223260.0,811,Verified
3120,43,Female,Kolkata,Self-Employed,89753.0,742,Verified
3121,21,Male,Chennai,Business,151719.0,815,Verified
3122,51,Male,Pune,Salaried,,757,Verified
3123,69,Male,Kolkata,Business,208515.0,746,Verified
3124,65,Male,Lucknow,Salaried,228771.0,741,Verified
3125,35,Male,Jaipur,Farmer,,762,Verified
3126,57,Male,Jaipur,Self-Employed,37662.0,677,Verified
3127,52,Female,Lucknow,Salaried,272799.0,599,Verified
3128,58,Female,Chennai,Business,333162.0,791,Verified
3129,46,Male,Mumbai,Business,99780.0,808,Verified
3130,69,Male,Delhi,Farmer,,731,Verified
3131,46,Male,Ahmedabad,Retired,78081.0,663,Verified
3132,55,Female,Lucknow,Retired,41397.0,577,Verified
3133,59,Female,Ahmedabad,Business,85543.0,717,Verified
3134,38,Male,Delhi,Retired,96367.0,595,Verified
3135,59,Male,Chennai,Self-Employed,107698.0,583,Verified
3136,30,Female,Mumbai,Retired,74956.0,708,Verified
3137,66,Female,Pune,Self-Employed,85815.0,645,Verified
3138,58,Male,Chennai,Business,132375.0,739,Verified
3139,34,Female,Ahmedabad,Business,83941.0,696,Verified
3140,73,Male,Jaipur,Business,184631.0,658,Verified
3141,26,Male,Jaipur,Farmer,200586.0,565,Verified
3142,58,Female,Bengaluru,Retired,555838.0,637,Verified
3143,18,Female,Hyderabad,Salaried,261819.0,640,Verified
3144,19,Male,Kolkata,Salaried,154178.0,605,Verified
3145,65,Female,Kolkata,Business,91844.0,682,Verified
3146,46,Male,Lucknow,Retired,158935.0,612,Verified
3147,50,Female,Ahmedabad,Self-Employed,,696,Verified
3148,27,Male,Kolkata,Salaried,97930.0,730,Verified
3149,67,Female,Kolkata,Business,213254.0,639,Verified
3150,57,Female,Chennai,Salaried,57592.0,746,Verified
3151,38,Male,Pune,Salaried,115077.0,594,Verified
3152,45,Female,Ahmedabad,Salaried,186002.0,615,Verified
3153,28,Female,Bengaluru,Business,112134.0,700,Verified
3154,72,Female,Pune,Business,,768,Verified
3155,51,Male,Bengaluru,Farmer,122679.0,783,Verified
3156,25,Female,Ahmedabad,Farmer,80712.0,847,Verified
3157,39,Female,Mumbai,Farmer,269505.0,677,Verified
3158,25,Male,Mumbai,Salaried,72343.0,699,Verified
3159,66,Female,Kolkata,Retired,161280.0,622,Pending
3160,32,Male,Lucknow,Business,170790.0,603,Not Started
3161,34,Male,Jaipur,Farmer,75420.0,729,Verified
3162,40,Female,Chennai,Retired,139227.0,644,Verified
3163,41,Female,Kolkata,Farmer,77205.0,814,Verified
3164,62,Female,Hyderabad,Farmer,307007.0,585,Verified
3165,36,Male,Mumbai,Retired,67288.0,751,Verified
3166,22,Female,Kolkata,Farmer,90009.0,624,Verified
3167,49,Male,Jaipur,Salaried,63925.0,640,Verified
3168,61,Male,Bengaluru,Salaried,59005.0,755,Verified
3169,18,Male,Bengaluru,Salaried,346185.0,652,Verified
3170,40,Female,Delhi,Self-Employed,184548.0,666,Verified
3171,54,Female,Chennai,Farmer,144955.0,640,Verified
3172,25,Female,Lucknow,Self-Employed,89864.0,861,Verified
3173,30,Female,Bengaluru,Business,229709.0,657,Not Started
3174,25,Male,Delhi,Retired,81265.0,714,Verified
3175,74,Female,Mumbai,Business,214525.0,692,Verified
3176,40,Male,Bengaluru,Self-Employed,78944.0,728,Verified
3177,60,Male,Lucknow,Salaried,90517.0,657,Verified
3178,18,Male,Kolkata,Farmer,,692,Verified
3179,62,Female,Jaipur,Farmer,223753.0,743,Verified
3180,68,Male,Hyderabad,Salaried,190705.0,636,Verified
3181,41,Female,Bengaluru,Farmer,70983.0,802,Not Started
3182,52,Male,Hyderabad,Retired,101922.0,810,Pending
3183,41,Male,Hyderabad,Retired,146406.0,761,Verified
3184,34,Female,Hyderabad,Retired,80052.0,715,Pending
3185,22,Male,Pune,Business,303330.0,455,Verified
3186,37,Female,Hyderabad,Salaried,31534.0,746,Verified
3187,38,Female,Pune,Retired,83513.0,676,Verified
3188,57,Male,Jaipur,Self-Employed,98151.0,689,Verified
3189,48,Female,Hyderabad,Retired,24189.0,548,Verified
3190,63,Male,Delhi,Business,57657.0,751,Pending
3191,53,Male,Hyderabad,Self-Employed,193915.0,586,Verified
3192,28,Female,Ahmedabad,Salaried,135696.0,720,Not Started
3193,69,Male,Chennai,Salaried,342450.0,786,Verified
3194,32,Female,Delhi,Retired,336763.0,670,Verified
3195,36,Female,Lucknow,Self-Employed,172789.0,813,Verified
3196,24,Female,Bengaluru,Self-Employed,160804.0,646,Pending
3197,68,Male,Jaipur,Retired,138629.0,761,Verified
3198,45,Male,Jaipur,Retired,27091.0,599,Verified
3199,68,Female,Ahmedabad,Farmer,57715.0,797,Verified
3200,60,Male,Ahmedabad,Farmer,141550.0,784,Verified
3201,22,Female,Ahmedabad,Retired,192840.0,749,Verified
3202,22,Female,Ahmedabad,Business,158546.0,676,Verified
3203,47,Male,Ahmedabad,Farmer,78004.0,590,Verified
3204,71,Male,Mumbai,Retired,233852.0,676,Verified
3205,49,Female,Kolkata,Self-Employed,324314.0,804,Verified
3206,25,Female,Jaipur,Farmer,,721,Verified
3207,27,Male,Ahmedabad,Business,,577,Pending
3208,55,Male,Bengaluru,Salaried,95269.0,614,Verified
3209,64,Male,Mumbai,Self-Employed,254120.0,816,Verified
3210,49,Female,Delhi,Business,145431.0,751,Verified
3211,65,Male,Delhi,Business,181123.0,605,Not Started
3212,45,Female,Pune,Business,165920.0,559,Verified
3213,34,Male,Kolkata,Self-Employed,123885.0,656,Verified
3214,48,Female,Delhi,Business,79539.0,552,Pending
3215,25,Male,Ahmedabad,Salaried,126845.0,696,Verified
3216,57,Female,Jaipur,Farmer,240881.0,900,Verified
3217,42,Male,Pune,Self-Employed,102244.0,574,Verified
3218,26,Female,Chennai,Business,227751.0,694,Verified
3219,19,Male,Mumbai,Retired,207366.0,821,Verified
3220,32,Female,Chennai,Farmer,111373.0,773,Verified
3221,67,Female,Chennai,Self-Employed,306594.0,697,Verified
3222,20,Male,Ahmedabad,Retired,107653.0,697,Verified
3223,66,Female,Chennai,Retired,329631.0,611,Verified
3224,53,Female,Chennai,Business,172901.0,687,Verified
3225,21,Male,Delhi,Self-Employed,131990.0,730,Verified
3226,31,Male,Lucknow,Business,78223.0,803,Verified
3227,58,Male,Pune,Salaried,126379.0,657,Verified
3228,58,Female,Chennai,Retired,117918.0,693,Verified
3229,42,Female,Kolkata,Salaried,62631.0,629,Verified
3230,72,Male,Bengaluru,Business,116942.0,729,Pending
3231,67,Male,Pune,Farmer,82266.0,776,Verified
3232,27,Female,Kolkata,Retired,189396.0,763,Verified
3233,38,Female,Bengaluru,Farmer,291784.0,610,Verified
3234,53,Male,Chennai,Self-Employed,63822.0,722,Verified
3235,29,Female,Lucknow,Retired,372274.0,652,Verified
3236,44,Female,Hyderabad,Salaried,123361.0,795,Verified
3237,57,Male,Jaipur,Farmer,74235.0,696,Verified
3238,19,Female,Kolkata,Self-Employed,209956.0,580,Pending
3239,71,Male,Chennai,Retired,101939.0,691,Verified
3240,30,Male,Pune,Self-Employed,126875.0,748,Verified
3241,70,Male,Delhi,Salaried,104551.0,730,Verified
3242,49,Female,Chennai,Retired,81630.0,666,Verified
3243,48,Female,Hyderabad,Self-Employed,205746.0,660,Verified
3244,33,Male,Chennai,Business,112220.0,626,Verified
3245,49,Male,Chennai,Retired,56275.0,676,Verified
3246,49,Male,Jaipur,Retired,185468.0,637,Verified
3247,51,Female,Delhi,Retired,64644.0,792,Verified
3248,28,Male,Kolkata,Retired,66706.0,633,Verified
3249,27,Female,Ahmedabad,Business,272546.0,720,Verified
3250,32,Male,Ahmedabad,Salaried,65003.0,714,Verified
3251,34,Male,Pune,Business,33194.0,790,Verified
3252,57,Male,Lucknow,Business,193632.0,802,Verified
3253,35,Male,Chennai,Self-Employed,111044.0,769,Verified
3254,72,Female,Pune,Farmer,116939.0,739,Verified
3255,26,Male,Lucknow,Farmer,110338.0,620,Verified
3256,42,Male,Kolkata,Self-Employed,153124.0,619,Pending
3257,57,Male,Kolkata,Business,84827.0,638,Verified
3258,31,Male,Delhi,Self-Employed,323084.0,773,Verified
3259,42,Male,Ahmedabad,Retired,54955.0,716,Verified
3260,67,Male,Ahmedabad,Self-Employed,174020.0,783,Verified
3261,39,Female,Pune,Self-Employed,195883.0,795,Verified
3262,69,Female,Jaipur,Retired,84475.0,648,Verified
3263,47,Male,Ahmedabad,Farmer,72096.0,712,Verified
3264,37,Male,Jaipur,Retired,245317.0,708,Verified
3265,38,Female,Jaipur,Salaried,73533.0,682,Verified
3266,61,Male,Kolkata,Self-Employed,92596.0,664,Verified
3267,49,Male,Delhi,Self-Employed,226927.0,810,Verified
3268,68,Male,Pune,Farmer,136059.0,714,Verified
3269,63,Male,Bengaluru,Business,45330.0,711,Pending
3270,66,Female,Pune,Retired,380117.0,641,Verified
3271,73,Male,Jaipur,Business,96954.0,767,Verified
3272,38,Female,Lucknow,Salaried,104647.0,624,Verified
3273,52,Male,Lucknow,Retired,,748,Verified
3274,49,Male,Delhi,Salaried,193890.0,750,Verified
3275,47,Female,Kolkata,Salaried,432208.0,674,Verified
3276,72,Male,Kolkata,Salaried,49215.0,737,Verified
3277,56,Female,Jaipur,Retired,218725.0,725,Not Started
3278,66,Male,Jaipur,Retired,208107.0,706,Verified
3279,29,Female,Hyderabad,Farmer,122725.0,711,Not Started
3280,58,Male,Hyderabad,Self-Employed,213708.0,715,Verified
3281,64,Female,Jaipur,Business,233413.0,721,Pending
3282,35,Male,Ahmedabad,Business,58152.0,715,Verified
3283,38,Female,Pune,Salaried,380735.0,616,Pending
3284,30,Male,Ahmedabad,Retired,52300.0,697,Verified
3285,38,Female,Kolkata,Retired,67428.0,732,Verified
3286,25,Male,Bengaluru,Salaried,113883.0,718,Verified
3287,63,Female,Pune,Self-Employed,422931.0,791,Verified
3288,57,Male,Ahmedabad,Business,110752.0,762,Verified
3289,63,Male,Ahmedabad,Farmer,130723.0,636,Verified
3290,24,Male,Mumbai,Self-Employed,314660.0,695,Verified
3291,40,Male,Pune,Retired,111280.0,683,Not Started
3292,61,Male,Bengaluru,Salaried,65706.0,709,Verified
3293,49,Female,Delhi,Business,103742.0,709,Pending
3294,28,Female,Delhi,Salaried,303299.0,761,Not Started
3295,39,Male,Ahmedabad,Retired,139040.0,725,Verified
3296,39,Female,Jaipur,Salaried,424384.0,814,Verified
3297,60,Female,Bengaluru,Business,207474.0,730,Verified
3298,42,Male,Bengaluru,Salaried,90501.0,639,Verified
3299,39,Female,Kolkata,Business,137399.0,670,Verified
3300,45,Female,Lucknow,Salaried,79863.0,761,Verified
3301,46,Female,Mumbai,Salaried,89227.0,572,Verified
3302,30,Male,Kolkata,Business,1958032.0,595,Verified
3303,35,Female,Bengaluru,Salaried,245530.0,710,Verified
3304,19,Male,Chennai,Self-Employed,223387.0,790,Verified
3305,46,Male,Jaipur,Farmer,91683.0,821,Pending
3306,38,Male,Bengaluru,Self-Employed,341721.0,691,Verified
3307,32,Female,Mumbai,Farmer,257725.0,800,Verified
3308,69,Female,Bengaluru,Self-Employed,412080.0,716,Verified
3309,44,Female,Pune,Farmer,400260.0,579,Verified
3310,67,Male,Pune,Salaried,54860.0,709,Verified
3311,48,Male,Hyderabad,Business,68466.0,657,Verified
3312,32,Male,Mumbai,Business,,788,Verified
3313,68,Male,Ahmedabad,Retired,75632.0,707,Pending
3314,40,Male,Lucknow,Farmer,161793.0,601,Pending
3315,41,Female,Ahmedabad,Retired,94837.0,582,Verified
3316,61,Female,Lucknow,Retired,462110.0,708,Verified
3317,30,Male,Lucknow,Farmer,417821.0,504,Verified
3318,39,Male,Lucknow,Business,132737.0,665,Verified
3319,60,Male,Delhi,Farmer,430712.0,729,Verified
3320,54,Male,Lucknow,Salaried,325423.0,620,Verified
3321,50,Female,Bengaluru,Retired,101679.0,794,Verified
3322,73,Female,Chennai,Retired,39914.0,811,Pending
3323,20,Female,Mumbai,Farmer,116917.0,623,Verified
3324,71,Male,Chennai,Retired,90511.0,684,Verified
3325,36,Male,Hyderabad,Business,150829.0,794,Verified
3326,40,Male,Bengaluru,Retired,140581.0,709,Verified
3327,46,Female,Lucknow,Farmer,138387.0,591,Pending
3328,47,Female,Delhi,Business,182446.0,697,Pending
3329,56,Male,Kolkata,Business,64375.0,637,Verified
3330,61,Male,Ahmedabad,Retired,170556.0,804,Verified
3331,64,Male,Pune,Farmer,102358.0,761,Verified
3332,42,Female,Mumbai,Retired,150240.0,683,Verified
3333,54,Female,Chennai,Salaried,236676.0,722,Not Started
3334,64,Female,Bengaluru,Salaried,63918.0,598,Verified
3335,25,Female,Kolkata,Business,112558.0,645,Verified
3336,59,Male,Jaipur,Retired,124105.0,842,Verified
3337,33,Male,Jaipur,Salaried,,714,Verified
3338,25,Male,Pune,Self-Employed,228639.0,789,Verified
3339,18,Male,Jaipur,Salaried,86489.0,729,Verified
3340,61,Female,Ahmedabad,Retired,95488.0,821,Verified
3341,22,Female,Hyderabad,Retired,87034.0,540,Verified
3342,20,Male,Jaipur,Salaried,256590.0,694,Verified
3343,18,Female,Pune,Retired,99164.0,849,Pending
3344,21,Male,Hyderabad,Retired,175611.0,791,Verified
3345,57,Male,Ahmedabad,Self-Employed,436011.0,822,Verified
3346,52,Male,Pune,Business,127403.0,709,Verified
3347,49,Male,Jaipur,Retired,259688.0,664,Not Started
3348,59,Male,Lucknow,Farmer,363238.0,622,Verified
3349,51,Male,Mumbai,Business,246795.0,616,Verified
3350,60,Male,Jaipur,Business,131916.0,778,Verified
3351,42,Female,Pune,Farmer,195881.0,753,Verified
3352,27,Male,Mumbai,Salaried,61548.0,704,Verified
3353,38,Male,Mumbai,Self-Employed,83448.0,753,Verified
3354,63,Male,Hyderabad,Retired,92707.0,722,Pending
3355,56,Female,Ahmedabad,Salaried,511124.0,791,Verified
3356,44,Male,Jaipur,Farmer,81834.0,790,Verified
3357,44,Female,Kolkata,Self-Employed,81106.0,619,Verified
3358,19,Male,Lucknow,Self-Employed,71228.0,733,Verified
3359,58,Female,Ahmedabad,Self-Employed,186444.0,568,Verified
3360,65,Female,Kolkata,Farmer,145157.0,721,Verified
3361,30,Male,Kolkata,Salaried,255776.0,761,Verified
3362,26,Male,Chennai,Retired,199338.0,598,Not Started
3363,69,Male,Hyderabad,Self-Employed,58207.0,674,Verified
3364,53,Female,Delhi,Self-Employed,82095.0,710,Verified
3365,39,Male,Bengaluru,Salaried,302307.0,729,Verified
3366,59,Male,Bengaluru,Self-Employed,117951.0,686,Verified
3367,43,Female,Hyderabad,Self-Employed,271728.0,610,Verified
3368,71,Male,Hyderabad,Farmer,121807.0,705,Verified
3369,29,Female,Kolkata,Business,74563.0,569,Not Started
3370,34,Female,Hyderabad,Salaried,,690,Verified
3371,31,Male,Kolkata,Salaried,74546.0,672,Verified
3372,31,Male,Ahmedabad,Salaried,94908.0,698,Verified
3373,74,Male,Delhi,Farmer,150325.0,662,Verified
3374,51,Female,Chennai,Farmer,181129.0,581,Pending
3375,70,Female,Kolkata,Retired,51323.0,678,Verified
3376,74,Female,Hyderabad,Farmer,,789,Verified
3377,37,Female,Mumbai,Salaried,93717.0,817,Pending
3378,28,Female,Jaipur,Retired,90305.0,900,Verified
3379,33,Male,Bengaluru,Business,144294.0,853,Verified
3380,68,Male,Delhi,Self-Employed,95772.0,608,Verified
3381,48,Female,Jaipur,Self-Employed,305371.0,675,Verified
3382,72,Male,Pune,Retired,271804.0,708,Verified
3383,23,Male,Hyderabad,Business,270789.0,702,Verified
3384,73,Female,Kolkata,Self-Employed,99018.0,715,Not Started
3385,36,Male,Chennai,Retired,74795.0,900,Verified
3386,54,Female,Mumbai,Farmer,139975.0,618,Verified
3387,21,Female,Chennai,Salaried,121758.0,649,Verified
3388,64,Male,Jaipur,Business,92476.0,849,Verified
3389,21,Female,Mumbai,Self-Employed,65812.0,657,Verified
3390,37,Male,Lucknow,Salaried,129974.0,743,Verified
3391,27,Male,Bengaluru,Retired,104564.0,797,Verified
3392,41,Male,Hyderabad,Self-Employed,201392.0,751,Verified
3393,71,Male,Pune,Salaried,198603.0,726,Verified
3394,52,Male,Jaipur,Farmer,257939.0,789,Not Started
3395,43,Male,Kolkata,Business,62594.0,634,Verified
3396,54,Male,Bengaluru,Retired,169505.0,667,Verified
3397,55,Male,Pune,Self-Employed,86122.0,755,Verified
3398,38,Female,Chennai,Farmer,64071.0,534,Verified
3399,71,Female,Bengaluru,Business,103037.0,830,Verified
3400,57,Male,Pune,Business,,735,Verified
3401,56,Male,Pune,Farmer,106576.0,723,Verified
3402,38,Male,Chennai,Self-Employed,340876.0,571,Verified
3403,27,Male,Pune,Business,185225.0,600,Verified
3404,55,Female,Delhi,Retired,105192.0,676,Verified
3405,63,Female,Mumbai,Salaried,267274.0,778,Verified
3406,21,Male,Delhi,Retired,174074.0,533,Verified
3407,74,Male,Chennai,Business,76150.0,777,Verified
3408,62,Male,Ahmedabad,Salaried,406477.0,679,Pending
3409,37,Female,Bengaluru,Farmer,155700.0,691,Verified
3410,34,Male,Lucknow,Salaried,134764.0,731,Verified
3411,72,Female,Kolkata,Salaried,79752.0,732,Verified
3412,24,Female,Kolkata,Salaried,270418.0,649,Verified
3413,21,Male,Jaipur,Business,181746.0,763,Verified
3414,46,Female,Jaipur,Self-Employed,194375.0,512,Pending
3415,31,Female,Chennai,Business,98271.0,671,Verified
3416,20,Female,Jaipur,Self-Employed,219797.0,723,Verified
3417,41,Male,Kolkata,Farmer,230289.0,680,Not Started
3418,54,Male,Delhi,Farmer,89209.0,554,Not Started
3419,33,Female,Lucknow,Farmer,56943.0,774,Verified
3420,72,Female,Kolkata,Farmer,188872.0,603,Verified
3421,69,Female,Delhi,Farmer,51844.0,704,Verified
3422,21,Female,Ahmedabad,Retired,145978.0,723,Pending
3423,73,Female,Chennai,Business,101890.0,711,Verified
3424,41,Female,Hyderabad,Self-Employed,276841.0,809,Not Started
3425,51,Male,Ahmedabad,Farmer,105271.0,705,Verified
3426,47,Female,Ahmedabad,Retired,258943.0,746,Verified
3427,35,Female,Kolkata,Retired,97878.0,705,Verified
3428,36,Female,Chennai,Retired,242800.0,762,Verified
3429,48,Female,Mumbai,Business,458724.0,828,Pending
3430,36,Male,Pune,Farmer,70205.0,721,Verified
3431,66,Female,Ahmedabad,Retired,158772.0,776,Verified
3432,63,Female,Jaipur,Retired,693336.0,833,Verified
3433,36,Male,Delhi,Farmer,138684.0,825,Verified
3434,39,Male,Mumbai,Business,138285.0,677,Verified
3435,41,Male,Chennai,Retired,213865.0,798,Pending
3436,62,Male,Hyderabad,Self-Employed,136578.0,731,Verified
3437,29,Male,Lucknow,Salaried,47842.0,804,Verified
3438,47,Male,Mumbai,Salaried,262859.0,758,Verified
3439,55,Female,Hyderabad,Salaried,40064.0,733,Verified
3440,70,Female,Kolkata,Business,103769.0,746,Verified
3441,48,Female,Bengaluru,Retired,274980.0,731,Not Started
3442,53,Female,Pune,Salaried,107589.0,735,Verified
3443,36,Male,Kolkata,Salaried,87885.0,696,Verified
3444,65,Male,Chennai,Farmer,225835.0,688,Verified
3445,62,Female,Bengaluru,Retired,79964.0,859,Verified
3446,53,Male,Hyderabad,Retired,64002.0,750,Verified
3447,47,Female,Bengaluru,Farmer,157111.0,661,Verified
3448,72,Female,Lucknow,Retired,119401.0,686,Verified
3449,66,Male,Jaipur,Self-Employed,63183.0,799,Verified
3450,72,Female,Jaipur,Business,195276.0,647,Verified
3451,50,Male,Kolkata,Farmer,176080.0,584,Verified
3452,35,Male,Kolkata,Salaried,107382.0,590,Verified
3453,69,Female,Chennai,Retired,111882.0,563,Verified
3454,66,Male,Chennai,Self-Employed,176705.0,599,Verified
3455,45,Female,Delhi,Self-Employed,272179.0,609,Verified
3456,64,Male,Lucknow,Business,112457.0,827,Verified
3457,28,Female,Chennai,Self-Employed,197366.0,706,Verified
3458,74,Female,Ahmedabad,Retired,187048.0,679,Verified
3459,71,Female,Lucknow,Retired,225841.0,587,Verified
3460,62,Male,Delhi,Self-Employed,136433.0,697,Pending
3461,50,Male,Jaipur,Retired,77080.0,562,Verified
3462,34,Female,Mumbai,Retired,100962.0,678,Verified
3463,23,Male,Delhi,Salaried,163687.0,885,Verified
3464,21,Female,Delhi,Farmer,396757.0,766,Verified
3465,37,Female,Kolkata,Retired,99667.0,692,Verified
3466,65,Female,Pune,Retired,215965.0,769,Verified
3467,64,Female,Bengaluru,Business,109444.0,665,Verified
3468,44,Male,Jaipur,Farmer,142384.0,641,Verified
3469,32,Female,Hyderabad,Farmer,330790.0,854,Verified
3470,23,Female,Hyderabad,Farmer,210781.0,612,Verified
3471,64,Male,Chennai,Self-Employed,63273.0,679,Not Started
3472,31,Female,Jaipur,Salaried,94515.0,736,Verified
3473,28,Male,Ahmedabad,Salaried,283150.0,630,Verified
3474,56,Male,Chennai,Business,,765,Verified
3475,26,Male,Chennai,Farmer,66883.0,683,Pending
3476,43,Female,Delhi,Farmer,81522.0,766,Verified
3477,33,Male,Jaipur,Retired,203231.0,759,Verified
3478,22,Female,Bengaluru,Self-Employed,241989.0,689,Verified
3479,74,Female,Chennai,Self-Employed,134688.0,855,Verified
3480,69,Male,Pune,Business,588415.0,653,Verified
3481,27,Male,Lucknow,Salaried,,824,Verified
3482,67,Female,Ahmedabad,Farmer,115141.0,809,Pending
3483,20,Male,Ahmedabad,Business,,860,Verified
3484,30,Female,Chennai,Self-Employed,74241.0,724,Pending
3485,60,Male,Pune,Self-Employed,162959.0,642,Verified
3486,66,Male,Lucknow,Self-Employed,99383.0,886,Pending
3487,47,Female,Mumbai,Farmer,363759.0,681,Verified
3488,71,Male,Kolkata,Farmer,321190.0,640,Verified
3489,62,Male,Kolkata,Farmer,194822.0,693,Verified
3490,23,Male,Kolkata,Retired,65683.0,626,Verified
3491,34,Male,Delhi,Salaried,89025.0,754,Verified
3492,62,Female,Ahmedabad,Self-Employed,283058.0,658,Verified
3493,68,Female,Hyderabad,Self-Employed,95050.0,685,Verified
3494,70,Male,Hyderabad,Retired,261264.0,792,Verified
3495,36,Female,Delhi,Self-Employed,177152.0,763,Pending
3496,59,Female,Chennai,Self-Employed,137452.0,711,Verified
3497,52,Male,Jaipur,Farmer,87404.0,724,Verified
3498,63,Male,Jaipur,Farmer,125927.0,711,Verified
3499,43,Female,Kolkata,Salaried,149311.0,673,Pending
3500,68,Female,Jaipur,Self-Employed,247588.0,709,Verified
3501,22,Female,Chennai,Business,78320.0,751,Not Started
3502,46,Female,Mumbai,Self-Employed,113813.0,699,Verified
3503,54,Male,Delhi,Self-Employed,136885.0,745,Verified
3504,37,Female,Mumbai,Salaried,198314.0,638,Verified
3505,66,Male,Ahmedabad,Business,77259.0,658,Verified
3506,38,Female,Jaipur,Self-Employed,60479.0,647,Verified
3507,27,Male,Lucknow,Business,199662.0,661,Verified
3508,22,Male,Kolkata,Farmer,53596.0,819,Pending
3509,53,Male,Delhi,Farmer,288078.0,771,Verified
3510,23,Female,Kolkata,Business,121351.0,618,Verified
3511,43,Male,Jaipur,Self-Employed,52653.0,747,Verified
3512,21,Male,Bengaluru,Business,99882.0,676,Verified
3513,56,Male,Jaipur,Business,167288.0,651,Verified
3514,56,Male,Delhi,Farmer,96798.0,583,Verified
3515,67,Female,Hyderabad,Business,134863.0,792,Verified
3516,52,Female,Delhi,Retired,207741.0,594,Verified
3517,18,Male,Pune,Retired,118029.0,705,Verified
3518,41,Male,Lucknow,Farmer,75945.0,629,Verified
3519,74,Female,Jaipur,Self-Employed,111370.0,775,Verified
3520,53,Male,Pune,Self-Employed,311422.0,681,Verified
3521,23,Male,Hyderabad,Farmer,366238.0,698,Verified
3522,58,Male,Chennai,Self-Employed,,701,Verified
3523,71,Male,Chennai,Salaried,256431.0,735,Verified
3524,63,Male,Lucknow,Retired,154831.0,711,Verified
3525,61,Female,Ahmedabad,Salaried,231976.0,706,Verified
3526,74,Female,Lucknow,Salaried,95770.0,665,Verified
3527,48,Female,Lucknow,Salaried,46122.0,576,Verified
3528,37,Male,Lucknow,Farmer,189225.0,614,Verified
3529,41,Male,Lucknow,Salaried,75767.0,771,Verified
3530,42,Male,Lucknow,Business,57932.0,684,Verified
3531,53,Female,Mumbai,Self-Employed,60413.0,653,Verified
3532,38,Female,Hyderabad,Farmer,191099.0,590,Verified
3533,47,Female,Delhi,Business,144882.0,563,Verified
3534,41,Male,Jaipur,Business,213092.0,650,Verified
3535,61,Male,Pune,Retired,199077.0,785,Verified
3536,59,Male,Lucknow,Retired,103512.0,662,Verified
3537,47,Female,Ahmedabad,Business,127735.0,744,Verified
3538,39,Female,Kolkata,Retired,98041.0,658,Verified
3539,45,Female,Jaipur,Self-Employed,117454.0,764,Verified
3540,24,Female,Kolkata,Self-Employed,74581.0,680,Verified
3541,52,Male,Pune,Retired,168433.0,605,Verified
3542,72,Female,Pune,Salaried,253996.0,687,Pending
3543,45,Female,Jaipur,Business,81637.0,865,Verified
3544,31,Male,Ahmedabad,Self-Employed,287438.0,862,Verified
3545,73,Male,Mumbai,Retired,142645.0,751,Pending
3546,27,Male,Chennai,Retired,,698,Pending
3547,33,Male,Pune,Self-Employed,48067.0,735,Verified
3548,33,Male,Ahmedabad,Self-Employed,45055.0,736,Verified
3549,71,Female,Pune,Salaried,145288.0,706,Verified
3550,48,Male,Bengaluru,Retired,214023.0,747,Verified
3551,59,Male,Chennai,Retired,89069.0,727,Pending
3552,42,Male,Pune,Farmer,362963.0,683,Verified
3553,30,Female,Ahmedabad,Salaried,207101.0,608,Pending
3554,23,Female,Pune,Self-Employed,77265.0,670,Verified
3555,61,Male,Kolkata,Self-Employed,135742.0,777,Verified
3556,26,Female,Jaipur,Business,588986.0,707,Not Started
3557,62,Female,Jaipur,Self-Employed,63225.0,735,Verified
3558,53,Male,Pune,Retired,182949.0,685,Verified
3559,73,Male,Ahmedabad,Self-Employed,109793.0,619,Pending
3560,60,Female,Kolkata,Retired,,689,Verified
3561,37,Female,Mumbai,Retired,285034.0,623,Verified
3562,35,Female,Mumbai,Salaried,105689.0,617,Verified
3563,60,Female,Kolkata,Self-Employed,260758.0,812,Verified
3564,74,Female,Delhi,Salaried,505206.0,674,Verified
3565,38,Female,Ahmedabad,Retired,138658.0,646,Pending
3566,21,Male,Mumbai,Self-Employed,213402.0,847,Verified
3567,67,Male,Delhi,Self-Employed,93502.0,779,Verified
3568,50,Male,Ahmedabad,Salaried,134801.0,678,Verified
3569,44,Female,Kolkata,Salaried,119850.0,746,Verified
3570,24,Female,Lucknow,Retired,214950.0,689,Verified
3571,23,Female,Delhi,Retired,274527.0,651,Pending
3572,32,Male,Delhi,Self-Employed,124767.0,750,Not Started
3573,35,Female,Pune,Self-Employed,334427.0,682,Verified
3574,49,Male,Hyderabad,Farmer,333710.0,716,Verified
3575,73,Male,Hyderabad,Farmer,221485.0,796,Verified
3576,28,Female,Ahmedabad,Business,97771.0,787,Verified
3577,37,Female,Pune,Retired,92310.0,663,Verified
3578,41,Female,Jaipur,Business,81844.0,751,Pending
3579,32,Male,Chennai,Business,235508.0,614,Verified
3580,65,Male,Lucknow,Salaried,64405.0,748,Verified
3581,24,Male,Chennai,Salaried,200006.0,722,Verified
3582,38,Male,Delhi,Farmer,69657.0,742,Verified
3583,59,Female,Bengaluru,Business,218410.0,684,Verified
3584,43,Female,Mumbai,Farmer,134636.0,887,Verified
3585,61,Female,Mumbai,Retired,296613.0,633,Verified
3586,73,Male,Pune,Self-Employed,264309.0,792,Pending
3587,31,Female,Hyderabad,Salaried,315224.0,622,Verified
3588,74,Male,Bengaluru,Retired,320133.0,752,Pending
3589,54,Female,Pune,Retired,145245.0,758,Verified
3590,38,Male,Delhi,Salaried,66485.0,714,Not Started
3591,35,Male,Bengaluru,Salaried,70862.0,667,Pending
3592,22,Male,Mumbai,Business,38097.0,721,Verified
3593,20,Female,Ahmedabad,Farmer,,732,Verified
3594,40,Male,Delhi,Retired,138870.0,862,Verified
3595,43,Male,Pune,Business,95245.0,635,Verified
3596,54,Female,Jaipur,Business,119601.0,662,Verified
3597,41,Male,Kolkata,Retired,,734,Verified
3598,66,Male,Delhi,Retired,111031.0,688,Verified
3599,36,Male,Delhi,Self-Employed,67976.0,701,Verified
3600,68,Male,Jaipur,Farmer,129063.0,800,Verified
3601,42,Female,Lucknow,Retired,77723.0,470,Verified
3602,38,Female,Ahmedabad,Salaried,,659,Verified
3603,29,Male,Jaipur,Self-Employed,298244.0,561,Verified
3604,74,Female,Chennai,Farmer,113289.0,608,Verified
3605,58,Male,Chennai,Salaried,385607.0,900,Verified
3606,50,Male,Delhi,Salaried,314576.0,760,Verified
3607,67,Male,Lucknow,Farmer,94129.0,790,Verified
3608,70,Male,Mumbai,Self-Employed,68414.0,703,Verified
3609,21,Male,Lucknow,Salaried,129116.0,774,Not Started
3610,59,Female,Chennai,Business,266198.0,559,Verified
3611,74,Female,Lucknow,Farmer,99298.0,798,Not Started
3612,24,Male,Lucknow,Farmer,229775.0,640,Verified
3613,39,Female,Ahmedabad,Retired,275148.0,664,Verified
3614,72,Female,Delhi,Self-Employed,83749.0,752,Verified
3615,50,Female,Ahmedabad,Business,88820.0,736,Verified
3616,34,Female,Mumbai,Business,204352.0,717,Verified
3617,41,Male,Mumbai,Retired,145963.0,594,Pending
3618,51,Female,Chennai,Salaried,88288.0,718,Verified
3619,45,Female,Pune,Salaried,107871.0,791,Verified
3620,60,Female,Jaipur,Business,127732.0,664,Verified
3621,58,Male,Hyderabad,Self-Employed,52109.0,821,Pending
3622,56,Male,Delhi,Salaried,210952.0,635,Verified
3623,39,Female,Pune,Farmer,99986.0,710,Verified
3624,66,Male,Delhi,Retired,25079.0,840,Verified
3625,34,Male,Jaipur,Self-Employed,131357.0,652,Not Started
3626,51,Female,Jaipur,Salaried,85396.0,799,Verified
3627,23,Male,Bengaluru,Business,367065.0,877,Verified
3628,63,Female,Ahmedabad,Retired,93782.0,724,Verified
3629,23,Female,Chennai,Salaried,68969.0,665,Verified
3630,51,Female,Bengaluru,Business,180730.0,644,Verified
3631,18,Male,Mumbai,Salaried,89656.0,820,Verified
3632,27,Male,Hyderabad,Retired,83477.0,818,Verified
3633,38,Female,Chennai,Farmer,180900.0,833,Verified
3634,22,Female,Mumbai,Farmer,71376.0,707,Verified
3635,19,Female,Lucknow,Business,55583.0,798,Verified
3636,39,Male,Ahmedabad,Farmer,375344.0,705,Verified
3637,65,Male,Ahmedabad,Retired,188660.0,634,Verified
3638,74,Female,Ahmedabad,Business,113718.0,805,Verified
3639,19,Male,Bengaluru,Salaried,132975.0,848,Verified
3640,27,Female,Kolkata,Self-Employed,180506.0,623,Verified
3641,51,Male,Pune,Salaried,238948.0,621,Verified
3642,33,Male,Jaipur,Retired,84661.0,713,Verified
3643,65,Male,Hyderabad,Business,165991.0,791,Verified
3644,68,Male,Jaipur,Salaried,98319.0,613,Verified
3645,56,Female,Kolkata,Business,118968.0,729,Pending
3646,39,Female,Lucknow,Farmer,146740.0,659,Verified
3647,29,Male,Lucknow,Self-Employed,132719.0,769,Verified
3648,41,Female,Lucknow,Retired,207179.0,642,Pending
3649,64,Male,Chennai,Salaried,178484.0,775,Verified
3650,57,Female,Mumbai,Self-Employed,53911.0,696,Verified
3651,55,Male,Mumbai,Retired,59001.0,630,Verified
3652,27,Female,Lucknow,Retired,106742.0,715,Verified
3653,52,Female,Hyderabad,Farmer,399183.0,545,Not Started
3654,68,Female,Bengaluru,Business,79941.0,662,Pending
3655,66,Female,Hyderabad,Business,117603.0,738,Verified
3656,49,Female,Hyderabad,Self-Employed,96586.0,559,Verified
3657,24,Female,Mumbai,Farmer,95566.0,491,Verified
3658,38,Female,Ahmedabad,Retired,148293.0,511,Verified
3659,37,Female,Hyderabad,Farmer,308805.0,822,Verified
3660,43,Male,Hyderabad,Farmer,175182.0,703,Verified
3661,21,Male,Jaipur,Self-Employed,82280.0,664,Verified
3662,63,Female,Ahmedabad,Business,695188.0,790,Verified
3663,69,Male,Mumbai,Farmer,139685.0,675,Verified
3664,39,Female,Bengaluru,Farmer,94246.0,732,Verified
3665,32,Male,Pune,Farmer,310910.0,712,Verified
3666,73,Female,Mumbai,Salaried,100565.0,669,Pending
3667,57,Male,Mumbai,Farmer,361403.0,735,Verified
3668,38,Male,Hyderabad,Farmer,79032.0,775,Pending
3669,32,Male,Jaipur,Retired,314273.0,694,Verified
3670,39,Female,Kolkata,Salaried,150336.0,670,Verified
3671,69,Male,Lucknow,Farmer,289130.0,680,Verified
3672,45,Male,Delhi,Farmer,417091.0,514,Pending
3673,31,Female,Jaipur,Self-Employed,67537.0,734,Verified
3674,44,Female,Kolkata,Self-Employed,286491.0,607,Verified
3675,58,Male,Hyderabad,Salaried,57220.0,763,Verified
3676,57,Male,Hyderabad,Retired,71089.0,702,Not Started
3677,45,Male,Bengaluru,Salaried,82286.0,718,Verified
3678,43,Female,Kolkata,Salaried,180265.0,769,Verified
3679,66,Male,Chennai,Self-Employed,135918.0,631,Verified
3680,19,Male,Lucknow,Self-Employed,120538.0,741,Verified
3681,42,Male,Delhi,Retired,145472.0,732,Not Started
3682,73,Male,Bengaluru,Farmer,189999.0,694,Verified
3683,20,Female,Jaipur,Retired,198978.0,631,Pending
3684,25,Male,Jaipur,Farmer,256915.0,760,Verified
3685,61,Male,Kolkata,Business,397131.0,769,Not Started
3686,50,Male,Lucknow,Self-Employed,131555.0,719,Verified
3687,59,Male,Lucknow,Business,97475.0,619,Verified
3688,69,Male,Jaipur,Business,192552.0,665,Verified
3689,52,Female,Chennai,Self-Employed,67067.0,704,Verified
3690,23,Female,Hyderabad,Business,88679.0,768,Verified
3691,56,Female,Lucknow,Salaried,242711.0,575,Pending
3692,69,Female,Kolkata,Farmer,123689.0,662,Verified
3693,40,Female,Jaipur,Retired,64543.0,675,Verified
3694,42,Male,Hyderabad,Self-Employed,54509.0,702,Pending
3695,67,Female,Ahmedabad,Salaried,137205.0,599,Verified
3696,60,Female,Mumbai,Retired,264379.0,691,Verified
3697,36,Female,Hyderabad,Retired,262269.0,683,Verified
3698,22,Male,Lucknow,Retired,142419.0,621,Pending
3699,68,Male,Mumbai,Business,444785.0,699,Verified
3700,28,Female,Lucknow,Business,125130.0,664,Verified
3701,73,Female,Kolkata,Business,122622.0,752,Verified
3702,29,Female,Pune,Business,28554.0,634,Verified
3703,27,Male,Hyderabad,Salaried,101883.0,717,Verified
3704,25,Male,Mumbai,Business,222172.0,641,Verified
3705,41,Male,Kolkata,Self-Employed,,659,Verified
3706,45,Female,Lucknow,Retired,80972.0,735,Verified
3707,58,Male,Hyderabad,Salaried,,729,Verified
3708,53,Male,Kolkata,Business,249728.0,674,Verified
3709,54,Female,Lucknow,Retired,134151.0,687,Verified
3710,38,Male,Pune,Salaried,33861.0,586,Verified
3711,25,Female,Pune,Retired,154566.0,829,Verified
3712,72,Male,Delhi,Salaried,210419.0,768,Verified
3713,26,Female,Bengaluru,Farmer,75474.0,765,Verified
3714,64,Female,Kolkata,Salaried,114406.0,574,Verified
3715,32,Female,Bengaluru,Business,66616.0,659,Pending
3716,65,Female,Delhi,Retired,28507.0,681,Verified
3717,63,Male,Chennai,Retired,246768.0,545,Verified
3718,57,Male,Hyderabad,Retired,132953.0,785,Verified
3719,35,Male,Lucknow,Self-Employed,347530.0,833,Pending
3720,59,Female,Jaipur,Self-Employed,222881.0,885,Verified
3721,37,Female,Bengaluru,Business,,621,Verified
3722,23,Male,Bengaluru,Farmer,126765.0,719,Verified
3723,29,Female,Kolkata,Self-Employed,187158.0,822,Verified
3724,19,Male,Hyderabad,Salaried,238025.0,688,Not Started
3725,24,Female,Kolkata,Business,161717.0,661,Verified
3726,33,Female,Pune,Farmer,258682.0,551,Verified
3727,20,Male,Bengaluru,Salaried,111524.0,806,Verified
3728,62,Male,Hyderabad,Retired,73256.0,708,Not Started
3729,20,Male,Ahmedabad,Self-Employed,128170.0,648,Pending
3730,44,Female,Chennai,Salaried,150710.0,734,Verified
3731,67,Male,Lucknow,Farmer,64801.0,723,Pending
3732,60,Male,Delhi,Business,59753.0,724,Verified
3733,57,Male,Chennai,Salaried,174282.0,691,Verified
3734,55,Male,Delhi,Business,104421.0,847,Verified
3735,50,Female,Bengaluru,Retired,120631.0,698,Verified
3736,45,Female,Chennai,Farmer,107386.0,847,Verified
3737,18,Male,Chennai,Farmer,331824.0,757,Pending
3738,72,Female,Lucknow,Self-Employed,284093.0,739,Verified
3739,25,Female,Jaipur,Farmer,63423.0,700,Verified
3740,54,Male,Lucknow,Salaried,96792.0,792,Verified
3741,49,Male,Kolkata,Salaried,221905.0,719,Verified
3742,65,Female,Jaipur,Salaried,191217.0,630,Verified
3743,60,Female,Chennai,Retired,129979.0,627,Verified
3744,54,Male,Jaipur,Farmer,67335.0,745,Verified
3745,21,Male,Jaipur,Farmer,88475.0,632,Verified
3746,47,Male,Kolkata,Salaried,97728.0,704,Verified
3747,23,Female,Hyderabad,Self-Employed,157345.0,799,Verified
3748,63,Male,Bengaluru,Self-Employed,370362.0,735,Verified
3749,71,Male,Hyderabad,Farmer,,648,Verified
3750,36,Female,Bengaluru,Farmer,71997.0,829,Verified
3751,49,Female,Hyderabad,Business,124847.0,756,Verified
3752,26,Male,Hyderabad,Farmer,247470.0,796,Verified
3753,29,Male,Delhi,Salaried,55931.0,517,Pending
3754,28,Female,Jaipur,Retired,318756.0,738,Verified
3755,63,Male,Pune,Farmer,120184.0,781,Verified
3756,72,Male,Kolkata,Farmer,85769.0,854,Verified
3757,33,Female,Hyderabad,Salaried,51016.0,585,Verified
3758,18,Male,Chennai,Business,203600.0,812,Verified
3759,62,Female,Ahmedabad,Farmer,120246.0,849,Verified
3760,72,Female,Delhi,Self-Employed,147624.0,538,Verified
3761,70,Male,Ahmedabad,Self-Employed,77615.0,750,Verified
3762,38,Male,Mumbai,Self-Employed,110034.0,762,Verified
3763,47,Female,Lucknow,Retired,99514.0,682,Verified
3764,30,Female,Mumbai,Retired,125448.0,668,Verified
3765,51,Female,Bengaluru,Farmer,89167.0,766,Verified
3766,21,Female,Hyderabad,Farmer,53077.0,657,Pending
3767,45,Male,Kolkata,Farmer,684949.0,691,Verified
3768,55,Female,Chennai,Retired,58804.0,779,Verified
3769,48,Male,Pune,Farmer,148579.0,859,Verified
3770,72,Male,Pune,Salaried,46018.0,755,Verified
3771,44,Male,Delhi,Business,40206.0,721,Verified
3772,22,Male,Delhi,Self-Employed,141308.0,666,Verified
3773,42,Female,Delhi,Self-Employed,147949.0,624,Verified
3774,20,Male,Delhi,Salaried,284048.0,804,Verified
3775,50,Male,Jaipur,Farmer,169351.0,696,Verified
3776,21,Male,Hyderabad,Retired,,807,Verified
3777,42,Female,Ahmedabad,Farmer,75376.0,681,Verified
3778,37,Female,Hyderabad,Farmer,327554.0,654,Verified
3779,51,Male,Hyderabad,Self-Employed,232655.0,745,Verified
3780,43,Male,Mumbai,Self-Employed,,703,Verified
3781,22,Male,Kolkata,Retired,,607,Verified
3782,52,Female,Chennai,Self-Employed,145282.0,864,Verified
3783,45,Female,Bengaluru,Farmer,108294.0,656,Verified
3784,46,Female,Kolkata,Salaried,211739.0,788,Not Started
3785,26,Female,Delhi,Retired,219485.0,781,Verified
3786,69,Male,Ahmedabad,Salaried,118861.0,602,Verified
3787,55,Female,Mumbai,Farmer,112587.0,624,Pending
3788,67,Female,Jaipur,Retired,327543.0,684,Verified
3789,23,Male,Ahmedabad,Salaried,233212.0,636,Verified
3790,36,Male,Mumbai,Retired,139165.0,856,Not Started
3791,61,Female,Lucknow,Farmer,50135.0,692,Pending
3792,74,Female,Jaipur,Retired,163800.0,785,Verified
3793,28,Male,Delhi,Farmer,202572.0,753,Verified
3794,19,Female,Bengaluru,Retired,25522.0,732,Verified
3795,64,Female,Delhi,Retired,154991.0,713,Verified
3796,61,Male,Ahmedabad,Self-Employed,103775.0,815,Pending
3797,61,Male,Delhi,Farmer,116715.0,639,Verified
3798,26,Male,Lucknow,Business,77309.0,856,Verified
3799,38,Female,Delhi,Retired,121916.0,600,Verified
3800,41,Male,Mumbai,Salaried,307182.0,776,Verified
3801,51,Male,Pune,Self-Employed,101942.0,590,Verified
3802,39,Male,Delhi,Self-Employed,237838.0,683,Verified
3803,20,Female,Lucknow,Retired,82142.0,717,Verified
3804,29,Male,Hyderabad,Business,210082.0,668,Verified
3805,45,Male,Hyderabad,Self-Employed,,694,Verified
3806,47,Male,Bengaluru,Farmer,164590.0,592,Verified
3807,43,Female,Bengaluru,Retired,133825.0,626,Pending
3808,65,Female,Bengaluru,Retired,195825.0,752,Verified
3809,38,Male,Kolkata,Business,28551.0,712,Pending
3810,45,Female,Chennai,Farmer,56846.0,651,Verified
3811,73,Female,Bengaluru,Farmer,171142.0,822,Verified
3812,43,Female,Delhi,Business,39100.0,606,Verified
3813,50,Female,Bengaluru,Salaried,96921.0,679,Pending
3814,38,Male,Chennai,Farmer,128978.0,667,Verified
3815,52,Male,Kolkata,Salaried,81074.0,762,Verified
3816,69,Female,Chennai,Salaried,87997.0,714,Not Started
3817,51,Female,Ahmedabad,Retired,156835.0,700,Verified
3818,58,Female,Bengaluru,Retired,244159.0,553,Verified
3819,68,Male,Bengaluru,Self-Employed,74977.0,783,Verified
3820,64,Female,Bengaluru,Retired,94369.0,691,Verified
3821,35,Female,Ahmedabad,Farmer,85926.0,719,Verified
3822,28,Male,Chennai,Farmer,31169.0,646,Verified
3823,74,Male,Mumbai,Salaried,145078.0,633,Verified
3824,40,Female,Delhi,Farmer,233475.0,837,Verified
3825,65,Female,Lucknow,Retired,245238.0,559,Verified
3826,39,Male,Delhi,Retired,79027.0,620,Verified
3827,34,Female,Bengaluru,Retired,62880.0,835,Verified
3828,22,Male,Kolkata,Business,134991.0,764,Verified
3829,61,Male,Ahmedabad,Farmer,219162.0,682,Verified
3830,28,Female,Mumbai,Self-Employed,146226.0,815,Pending
3831,47,Female,Jaipur,Farmer,158512.0,747,Verified
3832,32,Female,Mumbai,Farmer,264368.0,729,Verified
3833,44,Female,Lucknow,Business,85521.0,729,Verified
3834,52,Male,Delhi,Farmer,116777.0,749,Verified
3835,50,Female,Bengaluru,Salaried,355316.0,752,Verified
3836,37,Male,Pune,Retired,118411.0,896,Verified
3837,33,Male,Jaipur,Retired,62293.0,693,Verified
3838,51,Male,Bengaluru,Business,89178.0,696,Verified
3839,19,Male,Ahmedabad,Retired,75894.0,604,Verified
3840,52,Male,Jaipur,Salaried,165099.0,705,Pending
3841,57,Male,Lucknow,Business,77842.0,868,Verified
3842,73,Male,Pune,Self-Employed,156783.0,793,Verified
3843,45,Male,Chennai,Retired,85679.0,663,Verified
3844,64,Female,Chennai,Farmer,37271.0,712,Verified
3845,56,Male,Chennai,Salaried,160167.0,599,Verified
3846,23,Male,Kolkata,Salaried,145667.0,627,Verified
3847,26,Female,Chennai,Retired,181799.0,722,Verified
3848,37,Female,Hyderabad,Self-Employed,88984.0,667,Verified
3849,18,Female,Jaipur,Farmer,83473.0,621,Not Started
3850,25,Male,Pune,Self-Employed,169546.0,751,Verified
3851,72,Female,Ahmedabad,Self-Employed,331509.0,703,Verified
3852,40,Male,Hyderabad,Retired,134148.0,576,Verified
3853,20,Male,Hyderabad,Farmer,171914.0,533,Verified
3854,21,Male,Pune,Retired,109869.0,661,Verified
3855,42,Female,Ahmedabad,Retired,52777.0,574,Not Started
3856,64,Male,Jaipur,Salaried,238103.0,551,Not Started
3857,55,Male,Delhi,Retired,229819.0,805,Verified
3858,32,Male,Bengaluru,Business,204120.0,701,Verified
3859,38,Female,Delhi,Farmer,119471.0,687,Pending
3860,52,Female,Lucknow,Salaried,190657.0,693,Verified
3861,74,Male,Pune,Farmer,227808.0,613,Verified
3862,70,Female,Delhi,Salaried,352250.0,744,Verified
3863,70,Female,Delhi,Business,241136.0,698,Verified
3864,63,Female,Delhi,Retired,138454.0,645,Pending
3865,69,Male,Chennai,Salaried,60782.0,658,Verified
3866,31,Female,Mumbai,Salaried,146297.0,605,Verified
3867,53,Male,Delhi,Salaried,155429.0,675,Verified
3868,29,Female,Bengaluru,Business,203907.0,689,Pending
3869,34,Male,Pune,Farmer,300239.0,673,Verified
3870,56,Male,Lucknow,Business,125858.0,714,Verified
3871,26,Male,Mumbai,Salaried,470049.0,703,Verified
3872,52,Female,Kolkata,Salaried,46371.0,729,Verified
3873,30,Male,Bengaluru,Retired,171374.0,790,Verified
3874,32,Female,Bengaluru,Business,82528.0,760,Verified
3875,35,Male,Chennai,Business,42432.0,791,Verified
3876,68,Female,Chennai,Self-Employed,118058.0,637,Verified
3877,50,Female,Pune,Farmer,55587.0,666,Verified
3878,23,Female,Bengaluru,Self-Employed,120951.0,765,Verified
3879,44,Female,Ahmedabad,Self-Employed,136061.0,767,Verified
3880,40,Female,Ahmedabad,Farmer,260700.0,652,Verified
3881,44,Male,Pune,Retired,53930.0,761,Verified
3882,51,Female,Delhi,Retired,229824.0,629,Verified
3883,73,Male,Hyderabad,Farmer,141329.0,750,Verified
3884,63,Female,Kolkata,Farmer,247041.0,707,Verified
3885,55,Female,Lucknow,Business,102842.0,592,Verified
3886,31,Male,Chennai,Business,59913.0,673,Verified
3887,53,Male,Lucknow,Business,64183.0,895,Verified
3888,70,Male,Hyderabad,Business,61385.0,727,Verified
3889,25,Female,Jaipur,Salaried,177493.0,900,Verified
3890,52,Female,Pune,Salaried,323241.0,587,Verified
3891,36,Female,Delhi,Retired,94943.0,773,Verified
3892,47,Female,Mumbai,Salaried,194363.0,494,Verified
3893,31,Female,Delhi,Salaried,53420.0,709,Verified
3894,37,Male,Bengaluru,Business,148478.0,763,Verified
3895,66,Male,Delhi,Business,199015.0,781,Verified
3896,42,Female,Bengaluru,Farmer,55889.0,642,Pending
3897,57,Female,Lucknow,Business,117909.0,798,Verified
3898,41,Female,Jaipur,Farmer,204751.0,664,Verified
3899,31,Male,Chennai,Farmer,22919.0,696,Verified
3900,43,Male,Jaipur,Salaried,296936.0,673,Verified
3901,55,Male,Bengaluru,Business,164754.0,613,Pending
3902,40,Male,Mumbai,Salaried,204851.0,843,Pending
3903,39,Male,Hyderabad,Business,104023.0,714,Verified
3904,65,Female,Lucknow,Salaried,47399.0,802,Verified
3905,74,Male,Lucknow,Salaried,183586.0,798,Pending
3906,36,Female,Delhi,Salaried,126810.0,627,Verified
3907,63,Male,Chennai,Retired,135845.0,813,Verified
3908,68,Female,Delhi,Salaried,255906.0,752,Verified
3909,20,Male,Delhi,Self-Employed,210499.0,621,Verified
3910,59,Male,Bengaluru,Self-Employed,421992.0,748,Verified
3911,36,Male,Hyderabad,Self-Employed,146139.0,623,Verified
3912,26,Female,Chennai,Farmer,,846,Verified
3913,45,Female,Delhi,Salaried,119008.0,779,Pending
3914,37,Male,Lucknow,Self-Employed,170996.0,703,Not Started
3915,62,Male,Delhi,Farmer,245123.0,817,Verified
3916,24,Female,Kolkata,Self-Employed,55259.0,575,Not Started
3917,31,Male,Pune,Business,133937.0,646,Verified
3918,26,Male,Lucknow,Retired,350013.0,688,Verified
3919,72,Female,Kolkata,Salaried,115367.0,900,Verified
3920,74,Female,Pune,Retired,232957.0,619,Verified
3921,36,Male,Mumbai,Retired,179131.0,564,Verified
3922,64,Male,Kolkata,Business,236456.0,587,Verified
3923,69,Female,Bengaluru,Business,81973.0,787,Verified
3924,31,Male,Mumbai,Business,82188.0,659,Verified
3925,73,Male,Ahmedabad,Farmer,134883.0,696,Verified
3926,55,Female,Chennai,Self-Employed,53139.0,774,Verified
3927,70,Female,Lucknow,Salaried,113341.0,696,Verified
3928,53,Male,Ahmedabad,Business,155085.0,727,Verified
3929,57,Female,Lucknow,Salaried,388785.0,755,Verified
3930,34,Female,Chennai,Salaried,169673.0,673,Verified
3931,47,Male,Chennai,Salaried,193908.0,695,Verified
3932,26,Female,Lucknow,Business,267985.0,730,Not Started
3933,50,Male,Chennai,Business,74698.0,783,Verified
3934,73,Male,Kolkata,Self-Employed,120686.0,642,Verified
3935,69,Female,Jaipur,Business,,453,Not Started
3936,42,Male,Hyderabad,Business,127074.0,767,Verified
3937,31,Male,Lucknow,Salaried,260370.0,788,Verified
3938,28,Male,Ahmedabad,Self-Employed,237576.0,727,Verified
3939,70,Male,Ahmedabad,Retired,54892.0,732,Verified
3940,52,Female,Chennai,Business,160538.0,662,Verified
3941,58,Female,Lucknow,Business,,752,Verified
3942,31,Female,Jaipur,Retired,162426.0,782,Verified
3943,47,Male,Jaipur,Salaried,84756.0,714,Verified
3944,58,Male,Hyderabad,Self-Employed,68176.0,900,Verified
3945,21,Male,Kolkata,Salaried,100147.0,577,Verified
3946,21,Male,Hyderabad,Farmer,125658.0,723,Verified
3947,45,Male,Bengaluru,Business,,610,Verified
3948,25,Female,Ahmedabad,Farmer,396482.0,784,Verified
3949,19,Female,Jaipur,Business,,575,Verified
3950,58,Female,Chennai,Farmer,223264.0,596,Verified
3951,63,Male,Jaipur,Retired,72940.0,656,Verified
3952,39,Female,Jaipur,Business,104262.0,732,Verified
3953,58,Male,Pune,Business,151139.0,659,Verified
3954,73,Male,Ahmedabad,Farmer,91175.0,660,Verified
3955,72,Female,Bengaluru,Self-Employed,188400.0,694,Not Started
3956,33,Female,Hyderabad,Farmer,205313.0,689,Verified
3957,46,Male,Bengaluru,Business,183831.0,836,Verified
3958,66,Male,Pune,Business,246491.0,768,Verified
3959,65,Male,Kolkata,Self-Employed,77439.0,682,Verified
3960,47,Female,Bengaluru,Salaried,233211.0,888,Verified
3961,29,Male,Jaipur,Self-Employed,87782.0,751,Verified
3962,52,Female,Mumbai,Salaried,75769.0,627,Verified
3963,28,Male,Lucknow,Business,183372.0,731,Verified
3964,63,Male,Bengaluru,Retired,276378.0,755,Verified
3965,67,Male,Lucknow,Retired,178583.0,651,Verified
3966,38,Male,Pune,Farmer,134926.0,620,Verified
3967,38,Male,Bengaluru,Self-Employed,160507.0,717,Verified
3968,22,Female,Bengaluru,Self-Employed,144619.0,679,Verified
3969,65,Female,Delhi,Retired,67808.0,835,Verified
3970,37,Female,Jaipur,Salaried,63223.0,772,Verified
3971,54,Female,Chennai,Self-Employed,127097.0,655,Verified
3972,20,Female,Lucknow,Salaried,139792.0,746,Verified
3973,61,Female,Kolkata,Salaried,134161.0,817,Verified
3974,50,Female,Delhi,Salaried,199918.0,591,Verified
3975,70,Male,Jaipur,Salaried,117092.0,623,Verified
3976,26,Male,Pune,Farmer,186799.0,709,Verified
3977,26,Male,Lucknow,Farmer,122180.0,713,Verified
3978,21,Male,Hyderabad,Retired,397924.0,705,Verified
3979,52,Male,Pune,Farmer,139864.0,683,Verified
3980,34,Female,Chennai,Self-Employed,542766.0,682,Verified
3981,51,Male,Lucknow,Farmer,164589.0,742,Verified
3982,41,Male,Pune,Self-Employed,117218.0,806,Verified
3983,49,Female,Delhi,Self-Employed,77678.0,669,Verified
3984,18,Male,Pune,Salaried,56065.0,900,Verified
3985,25,Male,Chennai,Retired,73507.0,876,Verified
3986,62,Male,Chennai,Salaried,78609.0,822,Verified
3987,40,Male,Mumbai,Salaried,168871.0,762,Verified
3988,64,Male,Bengaluru,Farmer,97178.0,880,Not Started
3989,57,Female,Hyderabad,Farmer,149068.0,685,Verified
3990,29,Female,Hyderabad,Self-Employed,287560.0,639,Verified
3991,71,Male,Delhi,Farmer,126414.0,665,Not Started
3992,29,Male,Chennai,Farmer,463932.0,624,Verified
3993,63,Male,Mumbai,Business,65809.0,720,Verified
3994,64,Female,Jaipur,Self-Employed,121741.0,735,Verified
3995,32,Male,Mumbai,Self-Employed,96415.0,727,Verified
3996,58,Male,Kolkata,Business,233726.0,708,Verified
3997,36,Female,Pune,Self-Employed,34757.0,721,Verified
3998,43,Male,Bengaluru,Retired,56057.0,857,Verified
3999,69,Male,Mumbai,Retired,124940.0,762,Verified
4000,46,Male,Pune,Business,338009.0,788,Verified
4001,39,Female,Bengaluru,Farmer,,726,Verified
4002,57,Female,Lucknow,Retired,59223.0,572,Verified
4003,38,Female,Kolkata,Business,64971.0,555,Verified
4004,68,Male,Kolkata,Retired,,887,Verified
4005,55,Female,Chennai,Salaried,91796.0,664,Verified
4006,37,Female,Kolkata,Business,75676.0,657,Verified
4007,74,Female,Lucknow,Self-Employed,323328.0,730,Pending
4008,46,Male,Chennai,Retired,244424.0,756,Verified
4009,68,Female,Ahmedabad,Self-Employed,286197.0,767,Not Started
4010,21,Male,Jaipur,Business,75356.0,860,Verified
4011,72,Male,Delhi,Retired,53366.0,837,Verified
4012,24,Female,Pune,Self-Employed,144336.0,641,Pending
4013,45,Male,Jaipur,Farmer,162930.0,792,Verified
4014,45,Female,Jaipur,Farmer,165837.0,677,Verified
4015,21,Male,Hyderabad,Salaried,323486.0,698,Verified
4016,39,Male,Mumbai,Business,47086.0,617,Verified
4017,29,Female,Kolkata,Self-Employed,223199.0,566,Pending
4018,62,Female,Ahmedabad,Salaried,69011.0,707,Verified
4019,20,Male,Mumbai,Business,222669.0,628,Verified
4020,39,Male,Delhi,Farmer,100210.0,788,Verified
4021,61,Female,Mumbai,Self-Employed,81766.0,686,Verified
4022,19,Male,Hyderabad,Retired,92416.0,736,Verified
4023,41,Female,Delhi,Farmer,55974.0,826,Verified
4024,51,Female,Lucknow,Retired,136524.0,583,Pending
4025,44,Male,Lucknow,Retired,83817.0,648,Verified
4026,72,Male,Chennai,Self-Employed,213583.0,725,Verified
4027,58,Male,Mumbai,Self-Employed,195640.0,736,Verified
4028,18,Female,Pune,Retired,366918.0,803,Verified
4029,25,Male,Ahmedabad,Salaried,166009.0,783,Verified
4030,40,Male,Hyderabad,Retired,182117.0,718,Verified
4031,55,Male,Delhi,Retired,308680.0,735,Pending
4032,23,Female,Ahmedabad,Self-Employed,91437.0,738,Verified
4033,39,Male,Mumbai,Business,54559.0,585,Verified
4034,42,Male,Pune,Farmer,150250.0,696,Verified
4035,35,Female,Mumbai,Self-Employed,56751.0,731,Verified
4036,34,Female,Kolkata,Salaried,580917.0,748,Not Started
4037,29,Female,Kolkata,Farmer,319112.0,631,Pending
4038,23,Male,Hyderabad,Self-Employed,488154.0,602,Verified
4039,43,Male,Delhi,Self-Employed,138340.0,690,Verified
4040,44,Female,Delhi,Business,185414.0,877,Verified
4041,25,Male,Jaipur,Salaried,101145.0,640,Verified
4042,36,Female,Hyderabad,Salaried,226331.0,809,Verified
4043,59,Female,Hyderabad,Self-Employed,64259.0,844,Verified
4044,18,Male,Pune,Business,28974.0,713,Pending
4045,74,Female,Kolkata,Self-Employed,82915.0,652,Verified
4046,46,Female,Delhi,Retired,55643.0,753,Not Started
4047,62,Male,Mumbai,Retired,323436.0,726,Verified
4048,66,Female,Hyderabad,Business,396094.0,636,Verified
4049,52,Male,Chennai,Self-Employed,57425.0,654,Verified
4050,57,Male,Bengaluru,Business,289245.0,748,Verified
4051,31,Male,Delhi,Self-Employed,235822.0,789,Verified
4052,52,Female,Lucknow,Self-Employed,51955.0,682,Pending
4053,65,Female,Delhi,Retired,105434.0,704,Verified
4054,62,Male,Chennai,Farmer,94080.0,766,Verified
4055,37,Male,Delhi,Salaried,208730.0,695,Pending
4056,73,Female,Chennai,Salaried,,684,Verified
4057,66,Male,Bengaluru,Business,125577.0,645,Verified
4058,30,Female,Jaipur,Salaried,88295.0,644,Verified
4059,55,Male,Pune,Retired,177018.0,900,Verified
4060,66,Male,Bengaluru,Farmer,116999.0,693,Verified
4061,63,Male,Ahmedabad,Self-Employed,96650.0,826,Verified
4062,66,Female,Jaipur,Self-Employed,117245.0,853,Verified
4063,25,Male,Pune,Retired,452085.0,694,Verified
4064,60,Female,Kolkata,Salaried,103763.0,741,Verified
4065,37,Male,Chennai,Self-Employed,71353.0,718,Verified
4066,50,Male,Hyderabad,Salaried,189105.0,572,Verified
4067,43,Male,Ahmedabad,Retired,122258.0,578,Verified
4068,56,Female,Bengaluru,Self-Employed,57003.0,714,Not Started
4069,38,Female,Delhi,Business,508336.0,673,Verified
4070,70,Male,Bengaluru,Farmer,107852.0,870,Verified
4071,66,Male,Pune,Salaried,106221.0,689,Verified
4072,59,Male,Ahmedabad,Salaried,146664.0,875,Verified
4073,60,Male,Mumbai,Salaried,376273.0,669,Verified
4074,71,Male,Pune,Salaried,48638.0,872,Verified
4075,58,Female,Jaipur,Retired,157250.0,753,Pending
4076,26,Female,Bengaluru,Retired,466197.0,757,Verified
4077,41,Male,Bengaluru,Retired,143952.0,666,Verified
4078,54,Male,Ahmedabad,Retired,63500.0,759,Pending
4079,66,Female,Chennai,Self-Employed,91946.0,853,Verified
4080,58,Female,Ahmedabad,Retired,150863.0,697,Verified
4081,34,Male,Hyderabad,Self-Employed,296109.0,681,Verified
4082,41,Male,Bengaluru,Business,108706.0,689,Verified
4083,38,Male,Chennai,Retired,218817.0,847,Verified
4084,68,Male,Chennai,Business,56319.0,782,Verified
4085,56,Male,Ahmedabad,Retired,56037.0,833,Verified
4086,72,Male,Kolkata,Business,99740.0,736,Verified
4087,58,Female,Pune,Farmer,315785.0,713,Verified
4088,56,Male,Jaipur,Business,138874.0,746,Verified
4089,30,Male,Kolkata,Self-Employed,158560.0,800,Verified
4090,28,Male,Bengaluru,Salaried,157448.0,688,Pending
4091,63,Female,Bengaluru,Business,259244.0,826,Verified
4092,36,Female,Bengaluru,Salaried,92399.0,741,Verified
4093,28,Male,Lucknow,Farmer,201384.0,505,Verified
4094,30,Male,Delhi,Farmer,80941.0,785,Verified
4095,63,Female,Mumbai,Self-Employed,437995.0,601,Verified
4096,62,Male,Lucknow,Self-Employed,82435.0,783,Verified
4097,18,Male,Mumbai,Business,78477.0,786,Verified
4098,57,Male,Chennai,Retired,185313.0,738,Not Started
4099,61,Male,Bengaluru,Farmer,139787.0,756,Verified
4100,36,Male,Hyderabad,Salaried,162123.0,803,Verified
4101,29,Female,Jaipur,Retired,152724.0,667,Verified
4102,25,Female,Ahmedabad,Farmer,69270.0,777,Verified
4103,25,Male,Jaipur,Business,350815.0,808,Not Started
4104,70,Female,Hyderabad,Farmer,227778.0,859,Verified
4105,62,Male,Ahmedabad,Self-Employed,301152.0,616,Verified
4106,29,Male,Chennai,Salaried,97052.0,744,Verified
4107,65,Female,Hyderabad,Salaried,171085.0,628,Not Started
4108,50,Female,Bengaluru,Self-Employed,150005.0,624,Verified
4109,62,Male,Hyderabad,Retired,262184.0,740,Verified
4110,43,Male,Bengaluru,Self-Employed,,716,Verified
4111,56,Female,Hyderabad,Salaried,149616.0,807,Verified
4112,45,Female,Hyderabad,Business,,680,Verified
4113,22,Female,Kolkata,Retired,387626.0,698,Verified
4114,25,Male,Jaipur,Farmer,186017.0,727,Verified
4115,42,Male,Mumbai,Business,92498.0,636,Pending
4116,44,Male,Lucknow,Retired,170063.0,648,Verified
4117,63,Male,Kolkata,Salaried,53817.0,804,Verified
4118,40,Female,Mumbai,Salaried,251001.0,663,Verified
4119,47,Male,Kolkata,Business,55120.0,810,Not Started
4120,62,Male,Delhi,Retired,116716.0,761,Verified
4121,64,Female,Ahmedabad,Farmer,154303.0,578,Verified
4122,40,Male,Bengaluru,Farmer,248526.0,755,Pending
4123,66,Male,Lucknow,Self-Employed,142049.0,754,Pending
4124,64,Female,Kolkata,Business,195043.0,745,Verified
4125,37,Female,Kolkata,Retired,131019.0,697,Pending
4126,35,Female,Chennai,Business,130704.0,630,Verified
4127,35,Male,Hyderabad,Farmer,140265.0,824,Verified
4128,19,Female,Delhi,Retired,118963.0,701,Verified
4129,21,Female,Lucknow,Salaried,48439.0,634,Verified
4130,47,Male,Lucknow,Salaried,84036.0,748,Verified
4131,50,Male,Ahmedabad,Retired,154333.0,646,Verified
4132,53,Female,Lucknow,Business,,629,Verified
4133,35,Male,Pune,Business,121360.0,678,Verified
4134,54,Female,Lucknow,Salaried,109753.0,653,Verified
4135,36,Male,Kolkata,Salaried,79367.0,632,Verified
4136,64,Male,Pune,Farmer,99125.0,778,Pending
4137,45,Male,Mumbai,Retired,110846.0,700,Verified
4138,57,Female,Hyderabad,Business,133664.0,816,Verified
4139,37,Male,Pune,Farmer,168725.0,637,Verified
4140,66,Female,Mumbai,Business,119572.0,563,Not Started
4141,50,Female,Delhi,Salaried,71841.0,722,Verified
4142,29,Female,Jaipur,Retired,57593.0,867,Not Started
4143,68,Female,Bengaluru,Self-Employed,633150.0,755,Verified
4144,32,Female,Kolkata,Retired,67651.0,900,Verified
4145,58,Male,Pune,Self-Employed,97619.0,738,Verified
4146,56,Female,Jaipur,Farmer,181716.0,730,Verified
4147,19,Female,Hyderabad,Self-Employed,165465.0,526,Verified
4148,46,Male,Chennai,Self-Employed,182138.0,746,Verified
4149,58,Male,Delhi,Farmer,102168.0,724,Verified
4150,27,Female,Bengaluru,Retired,153758.0,675,Verified
4151,19,Male,Hyderabad,Farmer,138248.0,698,Verified
4152,68,Female,Delhi,Salaried,110495.0,704,Verified
4153,28,Male,Chennai,Salaried,154391.0,694,Verified
4154,30,Male,Mumbai,Self-Employed,251003.0,887,Verified
4155,27,Female,Chennai,Farmer,131489.0,678,Verified
4156,31,Male,Pune,Farmer,132015.0,724,Verified
4157,35,Male,Bengaluru,Farmer,252937.0,675,Verified
4158,68,Female,Lucknow,Retired,237237.0,776,Verified
4159,71,Male,Ahmedabad,Business,344677.0,725,Verified
4160,26,Female,Kolkata,Business,,686,Verified
4161,74,Female,Kolkata,Business,229365.0,546,Verified
4162,56,Female,Mumbai,Retired,191176.0,730,Verified
4163,45,Male,Hyderabad,Farmer,78324.0,683,Verified
4164,20,Male,Bengaluru,Business,154965.0,704,Verified
4165,37,Female,Lucknow,Farmer,250364.0,609,Verified
4166,23,Female,Mumbai,Self-Employed,81024.0,831,Pending
4167,44,Female,Ahmedabad,Business,173779.0,782,Verified
4168,70,Female,Pune,Self-Employed,224765.0,831,Pending
4169,19,Male,Pune,Retired,70080.0,807,Verified
4170,46,Male,Lucknow,Salaried,122348.0,760,Verified
4171,55,Male,Lucknow,Retired,159625.0,612,Verified
4172,20,Male,Lucknow,Retired,82646.0,866,Not Started
4173,33,Male,Chennai,Retired,78630.0,631,Verified
4174,47,Female,Kolkata,Business,122881.0,687,Verified
4175,57,Male,Jaipur,Self-Employed,215558.0,770,Verified
4176,19,Male,Bengaluru,Business,196073.0,774,Verified
4177,34,Male,Jaipur,Salaried,79471.0,758,Verified
4178,58,Female,Chennai,Retired,197067.0,675,Pending
4179,29,Female,Hyderabad,Farmer,80695.0,658,Verified
4180,52,Female,Pune,Salaried,50711.0,900,Verified
4181,60,Female,Kolkata,Self-Employed,106907.0,706,Verified
4182,18,Male,Lucknow,Salaried,261393.0,696,Not Started
4183,72,Female,Ahmedabad,Business,197516.0,649,Verified
4184,62,Male,Ahmedabad,Farmer,133127.0,730,Pending
4185,32,Male,Ahmedabad,Business,103775.0,726,Verified
4186,43,Female,Bengaluru,Retired,105466.0,708,Verified
4187,54,Female,Lucknow,Retired,142240.0,742,Verified
4188,38,Male,Kolkata,Salaried,70188.0,859,Pending
4189,66,Male,Pune,Retired,108135.0,659,Verified
4190,48,Female,Jaipur,Retired,117085.0,713,Verified
4191,42,Male,Lucknow,Self-Employed,59240.0,654,Verified
4192,40,Male,Lucknow,Self-Employed,80574.0,735,Verified
4193,41,Male,Chennai,Business,170468.0,661,Verified
4194,74,Male,Hyderabad,Business,134015.0,665,Verified
4195,55,Female,Ahmedabad,Self-Employed,110718.0,585,Verified
4196,45,Male,Mumbai,Salaried,77122.0,718,Verified
4197,38,Male,Kolkata,Self-Employed,343214.0,746,Verified
4198,71,Male,Chennai,Business,80597.0,868,Verified
4199,60,Female,Hyderabad,Farmer,154965.0,749,Verified
4200,35,Male,Hyderabad,Retired,99437.0,671,Verified
4201,53,Male,Delhi,Farmer,136185.0,594,Verified
4202,52,Male,Ahmedabad,Farmer,175355.0,606,Verified
4203,62,Female,Delhi,Retired,58562.0,599,Verified
4204,72,Female,Chennai,Self-Employed,132724.0,869,Verified
4205,26,Female,Hyderabad,Salaried,272239.0,734,Verified
4206,70,Female,Mumbai,Farmer,383426.0,660,Verified
4207,55,Female,Kolkata,Salaried,123253.0,628,Verified
4208,47,Female,Delhi,Business,136627.0,637,Verified
4209,61,Male,Hyderabad,Farmer,,658,Not Started
4210,51,Male,Kolkata,Business,263275.0,821,Verified
4211,49,Female,Ahmedabad,Self-Employed,92008.0,707,Verified
4212,20,Male,Jaipur,Farmer,91914.0,586,Verified
4213,20,Male,Kolkata,Business,236554.0,900,Verified
4214,45,Female,Hyderabad,Business,72648.0,613,Verified
4215,61,Male,Chennai,Self-Employed,255924.0,659,Verified
4216,32,Female,Delhi,Salaried,162849.0,821,Verified
4217,58,Female,Delhi,Salaried,181795.0,745,Verified
4218,40,Male,Pune,Farmer,114229.0,670,Pending
4219,57,Female,Hyderabad,Self-Employed,,605,Verified
4220,28,Male,Pune,Farmer,320358.0,627,Verified
4221,65,Male,Mumbai,Salaried,114916.0,632,Verified
4222,49,Female,Mumbai,Self-Employed,,710,Verified
4223,74,Female,Hyderabad,Retired,126997.0,726,Verified
4224,71,Female,Delhi,Self-Employed,149614.0,697,Verified
4225,53,Male,Ahmedabad,Self-Employed,71790.0,706,Verified
4226,50,Female,Bengaluru,Retired,94947.0,620,Verified
4227,41,Male,Mumbai,Business,91967.0,734,Verified
4228,56,Female,Delhi,Business,221276.0,818,Verified
4229,51,Male,Lucknow,Business,,696,Verified
4230,73,Female,Lucknow,Salaried,46469.0,694,Verified
4231,45,Male,Pune,Self-Employed,40935.0,717,Verified
4232,54,Male,Kolkata,Retired,55148.0,805,Verified
4233,24,Male,Ahmedabad,Salaried,301620.0,633,Verified
4234,21,Female,Pune,Retired,134554.0,833,Verified
4235,54,Female,Lucknow,Salaried,180007.0,745,Verified
4236,73,Female,Ahmedabad,Salaried,183853.0,712,Pending
4237,18,Male,Bengaluru,Salaried,137821.0,813,Pending
4238,18,Male,Kolkata,Retired,127406.0,609,Pending
4239,64,Male,Pune,Farmer,249376.0,754,Verified
4240,37,Female,Lucknow,Salaried,145451.0,746,Verified
4241,36,Male,Mumbai,Business,308494.0,630,Verified
4242,46,Female,Mumbai,Self-Employed,193397.0,749,Verified
4243,27,Female,Pune,Farmer,91980.0,734,Verified
4244,35,Female,Bengaluru,Farmer,98886.0,694,Verified
4245,45,Female,Bengaluru,Retired,86122.0,783,Not Started
4246,52,Female,Hyderabad,Farmer,276656.0,661,Verified
4247,60,Female,Kolkata,Retired,104503.0,732,Verified
4248,64,Male,Delhi,Retired,82530.0,698,Verified
4249,48,Female,Bengaluru,Business,161436.0,657,Verified
4250,44,Male,Kolkata,Salaried,125706.0,752,Verified
4251,28,Male,Bengaluru,Farmer,,692,Verified
4252,66,Male,Hyderabad,Salaried,414111.0,584,Not Started
4253,66,Male,Jaipur,Salaried,230462.0,556,Verified
4254,55,Male,Bengaluru,Salaried,135429.0,777,Verified
4255,22,Male,Kolkata,Retired,57236.0,606,Not Started
4256,25,Female,Hyderabad,Salaried,98718.0,733,Verified
4257,51,Male,Hyderabad,Farmer,,714,Verified
4258,65,Male,Kolkata,Retired,65998.0,678,Verified
4259,69,Male,Kolkata,Farmer,481462.0,876,Verified
4260,73,Female,Mumbai,Retired,134410.0,725,Verified
4261,29,Female,Jaipur,Self-Employed,137216.0,774,Verified
4262,55,Female,Hyderabad,Self-Employed,89323.0,734,Verified
4263,18,Female,Mumbai,Self-Employed,179520.0,690,Verified
4264,48,Male,Ahmedabad,Self-Employed,66516.0,708,Verified
4265,21,Female,Pune,Retired,488422.0,833,Verified
4266,66,Male,Pune,Salaried,293728.0,802,Verified
4267,62,Male,Hyderabad,Business,240525.0,875,Verified
4268,67,Female,Mumbai,Business,57858.0,728,Verified
4269,22,Male,Jaipur,Self-Employed,,635,Verified
4270,47,Female,Jaipur,Salaried,275255.0,672,Verified
4271,73,Female,Ahmedabad,Farmer,190206.0,609,Verified
4272,41,Male,Hyderabad,Salaried,73038.0,775,Verified
4273,20,Male,Bengaluru,Farmer,90214.0,660,Verified
4274,28,Male,Ahmedabad,Business,101604.0,450,Verified
4275,62,Female,Mumbai,Salaried,92775.0,900,Verified
4276,21,Female,Bengaluru,Salaried,333456.0,661,Verified
4277,43,Male,Pune,Business,42083.0,660,Pending
4278,44,Male,Chennai,Salaried,197511.0,852,Verified
4279,63,Female,Pune,Farmer,61366.0,607,Verified
4280,71,Female,Hyderabad,Salaried,74851.0,806,Pending
4281,60,Male,Kolkata,Farmer,39901.0,660,Verified
4282,44,Male,Pune,Self-Employed,95853.0,597,Verified
4283,59,Female,Lucknow,Salaried,329865.0,854,Verified
4284,68,Male,Pune,Farmer,156200.0,788,Not Started
4285,67,Male,Pune,Business,64925.0,788,Verified
4286,23,Female,Pune,Self-Employed,245313.0,741,Verified
4287,32,Female,Pune,Salaried,278949.0,760,Verified
4288,70,Male,Bengaluru,Farmer,141836.0,605,Verified
4289,47,Male,Bengaluru,Salaried,451734.0,719,Verified
4290,59,Male,Pune,Farmer,218150.0,631,Verified
4291,54,Male,Delhi,Salaried,200705.0,591,Verified
4292,54,Female,Delhi,Self-Employed,82287.0,744,Verified
4293,59,Male,Bengaluru,Self-Employed,,808,Verified
4294,54,Female,Chennai,Salaried,151763.0,677,Verified
4295,52,Female,Kolkata,Salaried,182025.0,691,Verified
4296,40,Male,Ahmedabad,Retired,88367.0,613,Verified
4297,23,Male,Lucknow,Salaried,143898.0,710,Verified
4298,21,Male,Lucknow,Salaried,81624.0,774,Verified
4299,35,Female,Pune,Self-Employed,36744.0,777,Verified
4300,26,Female,Chennai,Salaried,242555.0,756,Verified
4301,66,Male,Delhi,Business,54099.0,657,Pending
4302,46,Female,Delhi,Salaried,142104.0,654,Verified
4303,30,Female,Chennai,Retired,162722.0,777,Verified
4304,64,Female,Kolkata,Farmer,162095.0,779,Verified
4305,69,Male,Bengaluru,Self-Employed,112437.0,695,Verified
4306,34,Female,Kolkata,Business,156800.0,673,Verified
4307,62,Female,Hyderabad,Farmer,176766.0,809,Verified
4308,49,Male,Hyderabad,Business,207105.0,679,Verified
4309,65,Male,Delhi,Self-Employed,377024.0,773,Verified
4310,39,Male,Ahmedabad,Retired,,698,Pending
4311,21,Male,Hyderabad,Self-Employed,138473.0,620,Verified
4312,22,Male,Delhi,Business,77340.0,847,Verified
4313,54,Female,Pune,Business,173090.0,720,Pending
4314,58,Male,Jaipur,Self-Employed,198875.0,649,Verified
4315,66,Male,Jaipur,Salaried,118731.0,591,Verified
4316,30,Female,Mumbai,Self-Employed,184752.0,600,Verified
4317,51,Male,Pune,Retired,111803.0,678,Verified
4318,62,Male,Jaipur,Self-Employed,199306.0,873,Verified
4319,39,Female,Kolkata,Farmer,230398.0,660,Verified
4320,70,Female,Mumbai,Salaried,228474.0,833,Verified
4321,40,Female,Delhi,Farmer,143015.0,698,Verified
4322,68,Female,Chennai,Self-Employed,71398.0,609,Verified
4323,20,Male,Chennai,Salaried,92305.0,669,Verified
4324,59,Female,Delhi,Farmer,190440.0,601,Verified
4325,51,Male,Ahmedabad,Farmer,579133.0,637,Verified
4326,49,Female,Delhi,Salaried,108615.0,634,Verified
4327,62,Male,Bengaluru,Salaried,,548,Verified
4328,68,Female,Chennai,Business,,838,Verified
4329,66,Female,Jaipur,Salaried,74282.0,727,Verified
4330,38,Female,Lucknow,Self-Employed,88806.0,651,Verified
4331,63,Male,Mumbai,Retired,38197.0,728,Verified
4332,61,Male,Ahmedabad,Business,300157.0,638,Verified
4333,38,Female,Hyderabad,Salaried,34959.0,482,Verified
4334,61,Female,Pune,Retired,113744.0,900,Verified
4335,28,Male,Ahmedabad,Business,65718.0,726,Pending
4336,56,Female,Hyderabad,Self-Employed,,659,Verified
4337,21,Female,Ahmedabad,Retired,304344.0,545,Verified
4338,68,Male,Lucknow,Salaried,150338.0,582,Verified
4339,18,Female,Ahmedabad,Salaried,74665.0,850,Verified
4340,45,Male,Jaipur,Self-Employed,93554.0,837,Verified
4341,41,Male,Delhi,Business,84180.0,774,Verified
4342,52,Male,Bengaluru,Retired,129816.0,615,Verified
4343,30,Female,Mumbai,Self-Employed,147818.0,838,Pending
4344,64,Female,Chennai,Business,415544.0,748,Verified
4345,51,Male,Hyderabad,Farmer,42202.0,765,Verified
4346,28,Female,Mumbai,Farmer,130498.0,747,Verified
4347,53,Female,Ahmedabad,Business,110267.0,581,Verified
4348,68,Female,Delhi,Salaried,235138.0,608,Verified
4349,34,Male,Mumbai,Salaried,164866.0,666,Pending
4350,52,Female,Delhi,Farmer,189893.0,764,Verified
4351,35,Male,Hyderabad,Salaried,163907.0,592,Not Started
4352,57,Male,Jaipur,Salaried,76176.0,695,Verified
4353,39,Male,Jaipur,Business,275615.0,694,Verified
4354,74,Male,Delhi,Business,215153.0,777,Verified
4355,41,Female,Delhi,Salaried,230803.0,767,Verified
4356,36,Male,Bengaluru,Business,284483.0,624,Verified
4357,54,Female,Pune,Retired,171203.0,832,Verified
4358,56,Male,Bengaluru,Farmer,324031.0,611,Verified
4359,38,Male,Mumbai,Retired,167139.0,802,Verified
4360,25,Female,Kolkata,Retired,116840.0,663,Verified
4361,45,Female,Bengaluru,Salaried,132725.0,723,Verified
4362,22,Male,Mumbai,Salaried,131360.0,729,Verified
4363,34,Male,Chennai,Retired,97574.0,726,Verified
4364,54,Male,Mumbai,Retired,354737.0,767,Verified
4365,53,Male,Mumbai,Self-Employed,159178.0,743,Verified
4366,71,Female,Delhi,Self-Employed,141046.0,776,Verified
4367,36,Female,Lucknow,Farmer,168209.0,749,Pending
4368,44,Male,Ahmedabad,Retired,796444.0,602,Pending
4369,70,Female,Delhi,Business,,732,Verified
4370,51,Female,Delhi,Self-Employed,80256.0,662,Verified
4371,28,Male,Lucknow,Salaried,58201.0,615,Verified
4372,71,Male,Lucknow,Retired,115895.0,685,Pending
4373,62,Female,Ahmedabad,Business,154401.0,725,Verified
4374,64,Female,Kolkata,Business,,731,Pending
4375,29,Male,Chennai,Business,96391.0,799,Pending
4376,71,Male,Bengaluru,Salaried,,821,Verified
4377,38,Male,Mumbai,Self-Employed,98591.0,738,Verified
4378,71,Female,Bengaluru,Business,160509.0,753,Verified
4379,28,Female,Jaipur,Self-Employed,260027.0,718,Verified
4380,56,Male,Hyderabad,Farmer,200029.0,775,Verified
4381,45,Female,Kolkata,Salaried,226072.0,751,Verified
4382,22,Female,Hyderabad,Self-Employed,255647.0,705,Verified
4383,34,Female,Mumbai,Self-Employed,157897.0,892,Verified
4384,73,Male,Lucknow,Business,121154.0,663,Verified
4385,37,Male,Mumbai,Business,83839.0,833,Pending
4386,58,Male,Chennai,Salaried,105376.0,594,Verified
4387,63,Male,Bengaluru,Self-Employed,97323.0,779,Verified
4388,29,Female,Ahmedabad,Retired,206696.0,832,Verified
4389,23,Male,Pune,Business,164073.0,547,Verified
4390,34,Male,Pune,Business,,721,Verified
4391,68,Male,Ahmedabad,Farmer,66423.0,770,Verified
4392,36,Male,Lucknow,Salaried,314598.0,731,Verified
4393,43,Female,Pune,Self-Employed,103137.0,742,Verified
4394,65,Male,Lucknow,Self-Employed,68871.0,721,Verified
4395,61,Male,Delhi,Self-Employed,102382.0,616,Verified
4396,61,Male,Chennai,Business,,900,Verified
4397,69,Male,Kolkata,Salaried,105595.0,667,Verified
4398,49,Male,Bengaluru,Self-Employed,109638.0,746,Verified
4399,23,Female,Bengaluru,Retired,118745.0,655,Verified
4400,72,Female,Kolkata,Farmer,121884.0,516,Verified
4401,53,Female,Mumbai,Farmer,83376.0,631,Verified
4402,55,Female,Mumbai,Self-Employed,145209.0,586,Verified
4403,28,Female,Hyderabad,Business,,802,Verified
4404,50,Female,Mumbai,Farmer,160906.0,658,Verified
4405,41,Male,Lucknow,Farmer,68412.0,666,Pending
4406,40,Male,Ahmedabad,Farmer,108379.0,619,Pending
4407,32,Male,Delhi,Farmer,95711.0,717,Verified
4408,44,Female,Kolkata,Self-Employed,137553.0,649,Verified
4409,28,Female,Lucknow,Salaried,296046.0,794,Verified
4410,74,Female,Lucknow,Salaried,121865.0,735,Pending
4411,68,Male,Hyderabad,Business,126387.0,661,Verified
4412,67,Female,Lucknow,Retired,387158.0,782,Not Started
4413,34,Male,Chennai,Salaried,225421.0,710,Verified
4414,68,Male,Mumbai,Retired,188047.0,711,Verified
4415,70,Male,Bengaluru,Salaried,431438.0,585,Verified
4416,31,Male,Chennai,Salaried,178776.0,703,Verified
4417,44,Female,Delhi,Business,40461.0,737,Verified
4418,35,Male,Delhi,Farmer,219608.0,823,Pending
4419,45,Male,Delhi,Business,51267.0,646,Verified
4420,68,Female,Mumbai,Salaried,174766.0,900,Verified
4421,64,Female,Lucknow,Farmer,47656.0,757,Verified
4422,64,Female,Delhi,Farmer,100699.0,580,Verified
4423,21,Male,Kolkata,Farmer,107123.0,638,Verified
4424,24,Female,Bengaluru,Retired,83946.0,830,Verified
4425,62,Female,Lucknow,Salaried,108087.0,815,Verified
4426,52,Male,Hyderabad,Self-Employed,247592.0,711,Verified
4427,65,Female,Mumbai,Business,86823.0,722,Verified
4428,26,Male,Ahmedabad,Retired,184810.0,611,Pending
4429,25,Male,Chennai,Business,74653.0,822,Verified
4430,69,Female,Jaipur,Self-Employed,118931.0,626,Verified
4431,62,Female,Chennai,Farmer,161830.0,781,Verified
4432,34,Male,Delhi,Self-Employed,73283.0,824,Verified
4433,34,Female,Bengaluru,Business,60656.0,714,Verified
4434,66,Female,Hyderabad,Self-Employed,178997.0,792,Verified
4435,50,Female,Lucknow,Salaried,261411.0,867,Verified
4436,49,Male,Kolkata,Self-Employed,127079.0,732,Verified
4437,25,Female,Pune,Salaried,101277.0,695,Verified
4438,36,Male,Chennai,Self-Employed,146299.0,704,Verified
4439,55,Female,Pune,Salaried,137763.0,646,Verified
4440,20,Male,Lucknow,Salaried,,644,Verified
4441,22,Male,Bengaluru,Self-Employed,29233.0,747,Verified
4442,30,Female,Pune,Retired,70160.0,696,Verified
4443,64,Male,Chennai,Farmer,80247.0,737,Verified
4444,63,Male,Ahmedabad,Farmer,145877.0,583,Verified
4445,48,Male,Jaipur,Farmer,148974.0,702,Verified
4446,72,Female,Pune,Salaried,195186.0,797,Verified
4447,33,Male,Ahmedabad,Farmer,155523.0,614,Verified
4448,67,Female,Ahmedabad,Salaried,61057.0,711,Verified
4449,49,Male,Delhi,Retired,317490.0,552,Verified
4450,39,Male,Jaipur,Self-Employed,285830.0,599,Verified
4451,46,Male,Kolkata,Self-Employed,62635.0,778,Verified
4452,39,Male,Chennai,Salaried,162693.0,683,Pending
4453,60,Male,Hyderabad,Salaried,93223.0,864,Verified
4454,20,Male,Lucknow,Retired,144830.0,746,Verified
4455,71,Female,Hyderabad,Farmer,250693.0,755,Verified
4456,27,Female,Pune,Retired,478333.0,618,Verified
4457,59,Male,Jaipur,Self-Employed,209142.0,677,Verified
4458,38,Male,Pune,Self-Employed,159048.0,647,Verified
4459,33,Female,Jaipur,Farmer,108674.0,619,Verified
4460,29,Male,Chennai,Self-Employed,148640.0,766,Verified
4461,19,Male,Lucknow,Salaried,301300.0,783,Verified
4462,58,Female,Lucknow,Self-Employed,129725.0,743,Verified
4463,41,Female,Chennai,Business,78302.0,639,Verified
4464,52,Female,Kolkata,Farmer,50422.0,738,Verified
4465,73,Male,Ahmedabad,Farmer,181286.0,547,Verified
4466,47,Male,Jaipur,Farmer,154565.0,822,Verified
4467,74,Female,Mumbai,Business,90441.0,599,Verified
4468,47,Male,Mumbai,Retired,246621.0,614,Verified
4469,64,Male,Ahmedabad,Salaried,103459.0,719,Verified
4470,52,Female,Pune,Farmer,122911.0,727,Verified
4471,36,Male,Jaipur,Self-Employed,131927.0,703,Verified
4472,67,Female,Bengaluru,Salaried,107951.0,615,Verified
4473,25,Female,Lucknow,Self-Employed,153510.0,806,Verified
4474,43,Female,Hyderabad,Salaried,265909.0,566,Verified
4475,66,Male,Bengaluru,Salaried,67138.0,583,Verified
4476,57,Male,Hyderabad,Self-Employed,178637.0,700,Verified
4477,24,Male,Lucknow,Self-Employed,147753.0,602,Verified
4478,47,Male,Mumbai,Salaried,146131.0,813,Pending
4479,24,Female,Chennai,Farmer,224832.0,609,Pending
4480,20,Male,Kolkata,Self-Employed,137253.0,842,Verified
4481,18,Male,Delhi,Business,177751.0,797,Verified
4482,53,Male,Pune,Business,,814,Verified
4483,42,Female,Ahmedabad,Salaried,98458.0,870,Pending
4484,54,Male,Mumbai,Retired,159454.0,716,Verified
4485,18,Male,Chennai,Salaried,114637.0,623,Verified
4486,32,Male,Chennai,Salaried,123056.0,701,Verified
4487,54,Female,Hyderabad,Farmer,109838.0,661,Verified
4488,30,Male,Chennai,Farmer,176778.0,649,Verified
4489,57,Female,Jaipur,Retired,139942.0,722,Pending
4490,25,Female,Pune,Retired,168843.0,683,Pending
4491,22,Male,Delhi,Retired,131859.0,646,Pending
4492,26,Female,Mumbai,Retired,50895.0,689,Verified
4493,18,Male,Jaipur,Retired,135784.0,756,Verified
4494,53,Female,Mumbai,Salaried,138430.0,791,Verified
4495,52,Female,Kolkata,Salaried,154131.0,573,Verified
4496,19,Male,Delhi,Business,93317.0,684,Verified
4497,57,Male,Chennai,Business,65037.0,697,Verified
4498,40,Male,Kolkata,Self-Employed,193835.0,609,Verified
4499,26,Female,Hyderabad,Salaried,113078.0,699,Verified
4500,51,Male,Kolkata,Retired,147672.0,722,Verified
4501,63,Female,Bengaluru,Self-Employed,112547.0,754,Pending
4502,31,Male,Hyderabad,Farmer,132769.0,716,Verified
4503,21,Female,Delhi,Salaried,101766.0,635,Verified
4504,47,Male,Pune,Business,74544.0,881,Not Started
4505,48,Female,Bengaluru,Salaried,177059.0,780,Verified
4506,55,Male,Mumbai,Salaried,92793.0,756,Verified
4507,28,Female,Ahmedabad,Salaried,147027.0,795,Verified
4508,52,Male,Ahmedabad,Salaried,170463.0,730,Verified
4509,25,Male,Bengaluru,Farmer,93706.0,819,Verified
4510,20,Male,Pune,Business,64710.0,714,Pending
4511,31,Female,Jaipur,Salaried,571290.0,710,Verified
4512,30,Male,Ahmedabad,Farmer,,763,Verified
4513,62,Female,Bengaluru,Self-Employed,193697.0,843,Verified
4514,49,Male,Delhi,Salaried,,838,Verified
4515,51,Female,Lucknow,Farmer,214046.0,760,Verified
4516,62,Female,Pune,Retired,111272.0,753,Verified
4517,36,Male,Pune,Self-Employed,127993.0,769,Verified
4518,55,Male,Jaipur,Business,80857.0,793,Verified
4519,33,Male,Hyderabad,Salaried,226164.0,820,Verified
4520,19,Male,Chennai,Salaried,187168.0,689,Verified
4521,57,Male,Ahmedabad,Farmer,97865.0,822,Verified
4522,34,Female,Chennai,Business,,739,Verified
4523,72,Female,Chennai,Retired,60310.0,765,Verified
4524,51,Female,Delhi,Self-Employed,240845.0,827,Verified
4525,59,Male,Mumbai,Business,143232.0,773,Pending
4526,33,Female,Chennai,Salaried,151598.0,787,Verified
4527,55,Male,Pune,Farmer,81327.0,676,Not Started
4528,19,Male,Jaipur,Retired,55376.0,837,Verified
4529,19,Male,Jaipur,Farmer,237416.0,769,Pending
4530,43,Male,Lucknow,Self-Employed,136656.0,720,Verified
4531,30,Male,Mumbai,Business,229657.0,803,Verified
4532,73,Female,Hyderabad,Farmer,105708.0,900,Pending
4533,64,Female,Pune,Farmer,115602.0,610,Verified
4534,48,Male,Pune,Salaried,204430.0,641,Pending
4535,51,Male,Lucknow,Farmer,206780.0,900,Verified
4536,56,Male,Kolkata,Retired,215031.0,746,Verified
4537,20,Female,Lucknow,Business,111623.0,726,Verified
4538,25,Male,Chennai,Self-Employed,192669.0,700,Verified
4539,40,Female,Bengaluru,Farmer,259227.0,812,Verified
4540,31,Female,Jaipur,Retired,125134.0,900,Not Started
4541,73,Female,Lucknow,Self-Employed,97920.0,653,Verified
4542,72,Male,Chennai,Retired,,701,Verified
4543,44,Female,Ahmedabad,Farmer,89979.0,680,Verified
4544,71,Female,Mumbai,Farmer,,772,Verified
4545,46,Male,Pune,Business,128662.0,813,Verified
4546,56,Female,Kolkata,Salaried,44137.0,847,Verified
4547,70,Female,Mumbai,Retired,262277.0,775,Verified
4548,56,Male,Chennai,Salaried,25471.0,900,Verified
4549,18,Male,Hyderabad,Salaried,40519.0,661,Verified
4550,34,Male,Ahmedabad,Self-Employed,182846.0,639,Verified
4551,58,Female,Chennai,Self-Employed,182817.0,834,Verified
4552,47,Male,Bengaluru,Retired,90894.0,720,Verified
4553,70,Female,Delhi,Salaried,145611.0,593,Verified
4554,30,Female,Chennai,Business,29177.0,683,Verified
4555,38,Female,Lucknow,Salaried,203656.0,731,Verified
4556,36,Male,Chennai,Self-Employed,154792.0,655,Verified
4557,70,Female,Lucknow,Salaried,129653.0,623,Pending
4558,36,Male,Hyderabad,Farmer,134929.0,692,Verified
4559,74,Male,Pune,Farmer,179145.0,619,Verified
4560,42,Female,Jaipur,Business,130962.0,763,Verified
4561,39,Male,Delhi,Retired,43285.0,544,Verified
4562,48,Female,Hyderabad,Salaried,,717,Verified
4563,34,Male,Lucknow,Farmer,273890.0,754,Verified
4564,72,Male,Jaipur,Retired,61638.0,702,Verified
4565,40,Male,Bengaluru,Farmer,108328.0,802,Verified
4566,49,Female,Mumbai,Retired,115656.0,593,Verified
4567,27,Female,Delhi,Retired,254565.0,650,Verified
4568,27,Female,Kolkata,Farmer,36477.0,681,Verified
4569,53,Male,Hyderabad,Self-Employed,98775.0,770,Verified
4570,25,Male,Mumbai,Retired,46333.0,728,Verified
4571,71,Female,Mumbai,Salaried,112302.0,892,Verified
4572,69,Male,Chennai,Farmer,100358.0,641,Verified
4573,37,Male,Chennai,Self-Employed,,591,Verified
4574,49,Female,Kolkata,Farmer,92696.0,862,Verified
4575,67,Male,Kolkata,Business,84913.0,588,Pending
4576,31,Female,Lucknow,Salaried,193260.0,768,Verified
4577,67,Female,Kolkata,Business,175046.0,626,Verified
4578,45,Male,Mumbai,Retired,185505.0,534,Verified
4579,63,Male,Lucknow,Retired,119834.0,678,Verified
4580,69,Male,Jaipur,Business,94557.0,786,Pending
4581,70,Female,Pune,Business,124081.0,606,Verified
4582,41,Female,Pune,Retired,,758,Verified
4583,32,Male,Pune,Self-Employed,36096.0,774,Verified
4584,39,Male,Delhi,Salaried,168800.0,601,Verified
4585,47,Female,Delhi,Farmer,160409.0,690,Verified
4586,21,Female,Kolkata,Business,138315.0,844,Verified
4587,30,Male,Pune,Salaried,121834.0,765,Verified
4588,40,Male,Bengaluru,Farmer,28576.0,687,Not Started
4589,25,Male,Chennai,Farmer,102343.0,745,Not Started
4590,35,Female,Bengaluru,Business,389907.0,651,Verified
4591,29,Female,Pune,Self-Employed,134288.0,804,Verified
4592,72,Male,Pune,Self-Employed,110816.0,804,Verified
4593,48,Female,Chennai,Salaried,,720,Verified
4594,31,Male,Pune,Salaried,164862.0,729,Verified
4595,51,Male,Hyderabad,Retired,197855.0,625,Verified
4596,35,Male,Mumbai,Self-Employed,116154.0,595,Verified
4597,73,Female,Lucknow,Salaried,171949.0,677,Verified
4598,51,Male,Chennai,Retired,364394.0,702,Pending
4599,28,Female,Pune,Farmer,243714.0,800,Verified
4600,58,Male,Delhi,Salaried,542628.0,788,Verified
4601,29,Male,Delhi,Retired,89854.0,725,Verified
4602,66,Male,Mumbai,Self-Employed,364293.0,811,Pending
4603,32,Female,Delhi,Farmer,82917.0,629,Pending
4604,74,Male,Lucknow,Salaried,164743.0,801,Verified
4605,48,Female,Ahmedabad,Self-Employed,206796.0,642,Verified
4606,66,Male,Ahmedabad,Farmer,98080.0,815,Verified
4607,46,Male,Ahmedabad,Business,140474.0,708,Verified
4608,43,Male,Mumbai,Self-Employed,230102.0,540,Verified
4609,35,Male,Mumbai,Business,87015.0,772,Verified
4610,49,Male,Lucknow,Salaried,362808.0,778,Verified
4611,39,Male,Chennai,Retired,58061.0,671,Verified
4612,55,Female,Kolkata,Salaried,426691.0,678,Verified
4613,34,Female,Ahmedabad,Self-Employed,242995.0,696,Verified
4614,40,Male,Delhi,Business,126268.0,546,Verified
4615,41,Male,Bengaluru,Business,104652.0,508,Verified
4616,67,Male,Kolkata,Farmer,98300.0,820,Verified
4617,25,Male,Lucknow,Salaried,122826.0,639,Verified
4618,58,Male,Chennai,Salaried,129431.0,867,Verified
4619,23,Female,Delhi,Self-Employed,282981.0,826,Pending
4620,22,Male,Pune,Business,434170.0,843,Verified
4621,61,Male,Chennai,Self-Employed,150186.0,654,Not Started
4622,74,Male,Ahmedabad,Self-Employed,80228.0,573,Verified
4623,46,Male,Ahmedabad,Business,96044.0,617,Verified
4624,45,Female,Pune,Self-Employed,119389.0,672,Verified
4625,28,Male,Lucknow,Business,71821.0,508,Verified
4626,74,Male,Jaipur,Self-Employed,65686.0,669,Verified
4627,18,Female,Chennai,Retired,468962.0,692,Verified
4628,60,Male,Pune,Self-Employed,159782.0,599,Verified
4629,36,Female,Lucknow,Self-Employed,80831.0,621,Verified
4630,26,Female,Lucknow,Retired,,691,Verified
4631,44,Male,Mumbai,Salaried,65709.0,740,Pending
4632,51,Female,Chennai,Business,,634,Verified
4633,61,Male,Delhi,Farmer,82304.0,734,Pending
4634,21,Female,Jaipur,Retired,359586.0,721,Verified
4635,53,Male,Hyderabad,Salaried,114493.0,713,Verified
4636,35,Male,Bengaluru,Self-Employed,30791.0,654,Not Started
4637,32,Female,Chennai,Salaried,275416.0,596,Verified
4638,68,Female,Kolkata,Retired,110876.0,854,Verified
4639,30,Female,Lucknow,Self-Employed,43930.0,763,Verified
4640,36,Female,Mumbai,Salaried,110193.0,795,Verified
4641,66,Male,Pune,Farmer,182153.0,702,Verified
4642,23,Male,Ahmedabad,Business,169809.0,696,Verified
4643,65,Male,Pune,Business,392012.0,751,Not Started
4644,73,Male,Pune,Retired,79885.0,554,Verified
4645,29,Male,Jaipur,Self-Employed,137041.0,615,Verified
4646,68,Female,Chennai,Self-Employed,87576.0,642,Verified
4647,54,Male,Pune,Business,,671,Pending
4648,34,Male,Jaipur,Salaried,226685.0,635,Verified
4649,40,Male,Hyderabad,Self-Employed,,738,Not Started
4650,43,Female,Delhi,Farmer,157977.0,716,Verified
4651,46,Female,Hyderabad,Farmer,172142.0,828,Verified
4652,50,Female,Chennai,Self-Employed,88320.0,900,Verified
4653,44,Male,Ahmedabad,Self-Employed,72881.0,602,Pending
4654,42,Female,Hyderabad,Business,136297.0,722,Verified
4655,73,Male,Jaipur,Retired,267460.0,722,Verified
4656,72,Female,Jaipur,Business,349705.0,708,Verified
4657,27,Male,Bengaluru,Retired,214756.0,617,Verified
4658,64,Male,Lucknow,Farmer,135605.0,632,Verified
4659,40,Male,Kolkata,Retired,156666.0,730,Verified
4660,38,Female,Kolkata,Business,134183.0,629,Verified
4661,38,Male,Chennai,Self-Employed,72001.0,723,Verified
4662,60,Female,Lucknow,Retired,135238.0,689,Verified
4663,30,Male,Bengaluru,Business,59821.0,722,Verified
4664,54,Male,Mumbai,Farmer,123692.0,628,Verified
4665,50,Male,Pune,Retired,355636.0,723,Verified
4666,41,Male,Hyderabad,Farmer,218320.0,635,Verified
4667,61,Male,Lucknow,Farmer,76583.0,723,Verified
4668,28,Male,Pune,Salaried,127586.0,823,Verified
4669,34,Female,Mumbai,Retired,80771.0,732,Pending
4670,21,Male,Ahmedabad,Business,128347.0,737,Verified
4671,64,Female,Bengaluru,Retired,248865.0,779,Pending
4672,42,Female,Pune,Retired,197167.0,590,Verified
4673,47,Female,Bengaluru,Farmer,591541.0,856,Verified
4674,26,Male,Bengaluru,Farmer,272525.0,620,Verified
4675,38,Male,Lucknow,Farmer,150603.0,784,Verified
4676,37,Male,Jaipur,Farmer,200043.0,773,Not Started
4677,36,Female,Delhi,Business,118011.0,633,Verified
4678,36,Female,Chennai,Self-Employed,67744.0,795,Verified
4679,29,Male,Kolkata,Salaried,,752,Verified
4680,54,Male,Bengaluru,Farmer,244115.0,870,Verified
4681,59,Female,Lucknow,Farmer,,726,Verified
4682,34,Male,Lucknow,Salaried,157057.0,700,Verified
4683,54,Female,Pune,Farmer,280566.0,666,Verified
4684,71,Female,Pune,Self-Employed,221419.0,561,Verified
4685,65,Female,Hyderabad,Retired,55389.0,682,Verified
4686,56,Male,Bengaluru,Salaried,,686,Verified
4687,45,Male,Delhi,Business,120502.0,732,Verified
4688,58,Female,Chennai,Salaried,259835.0,589,Verified
4689,52,Female,Chennai,Self-Employed,247366.0,689,Verified
4690,64,Male,Ahmedabad,Business,,758,Not Started
4691,65,Male,Ahmedabad,Retired,68136.0,767,Pending
4692,35,Female,Hyderabad,Farmer,83244.0,551,Verified
4693,31,Female,Kolkata,Salaried,260003.0,770,Verified
4694,52,Female,Ahmedabad,Business,93434.0,689,Pending
4695,61,Female,Mumbai,Salaried,53484.0,694,Verified
4696,58,Male,Hyderabad,Retired,183424.0,509,Verified
4697,24,Male,Chennai,Salaried,95958.0,836,Verified
4698,58,Female,Chennai,Business,389989.0,725,Not Started
4699,30,Female,Delhi,Self-Employed,159167.0,579,Verified
4700,35,Male,Lucknow,Business,,741,Verified
4701,54,Male,Mumbai,Salaried,106772.0,739,Not Started
4702,30,Female,Kolkata,Retired,346106.0,813,Not Started
4703,53,Male,Pune,Farmer,165236.0,683,Verified
4704,48,Male,Hyderabad,Farmer,104287.0,711,Pending
4705,19,Male,Ahmedabad,Retired,82748.0,655,Pending
4706,33,Female,Jaipur,Salaried,127506.0,760,Verified
4707,26,Female,Delhi,Retired,74118.0,643,Verified
4708,26,Male,Chennai,Salaried,247045.0,634,Verified
4709,55,Female,Jaipur,Business,45026.0,704,Verified
4710,28,Female,Hyderabad,Self-Employed,122552.0,605,Pending
4711,71,Female,Bengaluru,Salaried,192159.0,846,Verified
4712,73,Female,Kolkata,Farmer,163615.0,873,Verified
4713,39,Male,Bengaluru,Farmer,86650.0,671,Pending
4714,50,Male,Hyderabad,Self-Employed,198026.0,592,Not Started
4715,53,Male,Bengaluru,Salaried,78306.0,738,Verified
4716,62,Male,Kolkata,Self-Employed,131475.0,669,Pending
4717,40,Male,Lucknow,Business,197029.0,809,Verified
4718,62,Female,Hyderabad,Self-Employed,175913.0,643,Verified
4719,62,Female,Jaipur,Business,88874.0,756,Verified
4720,51,Female,Bengaluru,Farmer,273347.0,719,Verified
4721,26,Male,Kolkata,Business,140367.0,652,Verified
4722,41,Male,Ahmedabad,Salaried,208105.0,730,Verified
4723,25,Male,Pune,Salaried,,784,Verified
4724,24,Male,Kolkata,Salaried,260540.0,717,Pending
4725,53,Male,Delhi,Salaried,260948.0,718,Verified
4726,35,Female,Pune,Retired,149583.0,635,Verified
4727,20,Female,Ahmedabad,Business,214564.0,807,Verified
4728,45,Male,Mumbai,Salaried,151472.0,798,Verified
4729,23,Male,Jaipur,Self-Employed,64499.0,675,Verified
4730,61,Female,Chennai,Self-Employed,159795.0,699,Verified
4731,61,Male,Ahmedabad,Retired,155409.0,830,Pending
4732,38,Female,Lucknow,Business,189139.0,613,Not Started
4733,45,Female,Pune,Business,123402.0,761,Verified
4734,57,Female,Lucknow,Business,84383.0,662,Verified
4735,71,Male,Pune,Retired,197581.0,861,Verified
4736,71,Female,Delhi,Business,60599.0,715,Verified
4737,18,Male,Mumbai,Business,319749.0,817,Verified
4738,53,Female,Chennai,Salaried,115977.0,645,Verified
4739,38,Male,Delhi,Business,154402.0,603,Verified
4740,60,Male,Ahmedabad,Salaried,186304.0,690,Verified
4741,52,Male,Lucknow,Salaried,189930.0,732,Pending
4742,30,Female,Pune,Business,57217.0,666,Verified
4743,74,Female,Ahmedabad,Self-Employed,218480.0,774,Verified
4744,66,Female,Kolkata,Farmer,159834.0,692,Verified
4745,71,Female,Mumbai,Self-Employed,,533,Verified
4746,71,Male,Jaipur,Business,84982.0,756,Verified
4747,27,Female,Kolkata,Business,109051.0,634,Verified
4748,70,Male,Lucknow,Self-Employed,61130.0,679,Verified
4749,61,Female,Mumbai,Business,374505.0,842,Verified
4750,64,Female,Mumbai,Salaried,325036.0,860,Verified
4751,70,Male,Ahmedabad,Retired,174734.0,661,Pending
4752,27,Female,Kolkata,Business,116537.0,759,Verified
4753,63,Male,Ahmedabad,Business,118389.0,663,Verified
4754,30,Male,Ahmedabad,Self-Employed,209995.0,685,Verified
4755,54,Female,Ahmedabad,Salaried,382581.0,658,Pending
4756,55,Male,Lucknow,Self-Employed,94633.0,563,Verified
4757,41,Female,Pune,Self-Employed,68149.0,718,Verified
4758,19,Male,Pune,Business,337252.0,734,Verified
4759,39,Male,Lucknow,Salaried,45602.0,652,Verified
4760,34,Female,Chennai,Business,72757.0,802,Verified
4761,53,Female,Jaipur,Business,114908.0,672,Verified
4762,31,Female,Delhi,Business,52247.0,655,Verified
4763,27,Female,Jaipur,Business,259702.0,754,Verified
4764,52,Female,Lucknow,Retired,222825.0,578,Verified
4765,42,Male,Bengaluru,Farmer,94384.0,787,Verified
4766,20,Male,Delhi,Salaried,287152.0,675,Verified
4767,64,Male,Chennai,Retired,317926.0,794,Verified
4768,55,Female,Hyderabad,Farmer,124505.0,819,Verified
4769,34,Female,Delhi,Farmer,101681.0,764,Verified
4770,29,Male,Mumbai,Farmer,516981.0,640,Verified
4771,71,Female,Lucknow,Retired,205396.0,603,Verified
4772,69,Female,Hyderabad,Salaried,155406.0,588,Pending
4773,41,Male,Jaipur,Self-Employed,301983.0,803,Not Started
4774,46,Male,Hyderabad,Farmer,159717.0,698,Pending
4775,60,Female,Lucknow,Self-Employed,98383.0,659,Not Started
4776,42,Female,Jaipur,Self-Employed,,698,Pending
4777,53,Female,Lucknow,Business,248499.0,801,Verified
4778,43,Male,Kolkata,Self-Employed,40323.0,776,Verified
4779,55,Female,Bengaluru,Business,112104.0,747,Not Started
4780,18,Male,Chennai,Salaried,305540.0,764,Pending
4781,37,Male,Chennai,Salaried,98015.0,725,Verified
4782,72,Female,Mumbai,Business,336942.0,735,Verified
4783,45,Male,Bengaluru,Salaried,311404.0,728,Verified
4784,33,Female,Bengaluru,Farmer,128115.0,709,Not Started
4785,64,Male,Mumbai,Salaried,94739.0,774,Verified
4786,34,Female,Jaipur,Business,112149.0,740,Verified
4787,57,Female,Mumbai,Farmer,659191.0,635,Verified
4788,45,Male,Jaipur,Self-Employed,410304.0,754,Not Started
4789,29,Female,Mumbai,Self-Employed,143664.0,731,Verified
4790,44,Male,Delhi,Self-Employed,92513.0,761,Verified
4791,71,Female,Delhi,Business,142946.0,701,Verified
4792,70,Male,Kolkata,Self-Employed,154245.0,778,Verified
4793,59,Male,Pune,Salaried,63195.0,704,Verified
4794,64,Male,Mumbai,Self-Employed,139808.0,771,Verified
4795,47,Male,Bengaluru,Retired,294620.0,671,Verified
4796,58,Female,Delhi,Retired,45269.0,677,Verified
4797,51,Male,Ahmedabad,Self-Employed,218808.0,761,Verified
4798,54,Male,Jaipur,Self-Employed,304029.0,681,Verified
4799,23,Male,Delhi,Retired,95193.0,897,Pending
4800,24,Male,Delhi,Self-Employed,368246.0,758,Verified
4801,49,Female,Lucknow,Farmer,88062.0,712,Verified
4802,49,Female,Jaipur,Retired,173624.0,779,Verified
4803,70,Male,Chennai,Business,110850.0,669,Verified
4804,42,Female,Hyderabad,Retired,110835.0,788,Verified
4805,50,Female,Jaipur,Salaried,92007.0,786,Verified
4806,72,Male,Kolkata,Farmer,202632.0,816,Verified
4807,24,Female,Lucknow,Business,221745.0,672,Verified
4808,69,Male,Jaipur,Self-Employed,128200.0,606,Verified
4809,74,Female,Jaipur,Salaried,58925.0,658,Pending
4810,29,Female,Pune,Salaried,169719.0,686,Verified
4811,33,Male,Lucknow,Farmer,171649.0,851,Verified
4812,33,Female,Jaipur,Business,117005.0,896,Verified
4813,60,Female,Hyderabad,Salaried,408537.0,739,Verified
4814,70,Male,Hyderabad,Business,52138.0,710,Verified
4815,53,Female,Ahmedabad,Business,35229.0,680,Verified
4816,30,Male,Lucknow,Salaried,85948.0,780,Pending
4817,24,Female,Chennai,Business,204077.0,896,Verified
4818,53,Female,Jaipur,Farmer,70721.0,861,Verified
4819,64,Male,Pune,Salaried,73970.0,806,Verified
4820,68,Male,Pune,Farmer,235770.0,805,Verified
4821,26,Female,Bengaluru,Farmer,175875.0,780,Verified
4822,49,Male,Chennai,Business,167081.0,705,Verified
4823,28,Male,Pune,Business,212960.0,647,Verified
4824,25,Male,Hyderabad,Salaried,103247.0,708,Verified
4825,50,Male,Bengaluru,Self-Employed,106150.0,745,Verified
4826,40,Male,Mumbai,Salaried,216613.0,586,Verified
4827,42,Male,Pune,Farmer,59461.0,696,Verified
4828,73,Male,Kolkata,Business,36841.0,639,Verified
4829,25,Female,Lucknow,Farmer,102747.0,796,Verified
4830,62,Male,Pune,Retired,232937.0,663,Not Started
4831,39,Male,Delhi,Retired,155334.0,737,Verified
4832,21,Male,Chennai,Farmer,222877.0,650,Verified
4833,57,Female,Delhi,Self-Employed,39744.0,845,Verified
4834,20,Male,Ahmedabad,Self-Employed,161022.0,565,Verified
4835,46,Male,Pune,Salaried,197268.0,750,Verified
4836,58,Male,Mumbai,Salaried,59250.0,601,Verified
4837,46,Female,Delhi,Salaried,223515.0,666,Verified
4838,51,Female,Delhi,Business,124628.0,727,Verified
4839,51,Female,Chennai,Self-Employed,841383.0,731,Verified
4840,45,Female,Bengaluru,Farmer,36086.0,729,Pending
4841,30,Female,Mumbai,Retired,302994.0,722,Verified
4842,32,Male,Delhi,Self-Employed,105188.0,655,Verified
4843,40,Female,Jaipur,Self-Employed,50499.0,696,Verified
4844,61,Male,Mumbai,Self-Employed,97132.0,712,Verified
4845,43,Female,Jaipur,Salaried,157391.0,726,Verified
4846,21,Female,Pune,Business,248322.0,704,Verified
4847,43,Male,Delhi,Farmer,374437.0,772,Pending
4848,57,Male,Delhi,Salaried,312743.0,717,Verified
4849,26,Male,Hyderabad,Business,74665.0,727,Verified
4850,72,Female,Hyderabad,Self-Employed,262524.0,677,Verified
4851,22,Female,Chennai,Business,168513.0,620,Verified
4852,73,Female,Lucknow,Salaried,89971.0,723,Verified
4853,49,Male,Lucknow,Self-Employed,117343.0,812,Verified
4854,37,Female,Bengaluru,Salaried,87038.0,747,Verified
4855,67,Female,Chennai,Farmer,136251.0,640,Verified
4856,28,Female,Lucknow,Self-Employed,86009.0,779,Verified
4857,32,Female,Chennai,Business,71912.0,681,Verified
4858,49,Male,Delhi,Salaried,177632.0,770,Verified
4859,45,Female,Hyderabad,Retired,194315.0,678,Verified
4860,39,Female,Hyderabad,Business,119067.0,740,Verified
4861,58,Female,Hyderabad,Business,302728.0,665,Verified
4862,34,Male,Lucknow,Self-Employed,113976.0,668,Not Started
4863,43,Male,Mumbai,Business,111117.0,576,Pending
4864,61,Female,Kolkata,Salaried,198054.0,753,Verified
4865,24,Female,Delhi,Retired,123074.0,741,Verified
4866,59,Female,Pune,Farmer,140207.0,746,Verified
4867,74,Male,Chennai,Retired,29370.0,733,Verified
4868,43,Male,Hyderabad,Salaried,134595.0,645,Verified
4869,42,Female,Hyderabad,Self-Employed,44519.0,792,Pending
4870,27,Female,Hyderabad,Salaried,64051.0,794,Not Started
4871,62,Male,Delhi,Business,59803.0,642,Verified
4872,36,Male,Hyderabad,Self-Employed,71286.0,755,Verified
4873,28,Female,Bengaluru,Farmer,95864.0,784,Verified
4874,30,Male,Chennai,Farmer,99519.0,670,Verified
4875,70,Female,Delhi,Salaried,198504.0,684,Verified
4876,25,Male,Chennai,Business,152273.0,755,Verified
4877,57,Female,Jaipur,Farmer,42589.0,581,Verified
4878,21,Female,Ahmedabad,Retired,140081.0,617,Verified
4879,64,Female,Bengaluru,Self-Employed,161289.0,625,Verified
4880,48,Male,Mumbai,Retired,109410.0,557,Verified
4881,45,Female,Mumbai,Farmer,128472.0,802,Verified
4882,28,Male,Kolkata,Farmer,149371.0,541,Verified
4883,60,Male,Bengaluru,Salaried,210820.0,739,Verified
4884,18,Female,Chennai,Salaried,51796.0,778,Verified
4885,66,Female,Mumbai,Self-Employed,115083.0,685,Verified
4886,64,Female,Ahmedabad,Salaried,329391.0,653,Verified
4887,69,Male,Mumbai,Business,311762.0,729,Verified
4888,55,Male,Hyderabad,Self-Employed,222029.0,710,Not Started
4889,41,Male,Kolkata,Business,183890.0,795,Verified
4890,71,Female,Delhi,Salaried,359612.0,486,Pending
4891,74,Female,Pune,Self-Employed,421135.0,631,Verified
4892,64,Female,Pune,Farmer,123322.0,757,Verified
4893,48,Female,Mumbai,Retired,74484.0,714,Verified
4894,58,Male,Chennai,Farmer,113303.0,773,Verified
4895,63,Male,Chennai,Business,854283.0,732,Verified
4896,67,Male,Hyderabad,Farmer,51968.0,698,Verified
4897,43,Male,Mumbai,Farmer,100476.0,684,Verified
4898,66,Male,Mumbai,Retired,57090.0,900,Verified
4899,67,Female,Pune,Retired,143610.0,840,Verified
4900,22,Male,Jaipur,Farmer,64756.0,752,Verified
4901,37,Female,Mumbai,Retired,124835.0,716,Verified
4902,69,Male,Delhi,Farmer,41355.0,755,Verified
4903,58,Female,Kolkata,Self-Employed,,780,Verified
4904,28,Female,Kolkata,Farmer,277453.0,745,Verified
4905,73,Female,Delhi,Salaried,105835.0,646,Verified
4906,71,Male,Jaipur,Retired,122875.0,861,Pending
4907,50,Female,Chennai,Retired,120808.0,730,Verified
4908,67,Female,Pune,Business,148531.0,881,Verified
4909,55,Male,Kolkata,Business,130235.0,725,Verified
4910,44,Male,Bengaluru,Salaried,,689,Verified
4911,51,Male,Ahmedabad,Retired,279239.0,827,Not Started
4912,32,Female,Pune,Retired,81761.0,735,Verified
4913,49,Female,Jaipur,Business,110680.0,721,Verified
4914,38,Female,Bengaluru,Business,228884.0,607,Verified
4915,63,Male,Mumbai,Farmer,56783.0,766,Verified
4916,22,Male,Delhi,Retired,40846.0,668,Verified
4917,23,Female,Mumbai,Retired,152633.0,671,Pending
4918,55,Male,Hyderabad,Farmer,179478.0,668,Verified
4919,39,Female,Lucknow,Retired,86389.0,747,Verified
4920,35,Female,Delhi,Salaried,94166.0,579,Verified
4921,31,Male,Bengaluru,Business,84447.0,692,Verified
4922,27,Female,Ahmedabad,Business,79209.0,793,Verified
4923,63,Male,Lucknow,Business,,604,Verified
4924,30,Female,Hyderabad,Self-Employed,,724,Verified
4925,48,Male,Chennai,Salaried,113628.0,656,Verified
4926,47,Female,Hyderabad,Salaried,77404.0,675,Verified
4927,20,Male,Lucknow,Farmer,55649.0,850,Verified
4928,47,Male,Kolkata,Self-Employed,224607.0,569,Pending
4929,23,Female,Pune,Retired,97548.0,775,Verified
4930,46,Male,Jaipur,Salaried,149203.0,669,Pending
4931,25,Female,Mumbai,Self-Employed,,665,Verified
4932,61,Male,Chennai,Self-Employed,85377.0,615,Not Started
4933,62,Female,Jaipur,Salaried,209746.0,774,Verified
4934,60,Male,Hyderabad,Farmer,629300.0,693,Verified
4935,61,Female,Ahmedabad,Self-Employed,40712.0,682,Verified
4936,50,Male,Mumbai,Business,118106.0,719,Pending
4937,34,Male,Chennai,Self-Employed,170650.0,695,Verified
4938,65,Male,Jaipur,Retired,92073.0,539,Verified
4939,28,Female,Mumbai,Salaried,,668,Verified
4940,30,Male,Mumbai,Retired,79218.0,786,Verified
4941,67,Female,Chennai,Farmer,146138.0,581,Verified
4942,28,Female,Bengaluru,Business,97417.0,617,Verified
4943,48,Male,Pune,Salaried,276968.0,673,Verified
4944,45,Female,Bengaluru,Self-Employed,88803.0,648,Verified
4945,61,Male,Mumbai,Business,107891.0,707,Verified
4946,23,Male,Lucknow,Self-Employed,235017.0,617,Verified
4947,58,Female,Delhi,Farmer,71910.0,677,Not Started
4948,33,Female,Lucknow,Salaried,138864.0,705,Verified
4949,21,Female,Chennai,Farmer,,765,Verified
4950,52,Male,Mumbai,Farmer,69372.0,815,Not Started
4951,65,Male,Mumbai,Farmer,167590.0,687,Verified
4952,73,Male,Ahmedabad,Farmer,73540.0,870,Verified
4953,43,Female,Pune,Self-Employed,96111.0,694,Verified
4954,74,Male,Ahmedabad,Retired,179127.0,780,Verified
4955,29,Female,Chennai,Self-Employed,94135.0,874,Verified
4956,28,Male,Kolkata,Business,,721,Pending
4957,54,Male,Bengaluru,Farmer,151660.0,593,Verified
4958,42,Male,Ahmedabad,Business,173063.0,717,Verified
4959,35,Male,Chennai,Self-Employed,280570.0,658,Verified
4960,36,Male,Bengaluru,Farmer,161441.0,686,Verified
4961,40,Female,Chennai,Self-Employed,335477.0,878,Verified
4962,72,Female,Kolkata,Farmer,230212.0,606,Verified
4963,55,Male,Pune,Self-Employed,97336.0,735,Pending
4964,71,Male,Pune,Salaried,289494.0,635,Verified
4965,35,Male,Chennai,Retired,156111.0,683,Verified
4966,43,Female,Ahmedabad,Retired,105155.0,773,Verified
4967,23,Male,Pune,Farmer,157476.0,737,Verified
4968,21,Female,Delhi,Salaried,,690,Verified
4969,61,Male,Ahmedabad,Business,175085.0,654,Verified
4970,68,Male,Jaipur,Salaried,397693.0,736,Pending
4971,46,Female,Hyderabad,Farmer,255740.0,855,Verified
4972,51,Male,Chennai,Salaried,,633,Verified
4973,34,Female,Chennai,Business,71996.0,872,Verified
4974,60,Female,Chennai,Farmer,119630.0,811,Verified
4975,60,Male,Kolkata,Retired,139107.0,826,Verified
4976,70,Male,Chennai,Salaried,202395.0,736,Verified
4977,33,Female,Pune,Retired,195321.0,809,Pending
4978,19,Female,Pune,Retired,147521.0,624,Pending
4979,51,Male,Hyderabad,Self-Employed,143230.0,653,Verified
4980,72,Female,Hyderabad,Business,205310.0,775,Verified
4981,25,Male,Lucknow,Salaried,79606.0,735,Verified
4982,30,Male,Ahmedabad,Retired,368542.0,697,Verified
4983,59,Male,Pune,Retired,,497,Verified
4984,25,Male,Pune,Business,319095.0,672,Verified
4985,47,Male,Kolkata,Retired,129688.0,610,Verified
4986,49,Female,Pune,Retired,243178.0,751,Verified
4987,53,Male,Pune,Retired,165761.0,693,Verified
4988,64,Male,Lucknow,Retired,164000.0,656,Verified
4989,47,Male,Delhi,Self-Employed,185824.0,900,Verified
4990,18,Female,Lucknow,Self-Employed,216519.0,798,Verified
4991,60,Female,Delhi,Farmer,109393.0,799,Pending
4992,56,Male,Lucknow,Salaried,247924.0,897,Verified
4993,34,Male,Pune,Business,69516.0,778,Verified
4994,37,Male,Lucknow,Farmer,132827.0,644,Verified
4995,41,Male,Pune,Self-Employed,220044.0,634,Verified
4996,67,Male,Pune,Self-Employed,242077.0,792,Verified
4997,39,Male,Hyderabad,Self-Employed,175689.0,534,Verified
4998,46,Male,Mumbai,Farmer,105236.0,703,Verified
4999,39,Male,Delhi,Self-Employed,228211.0,525,Verified
5000,61,Male,Jaipur,Farmer,89177.0,718,Verified
