indicator_id,claim_id,indicator_type,indicator_value,score,review_status
1,4874,High Claim Ratio,0,5.5,Under Review
2,14621,Repeat Claimant,1,60.1,Confirmed
3,18440,Rapid Settlement,1,24.8,Cleared
4,12039,Policy-Claim Gap,1,24.0,Flagged
5,6519,Repeat Claimant,0,49.8,Under Review
6,16898,Amount Rounding,1,67.4,Confirmed
7,112,Policy-Claim Gap,1,57.3,Flagged
8,19685,Repeat Claimant,1,3.3,Flagged
9,2018,Policy-Claim Gap,0,74.1,Flagged
10,13774,Amount Rounding,0,28.7,Under Review
11,14198,Rapid Settlement,1,81.7,Flagged
12,10992,High Claim Ratio,1,90.2,Under Review
13,19382,Policy-Claim Gap,0,58.0,Under Review
14,5743,Policy-Claim Gap,1,89.1,Confirmed
15,4088,Rapid Settlement,0,15.0,Flagged
16,8748,Policy-Claim Gap,1,97.9,Under Review
17,14795,Amount Rounding,0,64.1,Under Review
18,2004,High Claim Ratio,1,23.3,Flagged
19,5493,High Claim Ratio,1,69.8,Under Review
20,2895,Amount Rounding,1,7.3,Cleared
21,1888,Amount Rounding,0,30.6,Under Review
22,6974,High Claim Ratio,1,98.9,Confirmed
23,17503,Amount Rounding,1,88.8,Under Review
24,9640,High Claim Ratio,1,90.2,Under Review
25,15308,Repeat Claimant,0,29.3,Confirmed
26,2670,Rapid Settlement,1,16.5,Confirmed
27,12548,Amount Rounding,0,10.8,Flagged
28,6845,Amount Rounding,1,2.4,Cleared
29,1918,Amount Rounding,1,47.9,Flagged
30,16405,Amount Rounding,1,52.1,Flagged
31,8919,Rapid Settlement,1,68.6,Under Review
32,15707,High Claim Ratio,1,1.7,Flagged
33,19924,High Claim Ratio,1,5.9,Confirmed
34,15514,High Claim Ratio,1,48.8,Cleared
35,7228,High Claim Ratio,0,25.6,Confirmed
36,11118,Rapid Settlement,1,98.8,Flagged
37,13041,Amount Rounding,1,52.8,Flagged
38,13032,Policy-Claim Gap,1,34.4,Under Review
39,5262,Repeat Claimant,1,49.2,Flagged
40,13529,Rapid Settlement,1,20.6,Flagged
41,18483,Repeat Claimant,0,98.6,Under Review
42,12557,Repeat Claimant,1,67.0,Under Review
43,15084,Rapid Settlement,0,1.2,Flagged
44,12048,Amount Rounding,0,32.8,Under Review
45,8385,Amount Rounding,1,10.1,Flagged
46,4290,Repeat Claimant,0,15.5,Confirmed
47,6163,Rapid Settlement,1,76.3,Flagged
48,6702,Policy-Claim Gap,1,72.8,Flagged
49,19359,Repeat Claimant,1,45.9,Flagged
50,4911,Amount Rounding,1,29.1,Flagged
51,18638,Amount Rounding,1,25.9,Cleared
52,13597,Amount Rounding,1,76.8,Flagged
53,6814,High Claim Ratio,0,14.8,Flagged
54,17458,High Claim Ratio,1,64.2,Under Review
55,7464,Policy-Claim Gap,1,11.8,Flagged
56,3019,High Claim Ratio,1,98.9,Confirmed
57,18502,Amount Rounding,0,2.8,Flagged
58,8033,Policy-Claim Gap,1,57.1,Under Review
59,10384,High Claim Ratio,0,42.5,Under Review
60,10216,Rapid Settlement,1,72.9,Flagged
61,770,Rapid Settlement,0,71.2,Under Review
62,1845,Policy-Claim Gap,1,19.3,Cleared
63,11365,Rapid Settlement,1,65.1,Cleared
64,11481,Amount Rounding,1,8.8,Confirmed
65,12533,Policy-Claim Gap,1,14.9,Flagged
66,4791,High Claim Ratio,1,41.1,Cleared
67,10343,Amount Rounding,1,76.3,Cleared
68,8629,Amount Rounding,1,22.2,Under Review
69,3294,Rapid Settlement,1,24.5,Under Review
70,9449,Rapid Settlement,1,15.2,Flagged
71,8275,Repeat Claimant,1,52.1,Under Review
72,19374,High Claim Ratio,1,92.4,Under Review
73,14166,Repeat Claimant,1,39.2,Flagged
74,4021,Amount Rounding,0,96.3,Under Review
75,19566,Policy-Claim Gap,1,81.1,Confirmed
76,14895,Amount Rounding,1,40.0,Confirmed
77,11227,Policy-Claim Gap,1,40.9,Flagged
78,11858,Rapid Settlement,1,44.2,Flagged
79,5873,Rapid Settlement,1,87.3,Flagged
80,1456,High Claim Ratio,0,83.4,Flagged
81,4793,Repeat Claimant,1,7.1,Cleared
82,19237,Rapid Settlement,0,23.5,Under Review
83,8933,High Claim Ratio,0,51.2,Flagged
84,14519,Rapid Settlement,0,39.6,Under Review
85,11190,Rapid Settlement,1,33.1,Flagged
86,3217,Repeat Claimant,0,97.0,Flagged
87,17872,Rapid Settlement,1,32.6,Flagged
88,4317,Repeat Claimant,1,47.2,Confirmed
89,1523,Policy-Claim Gap,0,33.6,Under Review
90,9488,Amount Rounding,1,10.6,Under Review
91,13778,Rapid Settlement,1,19.4,Flagged
92,4792,High Claim Ratio,0,5.3,Confirmed
93,11423,Policy-Claim Gap,1,74.2,Flagged
94,5361,High Claim Ratio,0,58.7,Cleared
95,7746,Amount Rounding,1,21.0,Flagged
96,163,Policy-Claim Gap,1,57.4,Cleared
97,13976,Repeat Claimant,0,64.2,Flagged
98,2233,Repeat Claimant,1,54.2,Cleared
99,4030,Policy-Claim Gap,0,15.4,Under Review
100,18632,Rapid Settlement,0,56.1,Under Review
101,1178,Rapid Settlement,1,34.8,Flagged
102,16876,High Claim Ratio,1,88.3,Flagged
103,8761,Repeat Claimant,1,8.1,Under Review
104,4545,Policy-Claim Gap,1,75.2,Flagged
105,5961,Policy-Claim Gap,0,86.8,Flagged
106,12151,High Claim Ratio,1,61.0,Confirmed
107,14726,Repeat Claimant,1,49.3,Flagged
108,4061,Amount Rounding,0,99.9,Flagged
109,2220,Policy-Claim Gap,1,79.3,Cleared
110,15640,Policy-Claim Gap,1,48.4,Under Review
111,10804,High Claim Ratio,0,28.7,Confirmed
112,11451,Amount Rounding,0,91.2,Confirmed
113,5236,High Claim Ratio,1,46.5,Under Review
114,862,Repeat Claimant,0,13.0,Confirmed
115,18391,Repeat Claimant,1,47.7,Flagged
116,2318,Rapid Settlement,1,92.8,Flagged
117,11830,Policy-Claim Gap,1,0.4,Flagged
118,19225,Policy-Claim Gap,1,54.8,Under Review
119,699,Rapid Settlement,0,29.8,Flagged
120,14956,Amount Rounding,0,80.7,Confirmed
121,17826,Policy-Claim Gap,0,90.5,Under Review
122,18945,Rapid Settlement,1,23.3,Under Review
123,10719,Repeat Claimant,1,56.1,Confirmed
124,1726,Repeat Claimant,0,34.0,Confirmed
125,4333,High Claim Ratio,1,69.6,Confirmed
126,4279,Rapid Settlement,1,87.9,Under Review
127,18168,Repeat Claimant,1,2.0,Flagged
128,2218,Rapid Settlement,1,49.0,Confirmed
129,7080,Repeat Claimant,1,91.0,Under Review
130,16106,Rapid Settlement,0,5.0,Cleared
131,11121,High Claim Ratio,0,23.1,Flagged
132,14869,Rapid Settlement,0,43.9,Flagged
133,15774,Repeat Claimant,1,99.1,Cleared
134,19049,Rapid Settlement,0,5.9,Under Review
135,13792,Repeat Claimant,0,23.3,Under Review
136,6237,Rapid Settlement,1,39.2,Under Review
137,6725,High Claim Ratio,1,90.5,Flagged
138,9616,High Claim Ratio,1,13.8,Under Review
139,12998,Repeat Claimant,1,90.0,Under Review
140,3031,Amount Rounding,1,97.2,Flagged
141,1723,Amount Rounding,1,24.5,Under Review
142,5525,Amount Rounding,1,30.0,Flagged
143,18679,Repeat Claimant,1,20.0,Under Review
144,12812,High Claim Ratio,0,32.7,Under Review
145,4031,High Claim Ratio,0,25.9,Flagged
146,3837,Amount Rounding,1,11.6,Flagged
147,18065,Policy-Claim Gap,1,77.9,Flagged
148,13337,Rapid Settlement,0,11.6,Flagged
149,827,Policy-Claim Gap,1,61.3,Flagged
150,4210,Policy-Claim Gap,0,32.7,Under Review
151,1469,High Claim Ratio,1,38.1,Under Review
152,9372,Repeat Claimant,0,93.5,Flagged
153,18400,Rapid Settlement,1,10.3,Under Review
154,3106,Amount Rounding,1,44.5,Confirmed
155,525,High Claim Ratio,1,54.4,Flagged
156,17220,Repeat Claimant,1,57.7,Confirmed
157,15170,Policy-Claim Gap,0,94.5,Cleared
158,13502,Rapid Settlement,1,73.9,Confirmed
159,7894,Policy-Claim Gap,1,19.8,Cleared
160,2437,Repeat Claimant,1,40.7,Under Review
161,1631,Rapid Settlement,1,36.1,Under Review
162,16680,Amount Rounding,1,58.9,Confirmed
163,6259,Policy-Claim Gap,1,98.7,Under Review
164,3751,Rapid Settlement,0,87.5,Under Review
165,17559,Amount Rounding,1,98.1,Confirmed
166,2062,High Claim Ratio,1,20.4,Flagged
167,5761,Rapid Settlement,0,93.9,Flagged
168,1935,Repeat Claimant,0,3.4,Flagged
169,1597,Amount Rounding,0,42.1,Cleared
170,18458,Repeat Claimant,0,27.7,Flagged
171,9045,Policy-Claim Gap,0,64.8,Flagged
172,3224,Amount Rounding,0,10.3,Flagged
173,2158,Repeat Claimant,1,49.6,Cleared
174,8853,High Claim Ratio,1,80.0,Flagged
175,8810,High Claim Ratio,0,26.8,Flagged
176,14627,High Claim Ratio,0,77.8,Flagged
177,17298,High Claim Ratio,1,11.0,Flagged
178,12216,Policy-Claim Gap,1,95.7,Flagged
179,11398,Repeat Claimant,1,78.2,Under Review
180,9837,High Claim Ratio,0,68.0,Under Review
181,12821,Repeat Claimant,0,37.1,Flagged
182,10890,Policy-Claim Gap,1,90.0,Cleared
183,10392,Amount Rounding,1,92.2,Flagged
184,7275,Amount Rounding,1,97.8,Flagged
185,16714,Policy-Claim Gap,1,37.3,Confirmed
186,9376,Rapid Settlement,0,50.1,Flagged
187,15696,Policy-Claim Gap,1,73.9,Confirmed
188,563,Policy-Claim Gap,0,44.9,Under Review
189,9830,Repeat Claimant,1,95.6,Under Review
190,10248,Amount Rounding,1,44.0,Under Review
191,96,Policy-Claim Gap,0,99.9,Cleared
192,8289,Repeat Claimant,0,23.9,Under Review
193,11295,Policy-Claim Gap,1,83.0,Confirmed
194,17325,High Claim Ratio,0,36.2,Flagged
195,10400,Repeat Claimant,1,13.9,Cleared
196,5507,Repeat Claimant,1,27.3,Under Review
197,10615,High Claim Ratio,0,56.7,Flagged
198,3647,Amount Rounding,0,31.3,Under Review
199,12679,Policy-Claim Gap,1,34.2,Under Review
200,17009,High Claim Ratio,0,42.2,Flagged
201,16583,High Claim Ratio,1,80.6,Confirmed
202,15512,Policy-Claim Gap,1,56.4,Flagged
203,8036,Repeat Claimant,1,26.3,Under Review
204,7948,High Claim Ratio,1,77.4,Flagged
205,18633,Policy-Claim Gap,0,18.9,Flagged
206,10916,Policy-Claim Gap,0,73.0,Confirmed
207,11769,High Claim Ratio,0,99.9,Confirmed
208,9106,Repeat Claimant,1,42.7,Cleared
209,13938,Amount Rounding,0,22.7,Flagged
210,4252,Rapid Settlement,0,73.4,Confirmed
211,8825,High Claim Ratio,1,90.5,Flagged
212,16197,High Claim Ratio,1,59.1,Under Review
213,13016,Amount Rounding,0,6.4,Cleared
214,18282,High Claim Ratio,1,38.6,Under Review
215,635,Amount Rounding,1,10.7,Cleared
216,2479,High Claim Ratio,1,16.5,Flagged
217,17747,Amount Rounding,0,50.2,Under Review
218,18197,Policy-Claim Gap,0,41.7,Flagged
219,14412,Rapid Settlement,1,0.8,Confirmed
220,19190,Rapid Settlement,1,64.1,Confirmed
221,17017,Rapid Settlement,0,77.2,Flagged
222,15057,Repeat Claimant,0,65.6,Flagged
223,17079,Amount Rounding,0,46.1,Flagged
224,1194,Repeat Claimant,0,81.5,Confirmed
225,4150,High Claim Ratio,1,42.0,Confirmed
226,14829,Policy-Claim Gap,1,49.7,Flagged
227,12235,High Claim Ratio,1,87.0,Flagged
228,8086,Rapid Settlement,0,19.1,Cleared
229,5604,Policy-Claim Gap,0,1.4,Under Review
230,17880,High Claim Ratio,0,24.4,Cleared
231,9337,Policy-Claim Gap,1,7.8,Flagged
232,15413,Policy-Claim Gap,0,68.1,Flagged
233,14058,Amount Rounding,0,72.8,Flagged
234,4756,Amount Rounding,1,86.8,Flagged
235,7503,High Claim Ratio,0,0.1,Flagged
236,17643,Repeat Claimant,0,98.8,Confirmed
237,1769,Rapid Settlement,0,62.4,Under Review
238,16105,Amount Rounding,0,35.2,Under Review
239,7810,Rapid Settlement,0,39.3,Under Review
240,2446,High Claim Ratio,1,49.6,Under Review
241,6472,High Claim Ratio,0,96.4,Flagged
242,19427,Amount Rounding,1,8.7,Under Review
243,7091,High Claim Ratio,0,8.6,Under Review
244,14412,Amount Rounding,1,1.2,Confirmed
245,12429,Rapid Settlement,1,16.7,Flagged
246,11385,Policy-Claim Gap,1,85.9,Flagged
247,9575,Amount Rounding,1,59.9,Flagged
248,1643,Repeat Claimant,1,0.9,Under Review
249,5284,Rapid Settlement,0,49.9,Under Review
250,14047,Policy-Claim Gap,0,64.9,Flagged
251,18910,Rapid Settlement,0,91.1,Flagged
252,3492,Amount Rounding,1,28.5,Confirmed
253,19476,High Claim Ratio,1,0.7,Cleared
254,19218,Repeat Claimant,0,95.1,Cleared
255,7409,Policy-Claim Gap,0,5.1,Cleared
256,1716,Amount Rounding,1,40.4,Cleared
257,14820,Rapid Settlement,1,75.0,Confirmed
258,18721,Policy-Claim Gap,0,70.4,Under Review
259,6999,Policy-Claim Gap,0,91.8,Confirmed
260,16760,Amount Rounding,0,28.7,Flagged
261,10732,Repeat Claimant,1,95.4,Flagged
262,4279,Amount Rounding,1,28.4,Under Review
263,8170,Amount Rounding,0,44.4,Cleared
264,7483,Amount Rounding,0,89.8,Flagged
265,7248,Amount Rounding,0,73.4,Flagged
266,14153,Amount Rounding,1,21.2,Under Review
267,7905,Repeat Claimant,0,76.2,Flagged
268,12363,High Claim Ratio,1,5.0,Under Review
269,9135,High Claim Ratio,1,11.6,Under Review
270,14509,Repeat Claimant,1,14.3,Under Review
271,2391,Rapid Settlement,1,46.0,Confirmed
272,9098,Amount Rounding,1,29.3,Flagged
273,18190,Rapid Settlement,1,28.4,Flagged
274,7622,Rapid Settlement,0,12.8,Flagged
275,3788,Repeat Claimant,0,63.5,Confirmed
276,3136,Policy-Claim Gap,1,36.8,Flagged
277,3781,Rapid Settlement,0,5.9,Under Review
278,12286,Rapid Settlement,1,33.0,Under Review
279,11246,Policy-Claim Gap,0,67.4,Cleared
280,4793,Policy-Claim Gap,0,9.8,Flagged
281,14653,Rapid Settlement,1,52.1,Under Review
282,3997,Amount Rounding,1,34.0,Under Review
283,5056,Rapid Settlement,1,84.5,Flagged
284,944,High Claim Ratio,1,72.8,Cleared
285,13164,High Claim Ratio,1,30.1,Flagged
286,9173,Repeat Claimant,0,77.9,Under Review
287,2209,Repeat Claimant,1,46.5,Flagged
288,17998,Policy-Claim Gap,1,38.6,Flagged
289,925,Policy-Claim Gap,1,68.5,Flagged
290,1711,Policy-Claim Gap,1,97.1,Flagged
291,5156,Rapid Settlement,0,36.2,Under Review
292,13015,Amount Rounding,1,42.8,Under Review
293,3572,Rapid Settlement,1,93.5,Under Review
294,4339,High Claim Ratio,1,6.3,Confirmed
295,6889,Repeat Claimant,1,47.1,Flagged
296,10917,Rapid Settlement,1,19.6,Flagged
297,13415,High Claim Ratio,1,25.8,Flagged
298,18551,High Claim Ratio,1,45.1,Flagged
299,18911,High Claim Ratio,1,61.5,Cleared
300,18203,Repeat Claimant,1,24.2,Flagged
301,5584,Repeat Claimant,1,58.8,Confirmed
302,12110,Amount Rounding,0,36.9,Confirmed
303,4410,Rapid Settlement,1,58.7,Flagged
304,12573,Rapid Settlement,1,14.3,Cleared
305,5986,Rapid Settlement,1,93.8,Under Review
306,635,Repeat Claimant,0,61.3,Under Review
307,98,Policy-Claim Gap,1,3.6,Flagged
308,14824,Repeat Claimant,1,68.6,Under Review
309,9157,High Claim Ratio,1,58.9,Under Review
310,18846,Rapid Settlement,1,42.9,Flagged
311,5222,Repeat Claimant,0,54.2,Confirmed
312,17080,Rapid Settlement,0,64.0,Flagged
313,14620,Policy-Claim Gap,0,37.7,Under Review
314,14095,Policy-Claim Gap,1,99.3,Flagged
315,2312,Repeat Claimant,1,24.4,Flagged
316,18658,Rapid Settlement,0,11.5,Under Review
317,17195,Rapid Settlement,1,26.1,Flagged
318,11345,Amount Rounding,1,16.8,Under Review
319,5962,High Claim Ratio,1,32.8,Flagged
320,9626,High Claim Ratio,0,59.1,Flagged
321,9781,Rapid Settlement,0,83.7,Under Review
322,4481,Amount Rounding,1,13.8,Flagged
323,9484,Rapid Settlement,1,36.7,Flagged
324,19984,Rapid Settlement,0,17.7,Confirmed
325,6699,Rapid Settlement,1,58.7,Under Review
326,6006,High Claim Ratio,1,72.8,Flagged
327,2,High Claim Ratio,1,46.7,Flagged
328,13556,Repeat Claimant,0,0.9,Under Review
329,14294,Policy-Claim Gap,1,85.8,Under Review
330,6093,Rapid Settlement,1,95.4,Flagged
331,3743,Amount Rounding,0,33.4,Under Review
332,4207,Policy-Claim Gap,1,42.4,Confirmed
333,10014,Repeat Claimant,1,23.5,Cleared
334,13374,Policy-Claim Gap,0,23.4,Under Review
335,1756,Repeat Claimant,1,93.6,Confirmed
336,3328,Rapid Settlement,1,54.4,Confirmed
337,7062,Repeat Claimant,1,78.8,Under Review
338,3935,Repeat Claimant,1,78.6,Confirmed
339,6602,Rapid Settlement,1,44.1,Flagged
340,2757,Repeat Claimant,1,12.6,Under Review
341,8142,Repeat Claimant,0,2.3,Confirmed
342,7067,Amount Rounding,1,26.4,Flagged
343,3135,Repeat Claimant,0,30.0,Under Review
344,18953,High Claim Ratio,1,28.9,Flagged
345,2233,Amount Rounding,1,34.5,Flagged
346,9816,High Claim Ratio,1,3.0,Under Review
347,3067,Rapid Settlement,0,57.7,Under Review
348,3633,Repeat Claimant,0,24.2,Confirmed
349,9480,Amount Rounding,1,71.1,Flagged
350,19221,Repeat Claimant,0,18.4,Flagged
351,655,High Claim Ratio,1,18.7,Flagged
352,2732,Repeat Claimant,0,96.6,Flagged
353,16123,High Claim Ratio,1,69.8,Flagged
354,16491,Policy-Claim Gap,1,38.8,Cleared
355,4452,High Claim Ratio,1,0.9,Confirmed
356,2520,Rapid Settlement,1,65.5,Under Review
357,6637,High Claim Ratio,1,30.2,Flagged
358,1760,Policy-Claim Gap,0,21.1,Under Review
359,12924,Amount Rounding,1,81.6,Flagged
360,10120,Repeat Claimant,0,18.7,Confirmed
361,14844,Amount Rounding,0,30.8,Flagged
362,7002,Repeat Claimant,1,67.7,Under Review
363,13846,High Claim Ratio,1,71.5,Under Review
364,178,High Claim Ratio,1,10.4,Under Review
365,5812,Repeat Claimant,1,98.3,Under Review
366,14205,Policy-Claim Gap,1,70.6,Flagged
367,17818,High Claim Ratio,1,14.6,Cleared
368,11989,Rapid Settlement,0,38.0,Confirmed
369,3490,Repeat Claimant,0,83.6,Confirmed
370,7429,Rapid Settlement,1,10.5,Flagged
371,12792,High Claim Ratio,0,1.1,Confirmed
372,9571,Policy-Claim Gap,1,27.3,Flagged
373,12735,High Claim Ratio,1,86.6,Flagged
374,7108,Amount Rounding,0,38.2,Confirmed
375,18179,High Claim Ratio,1,56.6,Confirmed
376,6849,Rapid Settlement,0,0.5,Under Review
377,14232,Rapid Settlement,0,6.6,Flagged
378,12459,High Claim Ratio,1,68.6,Flagged
379,16422,Rapid Settlement,1,18.5,Under Review
380,10621,Repeat Claimant,1,47.6,Cleared
381,1760,High Claim Ratio,1,61.2,Confirmed
382,13281,High Claim Ratio,1,91.2,Flagged
383,1370,Rapid Settlement,1,34.8,Flagged
384,7313,Policy-Claim Gap,1,1.1,Under Review
385,2755,Amount Rounding,1,75.9,Flagged
386,15739,Policy-Claim Gap,0,5.7,Under Review
387,17756,Amount Rounding,0,10.4,Flagged
388,16741,Rapid Settlement,1,8.7,Confirmed
389,9419,Policy-Claim Gap,1,97.1,Confirmed
390,8197,Rapid Settlement,0,32.5,Under Review
391,17721,Policy-Claim Gap,1,39.1,Under Review
392,7192,Policy-Claim Gap,1,15.0,Flagged
393,16015,Rapid Settlement,1,81.8,Confirmed
394,6403,High Claim Ratio,1,40.4,Flagged
395,6796,High Claim Ratio,0,89.0,Cleared
396,6681,Rapid Settlement,1,66.1,Confirmed
397,8394,Rapid Settlement,0,10.2,Confirmed
398,7393,Amount Rounding,0,74.9,Flagged
399,19087,High Claim Ratio,1,31.5,Flagged
400,7532,Repeat Claimant,1,25.4,Confirmed
401,18562,Repeat Claimant,1,20.3,Confirmed
402,3939,High Claim Ratio,0,58.6,Flagged
403,18315,Amount Rounding,0,62.5,Flagged
404,2223,Rapid Settlement,1,11.0,Confirmed
405,19653,Amount Rounding,0,25.8,Cleared
406,10658,Policy-Claim Gap,0,57.0,Flagged
407,9324,Rapid Settlement,1,19.9,Under Review
408,11000,Amount Rounding,1,18.4,Under Review
409,16724,Amount Rounding,1,54.4,Confirmed
410,19195,Amount Rounding,0,99.1,Under Review
411,8075,Policy-Claim Gap,1,55.1,Flagged
412,11171,Rapid Settlement,1,34.9,Cleared
413,1210,Amount Rounding,0,0.0,Flagged
414,13472,High Claim Ratio,1,16.3,Confirmed
415,9001,Rapid Settlement,1,36.6,Confirmed
416,1086,Policy-Claim Gap,1,76.1,Flagged
417,2364,Policy-Claim Gap,1,56.3,Under Review
418,13154,Amount Rounding,1,71.9,Flagged
419,10044,Rapid Settlement,1,71.9,Flagged
420,957,High Claim Ratio,1,58.1,Under Review
421,14396,Repeat Claimant,1,8.0,Flagged
422,14320,Amount Rounding,1,72.4,Flagged
423,8470,Amount Rounding,0,73.2,Flagged
424,14488,Repeat Claimant,1,41.2,Under Review
425,17681,Amount Rounding,0,84.3,Flagged
426,16051,Repeat Claimant,0,88.8,Confirmed
427,16509,Repeat Claimant,0,73.3,Confirmed
428,6114,Policy-Claim Gap,0,15.8,Flagged
429,7366,Amount Rounding,0,77.6,Flagged
430,150,Rapid Settlement,1,89.8,Under Review
431,4946,Rapid Settlement,0,87.2,Flagged
432,17168,High Claim Ratio,1,91.7,Cleared
433,587,Rapid Settlement,1,88.6,Confirmed
434,6437,Rapid Settlement,1,68.8,Under Review
435,9336,Policy-Claim Gap,0,74.5,Confirmed
436,17409,Policy-Claim Gap,1,7.4,Under Review
437,11920,Policy-Claim Gap,1,2.9,Confirmed
438,16724,Amount Rounding,1,90.0,Flagged
439,9227,Rapid Settlement,0,0.7,Flagged
440,11483,Repeat Claimant,1,50.6,Flagged
441,2057,Amount Rounding,0,75.1,Flagged
442,3413,Rapid Settlement,0,53.5,Under Review
443,4535,Rapid Settlement,1,86.0,Flagged
444,374,Policy-Claim Gap,1,92.2,Confirmed
445,19952,Policy-Claim Gap,1,30.8,Confirmed
446,9388,Policy-Claim Gap,1,55.6,Under Review
447,637,Policy-Claim Gap,0,3.0,Under Review
448,17167,Amount Rounding,0,40.4,Under Review
449,15003,Policy-Claim Gap,1,76.7,Cleared
450,19817,Policy-Claim Gap,0,19.8,Flagged
451,8321,High Claim Ratio,0,71.1,Flagged
452,9173,High Claim Ratio,1,5.5,Flagged
453,13683,Amount Rounding,1,76.6,Confirmed
454,4750,Repeat Claimant,0,32.8,Flagged
455,2585,Policy-Claim Gap,1,94.8,Flagged
456,4308,Policy-Claim Gap,0,99.3,Confirmed
457,18493,Policy-Claim Gap,1,0.1,Under Review
458,2166,Rapid Settlement,1,46.4,Flagged
459,8105,Repeat Claimant,1,43.7,Flagged
460,15396,Rapid Settlement,0,34.5,Flagged
461,19345,Amount Rounding,1,36.1,Flagged
462,8606,Amount Rounding,1,47.5,Confirmed
463,5500,Repeat Claimant,1,54.7,Under Review
464,15621,Amount Rounding,0,29.5,Flagged
465,18790,Amount Rounding,0,69.1,Flagged
466,13636,Amount Rounding,0,93.2,Under Review
467,11472,High Claim Ratio,1,24.3,Confirmed
468,5505,Rapid Settlement,1,58.6,Flagged
469,12450,High Claim Ratio,0,35.2,Under Review
470,3578,Repeat Claimant,1,54.1,Under Review
471,226,Amount Rounding,1,80.3,Flagged
472,447,High Claim Ratio,0,1.1,Under Review
473,5925,Repeat Claimant,0,9.5,Under Review
474,10357,Policy-Claim Gap,0,95.6,Flagged
475,11258,Rapid Settlement,1,21.6,Confirmed
476,1475,High Claim Ratio,1,47.8,Flagged
477,9176,Policy-Claim Gap,1,79.9,Flagged
478,11183,Policy-Claim Gap,0,2.3,Flagged
479,13818,Rapid Settlement,0,43.1,Confirmed
480,19477,Rapid Settlement,1,13.6,Flagged
481,2695,Rapid Settlement,1,74.1,Under Review
482,12014,Repeat Claimant,1,21.2,Under Review
483,14408,Rapid Settlement,1,35.0,Under Review
484,6635,Rapid Settlement,1,64.4,Flagged
485,8043,High Claim Ratio,1,38.2,Confirmed
486,253,Rapid Settlement,0,20.5,Flagged
487,13104,Policy-Claim Gap,0,85.6,Confirmed
488,15485,Repeat Claimant,1,62.6,Under Review
489,7564,High Claim Ratio,1,75.9,Under Review
490,3615,Repeat Claimant,1,95.2,Flagged
491,4931,Rapid Settlement,0,52.7,Under Review
492,8079,Rapid Settlement,0,75.8,Flagged
493,19744,Policy-Claim Gap,1,72.1,Under Review
494,3721,Rapid Settlement,1,47.9,Flagged
495,7901,Rapid Settlement,1,78.5,Confirmed
496,2091,High Claim Ratio,1,92.7,Flagged
497,16819,Rapid Settlement,0,39.6,Under Review
498,106,Repeat Claimant,0,11.5,Flagged
499,3727,Repeat Claimant,0,36.9,Under Review
500,5024,High Claim Ratio,1,46.9,Cleared
501,12331,Policy-Claim Gap,0,91.1,Flagged
502,10606,Rapid Settlement,0,42.1,Flagged
503,16276,Amount Rounding,0,11.1,Confirmed
504,4929,High Claim Ratio,0,92.3,Under Review
505,6228,Rapid Settlement,0,22.7,Under Review
506,7340,Rapid Settlement,0,7.5,Under Review
507,599,Policy-Claim Gap,1,55.1,Flagged
508,12382,High Claim Ratio,1,42.0,Under Review
509,4472,Rapid Settlement,1,6.8,Confirmed
510,6894,High Claim Ratio,0,99.9,Flagged
511,9514,Repeat Claimant,0,87.9,Under Review
512,2869,High Claim Ratio,1,5.4,Flagged
513,375,Policy-Claim Gap,1,25.2,Flagged
514,17806,Amount Rounding,1,57.1,Cleared
515,5401,Rapid Settlement,1,65.3,Under Review
516,304,High Claim Ratio,1,9.3,Under Review
517,12389,High Claim Ratio,0,55.4,Under Review
518,12929,Amount Rounding,1,98.4,Confirmed
519,404,Repeat Claimant,1,35.1,Flagged
520,14220,Amount Rounding,1,26.0,Flagged
521,671,Amount Rounding,0,68.2,Under Review
522,5904,Repeat Claimant,1,10.5,Under Review
523,10541,Policy-Claim Gap,1,80.9,Flagged
524,8709,Policy-Claim Gap,1,18.0,Cleared
525,230,Repeat Claimant,1,41.1,Flagged
526,12406,Amount Rounding,1,12.0,Flagged
527,13498,Repeat Claimant,0,9.8,Confirmed
528,13203,Repeat Claimant,1,46.0,Confirmed
529,12050,High Claim Ratio,0,53.6,Under Review
530,17535,Policy-Claim Gap,1,23.1,Under Review
531,17555,Amount Rounding,1,31.2,Under Review
532,5232,Rapid Settlement,1,43.1,Under Review
533,19038,Rapid Settlement,1,85.6,Flagged
534,15235,Rapid Settlement,0,98.1,Flagged
535,9118,Repeat Claimant,0,83.2,Confirmed
536,18576,High Claim Ratio,1,65.3,Cleared
537,12353,Repeat Claimant,0,84.9,Flagged
538,410,High Claim Ratio,0,68.1,Confirmed
539,6117,Policy-Claim Gap,1,1.8,Flagged
540,5327,Rapid Settlement,1,73.7,Under Review
541,14526,High Claim Ratio,1,56.0,Flagged
542,5393,Amount Rounding,0,82.0,Cleared
543,6912,Rapid Settlement,0,50.4,Flagged
544,12984,High Claim Ratio,0,89.4,Under Review
545,12707,High Claim Ratio,0,0.4,Under Review
546,7576,High Claim Ratio,0,58.8,Flagged
547,4922,Rapid Settlement,1,87.4,Cleared
548,11473,Rapid Settlement,1,99.3,Flagged
549,2264,Repeat Claimant,1,67.1,Flagged
550,16121,Rapid Settlement,0,7.3,Flagged
551,10044,Rapid Settlement,1,4.7,Confirmed
552,17752,Policy-Claim Gap,1,16.8,Flagged
553,10400,Rapid Settlement,1,46.8,Under Review
554,3278,Rapid Settlement,1,62.3,Under Review
555,2993,High Claim Ratio,1,29.0,Under Review
556,16981,Rapid Settlement,1,64.8,Confirmed
557,18476,Rapid Settlement,1,79.4,Confirmed
558,16137,High Claim Ratio,1,31.6,Under Review
559,1008,Amount Rounding,1,52.0,Flagged
560,33,High Claim Ratio,0,76.0,Confirmed
561,3245,Amount Rounding,1,99.0,Under Review
562,4133,Rapid Settlement,1,23.4,Under Review
563,14416,Policy-Claim Gap,1,43.6,Cleared
564,4646,Policy-Claim Gap,1,1.9,Under Review
565,18406,Repeat Claimant,0,64.8,Cleared
566,6743,Repeat Claimant,1,4.1,Cleared
567,18686,Repeat Claimant,0,77.7,Cleared
568,3335,High Claim Ratio,0,35.2,Flagged
569,5485,Policy-Claim Gap,0,32.0,Confirmed
570,9718,Rapid Settlement,0,58.7,Flagged
571,1501,Amount Rounding,1,21.0,Cleared
572,10018,Amount Rounding,1,56.7,Under Review
573,1748,High Claim Ratio,1,37.0,Under Review
574,106,Amount Rounding,1,9.9,Confirmed
575,5819,Repeat Claimant,1,66.5,Under Review
576,15751,Rapid Settlement,1,74.1,Flagged
577,2429,Rapid Settlement,0,90.4,Flagged
578,2491,Policy-Claim Gap,1,65.6,Confirmed
579,2313,Policy-Claim Gap,1,80.6,Flagged
580,19184,High Claim Ratio,1,41.4,Confirmed
581,5462,Rapid Settlement,0,98.6,Confirmed
582,732,Amount Rounding,1,30.9,Flagged
583,11868,High Claim Ratio,1,61.7,Confirmed
584,10853,High Claim Ratio,1,34.9,Cleared
585,3507,Policy-Claim Gap,1,83.1,Under Review
586,2094,Amount Rounding,1,83.8,Flagged
587,11047,Amount Rounding,1,30.9,Cleared
588,5017,High Claim Ratio,1,57.3,Confirmed
589,18757,Rapid Settlement,0,5.9,Flagged
590,5502,Rapid Settlement,1,16.4,Flagged
591,17271,High Claim Ratio,1,94.4,Confirmed
592,407,High Claim Ratio,1,67.0,Flagged
593,6385,Rapid Settlement,0,5.7,Under Review
594,17056,Policy-Claim Gap,1,93.6,Flagged
595,12292,Repeat Claimant,1,87.0,Flagged
596,5843,Policy-Claim Gap,1,27.6,Confirmed
597,3928,Amount Rounding,1,12.8,Under Review
598,7678,High Claim Ratio,1,44.0,Confirmed
599,13249,Rapid Settlement,0,97.1,Cleared
600,2828,Policy-Claim Gap,0,21.9,Confirmed
601,1797,Rapid Settlement,0,5.0,Flagged
602,12764,Amount Rounding,0,58.9,Flagged
603,13903,High Claim Ratio,1,64.5,Flagged
604,9499,Policy-Claim Gap,1,11.7,Cleared
605,7731,Rapid Settlement,1,54.0,Under Review
606,4551,Amount Rounding,0,5.3,Confirmed
607,5606,Amount Rounding,0,70.2,Flagged
608,17080,Policy-Claim Gap,1,60.5,Confirmed
609,14632,Repeat Claimant,0,19.1,Confirmed
610,19462,High Claim Ratio,0,83.6,Under Review
611,8948,Policy-Claim Gap,0,89.1,Confirmed
612,3063,Repeat Claimant,1,63.7,Under Review
613,5042,Repeat Claimant,0,94.4,Confirmed
614,7405,Amount Rounding,1,52.3,Cleared
615,14038,Rapid Settlement,0,6.1,Under Review
616,3728,High Claim Ratio,1,38.7,Confirmed
617,9043,High Claim Ratio,1,94.0,Cleared
618,6043,High Claim Ratio,1,51.8,Flagged
619,4942,Policy-Claim Gap,1,53.8,Under Review
620,1206,High Claim Ratio,1,69.9,Under Review
621,10162,Amount Rounding,0,66.0,Flagged
622,14283,Amount Rounding,0,71.7,Confirmed
623,6224,High Claim Ratio,0,85.4,Confirmed
624,15018,Amount Rounding,1,64.4,Flagged
625,2916,Repeat Claimant,1,26.8,Under Review
626,496,Amount Rounding,0,76.3,Under Review
627,16258,Repeat Claimant,1,45.9,Under Review
628,12561,Repeat Claimant,0,39.5,Flagged
629,14048,Policy-Claim Gap,1,94.2,Under Review
630,18297,Policy-Claim Gap,0,78.4,Flagged
631,6309,Rapid Settlement,1,21.1,Flagged
632,12024,Policy-Claim Gap,1,73.3,Cleared
633,12180,High Claim Ratio,1,98.2,Flagged
634,16753,Amount Rounding,0,80.2,Flagged
635,19502,High Claim Ratio,0,56.9,Flagged
636,9801,High Claim Ratio,0,89.9,Confirmed
637,748,Amount Rounding,1,19.6,Flagged
638,13373,High Claim Ratio,0,11.5,Flagged
639,19854,Rapid Settlement,0,16.5,Under Review
640,7969,Amount Rounding,1,5.0,Under Review
641,15036,Policy-Claim Gap,1,91.6,Under Review
642,13552,Amount Rounding,1,5.4,Flagged
643,17731,High Claim Ratio,1,45.6,Confirmed
644,16157,Rapid Settlement,0,44.0,Flagged
645,16506,Amount Rounding,0,18.5,Flagged
646,5681,Policy-Claim Gap,1,47.7,Under Review
647,16806,Rapid Settlement,1,26.5,Confirmed
648,2163,Repeat Claimant,1,55.1,Under Review
649,13441,Amount Rounding,1,30.3,Flagged
650,14017,Repeat Claimant,0,39.7,Under Review
651,17757,Amount Rounding,1,98.2,Flagged
652,1894,High Claim Ratio,0,21.1,Confirmed
653,2422,Amount Rounding,1,94.3,Confirmed
654,10843,High Claim Ratio,1,34.2,Under Review
655,17220,Rapid Settlement,0,66.7,Confirmed
656,4433,Repeat Claimant,1,41.9,Flagged
657,19218,Rapid Settlement,1,16.5,Cleared
658,9330,Rapid Settlement,0,67.6,Under Review
659,7726,Amount Rounding,1,61.1,Flagged
660,13174,High Claim Ratio,1,4.7,Cleared
661,4834,Rapid Settlement,1,36.9,Under Review
662,7523,Amount Rounding,0,99.8,Under Review
663,7942,High Claim Ratio,1,10.2,Confirmed
664,777,High Claim Ratio,1,51.0,Cleared
665,17887,Repeat Claimant,0,12.3,Confirmed
666,9508,Policy-Claim Gap,1,38.7,Flagged
667,14252,Rapid Settlement,1,11.8,Under Review
668,18782,Amount Rounding,1,86.6,Flagged
669,14707,Policy-Claim Gap,0,4.1,Flagged
670,11957,Amount Rounding,0,30.8,Cleared
671,3688,Amount Rounding,1,25.3,Under Review
672,15295,Repeat Claimant,0,46.3,Under Review
673,11997,Amount Rounding,0,82.9,Flagged
674,6821,Policy-Claim Gap,0,56.4,Flagged
675,10943,Rapid Settlement,0,96.0,Under Review
676,15488,Repeat Claimant,0,93.8,Confirmed
677,4544,Amount Rounding,0,35.3,Under Review
678,940,Amount Rounding,0,33.3,Cleared
679,6051,Amount Rounding,1,94.4,Under Review
680,2463,Rapid Settlement,0,87.2,Under Review
681,2683,Rapid Settlement,0,81.8,Flagged
682,15910,Amount Rounding,0,28.9,Under Review
683,19513,High Claim Ratio,1,14.0,Flagged
684,10722,Repeat Claimant,1,31.2,Under Review
685,17838,High Claim Ratio,1,32.8,Under Review
686,16634,Amount Rounding,0,33.8,Under Review
687,13550,Amount Rounding,1,82.2,Under Review
688,511,Repeat Claimant,1,32.8,Under Review
689,10510,High Claim Ratio,1,28.3,Flagged
690,5454,Repeat Claimant,1,33.3,Cleared
691,8828,Rapid Settlement,1,80.7,Under Review
692,19577,High Claim Ratio,1,32.2,Flagged
693,13557,Amount Rounding,0,13.4,Cleared
694,6017,Repeat Claimant,0,22.9,Cleared
695,7916,High Claim Ratio,0,91.8,Confirmed
696,13931,Rapid Settlement,0,98.2,Flagged
697,5780,Policy-Claim Gap,1,80.0,Under Review
698,9366,Repeat Claimant,1,55.1,Flagged
699,16579,Repeat Claimant,1,30.5,Confirmed
700,4717,Repeat Claimant,0,49.7,Under Review
701,1556,Policy-Claim Gap,1,16.2,Confirmed
702,12866,High Claim Ratio,1,44.4,Cleared
703,12773,Policy-Claim Gap,0,74.4,Flagged
704,3585,Repeat Claimant,0,28.2,Flagged
705,5370,Repeat Claimant,0,63.5,Flagged
706,18162,Rapid Settlement,0,0.9,Under Review
707,18792,Rapid Settlement,0,20.6,Flagged
708,5851,Rapid Settlement,1,40.8,Flagged
709,11918,High Claim Ratio,1,18.6,Confirmed
710,18980,Rapid Settlement,1,61.3,Cleared
711,16986,Amount Rounding,0,23.6,Flagged
712,16903,Amount Rounding,0,33.5,Confirmed
713,12220,Amount Rounding,1,68.7,Flagged
714,14150,Rapid Settlement,1,7.0,Confirmed
715,16097,High Claim Ratio,0,7.4,Flagged
716,11891,Rapid Settlement,1,91.0,Flagged
717,17184,Repeat Claimant,0,57.0,Flagged
718,9656,Repeat Claimant,0,74.3,Flagged
719,8562,Repeat Claimant,0,24.3,Under Review
720,14949,Policy-Claim Gap,0,67.6,Confirmed
721,4244,Rapid Settlement,1,74.4,Cleared
722,3506,High Claim Ratio,0,50.4,Under Review
723,7731,Repeat Claimant,1,62.6,Under Review
724,16479,Rapid Settlement,0,56.5,Confirmed
725,11062,High Claim Ratio,0,64.4,Under Review
726,11822,Policy-Claim Gap,0,72.4,Flagged
727,10385,Policy-Claim Gap,1,0.8,Confirmed
728,7448,Repeat Claimant,1,52.8,Flagged
729,4020,Rapid Settlement,0,89.8,Flagged
730,19453,High Claim Ratio,0,99.4,Flagged
731,12377,High Claim Ratio,0,84.1,Confirmed
732,15920,Repeat Claimant,1,7.8,Under Review
733,8343,Repeat Claimant,0,28.4,Flagged
734,8316,Repeat Claimant,1,72.1,Flagged
735,10551,Policy-Claim Gap,0,8.5,Flagged
736,9680,Repeat Claimant,0,77.7,Flagged
737,8796,Policy-Claim Gap,1,33.0,Flagged
738,19651,Amount Rounding,1,74.9,Flagged
739,11267,Amount Rounding,0,63.4,Under Review
740,12101,Rapid Settlement,0,55.5,Flagged
741,14175,Repeat Claimant,1,20.5,Confirmed
742,9474,Amount Rounding,0,68.7,Cleared
743,2819,Repeat Claimant,0,79.5,Confirmed
744,15284,Amount Rounding,1,18.6,Confirmed
745,19873,Repeat Claimant,1,91.2,Flagged
746,10767,Repeat Claimant,1,7.0,Confirmed
747,8367,Policy-Claim Gap,1,0.2,Under Review
748,19168,Rapid Settlement,1,50.8,Flagged
749,14735,Policy-Claim Gap,1,35.4,Cleared
750,15499,Policy-Claim Gap,1,86.0,Under Review
751,17981,Policy-Claim Gap,1,68.9,Under Review
752,1956,Rapid Settlement,1,87.1,Flagged
753,8383,Policy-Claim Gap,0,62.3,Flagged
754,14737,Amount Rounding,1,81.0,Confirmed
755,16017,Policy-Claim Gap,1,8.4,Under Review
756,18935,Repeat Claimant,0,82.7,Flagged
757,17805,Amount Rounding,0,38.9,Under Review
758,5744,Amount Rounding,0,33.6,Confirmed
759,7449,Policy-Claim Gap,0,37.3,Flagged
760,1696,Repeat Claimant,1,52.6,Flagged
761,12780,Rapid Settlement,0,42.6,Flagged
762,16346,Repeat Claimant,1,98.0,Under Review
763,19753,Rapid Settlement,1,51.6,Confirmed
764,7597,Amount Rounding,1,24.3,Under Review
765,11640,High Claim Ratio,1,71.5,Confirmed
766,19574,Repeat Claimant,0,91.9,Flagged
767,14475,Amount Rounding,0,6.1,Cleared
768,806,Amount Rounding,1,80.7,Under Review
769,9620,Amount Rounding,1,45.0,Confirmed
770,1477,Policy-Claim Gap,0,63.6,Cleared
771,3319,High Claim Ratio,1,36.5,Under Review
772,16371,Repeat Claimant,0,27.6,Flagged
773,18829,Amount Rounding,1,28.9,Flagged
774,8063,Policy-Claim Gap,0,29.3,Flagged
775,19950,Rapid Settlement,0,88.3,Under Review
776,16324,Rapid Settlement,1,48.7,Flagged
777,1177,Amount Rounding,1,71.9,Confirmed
778,10481,Repeat Claimant,1,98.0,Flagged
779,4788,High Claim Ratio,1,29.3,Flagged
780,15556,Rapid Settlement,0,0.1,Flagged
781,17813,Rapid Settlement,0,75.1,Flagged
782,1402,Amount Rounding,0,39.0,Flagged
783,15510,Policy-Claim Gap,0,86.6,Confirmed
784,17835,Amount Rounding,0,32.1,Confirmed
785,19783,High Claim Ratio,0,10.0,Flagged
786,13009,Rapid Settlement,1,54.3,Cleared
787,7762,Policy-Claim Gap,1,66.2,Under Review
788,12674,Policy-Claim Gap,0,43.2,Flagged
789,4305,Repeat Claimant,0,79.0,Under Review
790,10254,Repeat Claimant,1,86.6,Flagged
791,7199,Repeat Claimant,0,2.5,Flagged
792,14862,Repeat Claimant,1,84.2,Under Review
793,5108,Policy-Claim Gap,1,77.7,Flagged
794,18062,Policy-Claim Gap,0,4.9,Under Review
795,8883,Repeat Claimant,0,90.7,Flagged
796,2503,High Claim Ratio,0,26.7,Flagged
797,13064,Repeat Claimant,1,84.5,Under Review
798,12078,High Claim Ratio,1,40.0,Cleared
799,5086,Rapid Settlement,0,88.8,Confirmed
800,18397,Rapid Settlement,1,67.1,Confirmed
801,12919,High Claim Ratio,1,57.6,Flagged
802,582,Policy-Claim Gap,1,41.6,Cleared
803,7020,Amount Rounding,1,13.9,Under Review
804,19457,Amount Rounding,0,70.1,Confirmed
805,3413,Policy-Claim Gap,0,48.7,Flagged
806,570,Amount Rounding,0,54.2,Confirmed
807,752,Repeat Claimant,0,53.3,Flagged
808,7977,Amount Rounding,0,80.0,Under Review
809,17307,Policy-Claim Gap,1,8.8,Confirmed
810,14227,Repeat Claimant,1,80.3,Cleared
811,13219,Repeat Claimant,1,7.1,Flagged
812,3207,Amount Rounding,1,33.0,Under Review
813,2461,Amount Rounding,0,99.0,Confirmed
814,7041,Rapid Settlement,1,83.1,Confirmed
815,1773,High Claim Ratio,1,58.8,Under Review
816,8509,Rapid Settlement,1,24.5,Under Review
817,8976,Policy-Claim Gap,0,67.6,Confirmed
818,19146,Amount Rounding,1,85.8,Flagged
819,3868,Repeat Claimant,1,71.5,Under Review
820,11115,Amount Rounding,1,75.7,Cleared
821,5185,Policy-Claim Gap,1,20.3,Under Review
822,5583,Amount Rounding,0,49.3,Flagged
823,18578,Policy-Claim Gap,1,28.6,Confirmed
824,7468,High Claim Ratio,1,31.1,Under Review
825,15101,High Claim Ratio,0,94.6,Flagged
826,2600,Amount Rounding,1,62.0,Flagged
827,4372,Policy-Claim Gap,0,20.7,Flagged
828,11,Rapid Settlement,0,27.6,Under Review
829,6322,Rapid Settlement,0,83.9,Under Review
830,8690,Rapid Settlement,0,8.4,Flagged
831,165,High Claim Ratio,1,98.4,Flagged
832,15545,Amount Rounding,1,65.1,Flagged
833,15390,Policy-Claim Gap,0,35.4,Under Review
834,11865,Rapid Settlement,1,84.1,Confirmed
835,11664,High Claim Ratio,1,92.3,Flagged
836,14090,Policy-Claim Gap,1,57.3,Under Review
837,11001,Rapid Settlement,1,88.3,Under Review
838,15625,High Claim Ratio,0,65.1,Flagged
839,11752,High Claim Ratio,1,38.7,Flagged
840,8771,Repeat Claimant,0,94.8,Under Review
841,17743,Rapid Settlement,1,23.9,Under Review
842,13284,Amount Rounding,0,98.6,Confirmed
843,1587,Policy-Claim Gap,1,41.3,Under Review
844,5109,High Claim Ratio,1,94.2,Under Review
845,1911,Rapid Settlement,1,25.1,Flagged
846,12276,Amount Rounding,1,50.0,Under Review
847,17455,High Claim Ratio,0,92.1,Flagged
848,3770,High Claim Ratio,1,58.3,Confirmed
849,6828,High Claim Ratio,1,84.5,Under Review
850,294,Rapid Settlement,0,37.7,Flagged
851,15619,Policy-Claim Gap,1,40.4,Flagged
852,9942,Policy-Claim Gap,1,68.3,Under Review
853,18938,Policy-Claim Gap,0,15.2,Under Review
854,1547,Rapid Settlement,1,6.2,Flagged
855,10970,Rapid Settlement,1,2.4,Flagged
856,2692,High Claim Ratio,0,39.0,Flagged
857,515,High Claim Ratio,0,75.0,Under Review
858,14811,Policy-Claim Gap,0,48.6,Flagged
859,6768,High Claim Ratio,0,77.0,Confirmed
860,5937,Repeat Claimant,0,6.4,Under Review
861,12147,Amount Rounding,0,7.7,Flagged
862,19126,High Claim Ratio,0,20.3,Flagged
863,17164,High Claim Ratio,1,71.4,Under Review
864,12684,Amount Rounding,0,1.4,Under Review
865,1224,High Claim Ratio,1,80.7,Flagged
866,11347,Amount Rounding,0,49.1,Flagged
867,16155,Repeat Claimant,0,23.5,Under Review
868,5544,Amount Rounding,1,10.5,Flagged
869,9309,High Claim Ratio,1,83.1,Flagged
870,4216,High Claim Ratio,0,76.0,Flagged
871,1349,Amount Rounding,1,3.2,Confirmed
872,7745,Rapid Settlement,0,54.9,Confirmed
873,15685,Policy-Claim Gap,1,30.8,Cleared
874,18711,Rapid Settlement,1,18.4,Cleared
875,12507,Policy-Claim Gap,0,56.5,Confirmed
876,9093,Rapid Settlement,0,50.6,Under Review
877,18800,Policy-Claim Gap,1,13.8,Flagged
878,17803,Rapid Settlement,0,22.2,Flagged
879,10226,High Claim Ratio,0,52.9,Flagged
880,1819,Policy-Claim Gap,1,29.3,Flagged
881,1584,High Claim Ratio,0,64.4,Flagged
882,15117,Amount Rounding,1,71.0,Flagged
883,11933,Repeat Claimant,0,10.6,Flagged
884,16065,Rapid Settlement,1,62.7,Flagged
885,7588,Policy-Claim Gap,0,60.7,Under Review
886,17121,Rapid Settlement,1,10.0,Flagged
887,1525,Repeat Claimant,0,49.9,Flagged
888,1484,High Claim Ratio,1,75.3,Confirmed
889,9094,Repeat Claimant,0,91.7,Flagged
890,8709,Amount Rounding,1,27.4,Cleared
891,342,High Claim Ratio,1,26.9,Confirmed
892,13429,High Claim Ratio,1,26.4,Under Review
893,19404,High Claim Ratio,0,45.7,Under Review
894,4710,Amount Rounding,1,85.9,Under Review
895,16991,Repeat Claimant,0,3.7,Flagged
896,4942,Repeat Claimant,0,73.0,Flagged
897,17826,Rapid Settlement,1,35.6,Flagged
898,9921,Amount Rounding,1,48.0,Flagged
899,15629,Policy-Claim Gap,1,63.1,Under Review
900,8091,Amount Rounding,0,33.5,Cleared
901,1940,Amount Rounding,1,35.3,Confirmed
902,17339,Repeat Claimant,1,57.1,Flagged
903,8359,High Claim Ratio,1,52.5,Confirmed
904,16432,Repeat Claimant,0,66.7,Under Review
905,7145,Amount Rounding,1,63.7,Under Review
906,6186,Repeat Claimant,1,6.6,Under Review
907,16264,Repeat Claimant,0,48.4,Confirmed
908,647,Amount Rounding,0,18.8,Under Review
909,18691,Repeat Claimant,0,27.0,Flagged
910,7175,Amount Rounding,0,58.5,Under Review
911,2274,Amount Rounding,0,91.2,Flagged
912,5840,Repeat Claimant,0,11.6,Under Review
913,14902,Rapid Settlement,0,65.9,Under Review
914,10887,Repeat Claimant,1,100.0,Under Review
915,2259,High Claim Ratio,1,32.0,Under Review
916,16247,Amount Rounding,0,1.8,Under Review
917,15262,Rapid Settlement,0,79.7,Flagged
918,10555,Policy-Claim Gap,1,69.6,Flagged
919,19896,Amount Rounding,0,64.9,Flagged
920,18067,High Claim Ratio,0,19.3,Flagged
921,14355,Policy-Claim Gap,1,39.1,Flagged
922,14782,Policy-Claim Gap,0,20.6,Under Review
923,1636,Policy-Claim Gap,1,70.5,Confirmed
924,14359,High Claim Ratio,1,26.9,Cleared
925,6067,High Claim Ratio,1,13.1,Under Review
926,7878,Policy-Claim Gap,1,1.5,Under Review
927,19254,Policy-Claim Gap,1,92.0,Confirmed
928,13227,Repeat Claimant,0,69.4,Flagged
929,9613,Amount Rounding,1,38.0,Flagged
930,19789,Rapid Settlement,0,90.0,Under Review
931,7795,Amount Rounding,0,96.7,Flagged
932,15763,Rapid Settlement,1,78.8,Flagged
933,16514,High Claim Ratio,1,74.9,Under Review
934,98,Repeat Claimant,1,22.1,Under Review
935,9639,Rapid Settlement,1,11.1,Under Review
936,16596,Amount Rounding,1,15.7,Confirmed
937,9692,Policy-Claim Gap,0,96.1,Under Review
938,17913,Amount Rounding,0,29.6,Flagged
939,3454,Amount Rounding,0,25.3,Cleared
940,1462,Repeat Claimant,1,57.6,Under Review
941,16761,Rapid Settlement,0,29.1,Confirmed
942,13766,High Claim Ratio,0,51.7,Flagged
943,4361,Repeat Claimant,0,72.2,Under Review
944,15483,Rapid Settlement,1,12.4,Confirmed
945,9690,High Claim Ratio,0,69.0,Flagged
946,10927,Amount Rounding,0,55.2,Under Review
947,8097,Amount Rounding,1,26.3,Under Review
948,8931,Rapid Settlement,0,61.2,Under Review
949,9323,Repeat Claimant,0,92.2,Flagged
950,1028,Repeat Claimant,0,30.2,Confirmed
951,1462,High Claim Ratio,0,62.4,Confirmed
952,6475,Amount Rounding,0,23.6,Under Review
953,15210,High Claim Ratio,0,52.0,Confirmed
954,9064,Rapid Settlement,0,65.7,Under Review
955,4240,Rapid Settlement,0,82.6,Flagged
956,12077,High Claim Ratio,0,65.8,Flagged
957,19593,Amount Rounding,1,97.9,Flagged
958,9759,Repeat Claimant,1,65.2,Under Review
959,4274,High Claim Ratio,1,30.0,Under Review
960,8090,Amount Rounding,1,87.6,Under Review
961,12682,Policy-Claim Gap,1,11.9,Under Review
962,1064,Rapid Settlement,1,51.0,Flagged
963,14530,Amount Rounding,1,45.6,Flagged
964,396,Repeat Claimant,1,55.8,Flagged
965,11208,Repeat Claimant,0,75.2,Confirmed
966,7303,Amount Rounding,0,24.4,Under Review
967,19516,Rapid Settlement,0,49.0,Confirmed
968,268,Repeat Claimant,1,58.6,Flagged
969,15426,Repeat Claimant,0,48.3,Under Review
970,13285,Policy-Claim Gap,1,47.0,Flagged
971,17603,Repeat Claimant,1,38.5,Flagged
972,3972,Amount Rounding,0,61.0,Under Review
973,15807,Repeat Claimant,0,48.4,Flagged
974,10063,Repeat Claimant,0,45.1,Flagged
975,18782,High Claim Ratio,1,79.2,Under Review
976,18329,Amount Rounding,1,87.9,Under Review
977,14191,High Claim Ratio,1,43.3,Under Review
978,7565,Policy-Claim Gap,1,71.6,Flagged
979,6725,Repeat Claimant,1,89.3,Confirmed
980,4593,Repeat Claimant,1,1.7,Flagged
981,6081,High Claim Ratio,1,3.5,Flagged
982,17329,High Claim Ratio,1,46.3,Confirmed
983,3120,Repeat Claimant,0,63.9,Flagged
984,3703,Repeat Claimant,0,8.4,Flagged
985,12269,High Claim Ratio,1,8.8,Under Review
986,9036,High Claim Ratio,0,31.0,Flagged
987,8756,High Claim Ratio,1,39.3,Flagged
988,5630,High Claim Ratio,0,38.1,Flagged
989,16908,Rapid Settlement,1,61.6,Flagged
990,5526,Amount Rounding,1,68.0,Flagged
991,11451,High Claim Ratio,1,93.5,Under Review
992,18456,Policy-Claim Gap,0,36.9,Under Review
993,17175,Amount Rounding,1,5.7,Under Review
994,14876,High Claim Ratio,1,4.4,Confirmed
995,4274,Policy-Claim Gap,1,67.1,Cleared
996,846,High Claim Ratio,0,97.5,Under Review
997,9986,High Claim Ratio,0,31.4,Flagged
998,18578,High Claim Ratio,0,6.8,Under Review
999,14616,Policy-Claim Gap,0,67.1,Flagged
1000,2057,High Claim Ratio,1,0.5,Under Review
1001,11032,Rapid Settlement,1,45.7,Cleared
1002,13844,Rapid Settlement,0,56.5,Cleared
1003,15181,Repeat Claimant,1,45.0,Flagged
1004,2851,Amount Rounding,1,76.0,Under Review
1005,18409,Repeat Claimant,0,92.4,Confirmed
1006,3885,Repeat Claimant,1,53.4,Cleared
1007,16989,Policy-Claim Gap,0,78.6,Under Review
1008,3480,Amount Rounding,0,2.0,Under Review
1009,576,High Claim Ratio,0,22.9,Flagged
1010,3006,Rapid Settlement,0,96.4,Flagged
1011,4930,Repeat Claimant,1,19.9,Flagged
1012,4767,Rapid Settlement,0,56.4,Under Review
1013,14725,Repeat Claimant,1,56.3,Confirmed
1014,4123,Repeat Claimant,1,73.5,Flagged
1015,17094,Amount Rounding,0,54.1,Under Review
1016,9880,Policy-Claim Gap,0,31.1,Under Review
1017,19449,Policy-Claim Gap,0,3.4,Confirmed
1018,770,High Claim Ratio,1,62.6,Confirmed
1019,7940,High Claim Ratio,0,57.4,Flagged
1020,19556,Rapid Settlement,1,43.3,Cleared
1021,15955,Repeat Claimant,0,64.1,Confirmed
1022,18163,High Claim Ratio,0,11.7,Cleared
1023,4482,Policy-Claim Gap,1,25.3,Flagged
1024,239,Policy-Claim Gap,1,76.5,Flagged
1025,19113,Policy-Claim Gap,1,15.9,Cleared
1026,14026,Policy-Claim Gap,0,85.4,Under Review
1027,423,High Claim Ratio,1,37.7,Under Review
1028,207,Repeat Claimant,1,98.7,Confirmed
1029,4646,Rapid Settlement,1,42.1,Flagged
1030,8818,Repeat Claimant,0,18.5,Flagged
1031,10386,Rapid Settlement,1,55.2,Cleared
1032,3313,Rapid Settlement,1,5.8,Cleared
1033,6142,High Claim Ratio,1,52.3,Confirmed
1034,1563,Rapid Settlement,0,57.4,Flagged
1035,9805,Repeat Claimant,0,88.4,Flagged
1036,17902,High Claim Ratio,1,24.4,Under Review
1037,8359,Repeat Claimant,0,46.0,Flagged
1038,16828,Rapid Settlement,1,55.1,Under Review
1039,3254,Policy-Claim Gap,1,30.8,Under Review
1040,3545,Rapid Settlement,1,23.7,Flagged
1041,15660,Policy-Claim Gap,1,3.6,Confirmed
1042,18180,Amount Rounding,1,71.6,Under Review
1043,8748,Policy-Claim Gap,1,53.0,Flagged
1044,7998,Repeat Claimant,1,61.9,Flagged
1045,7562,Amount Rounding,1,17.6,Flagged
1046,2404,Repeat Claimant,1,20.6,Flagged
1047,18711,Rapid Settlement,0,75.7,Flagged
1048,6424,Repeat Claimant,1,76.7,Confirmed
1049,353,Repeat Claimant,1,92.7,Cleared
1050,15021,High Claim Ratio,0,34.4,Flagged
1051,2994,High Claim Ratio,0,61.3,Under Review
1052,6656,Rapid Settlement,1,34.0,Under Review
1053,13083,Amount Rounding,0,55.0,Flagged
1054,863,Rapid Settlement,1,68.8,Confirmed
1055,11705,Amount Rounding,1,91.5,Under Review
1056,14900,Repeat Claimant,0,85.6,Confirmed
1057,19424,Policy-Claim Gap,0,67.2,Flagged
1058,14450,High Claim Ratio,0,1.9,Under Review
1059,14120,High Claim Ratio,1,7.2,Under Review
1060,5283,High Claim Ratio,1,4.3,Cleared
1061,6818,High Claim Ratio,1,85.0,Under Review
1062,5704,Repeat Claimant,0,9.6,Flagged
1063,3975,Repeat Claimant,0,98.9,Confirmed
1064,14244,Repeat Claimant,1,31.1,Under Review
1065,2894,Amount Rounding,0,86.6,Cleared
1066,1705,Rapid Settlement,0,60.4,Confirmed
1067,7026,Rapid Settlement,0,86.7,Under Review
1068,2599,Repeat Claimant,1,45.6,Confirmed
1069,2333,Policy-Claim Gap,0,98.3,Confirmed
1070,17148,High Claim Ratio,0,44.3,Flagged
1071,3513,Rapid Settlement,0,15.6,Flagged
1072,1691,Policy-Claim Gap,0,66.4,Cleared
1073,9158,Repeat Claimant,1,8.3,Confirmed
1074,17576,High Claim Ratio,0,40.6,Under Review
1075,11099,Repeat Claimant,0,93.8,Under Review
1076,9005,Rapid Settlement,1,47.6,Under Review
1077,14740,Amount Rounding,0,46.9,Flagged
1078,8247,Rapid Settlement,0,72.4,Flagged
1079,6717,Amount Rounding,0,85.8,Flagged
1080,3437,High Claim Ratio,1,28.1,Flagged
1081,329,Rapid Settlement,1,63.3,Confirmed
1082,4572,Amount Rounding,0,7.7,Under Review
1083,7671,Amount Rounding,0,38.4,Confirmed
1084,1832,Repeat Claimant,1,42.9,Flagged
1085,1519,Rapid Settlement,0,2.1,Under Review
1086,15394,Amount Rounding,0,81.4,Flagged
1087,12179,Rapid Settlement,1,96.2,Flagged
1088,1410,Repeat Claimant,1,54.2,Under Review
1089,13123,Repeat Claimant,0,82.0,Confirmed
1090,18252,Rapid Settlement,1,36.5,Flagged
1091,19004,Policy-Claim Gap,1,31.9,Flagged
1092,1804,Rapid Settlement,1,53.5,Cleared
1093,5771,Rapid Settlement,1,80.9,Under Review
1094,17101,Repeat Claimant,1,41.4,Under Review
1095,7046,High Claim Ratio,1,44.1,Confirmed
1096,350,High Claim Ratio,1,6.4,Flagged
1097,5621,Rapid Settlement,1,38.4,Under Review
1098,12811,Amount Rounding,0,0.7,Under Review
1099,3913,Rapid Settlement,1,77.3,Flagged
1100,7963,Rapid Settlement,0,96.9,Flagged
1101,10011,Repeat Claimant,0,15.2,Flagged
1102,14676,Rapid Settlement,1,72.8,Flagged
1103,6661,Rapid Settlement,0,41.7,Under Review
1104,2410,Amount Rounding,1,78.1,Under Review
1105,9444,High Claim Ratio,1,93.5,Cleared
1106,4653,Rapid Settlement,1,12.8,Cleared
1107,12909,Policy-Claim Gap,1,29.8,Under Review
1108,6203,Repeat Claimant,1,30.7,Flagged
1109,7805,Repeat Claimant,0,10.2,Flagged
1110,18235,Repeat Claimant,1,66.4,Under Review
1111,3831,Amount Rounding,1,96.7,Under Review
1112,10546,Policy-Claim Gap,1,8.1,Confirmed
1113,582,High Claim Ratio,1,65.4,Confirmed
1114,3739,Policy-Claim Gap,1,47.2,Under Review
1115,7384,Policy-Claim Gap,1,60.5,Flagged
1116,3348,Policy-Claim Gap,1,82.5,Flagged
1117,8645,Repeat Claimant,0,26.7,Cleared
1118,3203,High Claim Ratio,0,7.6,Confirmed
1119,14417,Rapid Settlement,1,48.4,Flagged
1120,6318,High Claim Ratio,1,19.5,Flagged
1121,3930,Rapid Settlement,1,33.2,Cleared
1122,3636,Amount Rounding,1,42.9,Cleared
1123,10231,Repeat Claimant,1,84.6,Flagged
1124,14519,High Claim Ratio,0,64.3,Cleared
1125,3194,Rapid Settlement,1,33.5,Under Review
1126,9659,Amount Rounding,1,8.5,Confirmed
1127,9025,High Claim Ratio,0,95.7,Under Review
1128,10043,Repeat Claimant,1,0.2,Under Review
1129,18329,High Claim Ratio,1,69.3,Flagged
1130,1793,High Claim Ratio,0,0.3,Under Review
1131,9592,Amount Rounding,1,49.0,Under Review
1132,17940,Policy-Claim Gap,1,14.3,Flagged
1133,2678,Amount Rounding,0,4.3,Under Review
1134,16946,Rapid Settlement,1,79.1,Flagged
1135,7772,Repeat Claimant,1,39.5,Flagged
1136,18809,Amount Rounding,0,23.3,Under Review
1137,14568,Amount Rounding,0,30.0,Flagged
1138,5367,Repeat Claimant,0,68.6,Under Review
1139,2390,Amount Rounding,0,22.5,Under Review
1140,3101,Policy-Claim Gap,1,81.8,Confirmed
1141,1554,Policy-Claim Gap,0,88.2,Cleared
1142,10003,Repeat Claimant,1,36.9,Flagged
1143,5371,Repeat Claimant,1,65.3,Flagged
1144,1710,Policy-Claim Gap,0,39.8,Cleared
1145,9636,High Claim Ratio,1,6.0,Flagged
1146,909,Policy-Claim Gap,1,85.6,Confirmed
1147,3163,Amount Rounding,0,89.9,Confirmed
1148,16192,Repeat Claimant,0,52.6,Under Review
1149,18460,Amount Rounding,1,14.7,Under Review
1150,555,Repeat Claimant,0,17.4,Flagged
1151,11213,Repeat Claimant,0,0.2,Confirmed
1152,605,Amount Rounding,1,64.4,Cleared
1153,11738,Amount Rounding,1,26.9,Confirmed
1154,12544,Amount Rounding,1,16.0,Flagged
1155,6247,Amount Rounding,0,25.5,Under Review
1156,5518,Rapid Settlement,0,1.1,Flagged
1157,8264,Policy-Claim Gap,0,43.9,Under Review
1158,19746,Amount Rounding,1,74.8,Under Review
1159,14562,Rapid Settlement,0,91.1,Flagged
1160,9942,Rapid Settlement,0,24.7,Under Review
1161,17118,Rapid Settlement,1,97.5,Under Review
1162,14180,High Claim Ratio,1,99.0,Confirmed
1163,13542,High Claim Ratio,1,46.2,Confirmed
1164,1985,Repeat Claimant,1,66.6,Under Review
1165,5585,High Claim Ratio,1,44.8,Under Review
1166,5686,Amount Rounding,0,1.4,Confirmed
1167,18683,Rapid Settlement,1,16.6,Confirmed
1168,9804,High Claim Ratio,1,12.4,Under Review
1169,4424,Amount Rounding,0,7.1,Flagged
1170,13133,Repeat Claimant,1,57.7,Flagged
1171,16015,Policy-Claim Gap,1,78.6,Under Review
1172,6902,Rapid Settlement,0,17.8,Confirmed
1173,9669,Rapid Settlement,1,55.9,Flagged
1174,3314,Policy-Claim Gap,1,53.2,Flagged
1175,66,Amount Rounding,1,50.0,Confirmed
1176,19843,Amount Rounding,0,14.1,Flagged
1177,18721,Rapid Settlement,1,6.9,Confirmed
1178,108,Policy-Claim Gap,1,9.4,Under Review
1179,8219,High Claim Ratio,1,90.0,Under Review
1180,19785,Policy-Claim Gap,0,15.5,Under Review
1181,8051,High Claim Ratio,0,14.6,Under Review
1182,12591,High Claim Ratio,1,14.0,Confirmed
1183,18174,Repeat Claimant,1,39.5,Under Review
1184,1978,Policy-Claim Gap,0,33.3,Flagged
1185,12763,High Claim Ratio,0,1.0,Under Review
1186,12378,Repeat Claimant,1,45.2,Confirmed
1187,5289,Repeat Claimant,0,68.0,Under Review
1188,3538,Amount Rounding,1,38.3,Confirmed
1189,15118,High Claim Ratio,0,66.8,Flagged
1190,14812,Repeat Claimant,1,27.7,Cleared
1191,10175,Rapid Settlement,1,65.7,Under Review
1192,15853,Amount Rounding,1,37.4,Flagged
1193,9310,Repeat Claimant,1,28.7,Flagged
1194,13915,Amount Rounding,1,46.3,Flagged
1195,8021,Policy-Claim Gap,0,86.3,Under Review
1196,2267,Policy-Claim Gap,1,42.4,Flagged
1197,19420,Rapid Settlement,1,50.3,Confirmed
1198,10998,Repeat Claimant,1,38.8,Flagged
1199,6500,Rapid Settlement,1,44.3,Flagged
1200,8838,Policy-Claim Gap,1,80.4,Flagged
1201,13299,Policy-Claim Gap,1,81.0,Flagged
1202,4929,Repeat Claimant,1,91.6,Flagged
1203,13234,High Claim Ratio,0,63.4,Under Review
1204,8478,Repeat Claimant,0,0.0,Flagged
1205,7828,Amount Rounding,1,80.3,Flagged
1206,16024,Repeat Claimant,1,97.3,Under Review
1207,13,High Claim Ratio,0,33.1,Confirmed
1208,6009,High Claim Ratio,1,66.9,Flagged
1209,11104,Amount Rounding,1,27.2,Confirmed
1210,8737,Amount Rounding,1,34.3,Cleared
1211,5820,Repeat Claimant,1,60.0,Under Review
1212,13132,Rapid Settlement,1,80.1,Cleared
1213,6355,Amount Rounding,0,52.5,Flagged
1214,14259,Rapid Settlement,0,17.1,Under Review
1215,713,High Claim Ratio,0,85.7,Flagged
1216,10739,Rapid Settlement,1,96.0,Flagged
1217,13496,Policy-Claim Gap,1,78.4,Cleared
1218,8669,Policy-Claim Gap,1,88.0,Flagged
1219,957,Policy-Claim Gap,1,4.0,Flagged
1220,19252,High Claim Ratio,1,45.3,Flagged
1221,13127,High Claim Ratio,1,15.8,Under Review
1222,5189,Repeat Claimant,0,62.1,Under Review
1223,19944,High Claim Ratio,0,71.8,Flagged
1224,4381,Repeat Claimant,1,41.7,Under Review
1225,19430,Amount Rounding,1,72.7,Flagged
1226,17294,Amount Rounding,1,92.7,Confirmed
1227,18414,High Claim Ratio,1,88.3,Flagged
1228,9540,Rapid Settlement,1,38.6,Flagged
1229,1195,Amount Rounding,1,52.2,Under Review
1230,16415,High Claim Ratio,0,32.6,Under Review
1231,19693,Rapid Settlement,0,3.4,Flagged
1232,14866,Rapid Settlement,1,49.9,Cleared
1233,17678,Policy-Claim Gap,0,58.0,Confirmed
1234,9093,Repeat Claimant,0,10.6,Under Review
1235,18445,High Claim Ratio,1,54.7,Under Review
1236,3122,Amount Rounding,1,94.7,Flagged
1237,15520,Repeat Claimant,1,90.7,Confirmed
1238,230,Policy-Claim Gap,0,74.4,Flagged
1239,7157,Amount Rounding,1,50.7,Confirmed
1240,14366,Rapid Settlement,1,69.0,Confirmed
1241,18889,Repeat Claimant,1,1.2,Flagged
1242,19909,Amount Rounding,0,1.2,Flagged
1243,18911,High Claim Ratio,1,26.9,Confirmed
1244,6137,Amount Rounding,0,96.4,Under Review
1245,17704,High Claim Ratio,0,51.4,Under Review
1246,757,Amount Rounding,0,25.1,Flagged
1247,18136,High Claim Ratio,1,54.6,Flagged
1248,10073,Repeat Claimant,1,23.8,Flagged
1249,7151,Policy-Claim Gap,1,88.1,Flagged
1250,9890,High Claim Ratio,0,12.9,Under Review
1251,16958,Repeat Claimant,1,12.8,Confirmed
1252,9620,Rapid Settlement,1,19.0,Under Review
1253,2623,Rapid Settlement,1,73.7,Cleared
1254,9411,Policy-Claim Gap,0,83.5,Flagged
1255,4237,Repeat Claimant,1,3.0,Confirmed
1256,19999,Rapid Settlement,1,85.6,Confirmed
1257,2321,Rapid Settlement,1,5.2,Under Review
1258,7451,High Claim Ratio,0,79.6,Flagged
1259,9119,Policy-Claim Gap,1,38.6,Under Review
1260,6722,Policy-Claim Gap,1,74.1,Under Review
1261,646,Rapid Settlement,1,11.8,Under Review
1262,7995,Policy-Claim Gap,0,83.8,Flagged
1263,17654,Policy-Claim Gap,0,55.9,Confirmed
1264,5995,High Claim Ratio,0,0.6,Under Review
1265,18950,Policy-Claim Gap,1,68.7,Flagged
1266,13296,Amount Rounding,0,91.7,Under Review
1267,3258,Repeat Claimant,0,42.1,Cleared
1268,17115,Policy-Claim Gap,0,7.1,Confirmed
1269,4701,Rapid Settlement,0,5.0,Flagged
1270,12785,High Claim Ratio,1,36.7,Under Review
1271,6039,Rapid Settlement,0,93.6,Flagged
1272,17767,Rapid Settlement,0,53.4,Flagged
1273,6496,Amount Rounding,0,82.5,Flagged
1274,8571,Policy-Claim Gap,1,97.4,Under Review
1275,11682,High Claim Ratio,1,83.0,Flagged
1276,7947,Policy-Claim Gap,1,22.1,Under Review
1277,16627,High Claim Ratio,0,8.3,Confirmed
1278,13012,Amount Rounding,0,29.7,Confirmed
1279,10843,Policy-Claim Gap,0,77.0,Under Review
1280,8491,Amount Rounding,1,47.7,Flagged
1281,19462,High Claim Ratio,1,70.2,Under Review
1282,3360,Rapid Settlement,0,18.1,Under Review
1283,9106,Rapid Settlement,1,95.1,Cleared
1284,14722,Amount Rounding,0,62.6,Cleared
1285,15565,Policy-Claim Gap,1,62.8,Cleared
1286,16966,Rapid Settlement,1,96.6,Flagged
1287,15254,Policy-Claim Gap,1,10.9,Confirmed
1288,16031,Policy-Claim Gap,1,52.7,Flagged
1289,11123,Repeat Claimant,1,87.1,Confirmed
1290,2662,High Claim Ratio,1,31.9,Under Review
1291,1145,Policy-Claim Gap,1,13.8,Flagged
1292,15761,High Claim Ratio,1,67.7,Confirmed
1293,19578,Rapid Settlement,0,65.4,Under Review
1294,17457,High Claim Ratio,1,3.3,Flagged
1295,5703,Amount Rounding,0,85.0,Flagged
1296,10128,Rapid Settlement,0,94.2,Flagged
1297,12855,High Claim Ratio,1,98.0,Under Review
1298,19351,Policy-Claim Gap,1,86.3,Confirmed
1299,13025,Repeat Claimant,1,1.5,Under Review
1300,9318,Amount Rounding,1,74.7,Flagged
1301,12770,Amount Rounding,1,19.8,Confirmed
1302,8776,Rapid Settlement,0,68.3,Under Review
1303,3818,High Claim Ratio,0,34.2,Flagged
1304,13784,Rapid Settlement,1,78.0,Flagged
1305,12054,Repeat Claimant,1,65.9,Under Review
1306,10507,Rapid Settlement,1,0.6,Confirmed
1307,1730,Policy-Claim Gap,0,40.7,Under Review
1308,19069,Repeat Claimant,1,17.8,Flagged
1309,9898,High Claim Ratio,1,11.5,Under Review
1310,16012,High Claim Ratio,1,33.9,Flagged
1311,8359,Repeat Claimant,0,70.9,Under Review
1312,18358,Policy-Claim Gap,1,23.5,Flagged
1313,5086,High Claim Ratio,1,12.2,Cleared
1314,17652,Amount Rounding,0,13.1,Under Review
1315,13274,Repeat Claimant,0,50.6,Flagged
1316,3770,Repeat Claimant,0,97.4,Flagged
1317,6636,Amount Rounding,1,43.4,Confirmed
1318,16012,Policy-Claim Gap,0,90.1,Under Review
1319,9348,Repeat Claimant,0,72.9,Under Review
1320,10192,Amount Rounding,1,31.8,Under Review
1321,3156,Repeat Claimant,1,64.7,Under Review
1322,17213,Repeat Claimant,1,0.4,Cleared
1323,1377,High Claim Ratio,1,91.9,Cleared
1324,8572,Rapid Settlement,1,34.9,Flagged
1325,14122,Rapid Settlement,1,54.2,Flagged
1326,7528,Repeat Claimant,1,27.8,Under Review
1327,160,High Claim Ratio,1,1.7,Under Review
1328,17477,Amount Rounding,0,30.6,Cleared
1329,15603,High Claim Ratio,1,36.7,Flagged
1330,6426,Repeat Claimant,0,57.2,Flagged
1331,12085,Amount Rounding,0,26.3,Under Review
1332,13629,Rapid Settlement,0,51.1,Under Review
1333,4672,Rapid Settlement,0,83.6,Flagged
1334,17848,High Claim Ratio,1,53.1,Under Review
1335,9287,Policy-Claim Gap,1,40.0,Under Review
1336,4880,Repeat Claimant,0,20.8,Under Review
1337,2171,Amount Rounding,0,47.3,Flagged
1338,10508,Rapid Settlement,1,71.6,Under Review
1339,8867,High Claim Ratio,0,72.7,Flagged
1340,5225,Repeat Claimant,1,8.2,Flagged
1341,65,Amount Rounding,0,36.2,Flagged
1342,10659,Policy-Claim Gap,1,29.7,Confirmed
1343,7811,Amount Rounding,1,34.4,Flagged
1344,19006,High Claim Ratio,1,62.6,Under Review
1345,5684,Amount Rounding,1,9.6,Under Review
1346,13096,High Claim Ratio,1,98.6,Flagged
1347,2259,Repeat Claimant,0,13.9,Flagged
1348,4470,Repeat Claimant,1,68.7,Under Review
1349,6203,Rapid Settlement,1,0.3,Flagged
1350,4927,High Claim Ratio,1,13.1,Cleared
1351,8409,Repeat Claimant,1,53.6,Confirmed
1352,3573,High Claim Ratio,1,69.0,Flagged
1353,5985,Policy-Claim Gap,1,67.7,Flagged
1354,2801,Rapid Settlement,1,22.5,Flagged
1355,4134,Rapid Settlement,0,47.6,Confirmed
1356,19363,Policy-Claim Gap,0,47.6,Flagged
1357,13774,High Claim Ratio,1,74.0,Flagged
1358,11708,Amount Rounding,0,32.8,Confirmed
1359,17431,Amount Rounding,1,63.9,Under Review
1360,7025,Policy-Claim Gap,1,83.2,Cleared
1361,19114,High Claim Ratio,0,37.2,Cleared
1362,15290,Amount Rounding,1,83.5,Flagged
1363,15315,Policy-Claim Gap,1,98.3,Confirmed
1364,6773,High Claim Ratio,0,42.9,Confirmed
1365,4673,Policy-Claim Gap,0,85.8,Flagged
1366,19913,Amount Rounding,1,62.5,Flagged
1367,1782,High Claim Ratio,0,74.6,Flagged
1368,16943,Policy-Claim Gap,1,93.9,Cleared
1369,6733,High Claim Ratio,1,35.4,Under Review
1370,15568,Rapid Settlement,0,89.7,Flagged
1371,9710,Rapid Settlement,1,63.0,Flagged
1372,3227,Policy-Claim Gap,1,61.7,Flagged
1373,14346,Amount Rounding,0,14.7,Cleared
1374,5867,High Claim Ratio,0,9.7,Flagged
1375,14185,High Claim Ratio,1,92.8,Cleared
1376,18291,Rapid Settlement,0,41.2,Confirmed
1377,17300,High Claim Ratio,1,87.3,Under Review
1378,12779,High Claim Ratio,0,34.1,Flagged
1379,12778,Amount Rounding,1,78.6,Flagged
1380,2180,Policy-Claim Gap,0,42.8,Under Review
1381,2237,Policy-Claim Gap,1,51.7,Flagged
1382,19863,Repeat Claimant,0,94.4,Flagged
1383,8410,High Claim Ratio,1,12.1,Flagged
1384,9567,Policy-Claim Gap,0,36.1,Cleared
1385,4759,Policy-Claim Gap,0,95.1,Flagged
1386,4474,Repeat Claimant,0,77.8,Confirmed
1387,2723,Rapid Settlement,1,54.4,Flagged
1388,11324,Amount Rounding,1,44.0,Flagged
1389,14235,Repeat Claimant,1,17.3,Confirmed
1390,8772,Policy-Claim Gap,0,62.7,Cleared
1391,16486,Rapid Settlement,1,93.2,Confirmed
1392,2446,Amount Rounding,1,38.3,Flagged
1393,12112,Repeat Claimant,1,75.3,Confirmed
1394,19547,Repeat Claimant,0,43.7,Under Review
1395,17666,Repeat Claimant,1,89.7,Confirmed
1396,2723,High Claim Ratio,1,3.7,Confirmed
1397,17867,Repeat Claimant,1,11.7,Under Review
1398,9478,High Claim Ratio,1,26.2,Flagged
1399,18387,High Claim Ratio,1,96.4,Under Review
1400,10679,Policy-Claim Gap,0,43.9,Under Review
1401,11990,Policy-Claim Gap,1,91.6,Flagged
1402,6860,Amount Rounding,1,70.5,Confirmed
1403,12588,Amount Rounding,0,19.4,Under Review
1404,16101,High Claim Ratio,1,78.9,Flagged
1405,12884,Amount Rounding,0,1.6,Flagged
1406,13072,Policy-Claim Gap,0,87.1,Flagged
1407,434,Policy-Claim Gap,0,55.8,Confirmed
1408,8734,Repeat Claimant,0,62.2,Under Review
1409,16906,High Claim Ratio,1,79.3,Under Review
1410,3230,High Claim Ratio,1,73.0,Flagged
1411,12779,Rapid Settlement,1,69.5,Flagged
1412,5239,Policy-Claim Gap,0,73.2,Confirmed
1413,17390,Rapid Settlement,1,9.9,Flagged
1414,16223,High Claim Ratio,1,11.3,Under Review
1415,14875,Amount Rounding,0,84.2,Flagged
1416,6429,Rapid Settlement,1,82.6,Under Review
1417,15668,Repeat Claimant,1,10.1,Flagged
1418,7855,Policy-Claim Gap,1,61.0,Under Review
1419,16419,High Claim Ratio,1,68.3,Confirmed
1420,6658,Policy-Claim Gap,1,45.8,Flagged
1421,13488,Policy-Claim Gap,1,91.2,Flagged
1422,12865,High Claim Ratio,0,30.6,Under Review
1423,18995,High Claim Ratio,1,44.3,Confirmed
1424,10020,Policy-Claim Gap,0,31.0,Flagged
1425,8708,Rapid Settlement,0,89.9,Under Review
1426,14931,Amount Rounding,1,34.0,Flagged
1427,11750,Rapid Settlement,1,97.9,Under Review
1428,19953,Rapid Settlement,0,19.2,Under Review
1429,12092,Rapid Settlement,1,1.2,Under Review
1430,950,High Claim Ratio,0,11.7,Flagged
1431,9079,Amount Rounding,0,86.6,Flagged
1432,10552,Policy-Claim Gap,1,37.3,Confirmed
1433,6878,High Claim Ratio,1,91.4,Cleared
1434,16804,High Claim Ratio,1,50.8,Flagged
1435,12344,Policy-Claim Gap,1,80.6,Under Review
1436,16492,Amount Rounding,0,26.3,Flagged
1437,9361,Rapid Settlement,1,91.6,Under Review
1438,10908,Policy-Claim Gap,1,38.0,Flagged
1439,12338,Repeat Claimant,1,44.8,Under Review
1440,11229,Rapid Settlement,1,37.7,Confirmed
1441,17544,Rapid Settlement,1,97.9,Flagged
1442,10505,Amount Rounding,0,10.0,Under Review
1443,11652,High Claim Ratio,1,44.5,Cleared
1444,11705,Policy-Claim Gap,1,53.6,Confirmed
1445,19827,Policy-Claim Gap,1,75.7,Confirmed
1446,17392,Repeat Claimant,0,18.8,Flagged
1447,12938,Policy-Claim Gap,1,17.0,Confirmed
1448,4200,Rapid Settlement,0,87.5,Flagged
1449,19986,Rapid Settlement,0,13.4,Under Review
1450,14566,High Claim Ratio,1,35.8,Flagged
1451,8434,Repeat Claimant,0,97.5,Under Review
1452,13136,Amount Rounding,0,17.2,Cleared
1453,8055,Rapid Settlement,1,50.7,Confirmed
1454,1777,High Claim Ratio,0,94.1,Flagged
1455,12968,High Claim Ratio,0,3.8,Confirmed
1456,11699,High Claim Ratio,1,1.6,Confirmed
1457,2143,Repeat Claimant,0,29.5,Under Review
1458,14373,High Claim Ratio,1,60.5,Flagged
1459,9381,Policy-Claim Gap,0,23.4,Under Review
1460,7717,High Claim Ratio,1,68.2,Under Review
1461,6895,High Claim Ratio,0,45.8,Flagged
1462,9947,Amount Rounding,1,40.6,Flagged
1463,313,Amount Rounding,0,29.1,Flagged
1464,7940,Rapid Settlement,0,84.6,Confirmed
1465,11060,Repeat Claimant,1,55.7,Flagged
1466,10118,High Claim Ratio,1,23.6,Under Review
1467,14425,Rapid Settlement,1,91.5,Under Review
1468,10029,Rapid Settlement,0,59.6,Under Review
1469,17679,High Claim Ratio,1,91.2,Flagged
1470,5618,Rapid Settlement,0,23.2,Flagged
1471,18900,Rapid Settlement,1,19.3,Flagged
1472,4540,Repeat Claimant,0,16.3,Under Review
1473,9149,High Claim Ratio,1,69.9,Flagged
1474,18087,Policy-Claim Gap,1,84.0,Under Review
1475,19822,High Claim Ratio,1,7.4,Confirmed
1476,8090,Repeat Claimant,1,60.6,Under Review
1477,16998,Repeat Claimant,0,48.2,Flagged
1478,4505,Policy-Claim Gap,1,11.1,Flagged
1479,3584,Policy-Claim Gap,0,68.3,Flagged
1480,13385,Rapid Settlement,0,36.0,Flagged
1481,17789,Amount Rounding,1,79.6,Flagged
1482,12428,High Claim Ratio,0,48.2,Under Review
1483,19364,Policy-Claim Gap,0,93.9,Flagged
1484,863,High Claim Ratio,1,89.7,Confirmed
1485,9813,Repeat Claimant,1,65.9,Flagged
1486,12038,Amount Rounding,1,0.5,Flagged
1487,14845,Policy-Claim Gap,1,58.9,Flagged
1488,2239,Policy-Claim Gap,0,79.7,Under Review
1489,15873,Repeat Claimant,0,41.6,Cleared
1490,17017,High Claim Ratio,0,47.0,Under Review
1491,13043,High Claim Ratio,0,70.3,Cleared
1492,8015,Amount Rounding,1,71.1,Flagged
1493,11467,Repeat Claimant,1,75.0,Flagged
1494,7373,High Claim Ratio,1,95.8,Under Review
1495,7116,Policy-Claim Gap,1,46.3,Flagged
1496,11549,Amount Rounding,0,84.7,Confirmed
1497,19573,Amount Rounding,1,33.5,Cleared
1498,5288,Amount Rounding,0,29.2,Flagged
1499,7316,Amount Rounding,0,15.1,Flagged
1500,8690,Amount Rounding,1,88.8,Under Review
1501,12618,Rapid Settlement,1,83.0,Flagged
1502,10443,Rapid Settlement,1,70.8,Flagged
1503,4863,Rapid Settlement,1,76.5,Under Review
1504,9889,Rapid Settlement,0,65.8,Cleared
1505,12507,Policy-Claim Gap,0,60.1,Cleared
1506,16717,Policy-Claim Gap,1,88.6,Under Review
1507,13322,Repeat Claimant,1,58.9,Confirmed
1508,9361,High Claim Ratio,1,94.1,Flagged
1509,9340,Repeat Claimant,1,37.2,Cleared
1510,12866,Amount Rounding,1,13.4,Flagged
1511,107,Amount Rounding,1,20.0,Under Review
1512,4766,Rapid Settlement,1,17.0,Under Review
1513,11370,Rapid Settlement,0,48.9,Flagged
1514,7093,Policy-Claim Gap,1,59.7,Flagged
1515,1718,High Claim Ratio,0,12.9,Flagged
1516,3177,Rapid Settlement,1,31.9,Flagged
1517,14979,Rapid Settlement,0,65.7,Under Review
1518,9336,Amount Rounding,0,92.7,Confirmed
1519,12815,Policy-Claim Gap,1,25.1,Confirmed
1520,18883,Amount Rounding,1,13.1,Confirmed
1521,2468,Policy-Claim Gap,0,27.9,Confirmed
1522,482,Amount Rounding,1,70.3,Confirmed
1523,19660,High Claim Ratio,1,61.2,Cleared
1524,9648,Repeat Claimant,1,5.9,Confirmed
1525,18898,Amount Rounding,1,81.1,Under Review
1526,15041,Amount Rounding,1,8.0,Flagged
1527,7717,Amount Rounding,1,93.3,Flagged
1528,10412,Amount Rounding,0,64.7,Under Review
1529,6456,Policy-Claim Gap,1,5.1,Under Review
1530,4122,Policy-Claim Gap,0,77.1,Confirmed
1531,8926,Policy-Claim Gap,1,36.5,Under Review
1532,18404,High Claim Ratio,1,44.3,Under Review
1533,11273,Rapid Settlement,0,5.6,Confirmed
1534,18399,Policy-Claim Gap,1,39.9,Flagged
1535,14478,High Claim Ratio,0,60.6,Flagged
1536,542,Rapid Settlement,1,6.9,Confirmed
1537,12669,High Claim Ratio,0,63.7,Under Review
1538,13062,Repeat Claimant,1,99.5,Under Review
1539,9395,Amount Rounding,1,13.9,Flagged
1540,16816,High Claim Ratio,1,90.7,Confirmed
1541,9270,High Claim Ratio,1,48.9,Under Review
1542,14613,Repeat Claimant,1,42.8,Under Review
1543,15743,High Claim Ratio,1,62.3,Flagged
1544,19131,Amount Rounding,1,97.7,Confirmed
1545,2421,Repeat Claimant,1,68.9,Cleared
1546,18763,Policy-Claim Gap,0,38.9,Confirmed
1547,14352,Policy-Claim Gap,0,77.5,Confirmed
1548,547,Policy-Claim Gap,1,85.8,Flagged
1549,11891,Amount Rounding,1,49.3,Under Review
1550,14791,High Claim Ratio,1,89.1,Confirmed
1551,18938,Repeat Claimant,1,36.0,Flagged
1552,19478,Policy-Claim Gap,0,91.8,Flagged
1553,13521,Policy-Claim Gap,1,59.5,Flagged
1554,8728,Repeat Claimant,0,0.5,Flagged
1555,6509,Policy-Claim Gap,1,97.8,Flagged
1556,13375,Rapid Settlement,0,36.9,Under Review
1557,9528,Amount Rounding,1,20.7,Cleared
1558,12131,Policy-Claim Gap,0,70.8,Confirmed
1559,15113,Amount Rounding,0,42.8,Under Review
1560,1372,Amount Rounding,0,34.4,Flagged
1561,9202,High Claim Ratio,1,93.3,Flagged
1562,17528,Rapid Settlement,1,45.6,Under Review
1563,15827,Policy-Claim Gap,1,62.5,Under Review
1564,4,Amount Rounding,1,64.1,Confirmed
1565,4,Rapid Settlement,1,54.1,Flagged
1566,3545,Policy-Claim Gap,0,97.9,Under Review
1567,16842,Rapid Settlement,1,92.9,Flagged
1568,16686,Policy-Claim Gap,1,60.9,Flagged
1569,6018,Repeat Claimant,1,90.4,Under Review
1570,10629,Rapid Settlement,1,92.8,Under Review
1571,10095,Amount Rounding,1,8.5,Under Review
1572,12322,Rapid Settlement,1,61.9,Under Review
1573,9252,Rapid Settlement,1,69.5,Confirmed
1574,8203,Amount Rounding,1,78.9,Under Review
1575,10522,High Claim Ratio,0,68.1,Flagged
1576,7333,Amount Rounding,0,64.1,Flagged
1577,12993,Policy-Claim Gap,1,19.0,Confirmed
1578,5368,Amount Rounding,1,48.4,Cleared
1579,9806,Repeat Claimant,1,53.6,Flagged
1580,1971,Repeat Claimant,0,26.2,Confirmed
1581,15249,Amount Rounding,0,39.9,Flagged
1582,6655,Rapid Settlement,1,79.2,Under Review
1583,18652,Policy-Claim Gap,0,3.2,Cleared
1584,18534,Amount Rounding,0,23.4,Under Review
1585,13775,Rapid Settlement,0,38.1,Under Review
1586,2020,Policy-Claim Gap,1,60.1,Flagged
1587,3841,Rapid Settlement,0,45.6,Confirmed
1588,1818,High Claim Ratio,0,47.8,Flagged
1589,7952,Policy-Claim Gap,0,43.5,Cleared
1590,1457,Policy-Claim Gap,1,7.3,Under Review
1591,7992,High Claim Ratio,0,29.8,Confirmed
1592,3455,Repeat Claimant,1,10.9,Flagged
1593,12277,Repeat Claimant,0,84.8,Cleared
1594,13003,Amount Rounding,0,62.2,Flagged
1595,5341,Policy-Claim Gap,1,99.3,Under Review
1596,14646,Rapid Settlement,1,34.3,Under Review
1597,6860,High Claim Ratio,1,74.9,Flagged
1598,6949,Policy-Claim Gap,1,43.9,Under Review
1599,361,Policy-Claim Gap,1,94.8,Confirmed
1600,7200,High Claim Ratio,1,17.7,Confirmed
1601,295,Amount Rounding,1,32.2,Flagged
1602,11532,High Claim Ratio,0,17.5,Cleared
1603,16503,Amount Rounding,1,40.3,Confirmed
1604,874,Amount Rounding,1,55.6,Under Review
1605,8730,Rapid Settlement,1,20.1,Under Review
1606,5047,Policy-Claim Gap,1,56.9,Under Review
1607,17497,Repeat Claimant,1,28.1,Under Review
1608,214,Repeat Claimant,1,33.9,Under Review
1609,8686,Policy-Claim Gap,0,31.5,Under Review
1610,4329,Policy-Claim Gap,0,21.4,Under Review
1611,2504,Policy-Claim Gap,1,25.8,Cleared
1612,4674,Amount Rounding,1,8.8,Flagged
1613,1208,Rapid Settlement,0,6.8,Under Review
1614,8387,Rapid Settlement,0,64.4,Under Review
1615,5828,Rapid Settlement,0,85.6,Confirmed
1616,11827,Repeat Claimant,1,79.0,Confirmed
1617,7618,High Claim Ratio,1,59.4,Confirmed
1618,17196,Amount Rounding,1,97.7,Under Review
1619,17840,Amount Rounding,1,6.6,Cleared
1620,14050,Policy-Claim Gap,0,67.7,Under Review
1621,1540,Rapid Settlement,1,11.9,Flagged
1622,10035,Policy-Claim Gap,1,94.2,Flagged
1623,3467,Policy-Claim Gap,1,86.3,Under Review
1624,9003,High Claim Ratio,0,39.8,Confirmed
1625,4507,Repeat Claimant,0,3.4,Under Review
1626,5561,Amount Rounding,1,14.4,Under Review
1627,16087,Rapid Settlement,1,96.6,Confirmed
1628,6743,High Claim Ratio,1,97.9,Confirmed
1629,2323,High Claim Ratio,1,2.9,Confirmed
1630,7796,Amount Rounding,1,41.2,Under Review
1631,13491,Rapid Settlement,1,71.0,Flagged
1632,7002,Policy-Claim Gap,0,24.9,Confirmed
1633,6478,Repeat Claimant,0,74.2,Flagged
1634,7265,Rapid Settlement,1,82.6,Under Review
1635,9701,High Claim Ratio,1,62.1,Flagged
1636,8668,High Claim Ratio,1,15.0,Confirmed
1637,15779,High Claim Ratio,1,5.6,Cleared
1638,15087,Repeat Claimant,1,87.5,Cleared
1639,12473,Amount Rounding,1,91.4,Flagged
1640,6371,High Claim Ratio,0,28.8,Confirmed
1641,5718,High Claim Ratio,0,12.2,Flagged
1642,5885,High Claim Ratio,1,12.3,Flagged
1643,9016,Repeat Claimant,0,33.0,Flagged
1644,8461,Repeat Claimant,1,60.2,Cleared
1645,7701,Repeat Claimant,1,88.9,Under Review
1646,3225,Rapid Settlement,0,42.4,Flagged
1647,8282,Rapid Settlement,0,92.4,Confirmed
1648,8987,High Claim Ratio,1,96.9,Confirmed
1649,4248,Amount Rounding,0,49.1,Confirmed
1650,17869,Policy-Claim Gap,0,54.8,Flagged
1651,10837,Rapid Settlement,1,37.2,Flagged
1652,18406,Policy-Claim Gap,1,43.0,Flagged
1653,8959,Amount Rounding,1,51.7,Flagged
1654,15753,Policy-Claim Gap,0,68.7,Flagged
1655,16324,Repeat Claimant,1,64.3,Flagged
1656,909,Policy-Claim Gap,0,26.0,Confirmed
1657,13010,High Claim Ratio,1,96.0,Under Review
1658,4726,Repeat Claimant,0,77.5,Flagged
1659,13670,Repeat Claimant,0,63.5,Confirmed
1660,9271,Rapid Settlement,1,20.4,Under Review
1661,16635,Repeat Claimant,1,66.5,Under Review
1662,575,Repeat Claimant,0,7.1,Flagged
1663,16748,High Claim Ratio,1,75.6,Flagged
1664,7873,Rapid Settlement,1,83.0,Under Review
1665,17126,Repeat Claimant,0,59.5,Under Review
1666,7325,Policy-Claim Gap,1,33.6,Flagged
1667,2719,Policy-Claim Gap,0,26.9,Flagged
1668,749,Repeat Claimant,1,31.8,Cleared
1669,12180,Policy-Claim Gap,1,82.9,Flagged
1670,12566,Rapid Settlement,1,6.5,Confirmed
1671,6536,Repeat Claimant,0,33.7,Confirmed
1672,7293,Repeat Claimant,0,39.3,Flagged
1673,5198,Amount Rounding,1,47.6,Under Review
1674,17520,Amount Rounding,0,61.7,Flagged
1675,17534,Repeat Claimant,0,62.9,Flagged
1676,11341,Policy-Claim Gap,1,32.3,Flagged
1677,10975,Amount Rounding,1,41.1,Under Review
1678,16394,Rapid Settlement,0,14.9,Cleared
1679,9310,Amount Rounding,0,8.5,Under Review
1680,10792,High Claim Ratio,0,20.3,Confirmed
1681,6292,High Claim Ratio,0,5.7,Under Review
1682,2820,Amount Rounding,1,25.7,Under Review
1683,19612,Repeat Claimant,1,1.0,Cleared
1684,10429,Amount Rounding,0,14.8,Flagged
1685,931,Policy-Claim Gap,0,98.1,Under Review
1686,919,Repeat Claimant,1,96.4,Flagged
1687,10141,Rapid Settlement,0,30.4,Flagged
1688,13778,High Claim Ratio,1,87.4,Under Review
1689,8996,Amount Rounding,1,22.8,Under Review
1690,1916,Policy-Claim Gap,1,87.6,Under Review
1691,18582,Policy-Claim Gap,1,53.2,Cleared
1692,6617,High Claim Ratio,0,4.4,Confirmed
1693,3131,Rapid Settlement,1,20.5,Cleared
1694,5010,Amount Rounding,1,95.6,Under Review
1695,15117,Rapid Settlement,1,80.5,Confirmed
1696,9914,Repeat Claimant,0,18.4,Under Review
1697,4907,Rapid Settlement,0,20.0,Confirmed
1698,17893,Amount Rounding,0,37.4,Confirmed
1699,4718,Amount Rounding,1,62.4,Cleared
1700,15201,Repeat Claimant,0,80.3,Confirmed
1701,1604,Repeat Claimant,1,1.1,Cleared
1702,13118,Amount Rounding,1,81.9,Flagged
1703,1609,High Claim Ratio,1,30.2,Flagged
1704,448,Policy-Claim Gap,1,34.2,Under Review
1705,19532,Amount Rounding,1,64.2,Flagged
1706,7100,Amount Rounding,1,96.1,Cleared
1707,14457,High Claim Ratio,1,17.9,Flagged
1708,13447,Policy-Claim Gap,1,7.4,Under Review
1709,1527,Policy-Claim Gap,1,43.4,Flagged
1710,7854,Rapid Settlement,1,51.6,Under Review
1711,1466,Repeat Claimant,1,73.5,Flagged
1712,620,Rapid Settlement,1,46.9,Confirmed
1713,12583,Policy-Claim Gap,1,39.2,Under Review
1714,9471,Repeat Claimant,0,37.2,Flagged
1715,12911,Rapid Settlement,1,84.2,Flagged
1716,8765,Amount Rounding,0,8.6,Flagged
1717,8481,Amount Rounding,1,83.0,Cleared
1718,19984,Policy-Claim Gap,0,6.1,Confirmed
1719,4078,Amount Rounding,1,72.4,Confirmed
1720,19688,Rapid Settlement,1,64.9,Under Review
1721,15530,Rapid Settlement,0,96.1,Flagged
1722,3550,Rapid Settlement,1,48.1,Confirmed
1723,16929,Repeat Claimant,1,87.5,Flagged
1724,11242,High Claim Ratio,1,84.1,Confirmed
1725,4877,Policy-Claim Gap,1,67.4,Flagged
1726,2944,High Claim Ratio,1,10.1,Flagged
1727,10857,Amount Rounding,0,24.2,Confirmed
1728,17568,Repeat Claimant,0,67.8,Flagged
1729,19351,High Claim Ratio,1,97.8,Under Review
1730,3038,Amount Rounding,1,75.7,Under Review
1731,10039,Rapid Settlement,0,41.0,Under Review
1732,12049,Amount Rounding,1,26.3,Under Review
1733,18540,High Claim Ratio,0,79.0,Confirmed
1734,5664,High Claim Ratio,0,75.5,Cleared
1735,14696,Repeat Claimant,0,60.1,Flagged
1736,10387,Repeat Claimant,0,41.1,Flagged
1737,8588,Repeat Claimant,1,51.7,Flagged
1738,7806,Rapid Settlement,1,91.1,Confirmed
1739,15535,High Claim Ratio,0,64.8,Flagged
1740,503,Amount Rounding,0,21.8,Confirmed
1741,11713,High Claim Ratio,1,31.9,Confirmed
1742,1728,Rapid Settlement,1,19.7,Flagged
1743,13166,Rapid Settlement,0,90.6,Flagged
1744,7361,Amount Rounding,0,91.7,Under Review
1745,2374,Repeat Claimant,0,31.0,Under Review
1746,10360,Rapid Settlement,0,5.9,Confirmed
1747,19627,Amount Rounding,1,31.3,Under Review
1748,18916,Amount Rounding,1,90.6,Confirmed
1749,7431,Repeat Claimant,1,29.9,Flagged
1750,13933,High Claim Ratio,0,54.4,Confirmed
1751,13448,High Claim Ratio,1,65.3,Under Review
1752,11708,Amount Rounding,1,65.2,Flagged
1753,16540,Policy-Claim Gap,1,81.2,Flagged
1754,16354,Amount Rounding,0,83.1,Confirmed
1755,5451,Policy-Claim Gap,1,94.7,Cleared
1756,677,Rapid Settlement,1,31.0,Under Review
1757,1598,Repeat Claimant,1,38.9,Under Review
1758,11784,High Claim Ratio,1,7.1,Under Review
1759,16254,Repeat Claimant,0,24.5,Flagged
1760,18201,Policy-Claim Gap,0,52.3,Cleared
1761,9117,High Claim Ratio,1,10.2,Under Review
1762,19572,Rapid Settlement,1,9.9,Flagged
1763,202,Amount Rounding,1,54.5,Flagged
1764,9787,High Claim Ratio,0,78.9,Cleared
1765,1189,High Claim Ratio,1,46.5,Flagged
1766,2075,Policy-Claim Gap,1,94.6,Under Review
1767,6952,High Claim Ratio,0,91.9,Confirmed
1768,16537,Policy-Claim Gap,0,97.6,Flagged
1769,4999,Amount Rounding,1,24.6,Under Review
1770,6130,Rapid Settlement,1,60.2,Cleared
1771,11873,Policy-Claim Gap,0,76.0,Flagged
1772,6542,Amount Rounding,1,97.5,Confirmed
1773,10309,Amount Rounding,1,35.7,Flagged
1774,17155,Policy-Claim Gap,1,60.3,Flagged
1775,11671,High Claim Ratio,1,79.2,Under Review
1776,16460,Policy-Claim Gap,1,28.7,Flagged
1777,1246,Rapid Settlement,1,58.9,Confirmed
1778,6327,Rapid Settlement,1,58.5,Under Review
1779,13600,Repeat Claimant,0,63.5,Flagged
1780,370,Rapid Settlement,1,85.6,Confirmed
1781,18794,Policy-Claim Gap,0,51.5,Flagged
1782,13889,Policy-Claim Gap,1,61.2,Confirmed
1783,19122,Amount Rounding,0,99.4,Confirmed
1784,6435,Repeat Claimant,1,80.5,Flagged
1785,5905,High Claim Ratio,0,22.1,Flagged
1786,2106,Repeat Claimant,0,19.1,Confirmed
1787,2115,Amount Rounding,1,54.4,Flagged
1788,2915,Policy-Claim Gap,1,6.3,Flagged
1789,15058,Repeat Claimant,0,19.2,Flagged
1790,18810,Amount Rounding,1,68.4,Confirmed
1791,6723,Policy-Claim Gap,0,15.9,Under Review
1792,516,Amount Rounding,1,8.6,Confirmed
1793,16841,High Claim Ratio,1,43.3,Confirmed
1794,13065,Repeat Claimant,0,14.9,Confirmed
1795,17767,Amount Rounding,0,16.7,Flagged
1796,14699,Rapid Settlement,1,85.7,Flagged
1797,8969,Rapid Settlement,1,9.4,Under Review
1798,13808,Policy-Claim Gap,1,16.8,Cleared
1799,11505,Policy-Claim Gap,1,31.2,Flagged
1800,8134,Rapid Settlement,1,11.0,Under Review
1801,16235,Repeat Claimant,1,11.5,Flagged
1802,15226,Repeat Claimant,0,55.2,Flagged
1803,8392,Policy-Claim Gap,0,79.7,Under Review
1804,12186,Rapid Settlement,1,70.5,Under Review
1805,7621,High Claim Ratio,1,36.6,Cleared
1806,13890,High Claim Ratio,1,45.7,Flagged
1807,5020,Amount Rounding,0,15.9,Flagged
1808,5971,Policy-Claim Gap,0,71.1,Under Review
1809,4783,Amount Rounding,1,91.3,Confirmed
1810,19051,Repeat Claimant,1,83.6,Flagged
1811,18875,Repeat Claimant,1,64.7,Flagged
1812,8595,Amount Rounding,1,71.5,Confirmed
1813,12300,Policy-Claim Gap,1,48.6,Flagged
1814,17827,High Claim Ratio,1,29.0,Confirmed
1815,12929,Amount Rounding,0,7.4,Under Review
1816,8773,Policy-Claim Gap,1,62.1,Flagged
1817,6687,High Claim Ratio,0,35.7,Flagged
1818,6875,Rapid Settlement,0,55.9,Flagged
1819,19772,Policy-Claim Gap,0,37.6,Flagged
1820,18221,Policy-Claim Gap,1,5.8,Under Review
1821,7838,High Claim Ratio,0,49.6,Cleared
1822,1584,Rapid Settlement,1,69.0,Flagged
1823,2097,High Claim Ratio,0,74.5,Flagged
1824,18975,Amount Rounding,1,29.1,Cleared
1825,3413,Amount Rounding,1,36.8,Confirmed
1826,18487,Repeat Claimant,1,29.5,Under Review
1827,419,Amount Rounding,0,3.4,Under Review
1828,19682,Rapid Settlement,1,88.4,Cleared
1829,10998,Policy-Claim Gap,1,79.5,Flagged
1830,7131,Repeat Claimant,0,84.0,Confirmed
1831,500,Amount Rounding,1,69.8,Under Review
1832,12247,Repeat Claimant,1,32.0,Under Review
1833,11790,Amount Rounding,1,66.5,Confirmed
1834,19115,Amount Rounding,0,50.2,Flagged
1835,16095,Rapid Settlement,1,58.7,Cleared
1836,8809,High Claim Ratio,0,96.5,Flagged
1837,10741,Policy-Claim Gap,1,48.9,Under Review
1838,12498,Amount Rounding,0,77.7,Under Review
1839,8200,Repeat Claimant,0,16.1,Under Review
1840,15278,Amount Rounding,1,42.6,Under Review
1841,15983,Policy-Claim Gap,1,83.9,Under Review
1842,3527,Policy-Claim Gap,1,59.4,Under Review
1843,17343,Rapid Settlement,0,46.4,Cleared
1844,8004,Amount Rounding,1,25.8,Cleared
1845,1752,High Claim Ratio,1,71.1,Flagged
1846,12613,Repeat Claimant,1,25.0,Flagged
1847,1983,Rapid Settlement,0,66.4,Flagged
1848,18143,Rapid Settlement,1,84.4,Flagged
1849,19323,Amount Rounding,0,43.5,Flagged
1850,15703,Policy-Claim Gap,0,40.8,Flagged
1851,10165,Amount Rounding,1,93.9,Confirmed
1852,2032,Repeat Claimant,1,12.0,Under Review
1853,10959,Repeat Claimant,0,28.0,Flagged
1854,11790,Policy-Claim Gap,0,29.4,Cleared
1855,160,Repeat Claimant,1,8.6,Cleared
1856,14224,High Claim Ratio,0,7.2,Confirmed
1857,5095,High Claim Ratio,0,74.9,Confirmed
1858,11528,Rapid Settlement,0,14.8,Flagged
1859,17631,High Claim Ratio,0,32.9,Flagged
1860,3121,Policy-Claim Gap,1,98.3,Confirmed
1861,1705,Rapid Settlement,0,13.5,Confirmed
1862,12967,Repeat Claimant,0,59.0,Cleared
1863,4537,Policy-Claim Gap,0,14.5,Flagged
1864,3123,Policy-Claim Gap,1,95.5,Confirmed
1865,5961,Repeat Claimant,0,85.4,Cleared
1866,82,Rapid Settlement,1,93.9,Flagged
1867,12028,Policy-Claim Gap,0,80.4,Confirmed
1868,11219,Rapid Settlement,1,21.8,Confirmed
1869,5627,Repeat Claimant,0,16.1,Flagged
1870,11779,Rapid Settlement,1,15.0,Confirmed
1871,1748,Amount Rounding,0,25.2,Flagged
1872,8585,Repeat Claimant,0,67.2,Flagged
1873,16887,Rapid Settlement,1,58.5,Flagged
1874,9238,Amount Rounding,0,82.4,Under Review
1875,8904,Rapid Settlement,0,99.2,Confirmed
1876,19080,Amount Rounding,0,80.5,Flagged
1877,19728,Repeat Claimant,1,13.1,Flagged
1878,9668,High Claim Ratio,1,4.7,Flagged
1879,5031,Rapid Settlement,1,18.9,Under Review
1880,1403,High Claim Ratio,1,58.8,Cleared
1881,6262,Repeat Claimant,1,70.9,Flagged
1882,17093,Amount Rounding,1,87.8,Cleared
1883,12688,Rapid Settlement,1,26.6,Flagged
1884,11688,Amount Rounding,1,14.9,Under Review
1885,6863,Policy-Claim Gap,0,27.4,Flagged
1886,18593,Amount Rounding,1,35.1,Cleared
1887,18206,Repeat Claimant,1,36.5,Confirmed
1888,1467,High Claim Ratio,1,38.3,Flagged
1889,1609,Repeat Claimant,1,55.9,Flagged
1890,13458,High Claim Ratio,0,3.4,Confirmed
1891,11135,Amount Rounding,0,91.7,Confirmed
1892,5048,Repeat Claimant,0,58.7,Confirmed
1893,16102,Amount Rounding,1,95.7,Confirmed
1894,8489,Policy-Claim Gap,0,87.0,Under Review
1895,14939,Rapid Settlement,1,58.3,Flagged
1896,12821,High Claim Ratio,1,31.6,Under Review
1897,969,Amount Rounding,0,58.6,Under Review
1898,7383,Rapid Settlement,0,81.9,Under Review
1899,11850,Rapid Settlement,0,26.8,Flagged
1900,8165,Amount Rounding,1,67.9,Under Review
1901,3742,Policy-Claim Gap,1,31.6,Under Review
1902,3719,Repeat Claimant,0,96.8,Flagged
1903,14432,Policy-Claim Gap,0,82.8,Flagged
1904,12301,Rapid Settlement,1,58.0,Under Review
1905,3390,Amount Rounding,1,56.4,Flagged
1906,19113,High Claim Ratio,1,72.2,Confirmed
1907,17869,Repeat Claimant,1,72.8,Under Review
1908,19228,Rapid Settlement,1,0.6,Under Review
1909,7836,Amount Rounding,0,10.0,Flagged
1910,1085,Repeat Claimant,1,20.3,Under Review
1911,13729,Rapid Settlement,1,39.9,Flagged
1912,17181,Rapid Settlement,0,1.8,Flagged
1913,5394,Rapid Settlement,1,55.1,Confirmed
1914,5241,High Claim Ratio,1,99.1,Confirmed
1915,9893,Amount Rounding,1,67.2,Under Review
1916,13126,Policy-Claim Gap,1,97.2,Flagged
1917,14226,Repeat Claimant,0,58.7,Under Review
1918,11591,High Claim Ratio,1,2.4,Flagged
1919,10771,Rapid Settlement,1,76.8,Cleared
1920,8812,Rapid Settlement,1,21.3,Under Review
1921,17813,Rapid Settlement,0,23.7,Confirmed
1922,4000,Rapid Settlement,1,35.8,Flagged
1923,13681,Amount Rounding,1,66.2,Under Review
1924,6028,High Claim Ratio,0,20.0,Confirmed
1925,17039,Amount Rounding,0,52.9,Cleared
1926,19881,Repeat Claimant,1,16.2,Confirmed
1927,1134,Rapid Settlement,1,49.6,Flagged
1928,3352,Amount Rounding,1,86.3,Under Review
1929,877,High Claim Ratio,0,46.7,Flagged
1930,7254,Amount Rounding,0,83.0,Flagged
1931,6482,Rapid Settlement,0,47.0,Under Review
1932,5007,Repeat Claimant,1,32.3,Under Review
1933,6233,Policy-Claim Gap,0,79.0,Flagged
1934,5516,High Claim Ratio,1,64.2,Under Review
1935,9722,Amount Rounding,0,97.0,Flagged
1936,9743,High Claim Ratio,0,61.5,Under Review
1937,11379,Repeat Claimant,1,91.6,Confirmed
1938,917,High Claim Ratio,1,2.9,Confirmed
1939,691,Rapid Settlement,0,59.2,Under Review
1940,6870,Rapid Settlement,0,75.5,Flagged
1941,14970,Repeat Claimant,0,98.3,Under Review
1942,18479,Policy-Claim Gap,1,0.9,Confirmed
1943,15132,Amount Rounding,1,42.1,Under Review
1944,16265,Rapid Settlement,1,39.1,Cleared
1945,1885,Rapid Settlement,0,95.1,Under Review
1946,6849,Repeat Claimant,0,29.3,Confirmed
1947,7213,Repeat Claimant,1,55.9,Flagged
1948,266,Repeat Claimant,0,59.2,Under Review
1949,4531,Amount Rounding,1,59.5,Confirmed
1950,13764,Amount Rounding,0,6.7,Under Review
1951,7168,Repeat Claimant,1,62.8,Confirmed
1952,16870,Amount Rounding,1,48.8,Flagged
1953,9565,High Claim Ratio,1,53.3,Flagged
1954,13712,Policy-Claim Gap,1,21.9,Under Review
1955,7508,Policy-Claim Gap,1,23.4,Flagged
1956,17794,Amount Rounding,1,24.2,Under Review
1957,4525,High Claim Ratio,1,33.8,Confirmed
1958,12654,Policy-Claim Gap,1,64.7,Confirmed
1959,17437,Policy-Claim Gap,1,73.3,Flagged
1960,8945,Repeat Claimant,0,12.5,Under Review
1961,15490,High Claim Ratio,1,87.6,Flagged
1962,17058,Rapid Settlement,1,3.5,Under Review
1963,1636,Policy-Claim Gap,0,67.5,Flagged
1964,10493,High Claim Ratio,1,66.3,Confirmed
1965,4918,Policy-Claim Gap,0,60.2,Under Review
1966,1662,Policy-Claim Gap,1,72.9,Flagged
1967,16041,Policy-Claim Gap,0,72.9,Flagged
1968,2560,High Claim Ratio,0,32.8,Under Review
1969,227,Policy-Claim Gap,1,64.5,Confirmed
1970,7228,Policy-Claim Gap,0,49.5,Under Review
1971,1487,Repeat Claimant,0,10.1,Cleared
1972,16130,Policy-Claim Gap,0,92.0,Flagged
1973,12349,High Claim Ratio,1,24.6,Flagged
1974,3943,Amount Rounding,1,93.2,Under Review
1975,3765,Rapid Settlement,1,67.9,Confirmed
1976,5622,High Claim Ratio,1,85.8,Flagged
1977,8554,Policy-Claim Gap,1,11.9,Cleared
1978,12733,Repeat Claimant,1,50.5,Under Review
1979,18065,Rapid Settlement,0,80.4,Flagged
1980,10845,Amount Rounding,1,43.4,Flagged
1981,19054,Rapid Settlement,0,12.3,Confirmed
1982,7342,High Claim Ratio,1,83.8,Cleared
1983,18645,High Claim Ratio,1,94.2,Flagged
1984,8249,Policy-Claim Gap,0,77.6,Flagged
1985,13046,Repeat Claimant,1,0.9,Under Review
1986,9260,Repeat Claimant,1,46.0,Under Review
1987,1137,Amount Rounding,1,86.7,Flagged
1988,11699,Repeat Claimant,1,94.5,Under Review
1989,5624,Repeat Claimant,1,99.2,Confirmed
1990,10257,High Claim Ratio,0,23.3,Under Review
1991,4131,Amount Rounding,1,77.2,Under Review
1992,3504,Rapid Settlement,1,25.5,Under Review
1993,16829,Rapid Settlement,0,41.2,Flagged
1994,15991,Policy-Claim Gap,1,90.4,Confirmed
1995,19041,Repeat Claimant,1,57.1,Cleared
1996,9320,Rapid Settlement,1,82.8,Confirmed
1997,17482,Amount Rounding,0,98.9,Under Review
1998,13810,High Claim Ratio,1,19.3,Cleared
1999,13733,Repeat Claimant,1,53.9,Under Review
2000,6755,Rapid Settlement,1,44.0,Under Review
2001,12375,Rapid Settlement,1,26.3,Flagged
2002,10744,High Claim Ratio,0,68.4,Confirmed
2003,17662,Amount Rounding,0,69.8,Flagged
2004,2837,Rapid Settlement,1,40.2,Flagged
2005,10513,High Claim Ratio,0,5.7,Confirmed
2006,17058,Policy-Claim Gap,0,79.1,Flagged
2007,2678,Rapid Settlement,1,52.6,Flagged
2008,11828,High Claim Ratio,1,28.5,Confirmed
2009,12509,Rapid Settlement,1,74.8,Flagged
2010,2214,Policy-Claim Gap,1,38.9,Under Review
2011,15011,Policy-Claim Gap,0,49.7,Flagged
2012,3929,Amount Rounding,1,33.1,Confirmed
2013,6653,Policy-Claim Gap,1,18.7,Under Review
2014,19565,Amount Rounding,0,77.1,Confirmed
2015,4662,Amount Rounding,0,96.6,Flagged
2016,11651,Rapid Settlement,1,93.2,Flagged
2017,17054,Policy-Claim Gap,1,67.5,Flagged
2018,805,High Claim Ratio,0,45.2,Flagged
2019,7998,Policy-Claim Gap,0,85.3,Confirmed
2020,16751,Repeat Claimant,0,58.5,Cleared
2021,10175,Repeat Claimant,0,79.3,Under Review
2022,3248,Rapid Settlement,0,24.3,Flagged
2023,5093,High Claim Ratio,1,27.6,Under Review
2024,12368,High Claim Ratio,1,98.0,Confirmed
2025,16371,Amount Rounding,1,92.7,Flagged
2026,12774,High Claim Ratio,1,53.1,Confirmed
2027,13353,Repeat Claimant,1,9.8,Flagged
2028,1294,Policy-Claim Gap,0,9.2,Cleared
2029,2160,Policy-Claim Gap,0,40.4,Flagged
2030,3835,Policy-Claim Gap,0,38.8,Confirmed
2031,2025,Amount Rounding,1,91.5,Under Review
2032,12245,Rapid Settlement,1,47.5,Flagged
2033,4162,Rapid Settlement,1,4.1,Flagged
2034,6729,Amount Rounding,1,50.0,Confirmed
2035,18727,Rapid Settlement,1,93.0,Under Review
2036,15456,High Claim Ratio,1,37.5,Cleared
2037,6736,Amount Rounding,1,76.6,Under Review
2038,7546,Amount Rounding,1,41.3,Flagged
2039,8138,High Claim Ratio,1,48.2,Flagged
2040,187,Policy-Claim Gap,1,31.5,Under Review
2041,4066,Amount Rounding,1,10.6,Under Review
2042,5563,Rapid Settlement,1,58.6,Confirmed
2043,13019,Rapid Settlement,0,4.4,Confirmed
2044,862,Amount Rounding,1,92.2,Flagged
2045,2478,Policy-Claim Gap,1,83.0,Confirmed
2046,11658,Amount Rounding,0,27.6,Flagged
2047,534,Repeat Claimant,0,43.7,Under Review
2048,5195,High Claim Ratio,1,23.5,Under Review
2049,986,Policy-Claim Gap,0,97.2,Under Review
2050,3057,Repeat Claimant,1,47.1,Under Review
2051,6247,Amount Rounding,1,3.2,Flagged
2052,7275,High Claim Ratio,0,66.6,Flagged
2053,19181,Rapid Settlement,0,38.1,Under Review
2054,1102,Policy-Claim Gap,1,31.2,Flagged
2055,3601,Amount Rounding,1,68.0,Flagged
2056,19753,Amount Rounding,1,85.1,Confirmed
2057,14839,Amount Rounding,1,0.1,Flagged
2058,2588,Amount Rounding,1,81.5,Under Review
2059,19043,High Claim Ratio,1,67.2,Flagged
2060,18104,Rapid Settlement,1,2.4,Under Review
2061,4491,Policy-Claim Gap,1,74.6,Flagged
2062,473,High Claim Ratio,1,36.3,Under Review
2063,11916,High Claim Ratio,0,27.5,Confirmed
2064,902,Repeat Claimant,1,74.1,Flagged
2065,17897,Rapid Settlement,1,98.5,Flagged
2066,17662,Repeat Claimant,1,5.0,Flagged
2067,18650,Rapid Settlement,1,22.4,Flagged
2068,17914,Repeat Claimant,0,45.5,Cleared
2069,6970,Amount Rounding,0,79.2,Under Review
2070,16808,Policy-Claim Gap,1,38.4,Confirmed
2071,7821,Policy-Claim Gap,1,18.7,Under Review
2072,12155,Policy-Claim Gap,1,75.5,Cleared
2073,13050,High Claim Ratio,0,49.6,Confirmed
2074,544,Rapid Settlement,1,88.2,Under Review
2075,10455,Policy-Claim Gap,1,18.5,Flagged
2076,6562,Amount Rounding,0,77.5,Confirmed
2077,2591,Rapid Settlement,0,40.4,Flagged
2078,450,Rapid Settlement,1,34.0,Confirmed
2079,18357,Repeat Claimant,0,57.8,Flagged
2080,19676,Repeat Claimant,0,35.1,Under Review
2081,7334,Policy-Claim Gap,1,56.4,Flagged
2082,748,Amount Rounding,0,76.1,Flagged
2083,8822,Amount Rounding,1,83.7,Flagged
2084,11529,High Claim Ratio,1,38.3,Flagged
2085,8387,Policy-Claim Gap,1,6.5,Flagged
2086,9602,Policy-Claim Gap,1,61.2,Under Review
2087,15604,High Claim Ratio,0,8.1,Flagged
2088,18978,Rapid Settlement,0,64.0,Flagged
2089,16306,Repeat Claimant,0,35.6,Under Review
2090,17176,Rapid Settlement,1,54.6,Under Review
2091,15420,Repeat Claimant,1,94.4,Flagged
2092,7837,Amount Rounding,1,84.0,Confirmed
2093,13653,Rapid Settlement,1,95.8,Flagged
2094,16976,Amount Rounding,1,52.2,Flagged
2095,2119,Repeat Claimant,0,70.1,Flagged
2096,13762,Repeat Claimant,1,95.0,Flagged
2097,19442,Repeat Claimant,1,45.4,Flagged
2098,14718,High Claim Ratio,0,41.5,Flagged
2099,15443,Repeat Claimant,0,96.8,Under Review
2100,2417,Repeat Claimant,1,6.1,Cleared
2101,11923,Amount Rounding,0,28.8,Under Review
2102,1679,Amount Rounding,0,68.1,Confirmed
2103,7544,Repeat Claimant,0,51.7,Under Review
2104,4776,Policy-Claim Gap,1,72.3,Confirmed
2105,13779,Repeat Claimant,0,35.1,Under Review
2106,11325,Rapid Settlement,0,71.6,Under Review
2107,8298,High Claim Ratio,0,4.0,Under Review
2108,6913,Repeat Claimant,1,10.8,Confirmed
2109,9504,Rapid Settlement,1,47.1,Flagged
2110,15822,Policy-Claim Gap,0,24.3,Under Review
2111,3462,Amount Rounding,0,72.9,Cleared
2112,10052,High Claim Ratio,0,24.4,Flagged
2113,8284,Amount Rounding,0,68.9,Flagged
2114,10030,Amount Rounding,1,99.0,Flagged
2115,3331,Policy-Claim Gap,1,30.6,Under Review
2116,15660,Policy-Claim Gap,1,97.3,Under Review
2117,917,Amount Rounding,0,59.0,Flagged
2118,19152,Repeat Claimant,0,54.6,Under Review
2119,932,Rapid Settlement,0,44.8,Confirmed
2120,1506,Repeat Claimant,0,75.4,Under Review
2121,1059,High Claim Ratio,1,66.9,Flagged
2122,7202,Policy-Claim Gap,0,79.4,Under Review
2123,7338,Repeat Claimant,1,25.9,Under Review
2124,15381,Amount Rounding,0,53.3,Cleared
2125,5070,High Claim Ratio,1,88.2,Cleared
2126,3289,Rapid Settlement,0,44.3,Flagged
2127,6383,Repeat Claimant,1,56.9,Flagged
2128,13429,Repeat Claimant,1,20.6,Cleared
2129,18169,Repeat Claimant,1,68.9,Under Review
2130,4534,Policy-Claim Gap,0,22.3,Flagged
2131,10990,Repeat Claimant,1,56.8,Flagged
2132,18376,Amount Rounding,1,9.2,Confirmed
2133,11556,High Claim Ratio,1,59.3,Confirmed
2134,6928,Rapid Settlement,0,78.0,Flagged
2135,14695,Repeat Claimant,0,37.8,Flagged
2136,10095,Amount Rounding,1,74.1,Under Review
2137,16570,Repeat Claimant,0,33.0,Under Review
2138,10721,Policy-Claim Gap,1,66.3,Confirmed
2139,14450,High Claim Ratio,1,67.2,Flagged
2140,17225,Rapid Settlement,0,67.0,Cleared
2141,5306,Policy-Claim Gap,0,70.0,Flagged
2142,6964,High Claim Ratio,1,9.6,Under Review
2143,8243,Amount Rounding,0,70.5,Flagged
2144,4087,Amount Rounding,0,97.5,Flagged
2145,9275,Policy-Claim Gap,1,49.0,Flagged
2146,2995,Repeat Claimant,0,27.6,Confirmed
2147,8745,Rapid Settlement,0,44.6,Confirmed
2148,11542,Amount Rounding,0,87.5,Under Review
2149,18366,Policy-Claim Gap,1,63.6,Under Review
2150,9810,Amount Rounding,1,83.0,Under Review
2151,10845,Repeat Claimant,1,10.5,Under Review
2152,11977,Rapid Settlement,0,49.2,Confirmed
2153,17784,Policy-Claim Gap,1,12.4,Confirmed
2154,1603,High Claim Ratio,0,66.7,Under Review
2155,2645,Rapid Settlement,1,42.9,Confirmed
2156,10798,Amount Rounding,1,32.0,Flagged
2157,11902,Policy-Claim Gap,1,41.0,Cleared
2158,16027,High Claim Ratio,1,71.4,Confirmed
2159,5317,Rapid Settlement,0,12.1,Flagged
2160,557,Policy-Claim Gap,1,88.7,Confirmed
2161,14985,Repeat Claimant,0,74.8,Cleared
2162,4135,Amount Rounding,1,45.3,Flagged
2163,2510,Rapid Settlement,1,71.9,Under Review
2164,13743,High Claim Ratio,1,54.2,Flagged
2165,1115,Amount Rounding,1,86.8,Confirmed
2166,17059,Amount Rounding,1,37.2,Under Review
2167,6305,Policy-Claim Gap,1,91.2,Confirmed
2168,19003,High Claim Ratio,0,31.1,Cleared
2169,8732,Amount Rounding,1,42.6,Confirmed
2170,2151,Rapid Settlement,1,78.9,Flagged
2171,7130,High Claim Ratio,1,66.2,Confirmed
2172,10691,Rapid Settlement,0,30.5,Flagged
2173,3530,Amount Rounding,1,37.9,Flagged
2174,12048,Rapid Settlement,1,4.6,Cleared
2175,1904,Amount Rounding,0,1.7,Confirmed
2176,15396,Repeat Claimant,1,47.8,Confirmed
2177,204,Policy-Claim Gap,1,56.6,Cleared
2178,15419,Amount Rounding,1,40.6,Under Review
2179,7217,Rapid Settlement,1,72.8,Under Review
2180,9154,Policy-Claim Gap,1,8.2,Cleared
2181,13655,High Claim Ratio,0,30.0,Cleared
2182,2861,Repeat Claimant,1,85.3,Under Review
2183,9082,Policy-Claim Gap,0,94.2,Flagged
2184,12785,Repeat Claimant,1,15.9,Under Review
2185,4699,High Claim Ratio,1,47.8,Cleared
2186,17695,Amount Rounding,1,21.0,Confirmed
2187,8820,Repeat Claimant,0,30.5,Confirmed
2188,15213,Policy-Claim Gap,0,43.7,Flagged
2189,16765,Repeat Claimant,1,31.9,Under Review
2190,11312,High Claim Ratio,0,63.1,Flagged
2191,1751,High Claim Ratio,1,78.7,Confirmed
2192,13947,Repeat Claimant,0,16.0,Flagged
2193,5050,Rapid Settlement,0,7.1,Flagged
2194,16050,Policy-Claim Gap,1,76.2,Flagged
2195,10563,Repeat Claimant,0,22.1,Flagged
2196,4887,Amount Rounding,1,3.5,Flagged
2197,1798,High Claim Ratio,1,43.9,Flagged
2198,4312,Rapid Settlement,0,38.3,Flagged
2199,3033,Repeat Claimant,1,64.3,Under Review
2200,7729,High Claim Ratio,0,26.1,Under Review
2201,18441,Repeat Claimant,1,77.4,Confirmed
2202,11584,Rapid Settlement,0,71.1,Flagged
2203,17971,High Claim Ratio,1,45.6,Flagged
2204,17957,Rapid Settlement,1,4.0,Confirmed
2205,11349,Policy-Claim Gap,0,31.6,Flagged
2206,5456,High Claim Ratio,0,81.3,Flagged
2207,18155,Policy-Claim Gap,0,38.9,Flagged
2208,1182,Rapid Settlement,1,75.6,Under Review
2209,3180,Amount Rounding,1,69.3,Confirmed
2210,14119,Rapid Settlement,0,65.2,Confirmed
2211,19666,Repeat Claimant,1,70.8,Flagged
2212,4138,Rapid Settlement,1,75.6,Flagged
2213,19720,Policy-Claim Gap,1,61.6,Under Review
2214,10356,Repeat Claimant,0,82.2,Flagged
2215,5334,Repeat Claimant,1,83.1,Flagged
2216,12556,Rapid Settlement,1,97.3,Under Review
2217,15899,Repeat Claimant,1,34.5,Under Review
2218,5213,Rapid Settlement,1,25.7,Confirmed
2219,8889,Amount Rounding,1,33.8,Cleared
2220,14622,Repeat Claimant,0,10.2,Under Review
2221,14054,Amount Rounding,0,75.3,Confirmed
2222,15532,Repeat Claimant,1,34.2,Cleared
2223,8231,Rapid Settlement,1,42.1,Confirmed
2224,4262,High Claim Ratio,1,32.4,Flagged
2225,19547,Policy-Claim Gap,0,36.8,Under Review
2226,5394,Repeat Claimant,1,37.6,Confirmed
2227,11470,Policy-Claim Gap,1,16.1,Under Review
2228,16709,Policy-Claim Gap,0,57.1,Under Review
2229,6904,Policy-Claim Gap,1,86.9,Under Review
2230,12170,Repeat Claimant,0,54.5,Under Review
2231,16739,High Claim Ratio,1,92.1,Under Review
2232,7908,Repeat Claimant,1,37.7,Confirmed
2233,12386,Amount Rounding,0,5.9,Cleared
2234,9523,Rapid Settlement,0,18.1,Under Review
2235,4383,Rapid Settlement,1,0.1,Cleared
2236,5827,Policy-Claim Gap,1,27.7,Cleared
2237,11697,Amount Rounding,0,78.1,Flagged
2238,11618,Policy-Claim Gap,1,86.4,Flagged
2239,19301,Rapid Settlement,1,8.2,Flagged
2240,9670,Policy-Claim Gap,1,89.1,Flagged
2241,14665,High Claim Ratio,1,42.8,Flagged
2242,11479,Rapid Settlement,0,68.5,Flagged
2243,18159,High Claim Ratio,1,64.0,Under Review
2244,10844,Repeat Claimant,1,41.4,Confirmed
2245,698,Repeat Claimant,1,27.6,Flagged
2246,17558,Repeat Claimant,1,8.5,Cleared
2247,2191,Rapid Settlement,0,75.6,Flagged
2248,3269,Rapid Settlement,0,50.3,Under Review
2249,3121,Amount Rounding,1,29.0,Under Review
2250,10687,Policy-Claim Gap,0,47.9,Under Review
2251,8085,Policy-Claim Gap,0,97.1,Under Review
2252,15219,Policy-Claim Gap,0,76.3,Confirmed
2253,12186,Amount Rounding,1,1.4,Under Review
2254,7690,Rapid Settlement,0,31.7,Under Review
2255,3964,High Claim Ratio,0,80.9,Under Review
2256,18878,Rapid Settlement,0,44.7,Under Review
2257,15026,High Claim Ratio,1,88.0,Confirmed
2258,3778,Policy-Claim Gap,0,36.5,Flagged
2259,13781,Policy-Claim Gap,1,35.6,Confirmed
2260,3362,Amount Rounding,1,66.9,Confirmed
2261,1615,High Claim Ratio,1,13.0,Cleared
2262,9655,High Claim Ratio,1,85.9,Under Review
2263,16240,Policy-Claim Gap,1,35.0,Under Review
2264,9297,Policy-Claim Gap,1,7.9,Under Review
2265,5948,Policy-Claim Gap,1,91.0,Confirmed
2266,9450,Policy-Claim Gap,1,33.9,Under Review
2267,6469,Amount Rounding,0,13.8,Flagged
2268,19350,Repeat Claimant,1,29.2,Under Review
2269,9739,Repeat Claimant,1,77.0,Under Review
2270,19460,Amount Rounding,0,1.0,Under Review
2271,12060,Repeat Claimant,0,19.3,Under Review
2272,7335,Policy-Claim Gap,0,43.6,Flagged
2273,9730,Amount Rounding,1,71.4,Under Review
2274,18724,Rapid Settlement,1,24.9,Confirmed
2275,4196,Policy-Claim Gap,1,87.6,Flagged
2276,8472,Rapid Settlement,1,36.7,Under Review
2277,6866,Policy-Claim Gap,1,87.5,Under Review
2278,18348,Repeat Claimant,1,33.4,Flagged
2279,3831,Amount Rounding,1,88.9,Confirmed
2280,10748,Repeat Claimant,0,92.2,Flagged
2281,18703,Repeat Claimant,1,85.4,Under Review
2282,18533,Rapid Settlement,0,0.7,Flagged
2283,6299,Policy-Claim Gap,1,40.3,Flagged
2284,9155,High Claim Ratio,0,85.9,Flagged
2285,19578,Amount Rounding,0,73.9,Flagged
2286,3467,High Claim Ratio,1,98.5,Flagged
2287,3639,High Claim Ratio,1,56.9,Under Review
2288,13197,Repeat Claimant,0,68.5,Flagged
2289,16129,Repeat Claimant,1,58.6,Under Review
2290,2451,Amount Rounding,1,98.8,Confirmed
2291,18696,Policy-Claim Gap,1,99.5,Flagged
2292,888,Amount Rounding,1,54.0,Cleared
2293,17473,Policy-Claim Gap,0,79.2,Under Review
2294,8245,Policy-Claim Gap,1,1.0,Under Review
2295,6162,Rapid Settlement,0,45.2,Under Review
2296,12749,High Claim Ratio,0,49.1,Under Review
2297,16029,Rapid Settlement,0,65.2,Under Review
2298,8652,Rapid Settlement,0,87.1,Confirmed
2299,17249,Rapid Settlement,0,46.8,Under Review
2300,484,Repeat Claimant,1,96.7,Confirmed
2301,3467,High Claim Ratio,1,43.1,Flagged
2302,8869,Repeat Claimant,1,28.2,Flagged
2303,171,Policy-Claim Gap,0,34.3,Confirmed
2304,8662,Amount Rounding,1,67.0,Flagged
2305,8289,Amount Rounding,0,4.6,Flagged
2306,10451,Rapid Settlement,0,19.4,Flagged
2307,703,Policy-Claim Gap,0,45.5,Flagged
2308,5698,Policy-Claim Gap,0,55.5,Flagged
2309,2557,Amount Rounding,1,58.3,Under Review
2310,14779,Policy-Claim Gap,1,92.8,Confirmed
2311,7176,Repeat Claimant,1,2.9,Flagged
2312,12432,High Claim Ratio,1,0.9,Flagged
2313,3740,High Claim Ratio,1,64.4,Under Review
2314,18383,Amount Rounding,1,97.7,Under Review
2315,6037,Repeat Claimant,0,88.9,Cleared
2316,10073,Rapid Settlement,1,39.6,Flagged
2317,13783,Repeat Claimant,0,77.7,Flagged
2318,2235,Rapid Settlement,1,92.5,Flagged
2319,18061,High Claim Ratio,1,65.8,Flagged
2320,4945,Rapid Settlement,0,16.4,Under Review
2321,18181,High Claim Ratio,0,74.1,Flagged
2322,9652,High Claim Ratio,1,12.3,Flagged
2323,17707,Repeat Claimant,1,83.1,Cleared
2324,14479,High Claim Ratio,0,21.6,Under Review
2325,1002,Amount Rounding,1,41.6,Under Review
2326,405,Policy-Claim Gap,1,15.7,Flagged
2327,15979,Amount Rounding,0,59.5,Flagged
2328,15880,High Claim Ratio,0,49.6,Flagged
2329,8517,Policy-Claim Gap,1,38.8,Flagged
2330,8216,High Claim Ratio,1,96.1,Flagged
2331,15943,Policy-Claim Gap,1,15.7,Under Review
2332,6973,Repeat Claimant,1,76.2,Flagged
2333,19557,Amount Rounding,0,61.7,Flagged
2334,13886,High Claim Ratio,1,80.8,Confirmed
2335,8233,Rapid Settlement,0,61.9,Flagged
2336,14980,Repeat Claimant,1,90.7,Flagged
2337,417,High Claim Ratio,1,26.0,Confirmed
2338,4699,High Claim Ratio,0,95.8,Cleared
2339,11353,Repeat Claimant,1,19.5,Confirmed
2340,2329,Repeat Claimant,1,98.6,Flagged
2341,8442,Rapid Settlement,0,73.8,Cleared
2342,9204,Repeat Claimant,1,87.4,Under Review
2343,18926,Amount Rounding,1,71.0,Confirmed
2344,12045,Amount Rounding,1,46.5,Confirmed
2345,11485,Amount Rounding,0,5.9,Flagged
2346,6855,Rapid Settlement,0,4.0,Confirmed
2347,12169,Policy-Claim Gap,1,97.9,Flagged
2348,14206,Repeat Claimant,0,77.0,Flagged
2349,19971,Rapid Settlement,1,91.7,Under Review
2350,10038,Amount Rounding,0,32.7,Confirmed
2351,14598,Repeat Claimant,1,8.2,Confirmed
2352,15529,High Claim Ratio,0,88.5,Under Review
2353,14778,Amount Rounding,0,17.0,Cleared
2354,3925,Policy-Claim Gap,1,18.2,Under Review
2355,11301,Rapid Settlement,1,95.1,Confirmed
2356,9567,High Claim Ratio,1,13.3,Under Review
2357,18917,Amount Rounding,0,82.0,Flagged
2358,14215,Rapid Settlement,0,4.1,Under Review
2359,15784,Policy-Claim Gap,1,64.5,Flagged
2360,5135,High Claim Ratio,1,19.6,Flagged
2361,4495,Policy-Claim Gap,0,10.7,Under Review
2362,2538,Repeat Claimant,1,86.4,Flagged
2363,10319,High Claim Ratio,0,5.8,Flagged
2364,9931,Policy-Claim Gap,0,77.1,Under Review
2365,5383,High Claim Ratio,1,40.6,Cleared
2366,18882,High Claim Ratio,0,20.2,Under Review
2367,18901,Repeat Claimant,1,66.7,Under Review
2368,13642,Rapid Settlement,1,39.7,Under Review
2369,10235,High Claim Ratio,0,77.6,Flagged
2370,7530,Amount Rounding,0,58.1,Under Review
2371,15596,Repeat Claimant,1,62.4,Flagged
2372,4159,High Claim Ratio,1,0.9,Flagged
2373,19020,High Claim Ratio,0,74.4,Confirmed
2374,3891,Rapid Settlement,0,2.5,Cleared
2375,9554,Policy-Claim Gap,1,39.6,Flagged
2376,5280,Rapid Settlement,0,97.3,Under Review
2377,597,Policy-Claim Gap,1,61.3,Confirmed
2378,8418,Repeat Claimant,1,75.5,Under Review
2379,10480,Policy-Claim Gap,1,1.5,Under Review
2380,11228,Policy-Claim Gap,1,24.5,Confirmed
2381,19067,Rapid Settlement,1,15.9,Flagged
2382,17538,High Claim Ratio,1,67.3,Under Review
2383,16664,Rapid Settlement,0,30.9,Flagged
2384,17203,Repeat Claimant,0,87.8,Confirmed
2385,13641,Repeat Claimant,0,85.5,Flagged
2386,13817,Rapid Settlement,0,7.1,Flagged
2387,2420,High Claim Ratio,0,62.6,Under Review
2388,4592,High Claim Ratio,0,35.9,Under Review
2389,11087,Policy-Claim Gap,1,35.5,Under Review
2390,6621,Rapid Settlement,1,18.5,Flagged
2391,17434,Amount Rounding,1,29.3,Confirmed
2392,4994,Rapid Settlement,1,48.1,Flagged
2393,13485,Rapid Settlement,0,84.9,Flagged
2394,18881,Amount Rounding,0,44.5,Confirmed
2395,3313,Policy-Claim Gap,0,83.3,Flagged
2396,6741,Rapid Settlement,1,6.7,Flagged
2397,8436,High Claim Ratio,0,91.9,Flagged
2398,15100,High Claim Ratio,1,72.2,Flagged
2399,1196,Repeat Claimant,0,47.5,Under Review
2400,13866,High Claim Ratio,1,40.1,Flagged
2401,18413,Amount Rounding,1,94.7,Under Review
2402,6082,Amount Rounding,1,85.5,Flagged
2403,12481,Policy-Claim Gap,1,45.4,Flagged
2404,11588,Repeat Claimant,1,46.8,Flagged
2405,17960,Repeat Claimant,0,60.2,Under Review
2406,9361,Rapid Settlement,1,98.0,Flagged
2407,3784,Amount Rounding,0,30.7,Flagged
2408,5818,Policy-Claim Gap,0,97.9,Confirmed
2409,10321,Amount Rounding,1,23.8,Confirmed
2410,19700,Rapid Settlement,1,45.9,Under Review
2411,16912,Rapid Settlement,1,10.3,Flagged
2412,7979,Repeat Claimant,1,35.1,Confirmed
2413,15054,Rapid Settlement,0,99.3,Flagged
2414,11285,Policy-Claim Gap,1,43.6,Confirmed
2415,16905,High Claim Ratio,0,85.5,Cleared
2416,11373,Rapid Settlement,1,28.4,Under Review
2417,15034,High Claim Ratio,0,87.6,Under Review
2418,16175,High Claim Ratio,0,53.3,Confirmed
2419,15796,Policy-Claim Gap,1,44.5,Flagged
2420,3669,Amount Rounding,1,31.9,Flagged
2421,1165,Repeat Claimant,0,37.9,Under Review
2422,17580,High Claim Ratio,0,76.0,Flagged
2423,16426,Amount Rounding,1,85.4,Flagged
2424,2615,Amount Rounding,0,59.5,Confirmed
2425,4280,Policy-Claim Gap,0,72.2,Cleared
2426,18512,Amount Rounding,0,87.5,Cleared
2427,10552,Rapid Settlement,1,27.9,Under Review
2428,16198,High Claim Ratio,0,77.4,Confirmed
2429,17540,Policy-Claim Gap,1,50.8,Flagged
2430,19045,Repeat Claimant,1,28.6,Confirmed
2431,14962,Policy-Claim Gap,1,83.9,Flagged
2432,2524,Repeat Claimant,1,11.9,Confirmed
2433,15586,Repeat Claimant,1,47.0,Under Review
2434,7923,Policy-Claim Gap,0,2.5,Confirmed
2435,10103,Repeat Claimant,1,16.7,Flagged
2436,9234,Rapid Settlement,1,7.6,Under Review
2437,6370,Policy-Claim Gap,0,64.5,Under Review
2438,3785,Rapid Settlement,0,44.2,Under Review
2439,7825,Amount Rounding,1,44.3,Flagged
2440,7773,High Claim Ratio,0,28.6,Under Review
2441,14765,Rapid Settlement,1,57.3,Confirmed
2442,17661,Policy-Claim Gap,1,44.9,Under Review
2443,3011,Amount Rounding,0,72.1,Confirmed
2444,11477,Policy-Claim Gap,1,42.8,Under Review
2445,10243,Policy-Claim Gap,1,46.2,Flagged
2446,15142,Amount Rounding,0,78.1,Cleared
2447,12813,Amount Rounding,1,70.0,Under Review
2448,15206,High Claim Ratio,1,77.0,Under Review
2449,12087,High Claim Ratio,1,38.0,Flagged
2450,18915,High Claim Ratio,1,91.0,Confirmed
2451,4983,Rapid Settlement,1,76.4,Flagged
2452,19382,Amount Rounding,1,53.4,Flagged
2453,10210,Policy-Claim Gap,0,64.5,Under Review
2454,17695,Rapid Settlement,1,3.2,Confirmed
2455,12904,Rapid Settlement,1,17.9,Under Review
2456,14150,Rapid Settlement,1,38.6,Under Review
2457,7560,Rapid Settlement,1,6.8,Confirmed
2458,11291,Amount Rounding,1,83.8,Cleared
2459,11544,Repeat Claimant,0,35.6,Confirmed
2460,19987,High Claim Ratio,0,52.9,Flagged
2461,13969,Policy-Claim Gap,1,33.0,Flagged
2462,5252,Rapid Settlement,1,65.7,Confirmed
2463,12291,Policy-Claim Gap,1,57.3,Under Review
2464,13801,High Claim Ratio,0,5.5,Flagged
2465,6771,Policy-Claim Gap,0,84.3,Flagged
2466,2373,Policy-Claim Gap,1,19.3,Under Review
2467,6036,Policy-Claim Gap,1,22.6,Under Review
2468,9695,High Claim Ratio,1,61.3,Cleared
2469,9800,Rapid Settlement,0,7.8,Confirmed
2470,8828,Amount Rounding,1,48.2,Flagged
2471,8367,Amount Rounding,1,65.2,Confirmed
2472,2522,Rapid Settlement,1,57.8,Flagged
2473,7453,Policy-Claim Gap,1,33.4,Under Review
2474,1372,Policy-Claim Gap,1,52.4,Confirmed
2475,12073,High Claim Ratio,0,0.7,Confirmed
2476,8384,Policy-Claim Gap,0,25.8,Flagged
2477,9077,Repeat Claimant,1,18.7,Cleared
2478,8687,Amount Rounding,1,52.9,Flagged
2479,19002,High Claim Ratio,1,89.5,Flagged
2480,9166,Repeat Claimant,0,46.1,Flagged
2481,8382,High Claim Ratio,0,60.3,Confirmed
2482,3679,Rapid Settlement,1,22.4,Flagged
2483,16057,Repeat Claimant,0,22.3,Confirmed
2484,6021,High Claim Ratio,1,73.4,Flagged
2485,343,Policy-Claim Gap,1,50.9,Under Review
2486,5612,High Claim Ratio,0,46.6,Flagged
2487,13127,High Claim Ratio,1,46.9,Flagged
2488,12140,Policy-Claim Gap,1,2.9,Flagged
2489,3904,Repeat Claimant,1,13.9,Flagged
2490,17747,Amount Rounding,1,91.9,Flagged
2491,16233,Policy-Claim Gap,0,4.4,Flagged
2492,18200,Repeat Claimant,1,72.5,Cleared
2493,13979,Repeat Claimant,0,78.8,Cleared
2494,2395,Repeat Claimant,1,75.6,Confirmed
2495,10501,Policy-Claim Gap,1,50.9,Confirmed
2496,3799,Policy-Claim Gap,1,16.8,Under Review
2497,6667,Amount Rounding,1,70.1,Flagged
2498,15106,Policy-Claim Gap,1,15.3,Cleared
2499,9144,Rapid Settlement,1,65.0,Flagged
2500,2902,Amount Rounding,1,86.1,Under Review
2501,17393,Policy-Claim Gap,1,15.0,Under Review
2502,10868,Repeat Claimant,1,71.7,Flagged
2503,2539,Repeat Claimant,1,75.1,Under Review
2504,16740,Amount Rounding,1,43.4,Under Review
2505,10493,Rapid Settlement,0,93.7,Flagged
2506,19085,High Claim Ratio,1,65.5,Flagged
2507,11103,Policy-Claim Gap,1,73.7,Under Review
2508,4817,High Claim Ratio,0,90.2,Under Review
2509,2116,High Claim Ratio,1,27.2,Under Review
2510,10059,High Claim Ratio,1,11.2,Confirmed
2511,11491,Policy-Claim Gap,0,25.1,Under Review
2512,12345,Rapid Settlement,0,53.7,Confirmed
2513,2547,High Claim Ratio,1,7.1,Cleared
2514,7205,Repeat Claimant,1,59.9,Confirmed
2515,2088,High Claim Ratio,1,78.2,Confirmed
2516,12751,Policy-Claim Gap,1,67.7,Confirmed
2517,11065,Policy-Claim Gap,1,52.5,Flagged
2518,8681,Amount Rounding,0,51.8,Under Review
2519,13974,Repeat Claimant,1,28.6,Flagged
2520,3632,Policy-Claim Gap,0,79.9,Under Review
2521,8375,High Claim Ratio,1,34.5,Flagged
2522,19607,High Claim Ratio,0,52.4,Under Review
2523,15194,Policy-Claim Gap,0,26.8,Under Review
2524,7145,Policy-Claim Gap,1,64.7,Under Review
2525,5572,Repeat Claimant,1,69.9,Confirmed
2526,8511,Amount Rounding,1,70.7,Confirmed
2527,19423,Policy-Claim Gap,0,53.4,Under Review
2528,14879,Amount Rounding,1,16.6,Under Review
2529,16936,Rapid Settlement,1,12.6,Confirmed
2530,9868,High Claim Ratio,0,2.6,Confirmed
2531,17786,Amount Rounding,1,43.0,Confirmed
2532,19544,Rapid Settlement,1,40.5,Cleared
2533,1328,Repeat Claimant,1,74.3,Flagged
2534,838,Repeat Claimant,0,53.6,Under Review
2535,4730,Rapid Settlement,1,62.3,Under Review
2536,8297,Amount Rounding,0,40.7,Flagged
2537,16204,Rapid Settlement,1,48.3,Confirmed
2538,108,Repeat Claimant,0,95.2,Flagged
2539,12472,High Claim Ratio,0,40.0,Under Review
2540,9707,Amount Rounding,0,37.6,Confirmed
2541,2811,Policy-Claim Gap,1,11.4,Under Review
2542,11579,Rapid Settlement,1,57.6,Flagged
2543,12277,High Claim Ratio,0,32.0,Confirmed
2544,10665,High Claim Ratio,0,17.3,Confirmed
2545,17476,Repeat Claimant,1,44.6,Flagged
2546,2498,High Claim Ratio,1,27.3,Flagged
2547,16653,High Claim Ratio,1,5.9,Confirmed
2548,18398,High Claim Ratio,1,81.0,Flagged
2549,8398,Amount Rounding,1,69.9,Under Review
2550,6209,Rapid Settlement,0,24.5,Flagged
2551,8716,Amount Rounding,1,10.6,Confirmed
2552,7544,Rapid Settlement,0,62.6,Flagged
2553,4277,High Claim Ratio,1,67.5,Flagged
2554,15350,Policy-Claim Gap,1,76.2,Cleared
2555,4745,Repeat Claimant,1,29.8,Confirmed
2556,6543,Repeat Claimant,1,46.4,Cleared
2557,7859,Amount Rounding,1,92.1,Flagged
2558,3155,Policy-Claim Gap,0,34.1,Flagged
2559,12561,Rapid Settlement,0,29.2,Cleared
2560,972,High Claim Ratio,1,83.1,Confirmed
2561,3341,Repeat Claimant,0,89.8,Flagged
2562,1028,Amount Rounding,1,53.5,Confirmed
2563,13636,Policy-Claim Gap,1,11.7,Confirmed
2564,8833,Repeat Claimant,0,34.1,Confirmed
2565,12595,High Claim Ratio,1,72.9,Under Review
2566,6624,Policy-Claim Gap,0,86.9,Under Review
2567,15736,Policy-Claim Gap,1,90.3,Confirmed
2568,8388,Policy-Claim Gap,0,33.6,Under Review
2569,9787,Rapid Settlement,1,47.1,Under Review
2570,10890,Rapid Settlement,1,10.8,Under Review
2571,10377,Policy-Claim Gap,1,11.8,Flagged
2572,5697,Repeat Claimant,0,92.8,Under Review
2573,12960,Amount Rounding,1,73.7,Under Review
2574,16723,Amount Rounding,0,19.9,Flagged
2575,5082,High Claim Ratio,1,26.5,Under Review
2576,7631,Policy-Claim Gap,0,49.4,Under Review
2577,12064,Rapid Settlement,1,61.7,Confirmed
2578,19215,Amount Rounding,0,73.4,Cleared
2579,14468,Rapid Settlement,0,73.3,Under Review
2580,15038,Repeat Claimant,1,88.2,Under Review
2581,12412,Amount Rounding,0,57.7,Flagged
2582,5945,Repeat Claimant,0,79.4,Flagged
2583,14034,Rapid Settlement,1,52.4,Under Review
2584,15629,Rapid Settlement,0,18.2,Flagged
2585,12331,Amount Rounding,0,9.2,Cleared
2586,15852,Rapid Settlement,0,29.6,Under Review
2587,612,Policy-Claim Gap,1,60.4,Flagged
2588,5129,Rapid Settlement,0,56.8,Flagged
2589,4652,Policy-Claim Gap,1,0.3,Under Review
2590,4914,Amount Rounding,0,77.5,Flagged
2591,7208,High Claim Ratio,1,21.3,Flagged
2592,14784,Amount Rounding,0,78.9,Under Review
2593,13228,Rapid Settlement,1,41.8,Flagged
2594,9889,Repeat Claimant,0,56.7,Under Review
2595,15489,Policy-Claim Gap,0,88.5,Flagged
2596,211,Repeat Claimant,1,21.2,Under Review
2597,13948,Rapid Settlement,1,5.1,Cleared
2598,12500,Policy-Claim Gap,1,13.8,Cleared
2599,15259,Amount Rounding,0,11.6,Cleared
2600,18092,High Claim Ratio,1,10.0,Flagged
2601,14989,Rapid Settlement,1,90.7,Confirmed
2602,1541,High Claim Ratio,0,0.1,Flagged
2603,8195,High Claim Ratio,1,37.0,Confirmed
2604,13496,Policy-Claim Gap,0,27.9,Flagged
2605,13607,Rapid Settlement,0,82.0,Cleared
2606,6201,Rapid Settlement,1,26.8,Flagged
2607,5808,Amount Rounding,1,37.4,Under Review
2608,11026,High Claim Ratio,0,98.3,Confirmed
2609,2643,Amount Rounding,1,81.6,Flagged
2610,12209,Repeat Claimant,0,17.8,Confirmed
2611,11862,Policy-Claim Gap,0,2.5,Confirmed
2612,903,Repeat Claimant,1,74.9,Flagged
2613,16807,Rapid Settlement,1,43.6,Flagged
2614,1484,Repeat Claimant,0,85.8,Flagged
2615,1275,High Claim Ratio,0,3.5,Flagged
2616,8867,Policy-Claim Gap,0,69.7,Flagged
2617,5397,Amount Rounding,0,75.3,Under Review
2618,4589,Repeat Claimant,0,72.7,Confirmed
2619,4714,High Claim Ratio,1,96.5,Cleared
2620,7843,High Claim Ratio,1,69.2,Under Review
2621,10430,Rapid Settlement,1,75.8,Flagged
2622,18687,High Claim Ratio,0,10.1,Flagged
2623,5907,Policy-Claim Gap,0,24.8,Flagged
2624,13304,Policy-Claim Gap,1,80.4,Cleared
2625,252,Rapid Settlement,1,84.9,Under Review
2626,14025,Repeat Claimant,1,77.9,Flagged
2627,4717,Policy-Claim Gap,0,32.9,Flagged
2628,2014,Repeat Claimant,1,21.3,Flagged
2629,14492,High Claim Ratio,1,97.5,Under Review
2630,11342,Rapid Settlement,0,69.3,Under Review
2631,11308,Rapid Settlement,0,4.4,Under Review
2632,3232,Policy-Claim Gap,1,89.3,Flagged
2633,15243,High Claim Ratio,1,20.9,Confirmed
2634,2403,Amount Rounding,0,28.5,Confirmed
2635,11825,Amount Rounding,1,55.3,Under Review
2636,15492,Repeat Claimant,0,81.9,Cleared
2637,9766,High Claim Ratio,0,52.3,Flagged
2638,15169,Policy-Claim Gap,0,50.4,Flagged
2639,17886,Policy-Claim Gap,1,62.9,Flagged
2640,10925,Rapid Settlement,0,22.8,Flagged
2641,9624,High Claim Ratio,1,41.4,Cleared
2642,17732,Policy-Claim Gap,1,32.2,Under Review
2643,5370,Repeat Claimant,1,22.0,Under Review
2644,3391,Policy-Claim Gap,1,76.6,Flagged
2645,6166,Amount Rounding,1,95.6,Under Review
2646,19346,Amount Rounding,0,94.0,Confirmed
2647,13566,High Claim Ratio,0,13.6,Flagged
2648,3243,Policy-Claim Gap,1,2.6,Flagged
2649,8660,Rapid Settlement,0,31.6,Confirmed
2650,9091,High Claim Ratio,1,73.8,Cleared
2651,4067,High Claim Ratio,1,19.3,Flagged
2652,5942,High Claim Ratio,1,6.8,Cleared
2653,9490,Amount Rounding,0,68.6,Cleared
2654,19773,Policy-Claim Gap,1,61.0,Under Review
2655,5058,Policy-Claim Gap,1,95.8,Under Review
2656,8899,Amount Rounding,0,49.5,Flagged
2657,8836,Rapid Settlement,1,67.8,Flagged
2658,18792,Rapid Settlement,0,59.8,Flagged
2659,14076,Policy-Claim Gap,1,3.2,Confirmed
2660,4545,High Claim Ratio,1,84.0,Cleared
2661,1834,Policy-Claim Gap,1,81.3,Flagged
2662,19004,Rapid Settlement,0,16.3,Confirmed
2663,13670,Rapid Settlement,1,50.3,Flagged
2664,3069,Policy-Claim Gap,0,53.1,Flagged
2665,9194,Policy-Claim Gap,1,75.6,Flagged
2666,10397,Repeat Claimant,1,74.4,Flagged
2667,6157,Policy-Claim Gap,0,26.4,Cleared
2668,5293,Amount Rounding,0,48.4,Flagged
2669,8198,Amount Rounding,1,25.0,Flagged
2670,10787,Repeat Claimant,1,64.8,Cleared
2671,2807,Repeat Claimant,1,38.6,Confirmed
2672,5252,Policy-Claim Gap,1,89.4,Under Review
2673,9552,High Claim Ratio,1,2.1,Flagged
2674,4345,High Claim Ratio,1,35.9,Confirmed
2675,4481,Amount Rounding,1,74.9,Flagged
2676,8487,Repeat Claimant,1,10.7,Under Review
2677,667,Rapid Settlement,1,63.4,Flagged
2678,2434,Repeat Claimant,0,20.4,Cleared
2679,6031,Policy-Claim Gap,0,89.1,Flagged
2680,14230,Rapid Settlement,1,7.3,Flagged
2681,17407,Policy-Claim Gap,1,54.7,Under Review
2682,9260,Policy-Claim Gap,1,25.1,Flagged
2683,7556,Repeat Claimant,1,11.1,Under Review
2684,11190,Repeat Claimant,1,97.2,Cleared
2685,3067,Policy-Claim Gap,1,35.3,Flagged
2686,14508,Rapid Settlement,0,35.6,Flagged
2687,11117,Repeat Claimant,1,34.4,Flagged
2688,9955,Amount Rounding,0,25.4,Cleared
2689,2100,Policy-Claim Gap,1,94.5,Cleared
2690,17753,High Claim Ratio,1,59.7,Under Review
2691,14324,Policy-Claim Gap,1,33.5,Confirmed
2692,9734,Rapid Settlement,1,26.1,Flagged
2693,15243,Rapid Settlement,0,60.5,Flagged
2694,1383,Repeat Claimant,0,34.4,Under Review
2695,7039,Repeat Claimant,0,31.8,Flagged
2696,16262,High Claim Ratio,1,7.5,Flagged
2697,415,Amount Rounding,1,92.5,Flagged
2698,11657,Policy-Claim Gap,1,10.6,Confirmed
2699,13285,Amount Rounding,1,92.3,Under Review
2700,11808,High Claim Ratio,1,24.9,Flagged
2701,9065,Repeat Claimant,1,34.4,Flagged
2702,11032,Policy-Claim Gap,0,39.6,Under Review
2703,15234,Policy-Claim Gap,0,61.7,Flagged
2704,10743,Amount Rounding,1,32.3,Cleared
2705,11670,Repeat Claimant,0,45.2,Cleared
2706,18365,Rapid Settlement,1,1.7,Cleared
2707,13030,Amount Rounding,0,9.7,Flagged
2708,4842,Repeat Claimant,0,76.0,Under Review
2709,15288,Amount Rounding,1,30.1,Under Review
2710,725,Repeat Claimant,0,20.3,Under Review
2711,18647,High Claim Ratio,0,96.3,Under Review
2712,16599,Amount Rounding,0,16.5,Under Review
2713,12999,Repeat Claimant,0,25.3,Flagged
2714,7236,High Claim Ratio,1,31.5,Under Review
2715,4064,Rapid Settlement,1,40.0,Flagged
2716,16168,Policy-Claim Gap,0,70.1,Cleared
2717,4199,Amount Rounding,1,27.1,Confirmed
2718,18851,Amount Rounding,1,92.0,Confirmed
2719,5956,Repeat Claimant,0,96.4,Cleared
2720,1791,High Claim Ratio,0,9.5,Under Review
2721,12720,Policy-Claim Gap,1,51.3,Flagged
2722,1394,High Claim Ratio,1,32.9,Cleared
2723,5929,Amount Rounding,0,32.5,Flagged
2724,15809,Amount Rounding,1,53.7,Flagged
2725,1656,High Claim Ratio,0,58.3,Flagged
2726,19542,Rapid Settlement,1,14.3,Under Review
2727,18609,Amount Rounding,1,62.9,Cleared
2728,9984,High Claim Ratio,1,52.3,Under Review
2729,12481,Policy-Claim Gap,1,75.6,Under Review
2730,11426,Amount Rounding,0,18.5,Under Review
2731,3703,Repeat Claimant,0,12.0,Flagged
2732,7266,Rapid Settlement,1,39.6,Under Review
2733,8567,Policy-Claim Gap,0,58.3,Under Review
2734,5575,High Claim Ratio,1,24.3,Under Review
2735,4686,Repeat Claimant,0,3.5,Under Review
2736,3203,Policy-Claim Gap,1,51.1,Under Review
2737,15524,Policy-Claim Gap,1,30.4,Confirmed
2738,17973,Repeat Claimant,0,24.2,Under Review
2739,12803,Repeat Claimant,0,79.5,Confirmed
2740,12787,Policy-Claim Gap,1,93.0,Confirmed
2741,16223,Policy-Claim Gap,0,55.6,Under Review
2742,177,Policy-Claim Gap,1,13.2,Cleared
2743,2527,Amount Rounding,1,4.8,Flagged
2744,6548,High Claim Ratio,1,56.4,Confirmed
2745,5153,High Claim Ratio,0,19.3,Flagged
2746,1813,Repeat Claimant,1,16.8,Under Review
2747,16595,Policy-Claim Gap,1,50.1,Confirmed
2748,18873,Policy-Claim Gap,1,67.4,Under Review
2749,5776,Rapid Settlement,0,32.3,Under Review
2750,12576,Policy-Claim Gap,0,54.9,Under Review
2751,13079,Amount Rounding,0,45.3,Flagged
2752,17945,Amount Rounding,0,46.5,Confirmed
2753,6629,Rapid Settlement,1,56.2,Flagged
2754,13900,Policy-Claim Gap,1,3.8,Confirmed
2755,5868,Rapid Settlement,1,41.0,Flagged
2756,7962,Rapid Settlement,1,93.3,Cleared
2757,13311,Amount Rounding,0,39.9,Under Review
2758,10580,Repeat Claimant,1,14.9,Under Review
2759,9797,Rapid Settlement,0,19.5,Under Review
2760,3031,Policy-Claim Gap,1,44.9,Cleared
2761,4567,Amount Rounding,0,83.9,Under Review
2762,12487,Repeat Claimant,0,46.6,Confirmed
2763,11183,Policy-Claim Gap,1,86.4,Under Review
2764,11220,Repeat Claimant,1,25.2,Flagged
2765,12079,High Claim Ratio,0,1.1,Confirmed
2766,6551,Repeat Claimant,0,91.5,Under Review
2767,6712,High Claim Ratio,0,54.6,Flagged
2768,11046,Rapid Settlement,1,0.1,Under Review
2769,2868,High Claim Ratio,0,21.5,Confirmed
2770,16586,Amount Rounding,0,53.5,Flagged
2771,16563,Repeat Claimant,0,56.5,Flagged
2772,3100,Policy-Claim Gap,1,87.1,Flagged
2773,656,High Claim Ratio,0,45.1,Under Review
2774,4348,Repeat Claimant,1,38.5,Flagged
2775,4797,Policy-Claim Gap,1,25.2,Flagged
2776,4818,Repeat Claimant,1,52.4,Flagged
2777,5352,Rapid Settlement,1,15.1,Flagged
2778,3491,Rapid Settlement,1,90.3,Confirmed
2779,10475,Repeat Claimant,0,24.8,Under Review
2780,19389,Amount Rounding,1,29.0,Flagged
2781,11248,Rapid Settlement,1,46.6,Flagged
2782,19386,High Claim Ratio,0,9.4,Flagged
2783,6632,High Claim Ratio,1,86.5,Flagged
2784,6526,Rapid Settlement,0,83.9,Cleared
2785,3085,Policy-Claim Gap,1,85.9,Flagged
2786,9861,Rapid Settlement,1,64.8,Flagged
2787,7057,Repeat Claimant,0,24.6,Under Review
2788,9846,Policy-Claim Gap,0,67.1,Flagged
2789,19021,Policy-Claim Gap,0,31.0,Cleared
2790,2301,Rapid Settlement,0,55.0,Flagged
2791,19227,High Claim Ratio,0,65.9,Cleared
2792,9729,Repeat Claimant,1,77.8,Flagged
2793,15556,Repeat Claimant,1,97.7,Flagged
2794,18078,Amount Rounding,0,13.7,Under Review
2795,14099,Rapid Settlement,1,35.6,Flagged
2796,11823,Amount Rounding,1,98.2,Cleared
2797,16808,High Claim Ratio,0,79.4,Confirmed
2798,4373,Policy-Claim Gap,0,8.6,Cleared
2799,2419,Rapid Settlement,1,89.3,Under Review
2800,6250,High Claim Ratio,0,9.5,Cleared
2801,15463,Policy-Claim Gap,1,11.9,Under Review
2802,19486,Repeat Claimant,1,44.1,Cleared
2803,2878,Amount Rounding,1,25.8,Cleared
2804,1174,High Claim Ratio,1,62.0,Confirmed
2805,5679,Rapid Settlement,1,60.2,Cleared
2806,18379,Repeat Claimant,1,91.3,Flagged
2807,6000,High Claim Ratio,1,71.0,Confirmed
2808,11361,Amount Rounding,1,7.7,Flagged
2809,10266,High Claim Ratio,0,44.0,Flagged
2810,2042,Amount Rounding,1,60.1,Flagged
2811,5675,High Claim Ratio,0,1.9,Under Review
2812,12314,Policy-Claim Gap,1,53.3,Confirmed
2813,15589,High Claim Ratio,1,92.7,Under Review
2814,19844,Amount Rounding,0,74.5,Under Review
2815,17922,High Claim Ratio,1,30.4,Under Review
2816,14531,Policy-Claim Gap,1,68.4,Cleared
2817,17641,Amount Rounding,1,50.5,Flagged
2818,16615,High Claim Ratio,0,81.1,Cleared
2819,4065,Policy-Claim Gap,1,43.6,Under Review
2820,3748,Repeat Claimant,1,31.2,Confirmed
2821,18468,Repeat Claimant,0,90.0,Flagged
2822,16195,Policy-Claim Gap,1,72.7,Flagged
2823,5203,High Claim Ratio,0,12.0,Confirmed
2824,10314,Rapid Settlement,1,96.2,Flagged
2825,19793,Rapid Settlement,1,16.6,Under Review
2826,5492,Policy-Claim Gap,1,92.3,Under Review
2827,1626,Amount Rounding,1,5.5,Cleared
2828,16952,Rapid Settlement,1,34.2,Flagged
2829,2297,Amount Rounding,1,73.6,Under Review
2830,15738,High Claim Ratio,1,77.4,Under Review
2831,447,Amount Rounding,0,12.8,Confirmed
2832,15606,Amount Rounding,0,33.5,Flagged
2833,12388,Repeat Claimant,1,45.6,Flagged
2834,5300,High Claim Ratio,0,17.7,Flagged
2835,2564,Amount Rounding,0,55.8,Under Review
2836,14969,High Claim Ratio,1,54.8,Flagged
2837,13321,Amount Rounding,1,36.5,Cleared
2838,13950,Policy-Claim Gap,1,99.5,Flagged
2839,4100,High Claim Ratio,0,65.4,Flagged
2840,6821,Policy-Claim Gap,1,23.7,Cleared
2841,13060,Rapid Settlement,1,95.8,Flagged
2842,14455,Rapid Settlement,0,43.5,Flagged
2843,5994,Amount Rounding,0,51.9,Flagged
2844,14621,Repeat Claimant,0,54.6,Cleared
2845,15139,Policy-Claim Gap,1,27.1,Confirmed
2846,15596,High Claim Ratio,1,3.8,Under Review
2847,16114,Amount Rounding,1,39.3,Confirmed
2848,16711,Amount Rounding,1,69.2,Confirmed
2849,5816,Rapid Settlement,1,47.7,Flagged
2850,18712,Amount Rounding,1,33.9,Under Review
2851,4375,High Claim Ratio,1,56.0,Under Review
2852,1496,High Claim Ratio,0,58.9,Flagged
2853,9036,Repeat Claimant,1,88.6,Flagged
2854,232,High Claim Ratio,0,28.3,Flagged
2855,6897,Rapid Settlement,0,18.2,Flagged
2856,1817,Amount Rounding,1,57.5,Flagged
2857,7179,Repeat Claimant,0,78.8,Confirmed
2858,13574,Policy-Claim Gap,1,57.1,Under Review
2859,8228,Policy-Claim Gap,0,17.4,Under Review
2860,4109,Amount Rounding,1,94.6,Under Review
2861,2099,Repeat Claimant,0,26.5,Under Review
2862,11035,Policy-Claim Gap,1,63.7,Flagged
2863,18618,High Claim Ratio,0,57.3,Under Review
2864,5959,Rapid Settlement,1,41.8,Under Review
2865,13107,Amount Rounding,1,74.9,Cleared
2866,1133,High Claim Ratio,0,62.9,Flagged
2867,72,High Claim Ratio,1,42.9,Under Review
2868,17483,High Claim Ratio,0,62.1,Flagged
2869,3412,Policy-Claim Gap,1,31.0,Confirmed
2870,10742,Rapid Settlement,1,92.0,Confirmed
2871,7612,High Claim Ratio,0,3.1,Confirmed
2872,3921,Amount Rounding,0,37.0,Flagged
2873,6613,High Claim Ratio,0,18.0,Flagged
2874,16153,Repeat Claimant,0,17.2,Cleared
2875,7219,Rapid Settlement,1,37.0,Flagged
2876,6811,Policy-Claim Gap,1,96.7,Under Review
2877,12344,Repeat Claimant,1,29.5,Under Review
2878,7493,Amount Rounding,0,71.2,Cleared
2879,7558,Policy-Claim Gap,1,3.6,Cleared
2880,5926,High Claim Ratio,0,30.4,Under Review
2881,16483,Rapid Settlement,1,20.6,Confirmed
2882,5221,Repeat Claimant,0,62.4,Under Review
2883,17120,Policy-Claim Gap,0,43.6,Confirmed
2884,9571,Rapid Settlement,1,9.5,Under Review
2885,13923,High Claim Ratio,1,91.9,Confirmed
2886,19907,Policy-Claim Gap,0,26.5,Flagged
2887,6511,Rapid Settlement,1,66.3,Under Review
2888,6568,Policy-Claim Gap,1,67.4,Under Review
2889,18520,Amount Rounding,0,94.6,Confirmed
2890,17194,Policy-Claim Gap,1,10.7,Confirmed
2891,5442,Rapid Settlement,0,71.5,Under Review
2892,3299,Amount Rounding,1,49.5,Under Review
2893,2892,Repeat Claimant,1,50.1,Flagged
2894,12986,Repeat Claimant,1,4.1,Cleared
2895,4981,Policy-Claim Gap,1,85.6,Flagged
2896,10539,Policy-Claim Gap,1,10.6,Cleared
2897,3291,Rapid Settlement,1,93.3,Under Review
2898,8727,High Claim Ratio,1,38.5,Flagged
2899,7328,Policy-Claim Gap,0,55.4,Confirmed
2900,7093,Rapid Settlement,1,0.8,Under Review
2901,13859,Repeat Claimant,1,78.7,Confirmed
2902,14339,Rapid Settlement,0,57.2,Flagged
2903,14474,Repeat Claimant,1,91.3,Cleared
2904,7455,High Claim Ratio,1,30.5,Flagged
2905,16121,High Claim Ratio,0,90.9,Under Review
2906,11837,Policy-Claim Gap,0,26.8,Confirmed
2907,1854,Amount Rounding,0,63.1,Flagged
2908,3449,Amount Rounding,0,33.0,Flagged
2909,7402,Rapid Settlement,1,23.2,Under Review
2910,15358,High Claim Ratio,1,34.9,Flagged
2911,6560,Policy-Claim Gap,1,55.3,Under Review
2912,9511,Policy-Claim Gap,1,62.1,Flagged
2913,3689,Policy-Claim Gap,1,18.3,Under Review
2914,15244,High Claim Ratio,1,43.1,Under Review
2915,8122,High Claim Ratio,0,42.7,Under Review
2916,11670,High Claim Ratio,0,91.6,Flagged
2917,12058,Rapid Settlement,1,63.8,Cleared
2918,164,Repeat Claimant,1,54.3,Under Review
2919,6973,Rapid Settlement,0,85.3,Cleared
2920,13737,Amount Rounding,0,19.3,Flagged
2921,14947,Rapid Settlement,1,20.0,Confirmed
2922,13414,Rapid Settlement,1,27.7,Under Review
2923,10262,Amount Rounding,0,23.3,Cleared
2924,4986,Amount Rounding,1,78.8,Flagged
2925,4531,Rapid Settlement,0,90.4,Confirmed
2926,16807,High Claim Ratio,1,70.1,Under Review
2927,19111,High Claim Ratio,1,27.3,Confirmed
2928,15592,Policy-Claim Gap,0,54.3,Confirmed
2929,5930,Policy-Claim Gap,0,45.9,Flagged
2930,13047,Repeat Claimant,0,30.6,Confirmed
2931,173,Repeat Claimant,0,98.5,Flagged
2932,13295,Policy-Claim Gap,1,29.1,Confirmed
2933,5650,Rapid Settlement,0,61.3,Under Review
2934,43,Rapid Settlement,1,44.6,Flagged
2935,8010,Rapid Settlement,1,11.6,Flagged
2936,11570,Repeat Claimant,1,77.1,Cleared
2937,2552,Repeat Claimant,1,74.5,Confirmed
2938,3469,Amount Rounding,0,34.6,Confirmed
2939,6497,Rapid Settlement,1,34.4,Confirmed
2940,5385,Policy-Claim Gap,0,27.4,Under Review
2941,9826,Amount Rounding,0,80.7,Flagged
2942,1335,Repeat Claimant,0,37.3,Under Review
2943,14804,Amount Rounding,1,42.7,Under Review
2944,12992,Amount Rounding,1,83.9,Cleared
2945,13237,Policy-Claim Gap,1,54.0,Flagged
2946,18250,Rapid Settlement,1,59.4,Cleared
2947,10298,Repeat Claimant,1,97.8,Under Review
2948,8080,Policy-Claim Gap,1,11.5,Confirmed
2949,7775,Amount Rounding,1,25.6,Confirmed
2950,19572,Policy-Claim Gap,1,33.9,Cleared
2951,5540,Amount Rounding,0,42.3,Flagged
2952,155,High Claim Ratio,1,28.7,Confirmed
2953,432,Repeat Claimant,1,52.5,Confirmed
2954,17560,Policy-Claim Gap,1,16.4,Flagged
2955,14228,Rapid Settlement,0,96.1,Under Review
2956,17791,Amount Rounding,0,14.8,Under Review
2957,17673,Rapid Settlement,1,44.1,Flagged
2958,12266,Policy-Claim Gap,1,48.3,Flagged
2959,10863,Policy-Claim Gap,1,62.4,Cleared
2960,19380,Rapid Settlement,0,91.2,Under Review
2961,13136,Amount Rounding,1,78.8,Under Review
2962,15051,Rapid Settlement,0,28.2,Under Review
2963,765,Rapid Settlement,0,86.9,Under Review
2964,1017,Amount Rounding,1,81.6,Flagged
2965,18710,High Claim Ratio,1,98.1,Flagged
2966,15018,Repeat Claimant,1,6.4,Under Review
2967,5879,Policy-Claim Gap,1,76.7,Under Review
2968,16700,Rapid Settlement,1,72.0,Cleared
2969,17798,Policy-Claim Gap,1,63.4,Flagged
2970,10984,High Claim Ratio,1,82.7,Flagged
2971,953,Rapid Settlement,1,85.2,Confirmed
2972,12953,Amount Rounding,1,2.7,Flagged
2973,7224,Amount Rounding,1,96.9,Confirmed
2974,9737,Amount Rounding,0,83.9,Flagged
2975,9088,Rapid Settlement,1,83.9,Confirmed
2976,4838,Policy-Claim Gap,1,17.3,Cleared
2977,2787,High Claim Ratio,1,43.4,Flagged
2978,9961,Policy-Claim Gap,0,11.8,Under Review
2979,16391,Repeat Claimant,1,2.2,Flagged
2980,6203,Amount Rounding,1,2.7,Cleared
2981,9195,High Claim Ratio,1,7.4,Flagged
2982,12415,Policy-Claim Gap,0,96.3,Under Review
2983,10268,Amount Rounding,0,16.5,Under Review
2984,14299,Amount Rounding,1,41.3,Under Review
2985,273,Policy-Claim Gap,1,93.9,Confirmed
2986,19186,Repeat Claimant,0,80.7,Flagged
2987,7388,Rapid Settlement,1,49.9,Flagged
2988,15342,Repeat Claimant,0,77.3,Flagged
2989,4363,Repeat Claimant,1,38.4,Flagged
2990,19831,High Claim Ratio,0,43.3,Flagged
2991,2578,Repeat Claimant,1,41.9,Flagged
2992,17656,Amount Rounding,0,28.2,Flagged
2993,11351,Rapid Settlement,1,26.0,Confirmed
2994,16249,Amount Rounding,1,77.5,Flagged
2995,11533,High Claim Ratio,1,74.1,Confirmed
2996,3144,Rapid Settlement,0,56.9,Under Review
2997,12761,Amount Rounding,1,86.5,Confirmed
2998,6564,Rapid Settlement,1,41.2,Under Review
2999,6826,Rapid Settlement,1,57.8,Under Review
3000,296,Rapid Settlement,1,19.0,Confirmed
3001,151,Repeat Claimant,0,76.0,Flagged
3002,15572,Rapid Settlement,0,10.9,Under Review
3003,8518,Policy-Claim Gap,1,27.9,Flagged
3004,5454,High Claim Ratio,0,84.2,Flagged
3005,13745,High Claim Ratio,1,36.1,Under Review
3006,284,High Claim Ratio,1,33.0,Under Review
3007,3992,Amount Rounding,0,34.7,Flagged
3008,10265,Policy-Claim Gap,1,99.6,Flagged
3009,1360,Rapid Settlement,1,41.4,Under Review
3010,7648,Amount Rounding,1,18.1,Confirmed
3011,6783,Policy-Claim Gap,1,94.5,Flagged
3012,7204,Repeat Claimant,0,90.3,Flagged
3013,18021,High Claim Ratio,0,22.9,Flagged
3014,3779,Policy-Claim Gap,1,49.7,Flagged
3015,11351,Policy-Claim Gap,0,7.6,Cleared
3016,6060,High Claim Ratio,1,52.6,Under Review
3017,10904,Amount Rounding,1,90.1,Under Review
3018,5835,Rapid Settlement,0,47.1,Cleared
3019,2710,Rapid Settlement,1,64.7,Under Review
3020,5338,Amount Rounding,1,98.4,Under Review
3021,3719,Repeat Claimant,0,80.3,Flagged
3022,10579,Policy-Claim Gap,1,11.9,Flagged
3023,18294,Amount Rounding,0,90.2,Confirmed
3024,17015,High Claim Ratio,0,79.1,Confirmed
3025,9373,High Claim Ratio,1,89.1,Flagged
3026,8941,High Claim Ratio,0,2.2,Confirmed
3027,4147,High Claim Ratio,0,64.6,Confirmed
3028,17880,Amount Rounding,0,15.0,Cleared
3029,6153,Repeat Claimant,0,6.3,Flagged
3030,19012,Rapid Settlement,0,1.1,Flagged
3031,4015,Amount Rounding,0,39.2,Flagged
3032,5721,Policy-Claim Gap,1,73.1,Confirmed
3033,7500,High Claim Ratio,1,74.5,Under Review
3034,9474,High Claim Ratio,0,4.4,Under Review
3035,1884,Repeat Claimant,1,63.5,Under Review
3036,18708,Repeat Claimant,1,43.5,Under Review
3037,14431,Rapid Settlement,0,43.6,Under Review
3038,13957,Policy-Claim Gap,0,26.6,Cleared
3039,3207,Rapid Settlement,1,7.1,Under Review
3040,897,High Claim Ratio,1,9.1,Flagged
3041,7333,Repeat Claimant,1,84.4,Flagged
3042,12334,Rapid Settlement,1,34.9,Flagged
3043,17761,Repeat Claimant,0,21.9,Flagged
3044,5058,Rapid Settlement,1,9.8,Cleared
3045,19953,Policy-Claim Gap,1,51.9,Under Review
3046,4100,Repeat Claimant,0,61.9,Flagged
3047,17046,Rapid Settlement,0,80.6,Flagged
3048,6357,Amount Rounding,1,45.3,Cleared
3049,14575,Rapid Settlement,1,89.2,Confirmed
3050,18412,High Claim Ratio,1,30.0,Under Review
3051,13113,High Claim Ratio,0,18.6,Flagged
3052,10051,Repeat Claimant,0,19.1,Under Review
3053,402,Policy-Claim Gap,0,77.8,Flagged
3054,13753,Amount Rounding,0,71.5,Under Review
3055,6553,High Claim Ratio,1,55.4,Under Review
3056,4162,High Claim Ratio,1,75.6,Confirmed
3057,19418,Rapid Settlement,1,77.8,Flagged
3058,11486,Rapid Settlement,1,53.9,Flagged
3059,7857,Policy-Claim Gap,1,75.6,Confirmed
3060,12211,Policy-Claim Gap,1,37.0,Under Review
3061,9336,High Claim Ratio,0,76.2,Flagged
3062,9254,High Claim Ratio,1,70.9,Under Review
3063,13042,Rapid Settlement,0,90.9,Cleared
3064,924,Repeat Claimant,1,19.5,Flagged
3065,11700,High Claim Ratio,0,79.4,Confirmed
3066,4258,Rapid Settlement,0,42.0,Confirmed
3067,3555,High Claim Ratio,1,66.5,Flagged
3068,8928,Policy-Claim Gap,1,9.9,Confirmed
3069,18242,Repeat Claimant,1,64.6,Flagged
3070,11204,Amount Rounding,1,78.8,Flagged
3071,15451,Repeat Claimant,0,35.4,Under Review
3072,14138,Repeat Claimant,1,63.9,Confirmed
3073,17736,Amount Rounding,0,26.1,Flagged
3074,1634,High Claim Ratio,0,19.1,Flagged
3075,6463,Policy-Claim Gap,0,81.1,Flagged
3076,12009,Amount Rounding,1,47.8,Cleared
3077,6733,Policy-Claim Gap,1,58.7,Under Review
3078,19609,Amount Rounding,0,8.6,Under Review
3079,18067,High Claim Ratio,1,53.3,Confirmed
3080,11263,High Claim Ratio,1,46.6,Under Review
3081,15558,High Claim Ratio,1,61.5,Flagged
3082,16050,High Claim Ratio,1,15.4,Under Review
3083,18522,Policy-Claim Gap,0,82.6,Confirmed
3084,4497,Amount Rounding,1,92.7,Flagged
3085,13853,Policy-Claim Gap,0,16.9,Flagged
3086,3640,Policy-Claim Gap,0,80.8,Flagged
3087,8900,Repeat Claimant,1,83.7,Under Review
3088,9963,Amount Rounding,1,38.2,Flagged
3089,9836,Rapid Settlement,1,58.4,Flagged
3090,1070,Policy-Claim Gap,1,22.9,Flagged
3091,13071,Amount Rounding,1,68.8,Flagged
3092,8783,Rapid Settlement,1,17.7,Flagged
3093,7295,Amount Rounding,1,81.0,Confirmed
3094,8590,Repeat Claimant,1,48.5,Under Review
3095,3579,High Claim Ratio,0,70.0,Cleared
3096,3108,Repeat Claimant,1,10.5,Under Review
3097,14191,High Claim Ratio,0,65.4,Confirmed
3098,12253,High Claim Ratio,0,37.5,Under Review
3099,12270,Rapid Settlement,1,73.9,Flagged
3100,14040,Rapid Settlement,0,84.6,Confirmed
3101,2416,High Claim Ratio,1,44.6,Flagged
3102,8351,Policy-Claim Gap,1,56.0,Confirmed
3103,14399,Repeat Claimant,0,85.0,Under Review
3104,8121,Repeat Claimant,1,80.5,Flagged
3105,15887,High Claim Ratio,0,44.8,Cleared
3106,14202,High Claim Ratio,1,38.6,Flagged
3107,12809,Rapid Settlement,1,28.5,Under Review
3108,4526,Repeat Claimant,1,28.0,Cleared
3109,18386,High Claim Ratio,0,42.3,Under Review
3110,11703,Repeat Claimant,1,15.4,Flagged
3111,6112,Amount Rounding,1,13.3,Flagged
3112,2119,Repeat Claimant,1,41.8,Under Review
3113,7846,Rapid Settlement,0,36.9,Flagged
3114,10402,Amount Rounding,1,0.4,Flagged
3115,17975,Rapid Settlement,0,6.7,Cleared
3116,2432,Policy-Claim Gap,1,70.9,Flagged
3117,11093,Rapid Settlement,0,59.5,Under Review
3118,6277,Repeat Claimant,1,59.2,Flagged
3119,16866,Policy-Claim Gap,0,68.4,Under Review
3120,8724,High Claim Ratio,1,94.3,Under Review
3121,624,High Claim Ratio,1,48.3,Flagged
3122,15198,High Claim Ratio,1,6.5,Under Review
3123,11750,Policy-Claim Gap,1,18.8,Confirmed
3124,784,High Claim Ratio,1,2.1,Under Review
3125,6798,Amount Rounding,1,77.0,Cleared
3126,4142,High Claim Ratio,0,38.5,Under Review
3127,11854,Repeat Claimant,1,43.2,Flagged
3128,6057,Amount Rounding,1,46.8,Cleared
3129,17656,High Claim Ratio,1,89.8,Under Review
3130,10498,Repeat Claimant,1,75.5,Flagged
3131,1169,Rapid Settlement,1,41.8,Confirmed
3132,4431,Amount Rounding,1,72.4,Flagged
3133,18964,Amount Rounding,1,60.4,Under Review
3134,3227,Rapid Settlement,0,94.8,Under Review
3135,7243,Amount Rounding,1,69.5,Under Review
3136,16636,Policy-Claim Gap,1,77.3,Confirmed
3137,19394,High Claim Ratio,0,23.2,Under Review
3138,2682,Rapid Settlement,1,72.5,Flagged
3139,10033,Policy-Claim Gap,0,63.2,Flagged
3140,6424,Rapid Settlement,0,16.2,Flagged
3141,5847,Rapid Settlement,1,97.4,Under Review
3142,17658,Amount Rounding,1,91.3,Under Review
3143,219,Rapid Settlement,0,9.0,Flagged
3144,9372,Amount Rounding,0,85.1,Under Review
3145,1661,Repeat Claimant,1,88.9,Under Review
3146,17338,High Claim Ratio,1,77.1,Cleared
3147,10802,High Claim Ratio,1,71.0,Under Review
3148,10007,Repeat Claimant,0,27.6,Confirmed
3149,5166,Repeat Claimant,0,98.0,Under Review
3150,19731,Policy-Claim Gap,1,6.7,Under Review
3151,4052,Repeat Claimant,1,97.3,Confirmed
3152,3164,Repeat Claimant,1,55.2,Flagged
3153,19176,Amount Rounding,0,75.8,Confirmed
3154,16398,Rapid Settlement,1,49.8,Flagged
3155,3388,Rapid Settlement,0,12.2,Confirmed
3156,12323,Repeat Claimant,0,81.6,Confirmed
3157,12360,Policy-Claim Gap,0,45.5,Cleared
3158,14894,Policy-Claim Gap,1,21.2,Cleared
3159,8706,Amount Rounding,1,43.8,Flagged
3160,12993,Amount Rounding,1,68.8,Flagged
3161,14336,Repeat Claimant,1,3.4,Confirmed
3162,16079,High Claim Ratio,0,0.6,Cleared
3163,13385,Repeat Claimant,1,23.1,Under Review
3164,13400,Rapid Settlement,0,82.3,Flagged
3165,19327,Repeat Claimant,1,11.5,Flagged
3166,1474,Repeat Claimant,0,36.0,Flagged
3167,17124,Repeat Claimant,0,66.4,Confirmed
3168,10444,Policy-Claim Gap,1,10.2,Under Review
3169,15790,Rapid Settlement,1,62.0,Flagged
3170,11416,Amount Rounding,0,24.0,Confirmed
3171,3730,Rapid Settlement,0,5.9,Confirmed
3172,19623,Rapid Settlement,1,40.5,Flagged
3173,5257,Repeat Claimant,1,67.7,Flagged
3174,3526,Rapid Settlement,0,98.4,Under Review
3175,18832,Policy-Claim Gap,1,55.1,Under Review
3176,7787,Repeat Claimant,0,84.1,Confirmed
3177,8321,Rapid Settlement,1,46.5,Under Review
3178,8020,High Claim Ratio,0,2.3,Flagged
3179,13959,Rapid Settlement,1,8.9,Flagged
3180,14436,High Claim Ratio,1,67.6,Under Review
3181,6417,Repeat Claimant,1,4.5,Under Review
3182,5368,Policy-Claim Gap,1,58.4,Confirmed
3183,563,High Claim Ratio,0,27.8,Flagged
3184,14067,Amount Rounding,1,75.4,Cleared
3185,16371,Amount Rounding,0,52.7,Flagged
3186,18689,High Claim Ratio,1,88.9,Under Review
3187,4447,Policy-Claim Gap,1,55.5,Flagged
3188,15276,Repeat Claimant,1,43.5,Flagged
3189,18138,Rapid Settlement,0,12.6,Under Review
3190,8005,Repeat Claimant,0,29.6,Cleared
3191,19992,Policy-Claim Gap,1,20.0,Cleared
3192,381,Repeat Claimant,1,86.6,Cleared
3193,6094,Amount Rounding,0,53.2,Under Review
3194,17584,High Claim Ratio,0,20.1,Flagged
3195,8129,High Claim Ratio,0,34.4,Flagged
3196,11205,Rapid Settlement,0,5.1,Flagged
3197,184,Policy-Claim Gap,0,57.3,Under Review
3198,7187,Amount Rounding,0,6.9,Flagged
3199,1884,Policy-Claim Gap,0,55.5,Flagged
3200,10397,Repeat Claimant,0,64.6,Cleared
3201,14144,High Claim Ratio,1,62.9,Under Review
3202,4780,Repeat Claimant,1,30.9,Under Review
3203,9665,High Claim Ratio,1,2.1,Flagged
3204,152,Repeat Claimant,0,2.3,Flagged
3205,18980,Amount Rounding,1,5.6,Confirmed
3206,19982,Repeat Claimant,0,21.8,Confirmed
3207,6471,Policy-Claim Gap,0,37.9,Flagged
3208,12614,High Claim Ratio,1,93.8,Confirmed
3209,2461,Repeat Claimant,1,72.6,Flagged
3210,18118,Policy-Claim Gap,0,70.9,Confirmed
3211,46,High Claim Ratio,1,89.3,Flagged
3212,15443,Rapid Settlement,1,80.3,Flagged
3213,17208,Policy-Claim Gap,1,78.7,Under Review
3214,1873,Policy-Claim Gap,0,15.3,Under Review
3215,17645,Rapid Settlement,0,64.9,Confirmed
3216,13688,Policy-Claim Gap,0,35.0,Cleared
3217,7796,Amount Rounding,1,92.0,Under Review
3218,3238,High Claim Ratio,0,0.8,Flagged
3219,8141,Policy-Claim Gap,1,58.5,Under Review
3220,9688,Policy-Claim Gap,0,77.5,Flagged
3221,6276,Amount Rounding,0,54.7,Flagged
3222,1765,Rapid Settlement,1,80.8,Flagged
3223,5316,Amount Rounding,1,94.8,Confirmed
3224,13557,Policy-Claim Gap,0,70.6,Confirmed
3225,19895,Repeat Claimant,1,76.4,Flagged
3226,5475,Rapid Settlement,0,44.4,Flagged
3227,1961,Repeat Claimant,1,70.4,Flagged
3228,640,Repeat Claimant,1,71.7,Flagged
3229,4360,Repeat Claimant,0,65.0,Under Review
3230,12443,Rapid Settlement,1,85.8,Under Review
3231,10017,High Claim Ratio,1,36.0,Flagged
3232,11883,Amount Rounding,0,37.5,Flagged
3233,17180,Policy-Claim Gap,0,98.8,Flagged
3234,2999,High Claim Ratio,1,28.7,Flagged
3235,8456,Repeat Claimant,1,14.5,Under Review
3236,11949,Rapid Settlement,1,41.9,Flagged
3237,7499,High Claim Ratio,1,86.9,Flagged
3238,4957,High Claim Ratio,1,15.9,Under Review
3239,13045,Repeat Claimant,1,83.8,Flagged
3240,19625,High Claim Ratio,0,59.7,Under Review
3241,1863,Repeat Claimant,0,8.6,Cleared
3242,16485,Policy-Claim Gap,0,40.5,Under Review
3243,12978,Repeat Claimant,0,47.3,Under Review
3244,19448,Amount Rounding,1,48.7,Under Review
3245,8876,Repeat Claimant,0,80.5,Confirmed
3246,296,High Claim Ratio,0,49.1,Flagged
3247,2784,High Claim Ratio,1,6.2,Confirmed
3248,4786,Amount Rounding,1,85.0,Flagged
3249,16157,High Claim Ratio,1,0.8,Confirmed
3250,18471,Rapid Settlement,1,2.6,Flagged
3251,5817,Policy-Claim Gap,0,77.1,Under Review
3252,18980,Amount Rounding,1,91.7,Flagged
3253,15359,Repeat Claimant,0,97.1,Confirmed
3254,15477,Rapid Settlement,1,43.6,Confirmed
3255,9300,Repeat Claimant,0,41.8,Under Review
3256,5002,Rapid Settlement,0,23.9,Flagged
3257,13603,Amount Rounding,1,14.7,Flagged
3258,624,Policy-Claim Gap,1,90.8,Flagged
3259,12882,Rapid Settlement,1,75.5,Confirmed
3260,2220,Policy-Claim Gap,0,73.7,Under Review
3261,9996,Rapid Settlement,1,81.8,Confirmed
3262,3657,Repeat Claimant,1,40.1,Under Review
3263,11864,Policy-Claim Gap,0,35.5,Under Review
3264,6857,High Claim Ratio,1,13.9,Under Review
3265,12921,High Claim Ratio,1,58.0,Under Review
3266,3939,Repeat Claimant,1,61.3,Confirmed
3267,12578,Rapid Settlement,1,34.6,Cleared
3268,6263,High Claim Ratio,1,59.4,Flagged
3269,3902,Amount Rounding,1,19.4,Confirmed
3270,2082,Rapid Settlement,1,43.5,Under Review
3271,6204,Repeat Claimant,1,62.0,Cleared
3272,17737,Policy-Claim Gap,1,90.9,Confirmed
3273,12467,Repeat Claimant,0,24.1,Confirmed
3274,16289,Policy-Claim Gap,1,18.9,Confirmed
3275,18655,High Claim Ratio,1,97.8,Flagged
3276,10763,Repeat Claimant,1,36.7,Flagged
3277,6474,Policy-Claim Gap,0,76.4,Under Review
3278,19437,High Claim Ratio,1,63.7,Confirmed
3279,9186,Repeat Claimant,0,61.3,Under Review
3280,12860,Repeat Claimant,1,68.7,Under Review
3281,11583,High Claim Ratio,1,23.3,Under Review
3282,15349,Amount Rounding,0,16.7,Flagged
3283,13622,Policy-Claim Gap,1,41.3,Flagged
3284,3317,Policy-Claim Gap,1,71.1,Flagged
3285,2763,Repeat Claimant,1,88.6,Flagged
3286,7443,Policy-Claim Gap,1,63.3,Flagged
3287,5210,Policy-Claim Gap,1,96.6,Confirmed
3288,18722,Policy-Claim Gap,1,6.8,Confirmed
3289,17563,Amount Rounding,0,76.6,Under Review
3290,17088,High Claim Ratio,0,52.8,Under Review
3291,5691,Policy-Claim Gap,1,71.6,Confirmed
3292,18545,Repeat Claimant,1,22.8,Under Review
3293,10480,High Claim Ratio,1,7.6,Confirmed
3294,5699,High Claim Ratio,0,16.2,Cleared
3295,11389,Rapid Settlement,1,87.5,Cleared
3296,1971,Rapid Settlement,0,45.6,Under Review
3297,12628,Amount Rounding,0,21.2,Cleared
3298,13642,Rapid Settlement,1,63.6,Under Review
3299,17681,Rapid Settlement,0,57.9,Under Review
3300,1619,Amount Rounding,0,77.2,Flagged
3301,4950,Policy-Claim Gap,1,48.1,Cleared
3302,19525,Amount Rounding,1,26.9,Under Review
3303,8642,High Claim Ratio,1,30.5,Confirmed
3304,4619,High Claim Ratio,1,77.4,Under Review
3305,7628,Rapid Settlement,0,40.8,Under Review
3306,12086,High Claim Ratio,1,32.0,Under Review
3307,2421,Amount Rounding,0,19.8,Under Review
3308,417,Rapid Settlement,0,66.1,Flagged
3309,17603,Amount Rounding,0,55.0,Under Review
3310,130,Amount Rounding,0,65.3,Flagged
3311,6343,Policy-Claim Gap,0,92.5,Flagged
3312,12250,Repeat Claimant,0,90.9,Under Review
3313,6728,Rapid Settlement,1,95.4,Cleared
3314,9606,Policy-Claim Gap,1,25.7,Under Review
3315,12666,High Claim Ratio,0,73.6,Cleared
3316,3545,Repeat Claimant,1,63.0,Flagged
3317,7267,Rapid Settlement,0,39.9,Under Review
3318,6253,Policy-Claim Gap,1,33.7,Under Review
3319,6950,Rapid Settlement,0,88.2,Under Review
3320,8064,Policy-Claim Gap,1,72.8,Cleared
3321,2458,Amount Rounding,1,41.2,Under Review
3322,5926,Policy-Claim Gap,0,86.3,Flagged
3323,1202,High Claim Ratio,1,86.7,Under Review
3324,14668,Policy-Claim Gap,1,43.2,Confirmed
3325,6071,Repeat Claimant,1,80.6,Under Review
3326,10162,Repeat Claimant,1,92.2,Confirmed
3327,2766,High Claim Ratio,0,27.0,Flagged
3328,4479,High Claim Ratio,0,72.2,Flagged
3329,14745,Policy-Claim Gap,0,23.5,Flagged
3330,12972,Repeat Claimant,0,32.8,Cleared
3331,2624,Amount Rounding,0,97.7,Flagged
3332,10933,Repeat Claimant,1,29.9,Under Review
3333,16080,High Claim Ratio,1,98.8,Confirmed
3334,4826,Amount Rounding,1,6.7,Flagged
3335,17995,Policy-Claim Gap,1,60.3,Flagged
3336,11955,Repeat Claimant,0,71.0,Under Review
3337,19684,Repeat Claimant,1,56.8,Under Review
3338,17099,Policy-Claim Gap,1,90.1,Under Review
3339,4027,Rapid Settlement,1,77.4,Under Review
3340,18520,Rapid Settlement,1,88.3,Confirmed
3341,4233,Amount Rounding,1,17.0,Under Review
3342,4582,Repeat Claimant,1,54.4,Flagged
3343,19365,Rapid Settlement,1,88.4,Under Review
3344,18487,High Claim Ratio,1,14.0,Confirmed
3345,8626,Policy-Claim Gap,1,52.1,Cleared
3346,15355,Amount Rounding,1,55.8,Flagged
3347,13173,Amount Rounding,1,8.6,Confirmed
3348,3065,Rapid Settlement,0,21.0,Under Review
3349,9229,Repeat Claimant,0,15.9,Confirmed
3350,18992,Policy-Claim Gap,1,96.1,Flagged
3351,2221,Repeat Claimant,1,23.8,Under Review
3352,13704,Policy-Claim Gap,0,1.4,Cleared
3353,9463,Policy-Claim Gap,1,56.1,Under Review
3354,14802,Repeat Claimant,1,35.6,Under Review
3355,16797,Rapid Settlement,0,0.0,Flagged
3356,7773,Policy-Claim Gap,1,98.1,Flagged
3357,2401,Policy-Claim Gap,1,95.5,Confirmed
3358,18400,Amount Rounding,1,25.7,Flagged
3359,8040,Rapid Settlement,0,60.3,Confirmed
3360,12478,Amount Rounding,1,90.9,Flagged
3361,9073,High Claim Ratio,0,41.2,Flagged
3362,1210,Rapid Settlement,0,51.3,Confirmed
3363,11740,Repeat Claimant,0,57.1,Cleared
3364,5773,Amount Rounding,0,17.2,Flagged
3365,731,High Claim Ratio,1,7.6,Under Review
3366,12440,High Claim Ratio,1,26.8,Cleared
3367,17573,Amount Rounding,1,35.5,Under Review
3368,1384,Amount Rounding,1,19.6,Flagged
3369,5071,Policy-Claim Gap,0,89.5,Confirmed
3370,14120,Amount Rounding,0,98.8,Cleared
3371,9776,Policy-Claim Gap,1,12.0,Under Review
3372,10141,High Claim Ratio,1,44.3,Flagged
3373,921,Policy-Claim Gap,1,20.0,Flagged
3374,1039,Repeat Claimant,1,94.2,Flagged
3375,7421,Repeat Claimant,1,92.5,Under Review
3376,1210,Amount Rounding,0,36.9,Under Review
3377,12627,Policy-Claim Gap,0,69.2,Under Review
3378,6402,High Claim Ratio,1,94.5,Flagged
3379,17664,High Claim Ratio,1,77.6,Under Review
3380,11921,Repeat Claimant,1,34.9,Flagged
3381,6512,High Claim Ratio,1,63.5,Flagged
3382,9213,Repeat Claimant,0,85.8,Flagged
3383,17645,High Claim Ratio,0,61.9,Flagged
3384,6373,High Claim Ratio,1,34.8,Flagged
3385,6747,Repeat Claimant,1,78.8,Flagged
3386,7457,Amount Rounding,1,94.4,Under Review
3387,18747,High Claim Ratio,0,12.6,Under Review
3388,3925,Rapid Settlement,1,22.2,Flagged
3389,13875,Rapid Settlement,0,60.1,Under Review
3390,15154,Amount Rounding,1,82.3,Confirmed
3391,1826,High Claim Ratio,0,34.3,Confirmed
3392,6953,High Claim Ratio,1,3.5,Confirmed
3393,566,Amount Rounding,1,47.2,Confirmed
3394,13968,Rapid Settlement,1,97.7,Under Review
3395,5299,Policy-Claim Gap,0,40.1,Cleared
3396,2590,Amount Rounding,0,23.4,Under Review
3397,12848,Amount Rounding,0,5.1,Confirmed
3398,16385,Policy-Claim Gap,0,10.1,Cleared
3399,6881,Amount Rounding,1,24.3,Flagged
3400,2895,High Claim Ratio,1,85.1,Cleared
3401,1272,Amount Rounding,0,11.9,Flagged
3402,14737,High Claim Ratio,0,94.5,Confirmed
3403,7355,High Claim Ratio,0,29.8,Flagged
3404,5427,Rapid Settlement,0,55.4,Under Review
3405,4799,Policy-Claim Gap,0,32.8,Under Review
3406,9526,Rapid Settlement,1,23.4,Confirmed
3407,865,High Claim Ratio,1,18.7,Under Review
3408,1533,Repeat Claimant,1,72.1,Flagged
3409,7939,Amount Rounding,0,72.4,Confirmed
3410,18389,Repeat Claimant,1,23.6,Flagged
3411,18930,Policy-Claim Gap,1,25.7,Cleared
3412,19383,Policy-Claim Gap,1,16.3,Cleared
3413,7938,Policy-Claim Gap,0,23.1,Cleared
3414,9162,Rapid Settlement,1,29.5,Flagged
3415,13693,High Claim Ratio,0,92.2,Under Review
3416,15174,Rapid Settlement,1,90.2,Flagged
3417,2344,Policy-Claim Gap,1,28.7,Under Review
3418,14184,Policy-Claim Gap,0,91.9,Confirmed
3419,15876,High Claim Ratio,0,54.8,Flagged
3420,13560,Policy-Claim Gap,1,13.9,Cleared
3421,11771,Repeat Claimant,1,32.8,Under Review
3422,9889,Policy-Claim Gap,0,56.8,Under Review
3423,1655,High Claim Ratio,1,83.6,Flagged
3424,6956,Repeat Claimant,0,5.1,Confirmed
3425,9997,Repeat Claimant,1,24.8,Flagged
3426,6414,Repeat Claimant,1,21.8,Cleared
3427,17957,Amount Rounding,1,55.4,Flagged
3428,8241,Repeat Claimant,0,72.0,Flagged
3429,9494,Policy-Claim Gap,1,61.9,Confirmed
3430,17620,Amount Rounding,1,53.4,Flagged
3431,15172,Rapid Settlement,1,10.6,Under Review
3432,2083,Policy-Claim Gap,1,26.6,Confirmed
3433,13861,High Claim Ratio,0,37.5,Under Review
3434,11231,High Claim Ratio,1,42.8,Under Review
3435,3842,Amount Rounding,1,78.6,Under Review
3436,12292,High Claim Ratio,0,25.2,Under Review
3437,5704,Rapid Settlement,1,65.1,Confirmed
3438,15724,Rapid Settlement,0,52.0,Confirmed
3439,17176,Amount Rounding,1,91.5,Under Review
3440,11981,Rapid Settlement,1,50.3,Flagged
3441,8203,High Claim Ratio,1,16.3,Confirmed
3442,11562,Repeat Claimant,0,53.2,Cleared
3443,15896,Repeat Claimant,1,92.3,Flagged
3444,954,Repeat Claimant,1,13.4,Flagged
3445,10434,Policy-Claim Gap,1,67.9,Flagged
3446,1234,High Claim Ratio,1,93.6,Cleared
3447,16012,Rapid Settlement,1,22.3,Cleared
3448,2384,High Claim Ratio,1,44.3,Under Review
3449,11724,Rapid Settlement,1,42.8,Flagged
3450,19635,Policy-Claim Gap,1,51.9,Confirmed
3451,2620,High Claim Ratio,0,98.3,Under Review
3452,3276,Policy-Claim Gap,1,76.9,Confirmed
3453,14941,Amount Rounding,1,54.2,Under Review
3454,19924,Repeat Claimant,0,71.1,Confirmed
3455,18046,Rapid Settlement,1,73.1,Flagged
3456,2594,Repeat Claimant,1,32.7,Flagged
3457,7442,Policy-Claim Gap,0,41.4,Under Review
3458,9529,Policy-Claim Gap,0,86.3,Flagged
3459,6346,Rapid Settlement,1,41.0,Cleared
3460,299,Policy-Claim Gap,1,81.4,Confirmed
3461,6962,Repeat Claimant,0,63.4,Cleared
3462,16174,Rapid Settlement,1,11.0,Cleared
3463,5931,Rapid Settlement,1,68.3,Under Review
3464,1484,Amount Rounding,1,35.5,Flagged
3465,7168,Policy-Claim Gap,1,92.7,Under Review
3466,15344,High Claim Ratio,1,70.7,Cleared
3467,12726,Policy-Claim Gap,0,8.3,Flagged
3468,17215,Amount Rounding,1,98.1,Flagged
3469,7923,Policy-Claim Gap,1,33.3,Under Review
3470,16601,Policy-Claim Gap,0,37.3,Flagged
3471,17942,Policy-Claim Gap,1,89.4,Flagged
3472,12865,Policy-Claim Gap,1,91.9,Under Review
3473,17156,Policy-Claim Gap,0,85.6,Flagged
3474,17797,High Claim Ratio,1,17.3,Under Review
3475,10696,Policy-Claim Gap,1,86.6,Under Review
3476,7591,High Claim Ratio,0,14.4,Under Review
3477,3727,High Claim Ratio,1,66.9,Under Review
3478,14621,High Claim Ratio,1,73.6,Under Review
3479,5052,High Claim Ratio,0,86.6,Flagged
3480,8211,Rapid Settlement,0,35.7,Cleared
3481,19985,High Claim Ratio,1,16.6,Flagged
3482,4308,High Claim Ratio,0,86.3,Flagged
3483,13836,Policy-Claim Gap,1,52.4,Flagged
3484,8922,Repeat Claimant,1,24.0,Flagged
3485,9210,Repeat Claimant,1,93.1,Confirmed
3486,13855,Rapid Settlement,1,28.8,Flagged
3487,7916,Amount Rounding,0,8.7,Flagged
3488,15201,Amount Rounding,1,29.3,Cleared
3489,2321,Rapid Settlement,0,87.9,Flagged
3490,18262,Repeat Claimant,1,79.8,Cleared
3491,1185,High Claim Ratio,1,98.7,Flagged
3492,1090,Repeat Claimant,0,58.6,Flagged
3493,19647,High Claim Ratio,0,23.6,Under Review
3494,15281,Repeat Claimant,0,11.4,Flagged
3495,8849,Amount Rounding,0,84.9,Flagged
3496,8144,High Claim Ratio,1,1.6,Under Review
3497,15951,High Claim Ratio,0,81.3,Under Review
3498,1712,Policy-Claim Gap,1,98.2,Flagged
3499,2960,High Claim Ratio,1,93.7,Under Review
3500,12132,Policy-Claim Gap,1,96.2,Under Review
3501,13845,Amount Rounding,1,81.5,Under Review
3502,3184,Rapid Settlement,0,64.7,Flagged
3503,5982,High Claim Ratio,1,78.3,Under Review
3504,15986,Amount Rounding,0,88.2,Flagged
3505,12781,Rapid Settlement,1,88.6,Flagged
3506,4242,High Claim Ratio,1,77.6,Flagged
3507,12236,Policy-Claim Gap,1,55.8,Confirmed
3508,5563,Policy-Claim Gap,0,43.2,Under Review
3509,9293,Repeat Claimant,1,64.9,Flagged
3510,10872,High Claim Ratio,1,37.3,Confirmed
3511,87,Policy-Claim Gap,0,98.7,Cleared
3512,14344,Rapid Settlement,1,66.7,Flagged
3513,15301,Policy-Claim Gap,1,2.7,Confirmed
3514,14254,Amount Rounding,0,84.7,Cleared
3515,12399,Policy-Claim Gap,1,92.8,Flagged
3516,3706,Rapid Settlement,1,83.6,Flagged
3517,5397,Amount Rounding,1,59.3,Confirmed
3518,14072,High Claim Ratio,0,47.4,Flagged
3519,14240,Policy-Claim Gap,1,40.6,Under Review
3520,19731,Rapid Settlement,1,14.6,Flagged
3521,313,Amount Rounding,1,23.1,Flagged
3522,12949,Rapid Settlement,0,66.4,Confirmed
3523,10123,Rapid Settlement,1,45.0,Under Review
3524,17241,Rapid Settlement,1,52.3,Flagged
3525,16990,Repeat Claimant,1,15.4,Under Review
3526,6761,Repeat Claimant,0,49.0,Flagged
3527,1248,High Claim Ratio,1,34.5,Flagged
3528,10727,Policy-Claim Gap,1,77.7,Flagged
3529,8453,Repeat Claimant,1,78.6,Confirmed
3530,17013,Repeat Claimant,1,91.9,Under Review
3531,11227,Rapid Settlement,1,51.0,Flagged
3532,18984,Rapid Settlement,1,88.6,Flagged
3533,17043,Policy-Claim Gap,0,47.4,Flagged
3534,11734,Repeat Claimant,1,21.0,Under Review
3535,2150,Policy-Claim Gap,1,32.5,Under Review
3536,4445,Amount Rounding,1,28.8,Cleared
3537,14905,Policy-Claim Gap,1,50.5,Flagged
3538,11134,Amount Rounding,0,31.2,Under Review
3539,16992,High Claim Ratio,0,56.9,Flagged
3540,18527,Amount Rounding,1,8.2,Cleared
3541,12959,Rapid Settlement,1,99.3,Flagged
3542,12279,High Claim Ratio,1,37.6,Under Review
3543,5500,Rapid Settlement,0,21.0,Under Review
3544,2775,High Claim Ratio,1,67.0,Flagged
3545,18942,High Claim Ratio,1,15.6,Confirmed
3546,19344,Repeat Claimant,0,57.0,Under Review
3547,19522,Repeat Claimant,1,98.4,Cleared
3548,17328,Repeat Claimant,0,47.3,Cleared
3549,10934,Policy-Claim Gap,0,90.2,Under Review
3550,7552,Rapid Settlement,0,14.5,Confirmed
3551,1988,High Claim Ratio,0,73.6,Flagged
3552,11304,Rapid Settlement,1,12.3,Under Review
3553,1702,Policy-Claim Gap,1,65.9,Confirmed
3554,2385,Amount Rounding,0,74.3,Cleared
3555,13780,Rapid Settlement,1,96.8,Flagged
3556,3164,Amount Rounding,1,22.3,Confirmed
3557,1555,Repeat Claimant,0,99.0,Under Review
3558,7051,Amount Rounding,0,37.6,Flagged
3559,18858,Policy-Claim Gap,1,99.0,Under Review
3560,7453,Policy-Claim Gap,1,97.4,Under Review
3561,3041,High Claim Ratio,0,2.0,Cleared
3562,11405,High Claim Ratio,1,16.6,Flagged
3563,12542,Repeat Claimant,1,9.2,Flagged
3564,18343,Repeat Claimant,1,48.7,Under Review
3565,9264,Amount Rounding,1,75.5,Cleared
3566,2332,Repeat Claimant,1,12.2,Under Review
3567,17163,Repeat Claimant,1,62.1,Under Review
3568,17832,Repeat Claimant,1,44.4,Cleared
3569,10165,Rapid Settlement,1,28.6,Under Review
3570,1028,Amount Rounding,0,77.1,Confirmed
3571,423,Policy-Claim Gap,1,83.5,Under Review
3572,3029,Repeat Claimant,1,30.9,Under Review
3573,13451,High Claim Ratio,0,92.3,Flagged
3574,12050,Rapid Settlement,1,64.0,Cleared
3575,7455,Rapid Settlement,0,51.6,Confirmed
3576,4938,Repeat Claimant,1,55.5,Confirmed
3577,8221,Policy-Claim Gap,1,25.6,Under Review
3578,1074,Repeat Claimant,1,76.1,Under Review
3579,10665,Repeat Claimant,0,99.9,Under Review
3580,4558,Policy-Claim Gap,0,89.3,Flagged
3581,4042,Amount Rounding,1,65.8,Under Review
3582,11660,Amount Rounding,0,14.8,Flagged
3583,2010,Amount Rounding,1,83.3,Under Review
3584,2867,Rapid Settlement,0,96.7,Flagged
3585,18157,Policy-Claim Gap,0,19.0,Under Review
3586,10120,Policy-Claim Gap,1,72.5,Flagged
3587,15420,Policy-Claim Gap,0,23.5,Flagged
3588,6462,Rapid Settlement,1,10.6,Flagged
3589,356,Repeat Claimant,1,73.8,Flagged
3590,3126,High Claim Ratio,0,15.6,Under Review
3591,5419,Policy-Claim Gap,1,91.2,Cleared
3592,3805,High Claim Ratio,1,28.5,Under Review
3593,9414,Policy-Claim Gap,0,12.6,Confirmed
3594,14804,High Claim Ratio,0,43.7,Under Review
3595,7229,Amount Rounding,1,93.8,Under Review
3596,5451,Repeat Claimant,1,94.8,Confirmed
3597,1298,High Claim Ratio,1,78.0,Flagged
3598,16597,Repeat Claimant,0,22.4,Under Review
3599,7101,Rapid Settlement,1,1.1,Flagged
3600,2736,Amount Rounding,1,12.5,Under Review
3601,15019,Amount Rounding,0,41.1,Under Review
3602,7926,Amount Rounding,1,24.4,Under Review
3603,7843,Repeat Claimant,0,54.7,Flagged
3604,16084,Amount Rounding,1,51.1,Confirmed
3605,8746,Repeat Claimant,1,49.1,Flagged
3606,10506,Amount Rounding,0,14.3,Cleared
3607,9084,Policy-Claim Gap,0,18.3,Confirmed
3608,19660,Amount Rounding,0,77.3,Flagged
3609,9847,Amount Rounding,0,55.0,Cleared
3610,1426,Repeat Claimant,1,1.9,Flagged
3611,18998,Amount Rounding,0,23.1,Under Review
3612,253,Repeat Claimant,1,74.6,Flagged
3613,16985,Rapid Settlement,1,28.6,Flagged
3614,7125,Amount Rounding,1,15.5,Confirmed
3615,2913,Repeat Claimant,1,80.6,Flagged
3616,14099,Rapid Settlement,0,66.4,Under Review
3617,15533,Repeat Claimant,1,84.2,Confirmed
3618,5644,Amount Rounding,1,17.6,Flagged
3619,11408,Policy-Claim Gap,0,58.9,Flagged
3620,15110,Rapid Settlement,1,8.7,Under Review
3621,4676,Policy-Claim Gap,0,49.1,Confirmed
3622,4279,Repeat Claimant,1,2.7,Confirmed
3623,3851,Amount Rounding,0,64.9,Under Review
3624,5262,Policy-Claim Gap,0,80.6,Flagged
3625,14916,Amount Rounding,1,1.8,Flagged
3626,16588,Policy-Claim Gap,1,26.8,Flagged
3627,19672,Amount Rounding,0,86.0,Confirmed
3628,19490,Amount Rounding,0,92.7,Flagged
3629,12889,High Claim Ratio,1,41.6,Flagged
3630,5302,High Claim Ratio,1,33.3,Under Review
3631,13321,Policy-Claim Gap,0,38.3,Under Review
3632,6655,Policy-Claim Gap,1,87.7,Confirmed
3633,19327,Rapid Settlement,0,42.3,Flagged
3634,7200,High Claim Ratio,1,80.0,Cleared
3635,10699,Policy-Claim Gap,1,48.7,Flagged
3636,16141,Amount Rounding,0,22.7,Under Review
3637,15944,Rapid Settlement,0,13.6,Cleared
3638,8421,Repeat Claimant,0,29.5,Under Review
3639,17234,Amount Rounding,1,22.8,Confirmed
3640,16559,Amount Rounding,1,31.4,Under Review
3641,15577,Policy-Claim Gap,1,93.0,Under Review
3642,13966,High Claim Ratio,1,57.8,Under Review
3643,8668,Policy-Claim Gap,1,72.5,Under Review
3644,17231,Repeat Claimant,1,12.1,Under Review
3645,4421,Policy-Claim Gap,0,62.4,Under Review
3646,14510,Amount Rounding,1,1.9,Flagged
3647,13719,Rapid Settlement,1,68.8,Flagged
3648,19031,Policy-Claim Gap,0,94.3,Flagged
3649,4206,High Claim Ratio,1,26.3,Cleared
3650,6616,Policy-Claim Gap,0,58.7,Under Review
3651,5807,Repeat Claimant,0,89.9,Flagged
3652,13301,Amount Rounding,0,5.3,Flagged
3653,18618,Policy-Claim Gap,0,43.0,Confirmed
3654,9257,Rapid Settlement,0,61.4,Flagged
3655,17521,Rapid Settlement,1,30.1,Confirmed
3656,14667,Repeat Claimant,1,76.5,Flagged
3657,16310,Amount Rounding,0,78.4,Under Review
3658,11876,Policy-Claim Gap,0,51.3,Under Review
3659,2458,High Claim Ratio,1,86.6,Under Review
3660,15903,High Claim Ratio,1,53.1,Confirmed
3661,18165,Amount Rounding,1,85.8,Flagged
3662,3709,Policy-Claim Gap,1,6.5,Confirmed
3663,17741,Amount Rounding,0,18.0,Flagged
3664,8990,Rapid Settlement,1,45.0,Confirmed
3665,19174,Policy-Claim Gap,0,86.1,Cleared
3666,11892,Rapid Settlement,0,42.4,Confirmed
3667,19842,Policy-Claim Gap,1,45.5,Cleared
3668,19714,Repeat Claimant,1,53.0,Under Review
3669,3244,Rapid Settlement,0,19.8,Flagged
3670,744,Rapid Settlement,1,80.9,Confirmed
3671,3519,Amount Rounding,0,10.5,Under Review
3672,9599,Rapid Settlement,1,66.3,Flagged
3673,19940,Policy-Claim Gap,0,58.3,Flagged
3674,12520,Amount Rounding,1,1.9,Under Review
3675,6359,High Claim Ratio,1,73.7,Confirmed
3676,10468,Repeat Claimant,1,19.1,Under Review
3677,11215,Amount Rounding,1,21.2,Flagged
3678,12208,Repeat Claimant,1,92.2,Under Review
3679,18648,Amount Rounding,0,91.2,Flagged
3680,12814,Rapid Settlement,1,44.1,Confirmed
3681,17548,Policy-Claim Gap,0,58.7,Under Review
3682,12355,Amount Rounding,1,8.9,Under Review
3683,15417,High Claim Ratio,1,1.5,Under Review
3684,15547,Repeat Claimant,0,27.6,Under Review
3685,7816,Amount Rounding,1,78.4,Flagged
3686,623,High Claim Ratio,1,85.2,Flagged
3687,3808,Rapid Settlement,0,25.3,Confirmed
3688,19518,Amount Rounding,1,7.3,Under Review
3689,3038,Rapid Settlement,1,6.8,Under Review
3690,8352,High Claim Ratio,1,12.6,Flagged
3691,9059,Amount Rounding,0,69.3,Flagged
3692,8482,High Claim Ratio,1,79.0,Confirmed
3693,2334,Policy-Claim Gap,1,41.0,Under Review
3694,9417,Rapid Settlement,1,51.3,Confirmed
3695,14277,Rapid Settlement,1,29.4,Under Review
3696,15632,Amount Rounding,1,59.4,Under Review
3697,10521,Policy-Claim Gap,1,96.9,Confirmed
3698,2928,Repeat Claimant,1,33.9,Under Review
3699,5696,High Claim Ratio,0,28.2,Under Review
3700,18884,Policy-Claim Gap,1,1.2,Under Review
3701,18894,Repeat Claimant,1,71.0,Flagged
3702,420,Policy-Claim Gap,1,73.7,Under Review
3703,19275,Repeat Claimant,0,72.6,Flagged
3704,5515,Rapid Settlement,1,87.7,Confirmed
3705,15238,Policy-Claim Gap,0,81.7,Flagged
3706,16171,Amount Rounding,1,7.7,Under Review
3707,11654,High Claim Ratio,1,38.9,Under Review
3708,9226,Repeat Claimant,1,67.2,Flagged
3709,13919,Amount Rounding,0,63.5,Flagged
3710,11630,Repeat Claimant,1,71.6,Flagged
3711,15829,Amount Rounding,1,10.0,Flagged
3712,11869,Amount Rounding,1,78.1,Confirmed
3713,12414,Amount Rounding,1,50.0,Under Review
3714,1875,Repeat Claimant,0,5.2,Confirmed
3715,101,Rapid Settlement,0,21.9,Flagged
3716,13192,High Claim Ratio,0,0.8,Under Review
3717,18692,Policy-Claim Gap,1,89.1,Flagged
3718,13632,High Claim Ratio,0,33.1,Under Review
3719,2443,Repeat Claimant,0,94.6,Cleared
3720,8654,Rapid Settlement,1,94.6,Confirmed
3721,16881,Repeat Claimant,0,90.5,Flagged
3722,7965,Policy-Claim Gap,1,99.7,Flagged
3723,2353,Rapid Settlement,0,95.2,Confirmed
3724,13140,Amount Rounding,1,1.7,Under Review
3725,2357,Policy-Claim Gap,1,36.3,Cleared
3726,1548,Policy-Claim Gap,1,58.1,Confirmed
3727,18712,Amount Rounding,1,62.6,Flagged
3728,16584,Repeat Claimant,1,90.3,Under Review
3729,2690,High Claim Ratio,1,71.5,Flagged
3730,16937,Amount Rounding,0,67.8,Confirmed
3731,5029,Rapid Settlement,0,12.0,Flagged
3732,19154,Amount Rounding,0,50.8,Flagged
3733,898,Rapid Settlement,1,27.3,Confirmed
3734,16453,Rapid Settlement,0,24.9,Cleared
3735,7149,Amount Rounding,1,17.0,Confirmed
3736,11846,Repeat Claimant,0,3.7,Flagged
3737,16247,High Claim Ratio,1,18.3,Under Review
3738,11396,High Claim Ratio,1,69.9,Under Review
3739,9649,Rapid Settlement,1,0.6,Flagged
3740,478,Rapid Settlement,1,77.6,Under Review
3741,1973,Repeat Claimant,1,52.7,Confirmed
3742,19205,Policy-Claim Gap,0,45.5,Flagged
3743,19943,Rapid Settlement,1,75.9,Under Review
3744,15792,Amount Rounding,1,50.5,Confirmed
3745,14453,Repeat Claimant,1,69.0,Flagged
3746,9199,Repeat Claimant,1,49.4,Cleared
3747,633,Amount Rounding,1,42.2,Cleared
3748,10874,High Claim Ratio,0,92.8,Flagged
3749,16016,Repeat Claimant,1,63.3,Flagged
3750,17195,Rapid Settlement,1,28.0,Flagged
3751,4338,Amount Rounding,1,65.9,Under Review
3752,17087,Rapid Settlement,0,18.8,Flagged
3753,3455,High Claim Ratio,1,17.2,Flagged
3754,18059,Amount Rounding,1,16.7,Flagged
3755,12684,Rapid Settlement,0,80.1,Under Review
3756,14479,Policy-Claim Gap,1,58.3,Flagged
3757,14926,Repeat Claimant,0,3.8,Under Review
3758,10916,Policy-Claim Gap,1,65.9,Cleared
3759,5181,High Claim Ratio,1,54.2,Cleared
3760,95,Policy-Claim Gap,0,52.2,Flagged
3761,19116,Rapid Settlement,1,84.2,Confirmed
3762,7804,High Claim Ratio,0,26.1,Under Review
3763,638,Amount Rounding,0,84.6,Under Review
3764,3397,Rapid Settlement,0,28.8,Flagged
3765,5017,Repeat Claimant,0,82.5,Flagged
3766,17100,Rapid Settlement,0,60.0,Under Review
3767,4174,Amount Rounding,0,70.7,Cleared
3768,17246,Repeat Claimant,1,53.0,Confirmed
3769,3958,High Claim Ratio,1,50.2,Flagged
3770,9536,Policy-Claim Gap,1,0.9,Under Review
3771,4352,Repeat Claimant,1,39.1,Cleared
3772,17216,High Claim Ratio,1,37.6,Under Review
3773,9397,Rapid Settlement,0,8.5,Under Review
3774,7826,Policy-Claim Gap,1,21.9,Confirmed
3775,5927,Rapid Settlement,1,90.6,Confirmed
3776,9619,Rapid Settlement,1,35.3,Under Review
3777,4214,Rapid Settlement,1,25.8,Flagged
3778,10682,Repeat Claimant,1,27.5,Flagged
3779,3662,Amount Rounding,1,43.8,Cleared
3780,18404,Repeat Claimant,1,5.4,Confirmed
3781,1522,Policy-Claim Gap,0,23.4,Flagged
3782,1765,Rapid Settlement,1,86.4,Flagged
3783,155,Amount Rounding,0,97.5,Cleared
3784,13389,Rapid Settlement,0,33.1,Under Review
3785,3858,High Claim Ratio,1,67.6,Flagged
3786,7003,Rapid Settlement,0,23.5,Confirmed
3787,388,Amount Rounding,1,76.6,Under Review
3788,19961,Rapid Settlement,1,98.3,Cleared
3789,536,Amount Rounding,0,90.4,Confirmed
3790,10339,High Claim Ratio,0,8.4,Under Review
3791,3596,High Claim Ratio,1,55.0,Under Review
3792,13170,Policy-Claim Gap,1,9.0,Under Review
3793,3499,Policy-Claim Gap,0,39.5,Under Review
3794,1495,Rapid Settlement,0,67.4,Confirmed
3795,1824,Policy-Claim Gap,1,45.9,Confirmed
3796,17939,Policy-Claim Gap,1,88.6,Under Review
3797,18099,Repeat Claimant,1,54.2,Confirmed
3798,4053,Policy-Claim Gap,0,16.4,Flagged
3799,9790,Amount Rounding,1,6.5,Confirmed
3800,17562,High Claim Ratio,0,36.4,Flagged
3801,7742,Rapid Settlement,1,68.5,Flagged
3802,19210,Rapid Settlement,0,57.2,Flagged
3803,6767,Rapid Settlement,1,36.2,Under Review
3804,17089,Policy-Claim Gap,1,50.1,Under Review
3805,16088,Repeat Claimant,1,12.5,Flagged
3806,12112,Amount Rounding,1,55.2,Cleared
3807,16119,High Claim Ratio,0,45.5,Flagged
3808,8801,Rapid Settlement,0,33.8,Flagged
3809,11324,Policy-Claim Gap,0,67.0,Flagged
3810,3252,High Claim Ratio,1,28.8,Cleared
3811,7857,Amount Rounding,1,57.3,Confirmed
3812,10952,Amount Rounding,1,54.2,Flagged
3813,14738,Amount Rounding,1,92.5,Cleared
3814,12338,High Claim Ratio,1,71.5,Cleared
3815,4673,Repeat Claimant,1,2.0,Cleared
3816,18940,Amount Rounding,1,53.8,Under Review
3817,19458,High Claim Ratio,0,10.9,Under Review
3818,9007,High Claim Ratio,0,53.9,Under Review
3819,15246,Amount Rounding,0,33.3,Under Review
3820,107,Repeat Claimant,1,39.6,Confirmed
3821,13878,High Claim Ratio,0,78.8,Under Review
3822,17380,Rapid Settlement,1,46.4,Flagged
3823,11553,Policy-Claim Gap,0,48.9,Flagged
3824,6297,Rapid Settlement,1,50.2,Confirmed
3825,11455,Rapid Settlement,1,72.1,Under Review
3826,11150,Amount Rounding,0,85.7,Flagged
3827,9463,Policy-Claim Gap,0,74.9,Flagged
3828,1815,Rapid Settlement,0,34.1,Flagged
3829,1747,Repeat Claimant,0,86.4,Under Review
3830,6393,Amount Rounding,1,44.2,Cleared
3831,19854,High Claim Ratio,1,59.7,Flagged
3832,1275,Repeat Claimant,0,7.7,Confirmed
3833,18379,High Claim Ratio,1,32.3,Confirmed
3834,6434,Rapid Settlement,1,7.9,Under Review
3835,9426,Repeat Claimant,1,82.5,Flagged
3836,6835,Repeat Claimant,1,77.0,Flagged
3837,18018,Policy-Claim Gap,1,6.3,Under Review
3838,18455,High Claim Ratio,0,63.6,Flagged
3839,4705,High Claim Ratio,0,92.0,Confirmed
3840,16468,Policy-Claim Gap,0,87.7,Under Review
3841,14870,Policy-Claim Gap,1,79.8,Flagged
3842,9232,Amount Rounding,1,39.2,Flagged
3843,5198,Rapid Settlement,1,99.2,Confirmed
3844,3302,Policy-Claim Gap,1,16.9,Confirmed
3845,3036,Rapid Settlement,1,3.6,Flagged
3846,16054,Policy-Claim Gap,0,58.1,Under Review
3847,15043,High Claim Ratio,0,52.6,Flagged
3848,9817,Repeat Claimant,1,60.4,Confirmed
3849,8404,Rapid Settlement,1,42.3,Flagged
3850,1574,Repeat Claimant,0,46.2,Under Review
3851,4967,Amount Rounding,1,86.6,Flagged
3852,14726,Amount Rounding,1,26.8,Flagged
3853,12855,High Claim Ratio,1,84.2,Under Review
3854,11812,Rapid Settlement,0,86.4,Under Review
3855,7550,Amount Rounding,1,62.9,Under Review
3856,2226,Repeat Claimant,0,5.2,Under Review
3857,4310,Policy-Claim Gap,1,9.2,Cleared
3858,17614,Rapid Settlement,1,62.4,Under Review
3859,19055,Repeat Claimant,0,73.7,Under Review
3860,4468,Rapid Settlement,1,25.0,Confirmed
3861,9172,Policy-Claim Gap,1,82.4,Flagged
3862,3119,Policy-Claim Gap,1,81.1,Confirmed
3863,14907,High Claim Ratio,0,44.0,Flagged
3864,16692,Amount Rounding,0,34.8,Under Review
3865,23,Repeat Claimant,1,65.7,Confirmed
3866,15528,Repeat Claimant,1,36.7,Confirmed
3867,10710,High Claim Ratio,0,48.9,Flagged
3868,3244,Rapid Settlement,0,33.7,Under Review
3869,1129,High Claim Ratio,1,93.0,Confirmed
3870,8916,Repeat Claimant,0,49.3,Under Review
3871,19535,High Claim Ratio,1,62.5,Under Review
3872,5470,Policy-Claim Gap,0,53.6,Cleared
3873,1675,Amount Rounding,1,67.8,Flagged
3874,15320,High Claim Ratio,0,80.1,Under Review
3875,14260,Rapid Settlement,0,60.1,Flagged
3876,8629,Amount Rounding,0,76.9,Confirmed
3877,18170,Repeat Claimant,0,18.5,Flagged
3878,11601,Rapid Settlement,1,24.4,Flagged
3879,2088,Rapid Settlement,1,11.2,Flagged
3880,9186,Rapid Settlement,1,73.6,Flagged
3881,19714,Amount Rounding,1,51.1,Flagged
3882,6790,Amount Rounding,1,92.9,Flagged
3883,7443,Amount Rounding,1,77.4,Flagged
3884,7404,High Claim Ratio,1,42.0,Cleared
3885,12809,High Claim Ratio,1,69.7,Flagged
3886,6225,Policy-Claim Gap,1,65.3,Flagged
3887,15977,Policy-Claim Gap,1,51.6,Confirmed
3888,9627,Rapid Settlement,0,49.6,Under Review
3889,12755,Repeat Claimant,1,74.8,Flagged
3890,15970,High Claim Ratio,0,95.5,Under Review
3891,10365,Amount Rounding,1,91.3,Flagged
3892,5933,Rapid Settlement,0,17.9,Under Review
3893,4032,High Claim Ratio,0,57.2,Confirmed
3894,15284,Amount Rounding,0,15.1,Flagged
3895,9984,Policy-Claim Gap,1,78.3,Flagged
3896,10558,Repeat Claimant,0,14.5,Under Review
3897,19669,Amount Rounding,1,40.3,Confirmed
3898,3181,Rapid Settlement,1,77.4,Flagged
3899,12272,High Claim Ratio,1,45.1,Under Review
3900,8099,Rapid Settlement,0,25.5,Under Review
3901,814,Repeat Claimant,1,78.3,Confirmed
3902,7568,High Claim Ratio,1,13.6,Flagged
3903,2270,Rapid Settlement,0,8.4,Confirmed
3904,13984,Policy-Claim Gap,1,80.7,Confirmed
3905,15287,High Claim Ratio,0,58.1,Under Review
3906,17525,Policy-Claim Gap,0,36.3,Cleared
3907,18049,Policy-Claim Gap,0,96.8,Under Review
3908,2034,Repeat Claimant,1,2.1,Under Review
3909,19976,Rapid Settlement,1,73.0,Confirmed
3910,16402,High Claim Ratio,0,7.7,Flagged
3911,19831,Repeat Claimant,0,33.0,Confirmed
3912,18620,Rapid Settlement,1,74.5,Under Review
3913,19133,Repeat Claimant,1,44.2,Flagged
3914,18236,Rapid Settlement,1,14.4,Flagged
3915,3440,Rapid Settlement,0,88.0,Under Review
3916,11061,Policy-Claim Gap,1,61.9,Confirmed
3917,4427,Rapid Settlement,1,43.0,Confirmed
3918,2560,Amount Rounding,1,96.5,Confirmed
3919,19261,Amount Rounding,1,47.3,Flagged
3920,7428,Amount Rounding,0,86.3,Flagged
3921,10213,Policy-Claim Gap,0,43.8,Under Review
3922,11491,High Claim Ratio,1,26.6,Flagged
3923,8995,High Claim Ratio,1,13.1,Cleared
3924,8669,Rapid Settlement,1,98.1,Under Review
3925,3446,High Claim Ratio,0,20.8,Under Review
3926,2602,Policy-Claim Gap,1,63.2,Under Review
3927,11647,High Claim Ratio,1,9.7,Flagged
3928,7501,Amount Rounding,0,17.4,Confirmed
3929,13638,High Claim Ratio,1,75.9,Flagged
3930,16679,Rapid Settlement,0,99.2,Confirmed
3931,4709,High Claim Ratio,0,81.4,Confirmed
3932,13511,Policy-Claim Gap,1,93.9,Flagged
3933,5524,Policy-Claim Gap,1,97.9,Under Review
3934,15853,High Claim Ratio,1,78.7,Flagged
3935,19303,Repeat Claimant,1,9.2,Cleared
3936,11801,Amount Rounding,1,71.2,Confirmed
3937,16772,Amount Rounding,1,2.2,Flagged
3938,2540,Rapid Settlement,1,93.1,Flagged
3939,10483,High Claim Ratio,1,69.6,Flagged
3940,12314,Rapid Settlement,0,83.3,Flagged
3941,650,Rapid Settlement,0,99.6,Flagged
3942,6180,Policy-Claim Gap,1,26.8,Cleared
3943,18490,Policy-Claim Gap,0,69.3,Under Review
3944,11434,Repeat Claimant,1,6.1,Flagged
3945,14724,Amount Rounding,0,93.8,Flagged
3946,18522,Repeat Claimant,1,17.6,Flagged
3947,10841,High Claim Ratio,1,56.9,Under Review
3948,11999,Repeat Claimant,1,44.9,Flagged
3949,15341,High Claim Ratio,1,3.1,Cleared
3950,19301,Amount Rounding,1,1.5,Flagged
3951,2563,Policy-Claim Gap,1,33.6,Cleared
3952,3555,Amount Rounding,0,14.0,Under Review
3953,3310,Rapid Settlement,1,90.2,Flagged
3954,12867,Repeat Claimant,1,93.5,Flagged
3955,19413,Repeat Claimant,1,47.0,Flagged
3956,5518,Repeat Claimant,0,68.4,Confirmed
3957,4167,Rapid Settlement,1,27.7,Confirmed
3958,12121,High Claim Ratio,0,86.1,Under Review
3959,7152,Policy-Claim Gap,0,50.9,Confirmed
3960,10471,Repeat Claimant,1,56.3,Under Review
3961,18500,Repeat Claimant,0,30.1,Under Review
3962,1265,Amount Rounding,1,15.4,Cleared
3963,11668,Rapid Settlement,1,98.1,Confirmed
3964,6904,High Claim Ratio,0,79.2,Under Review
3965,19307,Policy-Claim Gap,0,14.2,Cleared
3966,5320,High Claim Ratio,1,92.6,Under Review
3967,4135,Amount Rounding,1,0.8,Under Review
3968,11488,Policy-Claim Gap,1,93.4,Flagged
3969,2410,Amount Rounding,1,82.5,Cleared
3970,4918,High Claim Ratio,1,36.8,Under Review
3971,19015,High Claim Ratio,0,8.3,Flagged
3972,14474,Repeat Claimant,0,81.9,Flagged
3973,7943,Rapid Settlement,1,98.6,Confirmed
3974,16628,Policy-Claim Gap,1,67.0,Under Review
3975,16406,Amount Rounding,0,18.9,Confirmed
3976,485,Rapid Settlement,1,31.1,Cleared
3977,15192,Amount Rounding,1,42.0,Cleared
3978,9753,Rapid Settlement,0,29.5,Confirmed
3979,12537,Rapid Settlement,1,57.6,Flagged
3980,7801,Repeat Claimant,0,83.3,Under Review
3981,14188,Amount Rounding,1,70.6,Under Review
3982,719,Policy-Claim Gap,0,49.7,Confirmed
3983,13029,Policy-Claim Gap,0,84.8,Flagged
3984,13601,High Claim Ratio,1,93.7,Flagged
3985,4082,Rapid Settlement,1,7.1,Confirmed
3986,3406,Amount Rounding,0,15.8,Cleared
3987,5936,Rapid Settlement,0,66.3,Flagged
3988,9160,Policy-Claim Gap,1,83.1,Cleared
3989,14861,High Claim Ratio,0,62.4,Flagged
3990,13717,Rapid Settlement,1,22.0,Confirmed
3991,17751,Amount Rounding,1,53.0,Under Review
3992,17252,Rapid Settlement,1,11.8,Confirmed
3993,7800,Repeat Claimant,1,51.7,Confirmed
3994,13286,Policy-Claim Gap,1,18.8,Flagged
3995,9326,Policy-Claim Gap,0,22.2,Under Review
3996,16014,Rapid Settlement,1,55.5,Cleared
3997,5549,High Claim Ratio,1,60.7,Cleared
3998,5509,Amount Rounding,1,16.8,Under Review
3999,196,Repeat Claimant,1,52.5,Confirmed
4000,17956,Policy-Claim Gap,1,87.4,Flagged
4001,11826,Repeat Claimant,0,20.0,Confirmed
4002,14133,Policy-Claim Gap,0,36.3,Confirmed
4003,10145,Amount Rounding,1,46.2,Cleared
4004,2746,Rapid Settlement,1,17.1,Under Review
4005,6895,High Claim Ratio,1,13.7,Cleared
4006,11179,Policy-Claim Gap,1,87.9,Confirmed
4007,7155,Policy-Claim Gap,1,75.5,Under Review
4008,8815,Amount Rounding,0,7.0,Flagged
4009,3419,Rapid Settlement,1,12.0,Flagged
4010,8181,Repeat Claimant,0,75.2,Confirmed
4011,7408,Policy-Claim Gap,1,62.1,Confirmed
4012,7766,Repeat Claimant,1,49.8,Confirmed
4013,8910,Rapid Settlement,1,58.5,Under Review
4014,16285,Policy-Claim Gap,0,3.5,Flagged
4015,12198,Amount Rounding,1,26.7,Confirmed
4016,17682,High Claim Ratio,1,68.2,Flagged
4017,8381,Amount Rounding,1,37.0,Under Review
4018,16695,High Claim Ratio,1,2.0,Confirmed
4019,17604,Policy-Claim Gap,1,92.7,Flagged
4020,616,Rapid Settlement,0,89.3,Under Review
4021,12305,Amount Rounding,1,82.7,Confirmed
4022,17135,Repeat Claimant,1,11.2,Flagged
4023,3628,High Claim Ratio,0,8.1,Flagged
4024,4160,Amount Rounding,0,48.6,Flagged
4025,864,Policy-Claim Gap,1,4.4,Cleared
4026,5603,Amount Rounding,0,3.5,Confirmed
4027,13091,Rapid Settlement,1,16.8,Under Review
4028,2293,Rapid Settlement,0,68.2,Under Review
4029,10631,Amount Rounding,0,34.9,Confirmed
4030,16232,High Claim Ratio,0,67.8,Under Review
4031,12616,High Claim Ratio,1,36.0,Flagged
4032,8712,Policy-Claim Gap,0,56.0,Flagged
4033,11105,Amount Rounding,1,64.6,Confirmed
4034,4182,Amount Rounding,1,35.0,Confirmed
4035,11780,Policy-Claim Gap,0,20.4,Under Review
4036,14380,High Claim Ratio,1,15.9,Under Review
4037,6185,Repeat Claimant,0,18.9,Confirmed
4038,1527,Amount Rounding,1,68.1,Under Review
4039,14828,Rapid Settlement,1,42.2,Cleared
4040,16119,High Claim Ratio,1,19.3,Under Review
4041,7176,Policy-Claim Gap,1,67.2,Flagged
4042,3545,High Claim Ratio,1,12.0,Confirmed
4043,19559,Amount Rounding,1,57.0,Confirmed
4044,13923,Amount Rounding,1,31.5,Confirmed
4045,3365,Repeat Claimant,1,20.2,Confirmed
4046,12903,Amount Rounding,1,56.6,Cleared
4047,11710,Rapid Settlement,1,79.0,Flagged
4048,5809,Policy-Claim Gap,1,66.3,Confirmed
4049,5733,Policy-Claim Gap,1,81.2,Flagged
4050,8312,Amount Rounding,1,67.8,Confirmed
4051,3298,Repeat Claimant,0,14.8,Flagged
4052,9380,Rapid Settlement,1,3.6,Flagged
4053,8844,Rapid Settlement,1,5.9,Under Review
4054,10283,High Claim Ratio,1,69.9,Flagged
4055,6825,Amount Rounding,1,90.6,Confirmed
4056,2312,Repeat Claimant,1,6.5,Under Review
4057,16314,Repeat Claimant,1,52.5,Confirmed
4058,13121,High Claim Ratio,1,26.0,Flagged
4059,5057,Amount Rounding,0,72.7,Flagged
4060,12762,Policy-Claim Gap,1,6.9,Flagged
4061,11838,Policy-Claim Gap,1,68.5,Under Review
4062,17868,High Claim Ratio,1,91.4,Under Review
4063,3343,Rapid Settlement,1,30.3,Cleared
4064,15880,Rapid Settlement,0,38.4,Confirmed
4065,9582,High Claim Ratio,1,2.5,Flagged
4066,9768,Policy-Claim Gap,1,69.0,Flagged
4067,13842,Rapid Settlement,0,33.2,Confirmed
4068,11260,Amount Rounding,1,77.4,Flagged
4069,18409,Amount Rounding,1,66.3,Flagged
4070,3589,High Claim Ratio,1,63.7,Confirmed
4071,5751,Rapid Settlement,0,9.6,Flagged
4072,465,Rapid Settlement,1,76.2,Flagged
4073,10683,Amount Rounding,1,6.5,Cleared
4074,11208,Amount Rounding,1,14.2,Flagged
4075,6382,High Claim Ratio,1,87.8,Confirmed
4076,15609,Policy-Claim Gap,1,42.4,Under Review
4077,19612,Amount Rounding,0,97.1,Flagged
4078,12965,Amount Rounding,1,24.7,Under Review
4079,13086,Amount Rounding,1,68.6,Cleared
4080,2030,High Claim Ratio,1,49.9,Confirmed
4081,18385,Repeat Claimant,1,1.0,Confirmed
4082,9287,Amount Rounding,1,89.3,Under Review
4083,7459,Policy-Claim Gap,1,17.3,Cleared
4084,6754,Amount Rounding,1,80.8,Confirmed
4085,1199,Repeat Claimant,0,10.6,Flagged
4086,15758,Rapid Settlement,1,66.4,Flagged
4087,4222,Policy-Claim Gap,0,72.7,Flagged
4088,10735,Repeat Claimant,1,33.6,Under Review
4089,19061,Repeat Claimant,1,27.1,Flagged
4090,17595,Rapid Settlement,1,93.7,Under Review
4091,10030,High Claim Ratio,1,21.7,Under Review
4092,4421,High Claim Ratio,0,10.8,Flagged
4093,3624,Policy-Claim Gap,1,6.7,Cleared
4094,156,Rapid Settlement,0,48.1,Flagged
4095,882,Repeat Claimant,1,98.0,Under Review
4096,6131,High Claim Ratio,1,53.6,Cleared
4097,18870,Rapid Settlement,1,68.8,Confirmed
4098,4575,Amount Rounding,1,20.7,Flagged
4099,8054,Policy-Claim Gap,0,10.2,Confirmed
4100,8981,Repeat Claimant,1,42.5,Confirmed
4101,19606,High Claim Ratio,1,50.0,Flagged
4102,17994,Rapid Settlement,0,17.8,Confirmed
4103,14980,High Claim Ratio,0,92.3,Under Review
4104,10083,High Claim Ratio,1,56.3,Confirmed
4105,14620,Rapid Settlement,1,72.0,Cleared
4106,1234,High Claim Ratio,0,67.8,Flagged
4107,6053,Amount Rounding,0,9.2,Flagged
4108,12929,Repeat Claimant,1,25.3,Under Review
4109,11659,Policy-Claim Gap,1,60.3,Confirmed
4110,3886,Repeat Claimant,0,15.9,Confirmed
4111,1226,Repeat Claimant,1,45.0,Flagged
4112,13494,Repeat Claimant,0,63.9,Flagged
4113,14696,Repeat Claimant,0,11.7,Under Review
4114,19783,Rapid Settlement,0,10.3,Confirmed
4115,19653,Rapid Settlement,1,66.3,Cleared
4116,12109,Rapid Settlement,1,76.9,Confirmed
4117,13573,Amount Rounding,1,74.6,Confirmed
4118,16659,Policy-Claim Gap,1,9.4,Under Review
4119,15144,Rapid Settlement,1,47.1,Under Review
4120,4100,Repeat Claimant,0,44.5,Flagged
4121,1620,Amount Rounding,0,13.4,Flagged
4122,15796,Amount Rounding,1,64.8,Under Review
4123,17853,Rapid Settlement,1,32.7,Under Review
4124,16916,High Claim Ratio,0,45.1,Flagged
4125,15873,Amount Rounding,1,49.2,Under Review
4126,1112,Repeat Claimant,0,51.6,Flagged
4127,10176,Repeat Claimant,0,32.6,Flagged
4128,7869,Amount Rounding,0,59.7,Under Review
4129,19875,Rapid Settlement,1,28.2,Under Review
4130,9482,High Claim Ratio,0,91.8,Under Review
4131,8171,Rapid Settlement,1,48.3,Confirmed
4132,6174,Policy-Claim Gap,0,11.7,Confirmed
4133,13376,Policy-Claim Gap,1,48.9,Flagged
4134,14090,High Claim Ratio,1,74.6,Under Review
4135,7779,Repeat Claimant,1,34.1,Cleared
4136,16337,High Claim Ratio,1,5.0,Under Review
4137,10481,High Claim Ratio,1,12.0,Under Review
4138,1742,High Claim Ratio,1,22.6,Flagged
4139,4685,Policy-Claim Gap,1,56.1,Under Review
4140,4609,High Claim Ratio,1,60.4,Flagged
4141,1933,Policy-Claim Gap,1,75.1,Confirmed
4142,10279,Policy-Claim Gap,0,62.9,Flagged
4143,6464,Rapid Settlement,1,0.3,Confirmed
4144,14512,Repeat Claimant,1,50.0,Flagged
4145,15304,High Claim Ratio,1,99.4,Flagged
4146,16010,Repeat Claimant,0,63.6,Flagged
4147,582,Repeat Claimant,1,41.7,Cleared
4148,16908,Repeat Claimant,1,13.7,Confirmed
4149,11006,Repeat Claimant,1,33.4,Flagged
4150,9087,Repeat Claimant,0,63.2,Under Review
4151,9487,Policy-Claim Gap,0,48.3,Under Review
4152,15708,Policy-Claim Gap,1,87.8,Cleared
4153,14072,Policy-Claim Gap,0,4.5,Under Review
4154,19333,Repeat Claimant,0,39.0,Confirmed
4155,6710,High Claim Ratio,0,35.4,Under Review
4156,3796,Repeat Claimant,1,24.6,Under Review
4157,6828,High Claim Ratio,1,53.3,Flagged
4158,3963,Rapid Settlement,1,44.6,Confirmed
4159,13869,Repeat Claimant,0,85.7,Cleared
4160,19447,High Claim Ratio,1,56.0,Flagged
4161,9866,Repeat Claimant,1,64.1,Flagged
4162,3121,High Claim Ratio,1,54.9,Flagged
4163,7235,Rapid Settlement,1,23.0,Cleared
4164,6903,High Claim Ratio,0,59.9,Confirmed
4165,16982,Policy-Claim Gap,1,99.5,Flagged
4166,2861,Policy-Claim Gap,1,63.8,Flagged
4167,134,Policy-Claim Gap,0,66.7,Under Review
4168,6084,Amount Rounding,0,81.9,Flagged
4169,622,Repeat Claimant,1,1.0,Under Review
4170,3387,Repeat Claimant,1,40.2,Under Review
4171,6352,Policy-Claim Gap,1,69.3,Under Review
4172,2386,High Claim Ratio,0,14.8,Under Review
4173,9389,Rapid Settlement,0,95.6,Flagged
4174,9772,Repeat Claimant,1,71.9,Confirmed
4175,11484,Repeat Claimant,0,90.1,Flagged
4176,3053,High Claim Ratio,0,82.2,Flagged
4177,4364,Repeat Claimant,0,98.9,Flagged
4178,10080,Amount Rounding,1,53.7,Under Review
4179,19023,Amount Rounding,1,84.2,Under Review
4180,17837,Policy-Claim Gap,1,19.2,Flagged
4181,9512,Repeat Claimant,0,1.2,Flagged
4182,8290,Rapid Settlement,0,13.5,Confirmed
4183,14661,Rapid Settlement,1,61.2,Cleared
4184,14121,Policy-Claim Gap,0,94.4,Under Review
4185,2368,Policy-Claim Gap,1,35.4,Under Review
4186,8012,Repeat Claimant,1,92.0,Under Review
4187,7697,Repeat Claimant,1,33.9,Flagged
4188,14642,Amount Rounding,1,44.2,Confirmed
4189,3219,Repeat Claimant,1,65.8,Confirmed
4190,8252,High Claim Ratio,1,54.5,Cleared
4191,18040,Repeat Claimant,0,6.9,Flagged
4192,18345,Policy-Claim Gap,1,24.1,Confirmed
4193,15277,Policy-Claim Gap,0,16.5,Flagged
4194,17309,Amount Rounding,0,24.2,Confirmed
4195,18313,Policy-Claim Gap,0,65.9,Flagged
4196,10403,Amount Rounding,0,17.3,Flagged
4197,18724,Amount Rounding,1,22.3,Flagged
4198,5028,Policy-Claim Gap,1,15.3,Under Review
4199,16700,Rapid Settlement,1,88.9,Cleared
4200,18483,Rapid Settlement,1,31.3,Cleared
4201,12937,Rapid Settlement,0,55.0,Confirmed
4202,2726,High Claim Ratio,0,43.1,Confirmed
4203,14166,Rapid Settlement,1,67.0,Confirmed
4204,15275,High Claim Ratio,0,72.4,Under Review
4205,13817,Rapid Settlement,1,7.4,Under Review
4206,6775,Repeat Claimant,1,62.4,Flagged
4207,18090,Repeat Claimant,0,63.9,Confirmed
4208,2100,Amount Rounding,1,47.5,Confirmed
4209,16426,Rapid Settlement,1,91.3,Flagged
4210,9682,High Claim Ratio,1,70.0,Flagged
4211,4961,Policy-Claim Gap,0,31.8,Flagged
4212,16782,Repeat Claimant,0,54.3,Under Review
4213,1100,High Claim Ratio,1,11.1,Under Review
4214,16631,Rapid Settlement,1,4.6,Under Review
4215,4269,Amount Rounding,1,17.6,Flagged
4216,14494,Policy-Claim Gap,0,24.2,Flagged
4217,778,Amount Rounding,0,46.6,Flagged
4218,6456,Rapid Settlement,1,60.0,Flagged
4219,19078,High Claim Ratio,1,47.4,Cleared
4220,9914,Policy-Claim Gap,0,32.9,Flagged
4221,3658,Amount Rounding,0,47.1,Confirmed
4222,7332,Repeat Claimant,0,24.4,Under Review
4223,19339,High Claim Ratio,1,10.9,Under Review
4224,3622,Amount Rounding,1,83.8,Flagged
4225,8938,Rapid Settlement,1,39.8,Confirmed
4226,11624,High Claim Ratio,1,50.2,Under Review
4227,19870,Amount Rounding,1,45.6,Flagged
4228,18331,Policy-Claim Gap,0,73.2,Confirmed
4229,15066,Amount Rounding,1,55.2,Flagged
4230,4288,High Claim Ratio,0,81.2,Under Review
4231,8110,Rapid Settlement,1,82.1,Under Review
4232,12509,Amount Rounding,1,93.0,Under Review
4233,15137,Rapid Settlement,0,78.2,Under Review
4234,4883,Amount Rounding,0,1.2,Flagged
4235,14655,Repeat Claimant,1,66.6,Confirmed
4236,15968,Rapid Settlement,1,35.0,Flagged
4237,2112,Rapid Settlement,0,99.5,Confirmed
4238,11053,Policy-Claim Gap,0,2.6,Under Review
4239,7042,Amount Rounding,1,57.1,Under Review
4240,9938,Rapid Settlement,1,36.4,Under Review
4241,19955,High Claim Ratio,0,68.3,Flagged
4242,7285,High Claim Ratio,1,23.8,Under Review
4243,17593,Rapid Settlement,1,41.4,Flagged
4244,13216,Rapid Settlement,0,87.5,Under Review
4245,15064,Rapid Settlement,0,89.3,Confirmed
4246,2147,Amount Rounding,1,17.7,Under Review
4247,2518,Repeat Claimant,0,44.4,Cleared
4248,9898,Policy-Claim Gap,1,3.1,Flagged
4249,1901,Rapid Settlement,1,81.6,Confirmed
4250,2325,Amount Rounding,0,34.1,Under Review
4251,1650,High Claim Ratio,1,97.6,Flagged
4252,11073,Repeat Claimant,1,60.4,Flagged
4253,16311,Amount Rounding,0,74.7,Flagged
4254,4623,Amount Rounding,1,42.6,Flagged
4255,10779,Policy-Claim Gap,1,65.4,Confirmed
4256,5525,High Claim Ratio,1,5.3,Flagged
4257,6767,Policy-Claim Gap,1,35.1,Flagged
4258,15013,Policy-Claim Gap,0,87.0,Confirmed
4259,10399,Amount Rounding,1,88.7,Under Review
4260,5465,Rapid Settlement,1,71.3,Flagged
4261,75,Repeat Claimant,0,84.2,Cleared
4262,10965,Repeat Claimant,0,82.1,Flagged
4263,15322,Amount Rounding,1,66.4,Flagged
4264,5186,Amount Rounding,1,76.8,Confirmed
4265,1451,Rapid Settlement,1,3.4,Cleared
4266,14332,Rapid Settlement,1,65.3,Cleared
4267,6765,Amount Rounding,1,63.3,Flagged
4268,8321,High Claim Ratio,1,74.2,Confirmed
4269,7176,Amount Rounding,1,45.8,Confirmed
4270,16682,Policy-Claim Gap,1,78.2,Flagged
4271,2691,Policy-Claim Gap,0,33.3,Flagged
4272,7153,Amount Rounding,1,68.3,Confirmed
4273,942,Rapid Settlement,0,85.3,Flagged
4274,8372,High Claim Ratio,0,68.5,Flagged
4275,4661,Policy-Claim Gap,0,66.9,Under Review
4276,12624,Rapid Settlement,1,49.6,Under Review
4277,6062,Amount Rounding,0,59.0,Under Review
4278,12328,Rapid Settlement,0,83.6,Under Review
4279,17334,Amount Rounding,0,93.1,Under Review
4280,526,Policy-Claim Gap,0,41.0,Flagged
4281,2639,Repeat Claimant,0,65.7,Under Review
4282,9348,High Claim Ratio,0,31.8,Confirmed
4283,5341,Amount Rounding,1,64.6,Flagged
4284,10565,Amount Rounding,1,75.6,Flagged
4285,14705,Repeat Claimant,1,81.1,Under Review
4286,5013,Amount Rounding,0,99.7,Flagged
4287,18346,Policy-Claim Gap,1,62.6,Under Review
4288,4888,Rapid Settlement,1,89.9,Flagged
4289,15608,High Claim Ratio,1,43.6,Cleared
4290,4757,High Claim Ratio,1,37.4,Flagged
4291,16349,Rapid Settlement,1,49.2,Flagged
4292,372,Policy-Claim Gap,1,19.2,Under Review
4293,3060,Policy-Claim Gap,1,36.4,Flagged
4294,16224,Policy-Claim Gap,0,75.0,Confirmed
4295,10555,Amount Rounding,0,33.7,Flagged
4296,6237,High Claim Ratio,0,24.3,Under Review
4297,13049,High Claim Ratio,1,40.5,Under Review
4298,4114,Amount Rounding,1,24.4,Flagged
4299,814,High Claim Ratio,1,18.2,Flagged
4300,7288,Repeat Claimant,0,25.4,Under Review
4301,8267,Policy-Claim Gap,0,51.2,Confirmed
4302,15261,Amount Rounding,1,63.3,Flagged
4303,15192,Amount Rounding,1,91.2,Under Review
4304,18543,High Claim Ratio,1,7.6,Under Review
4305,1700,Repeat Claimant,0,31.1,Cleared
4306,2216,Rapid Settlement,0,99.1,Under Review
4307,14933,Amount Rounding,1,96.4,Cleared
4308,16457,High Claim Ratio,0,99.8,Confirmed
4309,1293,Rapid Settlement,0,47.6,Under Review
4310,2985,Repeat Claimant,0,0.6,Flagged
4311,7346,Repeat Claimant,1,51.0,Cleared
4312,16419,Repeat Claimant,0,87.3,Cleared
4313,6512,Amount Rounding,1,52.1,Under Review
4314,2776,Policy-Claim Gap,1,64.5,Cleared
4315,7035,Amount Rounding,1,67.5,Under Review
4316,9451,Policy-Claim Gap,1,91.6,Under Review
4317,12234,Repeat Claimant,0,86.9,Flagged
4318,111,Amount Rounding,0,96.3,Confirmed
4319,3669,Amount Rounding,1,82.3,Flagged
4320,2179,Repeat Claimant,0,26.2,Cleared
4321,5147,High Claim Ratio,1,73.5,Flagged
4322,8576,Policy-Claim Gap,1,36.6,Under Review
4323,17292,Rapid Settlement,0,23.1,Under Review
4324,11793,Rapid Settlement,0,16.3,Cleared
4325,10970,Repeat Claimant,1,29.2,Confirmed
4326,455,High Claim Ratio,0,58.8,Flagged
4327,3261,Amount Rounding,0,19.9,Under Review
4328,16656,Amount Rounding,0,71.9,Confirmed
4329,13554,Policy-Claim Gap,1,69.4,Confirmed
4330,2405,Rapid Settlement,1,42.5,Flagged
4331,5417,Policy-Claim Gap,0,74.0,Under Review
4332,9974,Policy-Claim Gap,1,37.6,Under Review
4333,7177,Repeat Claimant,0,37.3,Flagged
4334,6312,Rapid Settlement,0,1.6,Flagged
4335,7515,Rapid Settlement,0,0.7,Confirmed
4336,17430,Policy-Claim Gap,0,86.9,Flagged
4337,14543,Amount Rounding,1,78.4,Confirmed
4338,17064,Amount Rounding,0,52.7,Flagged
4339,282,Amount Rounding,0,38.6,Flagged
4340,14805,High Claim Ratio,1,37.3,Cleared
4341,17158,Policy-Claim Gap,1,64.7,Flagged
4342,17222,Amount Rounding,1,58.8,Confirmed
4343,3489,Amount Rounding,0,2.9,Flagged
4344,9237,Repeat Claimant,1,44.8,Confirmed
4345,10242,Rapid Settlement,1,13.6,Flagged
4346,19971,High Claim Ratio,0,54.8,Flagged
4347,17023,High Claim Ratio,1,10.9,Confirmed
4348,15103,Rapid Settlement,1,94.1,Flagged
4349,8778,Rapid Settlement,1,63.0,Under Review
4350,2065,Rapid Settlement,0,40.9,Flagged
4351,7767,Repeat Claimant,1,84.1,Under Review
4352,3043,Repeat Claimant,1,46.9,Flagged
4353,11191,Amount Rounding,0,83.4,Under Review
4354,4979,Repeat Claimant,0,15.6,Flagged
4355,8298,Amount Rounding,1,88.0,Flagged
4356,1242,Amount Rounding,1,35.0,Flagged
4357,3734,Repeat Claimant,1,82.3,Flagged
4358,3387,Policy-Claim Gap,0,69.5,Under Review
4359,13548,Rapid Settlement,1,22.4,Flagged
4360,12615,Amount Rounding,0,42.4,Under Review
4361,15201,Policy-Claim Gap,1,16.4,Confirmed
4362,2985,Policy-Claim Gap,1,77.5,Confirmed
4363,1791,High Claim Ratio,0,87.2,Flagged
4364,4551,Repeat Claimant,0,16.1,Flagged
4365,12501,Rapid Settlement,0,68.6,Confirmed
4366,19180,Policy-Claim Gap,1,78.8,Confirmed
4367,11312,Policy-Claim Gap,0,38.0,Under Review
4368,3049,Rapid Settlement,1,83.3,Confirmed
4369,16647,Amount Rounding,1,7.2,Flagged
4370,19227,Rapid Settlement,1,69.4,Flagged
4371,15539,Repeat Claimant,1,66.4,Under Review
4372,680,Rapid Settlement,1,40.4,Confirmed
4373,7680,Rapid Settlement,0,4.0,Flagged
4374,13523,Repeat Claimant,0,5.0,Under Review
4375,258,Rapid Settlement,1,26.2,Confirmed
4376,19377,High Claim Ratio,1,96.2,Flagged
4377,2811,Rapid Settlement,1,88.5,Under Review
4378,11655,Repeat Claimant,0,61.8,Under Review
4379,6247,Policy-Claim Gap,1,11.2,Flagged
4380,17545,Repeat Claimant,1,30.8,Confirmed
4381,12984,Repeat Claimant,0,15.6,Under Review
4382,5073,Policy-Claim Gap,0,86.4,Flagged
4383,8945,High Claim Ratio,1,87.3,Flagged
4384,7856,High Claim Ratio,1,29.0,Under Review
4385,6205,High Claim Ratio,0,67.0,Confirmed
4386,6336,Amount Rounding,0,10.2,Flagged
4387,250,Rapid Settlement,1,78.0,Under Review
4388,11594,Policy-Claim Gap,1,41.5,Under Review
4389,15857,Policy-Claim Gap,0,20.5,Cleared
4390,72,Rapid Settlement,1,44.0,Confirmed
4391,18387,Repeat Claimant,1,37.6,Confirmed
4392,18514,High Claim Ratio,1,63.3,Flagged
4393,8331,Rapid Settlement,1,39.7,Confirmed
4394,14010,Repeat Claimant,0,49.0,Under Review
4395,15084,Amount Rounding,1,59.5,Confirmed
4396,15229,Policy-Claim Gap,1,86.9,Confirmed
4397,19443,Rapid Settlement,0,75.3,Flagged
4398,11864,Policy-Claim Gap,0,13.8,Confirmed
4399,14579,Policy-Claim Gap,1,36.2,Flagged
4400,13161,Rapid Settlement,1,90.7,Flagged
4401,11956,High Claim Ratio,1,70.8,Flagged
4402,9014,Repeat Claimant,1,29.6,Cleared
4403,15886,High Claim Ratio,1,8.5,Flagged
4404,1639,Repeat Claimant,1,94.0,Flagged
4405,17564,High Claim Ratio,1,71.2,Under Review
4406,11251,Repeat Claimant,1,89.9,Flagged
4407,8910,Amount Rounding,1,19.0,Under Review
4408,11735,Repeat Claimant,1,47.1,Cleared
4409,15946,Repeat Claimant,0,99.6,Under Review
4410,5038,Repeat Claimant,1,26.6,Cleared
4411,7112,Rapid Settlement,0,89.7,Flagged
4412,17195,Policy-Claim Gap,1,77.2,Flagged
4413,16851,Rapid Settlement,1,18.7,Cleared
4414,13702,Rapid Settlement,1,60.8,Confirmed
4415,1193,High Claim Ratio,1,61.9,Confirmed
4416,1615,Amount Rounding,1,36.0,Flagged
4417,13639,Amount Rounding,1,5.3,Confirmed
4418,13296,Amount Rounding,1,51.3,Confirmed
4419,6614,High Claim Ratio,0,10.8,Under Review
4420,9329,Repeat Claimant,1,45.7,Flagged
4421,12350,Policy-Claim Gap,1,79.6,Cleared
4422,15315,Amount Rounding,0,83.9,Confirmed
4423,2091,Rapid Settlement,0,99.6,Under Review
4424,4338,Amount Rounding,1,60.9,Cleared
4425,19168,Amount Rounding,0,44.1,Flagged
4426,13701,Policy-Claim Gap,1,46.9,Confirmed
4427,12594,Amount Rounding,1,60.7,Under Review
4428,4159,High Claim Ratio,1,89.3,Flagged
4429,10213,Policy-Claim Gap,0,76.4,Under Review
4430,10536,High Claim Ratio,0,46.5,Flagged
4431,11984,High Claim Ratio,0,89.4,Under Review
4432,13206,Policy-Claim Gap,1,64.3,Cleared
4433,9224,High Claim Ratio,1,26.1,Flagged
4434,11093,Amount Rounding,0,40.0,Confirmed
4435,13946,Repeat Claimant,1,15.5,Under Review
4436,16827,Policy-Claim Gap,1,62.2,Flagged
4437,13152,Rapid Settlement,1,45.2,Flagged
4438,9987,Repeat Claimant,1,40.8,Flagged
4439,18993,Repeat Claimant,1,86.7,Flagged
4440,18326,Amount Rounding,1,0.6,Under Review
4441,17917,High Claim Ratio,1,23.0,Under Review
4442,9097,High Claim Ratio,0,84.7,Under Review
4443,13490,High Claim Ratio,0,36.9,Cleared
4444,7580,Policy-Claim Gap,1,25.8,Confirmed
4445,19485,Rapid Settlement,0,75.7,Under Review
4446,15312,High Claim Ratio,0,36.8,Under Review
4447,6969,Repeat Claimant,1,71.4,Under Review
4448,14805,Repeat Claimant,1,87.2,Under Review
4449,16730,Rapid Settlement,1,98.0,Flagged
4450,14367,Amount Rounding,1,96.2,Cleared
4451,3812,Rapid Settlement,1,43.9,Flagged
4452,1301,Rapid Settlement,1,59.3,Flagged
4453,12505,Repeat Claimant,1,22.5,Confirmed
4454,4880,High Claim Ratio,1,11.8,Flagged
4455,5683,Policy-Claim Gap,0,74.8,Confirmed
4456,3478,Amount Rounding,1,71.2,Flagged
4457,13342,Policy-Claim Gap,1,44.7,Flagged
4458,16808,Rapid Settlement,1,88.7,Confirmed
4459,14163,Amount Rounding,1,16.7,Flagged
4460,14533,High Claim Ratio,1,72.8,Under Review
4461,3710,High Claim Ratio,0,64.3,Cleared
4462,11826,Policy-Claim Gap,0,46.8,Under Review
4463,5003,Rapid Settlement,1,94.8,Under Review
4464,19769,High Claim Ratio,0,76.8,Flagged
4465,6535,Rapid Settlement,0,84.9,Cleared
4466,3807,High Claim Ratio,0,68.4,Flagged
4467,3098,Amount Rounding,1,77.7,Flagged
4468,5720,Repeat Claimant,1,94.3,Under Review
4469,2955,Rapid Settlement,1,60.4,Under Review
4470,2838,Policy-Claim Gap,1,44.3,Confirmed
4471,7533,Rapid Settlement,1,55.3,Cleared
4472,11369,High Claim Ratio,1,46.3,Flagged
4473,6679,Amount Rounding,0,85.9,Flagged
4474,6203,Policy-Claim Gap,1,99.2,Under Review
4475,2405,Repeat Claimant,0,25.0,Flagged
4476,4382,Repeat Claimant,1,29.0,Flagged
4477,15139,Rapid Settlement,1,98.6,Confirmed
4478,17846,Rapid Settlement,1,48.5,Flagged
4479,17826,Amount Rounding,1,19.4,Confirmed
4480,4677,Rapid Settlement,1,65.1,Under Review
4481,16454,Rapid Settlement,1,19.3,Flagged
4482,14708,High Claim Ratio,0,68.4,Under Review
4483,16128,High Claim Ratio,1,76.9,Under Review
4484,19942,Rapid Settlement,1,63.5,Under Review
4485,4781,Amount Rounding,0,24.9,Flagged
4486,15360,Repeat Claimant,0,0.8,Flagged
4487,15224,Repeat Claimant,1,25.5,Flagged
4488,16164,Rapid Settlement,1,46.5,Cleared
4489,1361,High Claim Ratio,1,8.7,Flagged
4490,8702,High Claim Ratio,1,87.4,Under Review
4491,5083,High Claim Ratio,1,15.2,Under Review
4492,15800,High Claim Ratio,1,62.1,Flagged
4493,18412,Policy-Claim Gap,1,32.0,Cleared
4494,6809,Policy-Claim Gap,0,58.8,Under Review
4495,19064,Repeat Claimant,1,18.5,Under Review
4496,6939,Repeat Claimant,1,41.2,Under Review
4497,9666,Repeat Claimant,1,72.5,Flagged
4498,16951,High Claim Ratio,1,8.2,Under Review
4499,5652,Repeat Claimant,1,57.3,Flagged
4500,4378,Policy-Claim Gap,1,71.1,Flagged
4501,9729,Repeat Claimant,1,44.3,Cleared
4502,846,Amount Rounding,1,65.7,Confirmed
4503,2773,Amount Rounding,1,89.1,Confirmed
4504,6615,Amount Rounding,0,51.1,Confirmed
4505,14008,Rapid Settlement,1,8.7,Under Review
4506,2644,Policy-Claim Gap,0,71.1,Flagged
4507,8013,Amount Rounding,0,35.7,Under Review
4508,10949,Repeat Claimant,0,35.9,Under Review
4509,4575,Repeat Claimant,0,98.8,Flagged
4510,13352,High Claim Ratio,1,66.6,Confirmed
4511,19370,Policy-Claim Gap,1,20.1,Flagged
4512,3402,Rapid Settlement,1,88.7,Under Review
4513,19945,Rapid Settlement,1,23.3,Confirmed
4514,13845,Rapid Settlement,1,93.0,Flagged
4515,14461,High Claim Ratio,1,14.9,Flagged
4516,9928,Policy-Claim Gap,1,39.7,Cleared
4517,11017,Policy-Claim Gap,0,58.9,Flagged
4518,8037,Amount Rounding,1,8.8,Under Review
4519,14958,High Claim Ratio,0,38.8,Under Review
4520,13908,Policy-Claim Gap,0,33.8,Flagged
4521,19510,Policy-Claim Gap,1,42.6,Confirmed
4522,13820,Repeat Claimant,1,37.0,Under Review
4523,352,Repeat Claimant,0,53.2,Confirmed
4524,11378,Rapid Settlement,1,68.6,Flagged
4525,11566,High Claim Ratio,1,1.0,Flagged
4526,19148,Rapid Settlement,0,14.1,Flagged
4527,10319,High Claim Ratio,1,49.6,Flagged
4528,8492,Policy-Claim Gap,1,98.6,Flagged
4529,2304,Rapid Settlement,1,13.1,Cleared
4530,16751,High Claim Ratio,1,50.2,Confirmed
4531,19285,Policy-Claim Gap,1,45.5,Under Review
4532,4973,Amount Rounding,1,3.3,Under Review
4533,7506,Rapid Settlement,1,43.6,Confirmed
4534,1311,Policy-Claim Gap,0,13.2,Under Review
4535,7217,Rapid Settlement,1,13.1,Under Review
4536,17391,Amount Rounding,1,77.6,Cleared
4537,2496,Policy-Claim Gap,1,98.5,Flagged
4538,7921,Amount Rounding,1,34.2,Under Review
4539,16463,Rapid Settlement,1,16.4,Flagged
4540,17449,High Claim Ratio,0,91.5,Confirmed
4541,6785,Amount Rounding,0,57.5,Under Review
4542,538,Policy-Claim Gap,0,63.5,Confirmed
4543,10728,Amount Rounding,1,94.6,Under Review
4544,9980,Rapid Settlement,1,45.7,Flagged
4545,16983,Repeat Claimant,1,81.8,Cleared
4546,5469,Policy-Claim Gap,0,22.1,Under Review
4547,3827,Amount Rounding,0,31.5,Flagged
4548,8494,Rapid Settlement,1,25.3,Flagged
4549,13432,Rapid Settlement,0,63.6,Under Review
4550,6639,High Claim Ratio,1,26.8,Flagged
4551,9407,Policy-Claim Gap,0,65.6,Under Review
4552,12383,High Claim Ratio,1,10.6,Flagged
4553,8816,High Claim Ratio,1,53.0,Flagged
4554,17533,High Claim Ratio,0,33.7,Under Review
4555,6790,Policy-Claim Gap,1,72.6,Cleared
4556,17735,Policy-Claim Gap,1,21.4,Under Review
4557,1020,Repeat Claimant,1,96.9,Under Review
4558,8013,Policy-Claim Gap,1,53.3,Flagged
4559,11204,Amount Rounding,1,41.8,Confirmed
4560,16653,High Claim Ratio,1,3.1,Under Review
4561,5062,Repeat Claimant,1,4.3,Confirmed
4562,17461,High Claim Ratio,1,86.8,Under Review
4563,7043,Rapid Settlement,0,32.6,Flagged
4564,4215,Rapid Settlement,0,8.0,Cleared
4565,3564,Amount Rounding,0,100.0,Flagged
4566,19592,Amount Rounding,1,75.3,Under Review
4567,16412,Amount Rounding,1,38.0,Confirmed
4568,8113,Rapid Settlement,0,27.6,Under Review
4569,7505,Policy-Claim Gap,0,93.2,Flagged
4570,14830,Repeat Claimant,1,28.6,Under Review
4571,10719,Amount Rounding,0,98.6,Under Review
4572,635,Policy-Claim Gap,1,97.2,Flagged
4573,4579,High Claim Ratio,0,73.9,Confirmed
4574,7179,Rapid Settlement,0,81.7,Flagged
4575,11805,Repeat Claimant,1,5.0,Flagged
4576,16131,Policy-Claim Gap,0,34.3,Flagged
4577,230,Repeat Claimant,0,17.3,Confirmed
4578,18738,High Claim Ratio,0,17.9,Flagged
4579,15908,Repeat Claimant,1,5.4,Flagged
4580,15054,High Claim Ratio,1,36.5,Flagged
4581,11662,High Claim Ratio,1,8.9,Confirmed
4582,18710,Policy-Claim Gap,1,56.5,Under Review
4583,5177,Rapid Settlement,1,39.1,Under Review
4584,10592,Policy-Claim Gap,1,45.0,Flagged
4585,18494,High Claim Ratio,0,8.0,Under Review
4586,9161,Rapid Settlement,1,64.6,Flagged
4587,4035,Repeat Claimant,0,84.1,Flagged
4588,2843,Policy-Claim Gap,1,30.7,Flagged
4589,7443,Repeat Claimant,1,12.1,Under Review
4590,14727,Policy-Claim Gap,0,7.4,Cleared
4591,9717,Repeat Claimant,0,27.3,Cleared
4592,5398,Repeat Claimant,1,44.0,Flagged
4593,18200,Policy-Claim Gap,1,29.3,Flagged
4594,13200,Amount Rounding,1,41.9,Flagged
4595,10852,Repeat Claimant,1,40.4,Confirmed
4596,12316,Amount Rounding,0,45.3,Cleared
4597,15385,Rapid Settlement,1,51.9,Under Review
4598,2730,Rapid Settlement,1,58.0,Flagged
4599,14298,Repeat Claimant,1,69.3,Flagged
4600,17104,Rapid Settlement,0,51.5,Flagged
4601,228,Amount Rounding,1,64.3,Flagged
4602,17799,Repeat Claimant,0,58.9,Flagged
4603,10596,Rapid Settlement,1,22.5,Confirmed
4604,16909,High Claim Ratio,0,96.6,Confirmed
4605,7638,Rapid Settlement,1,87.7,Flagged
4606,14126,Rapid Settlement,1,78.9,Cleared
4607,7557,Rapid Settlement,1,97.6,Flagged
4608,6423,Policy-Claim Gap,1,10.1,Cleared
4609,8900,Amount Rounding,1,11.3,Cleared
4610,8482,Repeat Claimant,0,72.1,Under Review
4611,11831,High Claim Ratio,1,70.5,Cleared
4612,16764,Rapid Settlement,1,45.6,Cleared
4613,17789,Amount Rounding,0,59.8,Flagged
4614,11834,High Claim Ratio,0,47.1,Flagged
4615,10409,Repeat Claimant,1,48.9,Flagged
4616,1611,Rapid Settlement,0,61.9,Cleared
4617,12132,High Claim Ratio,1,72.9,Confirmed
4618,214,Repeat Claimant,1,69.9,Confirmed
4619,16887,Amount Rounding,1,96.8,Flagged
4620,16388,Policy-Claim Gap,1,83.8,Under Review
4621,3954,Policy-Claim Gap,1,8.0,Under Review
4622,2397,Rapid Settlement,1,86.8,Flagged
4623,10866,Rapid Settlement,1,34.1,Confirmed
4624,12483,Policy-Claim Gap,1,70.9,Confirmed
4625,2574,Policy-Claim Gap,0,70.6,Under Review
4626,17266,Amount Rounding,1,11.0,Under Review
4627,8701,Policy-Claim Gap,0,96.5,Flagged
4628,15969,Repeat Claimant,1,33.7,Flagged
4629,18902,High Claim Ratio,1,94.5,Under Review
4630,5363,High Claim Ratio,0,49.3,Flagged
4631,8520,Rapid Settlement,1,37.7,Flagged
4632,14428,High Claim Ratio,0,8.1,Under Review
4633,7306,Repeat Claimant,1,95.4,Flagged
4634,11998,High Claim Ratio,1,28.6,Confirmed
4635,693,Amount Rounding,0,60.4,Flagged
4636,5381,Policy-Claim Gap,1,31.2,Cleared
4637,12017,Repeat Claimant,1,42.5,Under Review
4638,15919,Amount Rounding,1,7.1,Confirmed
4639,5861,Rapid Settlement,1,8.3,Flagged
4640,19962,Repeat Claimant,0,4.9,Under Review
4641,19891,Policy-Claim Gap,0,27.1,Cleared
4642,8686,Rapid Settlement,1,52.2,Flagged
4643,804,Rapid Settlement,1,68.1,Flagged
4644,10685,High Claim Ratio,1,63.5,Under Review
4645,9839,Rapid Settlement,0,43.3,Flagged
4646,17682,High Claim Ratio,1,7.4,Under Review
4647,12359,Policy-Claim Gap,0,54.2,Under Review
4648,2760,Amount Rounding,0,72.1,Under Review
4649,6372,Policy-Claim Gap,0,11.3,Cleared
4650,18373,Repeat Claimant,1,25.6,Cleared
4651,3224,Rapid Settlement,1,56.1,Confirmed
4652,8911,Policy-Claim Gap,1,31.0,Flagged
4653,19002,Amount Rounding,1,55.6,Under Review
4654,10059,Amount Rounding,0,64.0,Flagged
4655,13876,Rapid Settlement,1,17.7,Confirmed
4656,12990,Amount Rounding,0,67.8,Confirmed
4657,3787,Repeat Claimant,1,70.6,Flagged
4658,3498,Policy-Claim Gap,1,36.3,Flagged
4659,695,High Claim Ratio,0,99.5,Flagged
4660,10648,Amount Rounding,0,41.0,Flagged
4661,11943,Repeat Claimant,1,20.2,Flagged
4662,729,Amount Rounding,0,91.1,Cleared
4663,11608,Repeat Claimant,0,68.9,Under Review
4664,12261,High Claim Ratio,0,95.2,Flagged
4665,7682,Repeat Claimant,1,18.9,Under Review
4666,8935,Amount Rounding,1,30.4,Cleared
4667,18844,Rapid Settlement,1,37.8,Under Review
4668,16308,Repeat Claimant,1,7.9,Under Review
4669,9393,Policy-Claim Gap,1,25.2,Confirmed
4670,8146,Amount Rounding,1,2.4,Flagged
4671,6840,Amount Rounding,0,3.4,Confirmed
4672,6853,Rapid Settlement,1,70.8,Flagged
4673,2961,Policy-Claim Gap,1,79.4,Under Review
4674,15404,Repeat Claimant,1,80.3,Flagged
4675,13553,High Claim Ratio,1,19.1,Cleared
4676,19207,High Claim Ratio,1,7.3,Flagged
4677,7137,Repeat Claimant,1,18.7,Under Review
4678,13368,Rapid Settlement,1,54.9,Flagged
4679,9609,High Claim Ratio,1,41.1,Flagged
4680,14098,High Claim Ratio,0,31.4,Under Review
4681,14590,Policy-Claim Gap,1,24.4,Confirmed
4682,1473,High Claim Ratio,1,71.3,Under Review
4683,8977,High Claim Ratio,1,86.4,Flagged
4684,19475,Repeat Claimant,0,95.9,Flagged
4685,18208,High Claim Ratio,1,81.0,Flagged
4686,2380,Policy-Claim Gap,1,92.2,Under Review
4687,17633,High Claim Ratio,0,58.5,Flagged
4688,17323,High Claim Ratio,1,98.9,Flagged
4689,16266,Repeat Claimant,1,99.2,Flagged
4690,8445,Repeat Claimant,1,53.1,Under Review
4691,7777,Rapid Settlement,1,64.7,Under Review
4692,3561,Rapid Settlement,1,26.8,Under Review
4693,19514,Repeat Claimant,1,30.1,Cleared
4694,6983,High Claim Ratio,1,29.1,Confirmed
4695,10794,High Claim Ratio,0,99.4,Flagged
4696,11934,High Claim Ratio,0,0.8,Under Review
4697,11775,Rapid Settlement,0,54.7,Flagged
4698,16199,Amount Rounding,1,44.5,Under Review
4699,18666,Amount Rounding,0,6.8,Flagged
4700,9000,Amount Rounding,0,67.9,Under Review
4701,6681,Rapid Settlement,1,34.3,Confirmed
4702,4814,High Claim Ratio,0,36.8,Flagged
4703,16687,Amount Rounding,1,43.4,Confirmed
4704,6264,Amount Rounding,0,87.4,Flagged
4705,7854,Rapid Settlement,0,96.5,Cleared
4706,10371,Repeat Claimant,1,88.1,Cleared
4707,8635,High Claim Ratio,0,35.3,Flagged
4708,17838,Rapid Settlement,1,45.7,Under Review
4709,16729,Repeat Claimant,1,15.4,Cleared
4710,15390,Policy-Claim Gap,1,64.2,Under Review
4711,19625,Rapid Settlement,1,23.8,Confirmed
4712,11736,Rapid Settlement,1,60.8,Flagged
4713,709,Repeat Claimant,0,72.9,Flagged
4714,12453,Policy-Claim Gap,1,26.0,Confirmed
4715,17046,Amount Rounding,1,2.1,Under Review
4716,19100,Rapid Settlement,1,56.1,Confirmed
4717,5167,High Claim Ratio,0,33.3,Confirmed
4718,17613,Rapid Settlement,1,34.9,Cleared
4719,16228,High Claim Ratio,1,14.0,Under Review
4720,7397,High Claim Ratio,1,50.7,Confirmed
4721,14671,High Claim Ratio,1,64.5,Flagged
4722,2374,Rapid Settlement,1,57.6,Flagged
4723,6171,Amount Rounding,1,82.3,Under Review
4724,13874,Amount Rounding,1,38.8,Flagged
4725,8661,Repeat Claimant,1,23.8,Under Review
4726,3718,Amount Rounding,0,49.7,Flagged
4727,11343,High Claim Ratio,1,10.5,Confirmed
4728,461,Repeat Claimant,0,69.4,Confirmed
4729,1822,Repeat Claimant,0,44.4,Confirmed
4730,13517,Repeat Claimant,1,86.6,Cleared
4731,5281,Amount Rounding,1,1.3,Flagged
4732,8139,Amount Rounding,0,54.0,Flagged
4733,13199,Policy-Claim Gap,0,87.7,Confirmed
4734,2927,Rapid Settlement,0,35.3,Flagged
4735,7980,Amount Rounding,1,54.3,Confirmed
4736,18056,Policy-Claim Gap,0,84.3,Flagged
4737,18224,Rapid Settlement,0,28.2,Flagged
4738,9227,Amount Rounding,0,94.6,Cleared
4739,4995,High Claim Ratio,1,0.5,Flagged
4740,3112,Repeat Claimant,1,47.8,Under Review
4741,2412,Repeat Claimant,0,50.4,Flagged
4742,523,Repeat Claimant,1,21.2,Under Review
4743,7394,High Claim Ratio,0,1.5,Flagged
4744,9692,Amount Rounding,1,73.5,Flagged
4745,15080,Amount Rounding,1,70.6,Under Review
4746,13221,Policy-Claim Gap,1,65.7,Confirmed
4747,19351,High Claim Ratio,1,79.5,Under Review
4748,3415,High Claim Ratio,0,63.6,Flagged
4749,10586,High Claim Ratio,1,70.0,Flagged
4750,10166,High Claim Ratio,1,85.9,Flagged
4751,13976,Policy-Claim Gap,1,8.3,Flagged
4752,1122,Repeat Claimant,1,83.8,Under Review
4753,5177,Repeat Claimant,0,29.7,Cleared
4754,10914,Repeat Claimant,1,57.7,Confirmed
4755,5720,Repeat Claimant,1,13.1,Under Review
4756,17410,Repeat Claimant,1,37.1,Flagged
4757,12381,Amount Rounding,1,7.4,Flagged
4758,19065,Rapid Settlement,1,42.7,Confirmed
4759,11109,Policy-Claim Gap,1,29.7,Confirmed
4760,12765,Rapid Settlement,0,93.2,Cleared
4761,15967,Amount Rounding,1,29.8,Cleared
4762,3105,Rapid Settlement,1,9.6,Cleared
4763,9071,Repeat Claimant,1,5.6,Confirmed
4764,15869,High Claim Ratio,1,30.5,Flagged
4765,2779,Repeat Claimant,1,87.0,Flagged
4766,7502,Policy-Claim Gap,0,59.7,Cleared
4767,10298,High Claim Ratio,1,49.2,Cleared
4768,18914,Rapid Settlement,1,9.4,Flagged
4769,3721,High Claim Ratio,0,67.3,Confirmed
4770,14123,Repeat Claimant,1,63.7,Confirmed
4771,116,High Claim Ratio,0,41.0,Flagged
4772,15337,Repeat Claimant,0,80.3,Flagged
4773,7828,Rapid Settlement,1,28.6,Confirmed
4774,16128,Repeat Claimant,0,91.7,Flagged
4775,3804,Amount Rounding,1,67.3,Flagged
4776,5632,Amount Rounding,1,10.3,Flagged
4777,16314,High Claim Ratio,0,71.1,Flagged
4778,17386,Policy-Claim Gap,0,41.4,Confirmed
4779,5020,Rapid Settlement,0,25.1,Flagged
4780,7885,Repeat Claimant,1,76.5,Under Review
4781,4898,Amount Rounding,0,52.6,Confirmed
4782,19916,High Claim Ratio,1,85.9,Confirmed
4783,390,High Claim Ratio,1,49.7,Under Review
4784,19482,Repeat Claimant,0,84.7,Confirmed
4785,19483,Amount Rounding,0,25.1,Under Review
4786,10987,Amount Rounding,1,70.1,Flagged
4787,7558,Repeat Claimant,1,8.6,Confirmed
4788,13619,Repeat Claimant,1,64.5,Under Review
4789,1358,Policy-Claim Gap,1,50.9,Under Review
4790,6798,High Claim Ratio,1,14.2,Confirmed
4791,17705,Rapid Settlement,0,63.2,Under Review
4792,17075,Rapid Settlement,1,90.2,Flagged
4793,8527,High Claim Ratio,0,47.4,Flagged
4794,17296,Policy-Claim Gap,0,14.4,Confirmed
4795,19690,Rapid Settlement,1,49.5,Under Review
4796,13722,Repeat Claimant,0,86.1,Under Review
4797,8718,Policy-Claim Gap,0,65.1,Under Review
4798,16067,Amount Rounding,1,47.9,Flagged
4799,14863,Repeat Claimant,0,48.7,Confirmed
4800,10222,Amount Rounding,1,86.7,Under Review
4801,7815,Policy-Claim Gap,1,46.4,Flagged
4802,7439,Rapid Settlement,1,19.1,Confirmed
4803,6847,Amount Rounding,1,70.9,Confirmed
4804,6496,Rapid Settlement,1,6.6,Under Review
4805,2169,Repeat Claimant,1,48.2,Confirmed
4806,7353,Rapid Settlement,0,5.2,Under Review
4807,9563,Repeat Claimant,1,56.7,Cleared
4808,7604,Policy-Claim Gap,1,57.8,Confirmed
4809,18576,Repeat Claimant,0,87.5,Flagged
4810,10277,High Claim Ratio,1,31.7,Flagged
4811,7210,Repeat Claimant,0,26.4,Under Review
4812,12192,High Claim Ratio,1,50.9,Under Review
4813,16689,Rapid Settlement,1,82.3,Flagged
4814,15167,High Claim Ratio,1,23.6,Flagged
4815,4699,Amount Rounding,1,58.1,Flagged
4816,3569,Amount Rounding,0,40.3,Flagged
4817,18000,Rapid Settlement,1,38.3,Under Review
4818,18031,High Claim Ratio,1,72.1,Flagged
4819,2172,High Claim Ratio,0,49.4,Flagged
4820,11706,High Claim Ratio,1,14.6,Flagged
4821,1954,Rapid Settlement,0,53.8,Cleared
4822,13771,Amount Rounding,1,33.1,Cleared
4823,6380,Repeat Claimant,1,23.1,Flagged
4824,11667,High Claim Ratio,1,18.8,Under Review
4825,12657,Rapid Settlement,1,16.4,Flagged
4826,18987,Rapid Settlement,1,22.9,Flagged
4827,16293,Amount Rounding,1,41.9,Under Review
4828,12533,Rapid Settlement,1,44.1,Under Review
4829,18674,High Claim Ratio,1,40.4,Under Review
4830,18527,Amount Rounding,1,89.2,Under Review
4831,17914,Amount Rounding,1,80.8,Confirmed
4832,237,Policy-Claim Gap,1,80.7,Flagged
4833,13680,Policy-Claim Gap,0,23.7,Confirmed
4834,13749,Rapid Settlement,0,38.5,Under Review
4835,3462,Repeat Claimant,1,23.5,Flagged
4836,4551,Rapid Settlement,0,72.0,Flagged
4837,19817,Repeat Claimant,1,87.6,Flagged
4838,5869,Rapid Settlement,0,54.0,Flagged
4839,3028,Policy-Claim Gap,1,86.9,Flagged
4840,4196,Policy-Claim Gap,1,90.1,Flagged
4841,6568,Amount Rounding,0,67.1,Confirmed
4842,1435,Amount Rounding,1,40.5,Under Review
4843,5333,Policy-Claim Gap,0,93.9,Cleared
4844,6228,Policy-Claim Gap,0,22.3,Flagged
4845,8087,Repeat Claimant,0,28.2,Under Review
4846,9138,Repeat Claimant,0,83.6,Confirmed
4847,3915,Rapid Settlement,1,42.6,Flagged
4848,13189,Rapid Settlement,1,19.6,Confirmed
4849,16258,Policy-Claim Gap,1,39.9,Flagged
4850,2195,Policy-Claim Gap,0,11.9,Under Review
4851,11419,Amount Rounding,1,19.2,Under Review
4852,19599,High Claim Ratio,0,47.0,Under Review
4853,4913,High Claim Ratio,0,47.4,Flagged
4854,15256,Rapid Settlement,0,55.0,Flagged
4855,1885,Policy-Claim Gap,1,46.2,Flagged
4856,17074,Policy-Claim Gap,0,38.7,Under Review
4857,2765,Repeat Claimant,1,11.9,Under Review
4858,1465,Rapid Settlement,1,88.0,Flagged
4859,14456,Repeat Claimant,1,17.6,Flagged
4860,4248,Repeat Claimant,1,32.0,Confirmed
4861,17292,Policy-Claim Gap,1,49.1,Confirmed
4862,1485,Repeat Claimant,1,32.3,Flagged
4863,2329,Amount Rounding,1,93.2,Confirmed
4864,3797,Policy-Claim Gap,1,95.1,Under Review
4865,7636,High Claim Ratio,0,82.0,Flagged
4866,4983,Rapid Settlement,1,59.7,Flagged
4867,3403,Repeat Claimant,1,44.3,Confirmed
4868,3938,Amount Rounding,0,70.6,Flagged
4869,5823,Repeat Claimant,1,59.1,Cleared
4870,15257,Policy-Claim Gap,0,14.7,Confirmed
4871,8280,Amount Rounding,1,27.1,Confirmed
4872,6310,High Claim Ratio,1,66.1,Flagged
4873,17953,Amount Rounding,0,66.5,Cleared
4874,3212,Policy-Claim Gap,1,64.1,Under Review
4875,9224,Amount Rounding,0,0.9,Flagged
4876,16375,Amount Rounding,1,12.3,Confirmed
4877,18113,High Claim Ratio,0,31.1,Confirmed
4878,18319,Amount Rounding,1,8.2,Under Review
4879,14209,Repeat Claimant,1,10.4,Confirmed
4880,12845,Policy-Claim Gap,0,23.7,Cleared
4881,6734,Policy-Claim Gap,0,89.0,Cleared
4882,1581,High Claim Ratio,1,87.7,Under Review
4883,15079,Amount Rounding,1,99.3,Flagged
4884,7224,Policy-Claim Gap,1,98.0,Confirmed
4885,12602,High Claim Ratio,1,62.0,Flagged
4886,17103,Policy-Claim Gap,1,38.4,Cleared
4887,13745,Repeat Claimant,1,76.6,Confirmed
4888,16733,High Claim Ratio,1,70.4,Confirmed
4889,1533,Amount Rounding,0,94.5,Confirmed
4890,19587,High Claim Ratio,1,31.3,Confirmed
4891,16378,Repeat Claimant,0,95.6,Flagged
4892,15508,Amount Rounding,0,51.7,Flagged
4893,7219,High Claim Ratio,1,3.0,Flagged
4894,11384,Repeat Claimant,0,61.4,Flagged
4895,15078,Policy-Claim Gap,1,42.8,Confirmed
4896,9360,Amount Rounding,0,58.3,Under Review
4897,16007,Amount Rounding,1,81.5,Flagged
4898,8187,Amount Rounding,1,28.8,Cleared
4899,3026,Rapid Settlement,1,96.1,Under Review
4900,286,Policy-Claim Gap,1,25.3,Flagged
4901,2035,Rapid Settlement,1,67.6,Confirmed
4902,18165,High Claim Ratio,1,27.3,Confirmed
4903,1290,Rapid Settlement,0,8.8,Under Review
4904,4419,Rapid Settlement,1,4.1,Under Review
4905,9664,High Claim Ratio,1,12.7,Under Review
4906,9915,High Claim Ratio,1,72.2,Under Review
4907,427,Amount Rounding,0,84.4,Flagged
4908,8138,Policy-Claim Gap,1,50.0,Confirmed
4909,9999,High Claim Ratio,0,83.9,Confirmed
4910,15970,Rapid Settlement,0,18.0,Confirmed
4911,5824,Amount Rounding,1,27.9,Confirmed
4912,11466,Policy-Claim Gap,1,36.8,Flagged
4913,15235,High Claim Ratio,1,84.8,Cleared
4914,7951,Repeat Claimant,1,89.4,Flagged
4915,6728,High Claim Ratio,0,29.5,Under Review
4916,1344,Policy-Claim Gap,1,99.9,Under Review
4917,17459,Rapid Settlement,0,13.4,Flagged
4918,12766,Repeat Claimant,0,83.8,Under Review
4919,12738,Amount Rounding,0,44.4,Under Review
4920,16527,Amount Rounding,1,98.4,Confirmed
4921,17131,Policy-Claim Gap,1,96.7,Confirmed
4922,1042,Amount Rounding,0,37.6,Under Review
4923,9805,High Claim Ratio,1,43.7,Confirmed
4924,6810,Amount Rounding,1,70.5,Cleared
4925,16432,Amount Rounding,1,78.8,Flagged
4926,14446,Amount Rounding,1,65.0,Confirmed
4927,10115,Amount Rounding,1,16.8,Confirmed
4928,6725,Amount Rounding,0,66.4,Flagged
4929,17685,Policy-Claim Gap,1,37.0,Flagged
4930,9858,Repeat Claimant,1,18.0,Under Review
4931,17680,Repeat Claimant,0,14.4,Flagged
4932,15204,Rapid Settlement,1,26.5,Flagged
4933,3413,Rapid Settlement,0,12.2,Under Review
4934,1449,High Claim Ratio,1,22.4,Flagged
4935,13596,Rapid Settlement,0,25.5,Under Review
4936,2157,Repeat Claimant,1,41.4,Confirmed
4937,15615,Rapid Settlement,0,28.2,Under Review
4938,19321,Policy-Claim Gap,0,67.8,Cleared
4939,12112,Policy-Claim Gap,0,94.3,Under Review
4940,9156,Rapid Settlement,1,97.6,Flagged
4941,18894,Repeat Claimant,0,18.2,Flagged
4942,16021,Repeat Claimant,1,38.9,Under Review
4943,2177,Rapid Settlement,0,5.8,Confirmed
4944,8823,Amount Rounding,1,89.0,Flagged
4945,15717,Repeat Claimant,1,69.3,Under Review
4946,5593,Repeat Claimant,1,4.1,Under Review
4947,13235,Repeat Claimant,1,25.3,Flagged
4948,12240,Amount Rounding,1,4.2,Under Review
4949,1083,Rapid Settlement,1,100.0,Flagged
4950,19032,Rapid Settlement,0,94.5,Flagged
4951,7454,High Claim Ratio,0,63.7,Confirmed
4952,16401,High Claim Ratio,1,93.3,Cleared
4953,8059,Amount Rounding,1,59.4,Flagged
4954,5830,High Claim Ratio,1,21.7,Flagged
4955,6114,Policy-Claim Gap,1,90.0,Confirmed
4956,14343,High Claim Ratio,1,9.8,Flagged
4957,13820,High Claim Ratio,0,7.7,Flagged
4958,9517,Amount Rounding,1,10.3,Cleared
4959,8782,Repeat Claimant,0,79.5,Under Review
4960,12574,Policy-Claim Gap,1,81.0,Flagged
4961,12910,Rapid Settlement,0,93.3,Under Review
4962,3889,Repeat Claimant,1,89.8,Confirmed
4963,17763,Rapid Settlement,0,6.5,Confirmed
4964,15705,Amount Rounding,1,61.4,Confirmed
4965,11426,High Claim Ratio,1,63.8,Under Review
4966,7664,High Claim Ratio,1,64.0,Under Review
4967,16913,High Claim Ratio,1,88.3,Cleared
4968,17662,Amount Rounding,1,26.4,Cleared
4969,18753,Policy-Claim Gap,0,18.0,Under Review
4970,18935,High Claim Ratio,1,17.9,Under Review
4971,9979,Amount Rounding,0,28.2,Flagged
4972,19299,Policy-Claim Gap,1,93.5,Flagged
4973,17216,Amount Rounding,1,52.4,Under Review
4974,7309,Policy-Claim Gap,0,26.9,Flagged
4975,3158,Policy-Claim Gap,1,97.8,Under Review
4976,14215,Policy-Claim Gap,1,71.8,Flagged
4977,10175,High Claim Ratio,0,66.3,Flagged
4978,10421,Rapid Settlement,1,48.5,Flagged
4979,4670,Repeat Claimant,1,50.0,Flagged
4980,13755,High Claim Ratio,1,92.7,Cleared
4981,10712,Rapid Settlement,1,78.0,Flagged
4982,924,High Claim Ratio,1,51.1,Confirmed
4983,2611,Amount Rounding,0,91.5,Flagged
4984,2753,Rapid Settlement,0,47.0,Flagged
4985,8378,Repeat Claimant,1,70.4,Flagged
4986,3659,Repeat Claimant,1,22.6,Under Review
4987,14788,Rapid Settlement,1,96.6,Under Review
4988,15501,Repeat Claimant,1,25.3,Flagged
4989,3562,Amount Rounding,0,99.3,Confirmed
4990,9442,Policy-Claim Gap,0,66.6,Under Review
4991,10618,Amount Rounding,0,1.5,Cleared
4992,9361,Amount Rounding,0,53.5,Confirmed
4993,12541,Policy-Claim Gap,0,34.3,Flagged
4994,19622,Amount Rounding,1,37.1,Flagged
4995,18115,Repeat Claimant,1,33.9,Under Review
4996,14943,Rapid Settlement,1,24.4,Confirmed
4997,5191,Policy-Claim Gap,0,40.9,Confirmed
4998,2395,Repeat Claimant,1,52.4,Confirmed
4999,13259,Rapid Settlement,1,21.3,Flagged
5000,3670,Amount Rounding,1,88.5,Flagged
