policy_id,customer_id,policy_type,premium,sum_assured,tenure_months,start_date,end_date,channel,product_name
1,4252,Motor,9209.0,27227997,43,2024-09-06,2028-03-19,Online,Pol-Motor
2,2149,Motor,6260.0,3334742,40,2025-06-09,2028-09-21,Agent,Pol-Motor
3,748,Motor,9596.0,7322625,30,2024-05-26,2026-11-12,Aggregator,Pol-Motor
4,500,Motor,14829.0,20843109,9,2023-12-06,2024-09-01,Agent,Pol-Motor
5,3357,Motor,5118.0,2348465,6,2024-08-30,2025-02-26,Agent,Pol-Motor
6,386,Motor,17036.0,4786683,25,2024-01-20,2026-02-08,Aggregator,Pol-Motor
7,4234,Health,4298.0,11724196,30,2024-04-27,2026-10-14,Aggregator,Pol-Health
8,4344,Motor,6033.0,1778508,26,2025-07-05,2027-08-24,Agent,Pol-Motor
9,1736,Property,5776.0,6630133,3,2024-03-29,2024-06-27,Agent,Pol-Property
10,2558,Motor,13478.0,4160153,22,2024-04-11,2026-01-31,Online,Pol-Motor
11,4823,Health,4217.0,2383195,42,2025-09-21,2029-03-04,Online,Pol-Health
12,1179,Crop,12479.0,15917179,45,2025-04-27,2029-01-06,Agent,Pol-Crop
13,880,Motor,6686.0,12318634,9,2025-02-19,2025-11-16,Aggregator,Pol-Motor
14,1506,Travel,7857.0,8718268,50,2025-08-31,2029-10-09,Bancassurance,Pol-Travel
15,1007,Health,13263.0,10188395,35,2023-01-10,2025-11-25,Aggregator,Pol-Health
16,3658,Motor,9329.0,3760636,7,2024-02-01,2024-08-29,Online,Pol-Motor
17,2306,Motor,13886.0,5655794,37,2023-12-18,2027-01-01,Bancassurance,Pol-Motor
18,273,Crop,12355.0,2573273,48,2023-08-10,2027-07-20,Agent,Pol-Crop
19,2896,Health,27167.0,10808035,9,2023-07-17,2024-04-12,Bancassurance,Pol-Health
20,3096,Motor,13051.0,2387814,27,2024-04-05,2026-06-24,Aggregator,Pol-Motor
21,2873,Travel,7797.0,3440511,28,2023-05-01,2025-08-18,Aggregator,Pol-Travel
22,1607,Property,7560.0,2146811,45,2023-07-10,2027-03-21,Online,Pol-Property
23,4691,Property,17463.0,6551284,44,2025-09-04,2029-04-16,Agent,Pol-Property
24,2448,Crop,8610.0,4268818,33,2025-04-29,2028-01-14,Aggregator,Pol-Crop
25,2852,Property,9547.0,7742799,56,2024-12-27,2029-08-03,Agent,Pol-Property
26,1325,Motor,13494.0,2966873,59,2023-08-16,2028-06-20,Aggregator,Pol-Motor
27,2058,Health,6304.0,2731888,54,2024-02-16,2028-07-24,Aggregator,Pol-Health
28,3903,Crop,4802.0,7990273,50,2023-06-26,2027-08-04,Agent,Pol-Crop
29,3123,Motor,10004.0,4776284,6,2024-10-07,2025-04-05,Agent,Pol-Motor
30,2767,Motor,5890.0,69536894,17,2023-05-24,2024-10-15,Agent,Pol-Motor
31,2155,Motor,16077.0,9694011,23,2024-02-13,2026-01-03,Agent,Pol-Motor
32,4867,Motor,2214.0,6118828,25,2024-06-07,2026-06-27,Online,Pol-Motor
33,1730,Motor,5866.0,17324993,19,2025-02-02,2026-08-26,Online,Pol-Motor
34,4586,Crop,8784.0,13280688,52,2023-06-19,2027-09-26,Online,Pol-Crop
35,2723,Property,5515.0,6356839,29,2025-07-12,2027-11-29,Online,Pol-Property
36,4571,Motor,15775.0,83581023,31,2023-10-12,2026-04-29,Agent,Pol-Motor
37,4677,Property,8691.0,15253101,6,2025-04-01,2025-09-28,Aggregator,Pol-Property
38,2895,Health,5585.0,1978143,37,2023-12-13,2026-12-27,Aggregator,Pol-Health
39,3364,Motor,8850.0,3991130,34,2025-08-30,2028-06-15,Agent,Pol-Motor
40,1841,Motor,3845.0,1075655,24,2024-04-08,2026-03-29,Aggregator,Pol-Motor
41,1962,Motor,10155.0,1442658,58,2024-08-20,2029-05-26,Partnership,Pol-Motor
42,4425,Property,15186.0,79008462,10,2025-02-26,2025-12-23,Partnership,Pol-Property
43,4863,Motor,7271.0,18193130,58,2025-02-01,2029-11-07,Bancassurance,Pol-Motor
44,4602,Motor,7806.0,1183771,59,2023-10-16,2028-08-20,Bancassurance,Pol-Motor
45,2676,Motor,4452.0,5362944,11,2024-12-11,2025-11-06,Online,Pol-Motor
46,1940,Crop,5355.0,3913360,24,2023-08-16,2025-08-05,Online,Pol-Crop
47,4574,Property,13243.0,58614249,2,2024-05-06,2024-07-05,Partnership,Pol-Property
48,14,Health,7379.0,647284,50,2024-01-28,2028-03-07,Online,Pol-Health
49,4823,Travel,23856.0,3043962,58,2023-04-26,2028-01-30,Bancassurance,Pol-Travel
50,3059,Motor,10422.0,3072908,29,2024-01-30,2026-06-18,Agent,Pol-Motor
51,746,Health,4416.0,2836862,16,2023-12-11,2025-04-04,Partnership,Pol-Health
52,2011,Motor,24710.0,6796823,23,2023-10-16,2025-09-05,Aggregator,Pol-Motor
53,2614,Motor,3811.0,11988462,35,2024-07-07,2027-05-23,Agent,Pol-Motor
54,4571,Crop,6424.0,3371899,57,2025-05-28,2030-02-01,Online,Pol-Crop
55,2947,Property,8491.0,5029088,43,2025-05-01,2028-11-11,Online,Pol-Property
56,4620,Motor,9107.0,2282399,22,2023-08-14,2025-06-04,Aggregator,Pol-Motor
57,3183,Motor,5713.0,2455191,35,2023-11-11,2026-09-26,Agent,Pol-Motor
58,3487,Motor,7827.0,7802858,6,2024-11-29,2025-05-28,Partnership,Pol-Motor
59,4507,Property,15166.0,9065978,56,2024-06-20,2029-01-25,Agent,Pol-Property
60,4079,Motor,15273.0,1024942,23,2025-05-31,2027-04-21,Agent,Pol-Motor
61,1908,Health,19374.0,2797689,23,2024-09-11,2026-08-02,Bancassurance,Pol-Health
62,3992,Crop,5042.0,4031179,30,2025-09-01,2028-02-18,Aggregator,Pol-Crop
63,1648,Motor,9017.0,3810224,37,2024-02-15,2027-03-01,Aggregator,Pol-Motor
64,4777,Crop,9769.0,4249886,42,2024-05-12,2027-10-24,Partnership,Pol-Crop
65,2664,Motor,3123.0,563495,20,2024-04-25,2025-12-16,Agent,Pol-Motor
66,1883,Health,6665.0,14150204,11,2023-08-11,2024-07-06,Bancassurance,Pol-Health
67,329,Property,10259.0,5028344,24,2024-10-16,2026-10-06,Agent,Pol-Property
68,4368,Health,7211.0,67470706,57,2023-03-18,2027-11-22,Aggregator,Pol-Health
69,4271,Motor,5515.0,9486926,18,2023-02-10,2024-08-03,Online,Pol-Motor
70,2206,Travel,9364.0,7605167,27,2025-04-27,2027-07-16,Bancassurance,Pol-Travel
71,4718,Motor,14227.0,2491983,53,2023-08-10,2027-12-17,Agent,Pol-Motor
72,1688,Health,8551.0,3193187,7,2025-09-03,2026-04-01,Aggregator,Pol-Health
73,4330,Motor,2630.0,11097622,48,2023-07-29,2027-07-08,Agent,Pol-Motor
74,4237,Health,14095.0,4201893,21,2024-02-09,2025-10-31,Partnership,Pol-Health
75,2167,Health,4072.0,2888063,56,2023-12-18,2028-07-24,Online,Pol-Health
76,382,Health,4275.0,29512124,15,2024-04-04,2025-06-28,Agent,Pol-Health
77,3593,Motor,8751.0,7537733,8,2024-09-22,2025-05-20,Agent,Pol-Motor
78,1434,Health,8810.0,11013185,28,2023-02-26,2025-06-15,Agent,Pol-Health
79,4145,Motor,5549.0,4087497,21,2025-02-07,2026-10-30,Online,Pol-Motor
80,3882,Motor,11099.0,16155751,8,2025-04-24,2025-12-20,Agent,Pol-Motor
81,3442,Health,7601.0,3344102,28,2024-12-12,2027-04-01,Online,Pol-Health
82,3405,Health,3540.0,15735010,34,2023-02-13,2025-11-29,Online,Pol-Health
83,4245,Motor,4622.0,3600154,47,2025-01-22,2028-12-02,Aggregator,Pol-Motor
84,2205,Health,6562.0,23472833,15,2023-09-07,2024-11-30,Agent,Pol-Health
85,2200,Health,7762.0,17536406,44,2025-04-25,2028-12-05,Agent,Pol-Health
86,3533,Motor,5796.0,3696634,43,2023-03-21,2026-10-01,Partnership,Pol-Motor
87,4472,Health,3015.0,41768808,37,2024-07-15,2027-07-30,Online,Pol-Health
88,2730,Travel,5336.0,6141800,53,2025-02-25,2029-07-04,Agent,Pol-Travel
89,596,Health,10536.0,25423842,27,2024-08-08,2026-10-27,Agent,Pol-Health
90,3911,Property,7821.0,1968086,41,2023-07-10,2026-11-21,Agent,Pol-Property
91,3497,Motor,12019.0,10169581,26,2023-08-11,2025-09-29,Bancassurance,Pol-Motor
92,3120,Property,11196.0,7737494,12,2025-09-22,2026-09-17,Agent,Pol-Property
93,3801,Health,3181.0,3805552,34,2025-08-20,2028-06-05,Bancassurance,Pol-Health
94,2637,Health,5426.0,12831531,31,2023-05-10,2025-11-25,Bancassurance,Pol-Health
95,3071,Crop,10666.0,17458299,3,2024-04-29,2024-07-28,Online,Pol-Crop
96,2824,Motor,9694.0,8756462,26,2023-05-26,2025-07-14,Partnership,Pol-Motor
97,1493,Motor,9668.0,7697198,57,2023-05-22,2028-01-26,Aggregator,Pol-Motor
98,3317,Motor,12434.0,6861560,54,2025-08-19,2030-01-25,Agent,Pol-Motor
99,3903,Property,14277.0,8659952,6,2024-10-25,2025-04-23,Bancassurance,Pol-Property
100,2310,Crop,3159.0,11101169,58,2023-11-14,2028-08-19,Online,Pol-Crop
101,4938,Health,6121.0,10610095,20,2024-07-31,2026-03-23,Bancassurance,Pol-Health
102,4585,Motor,10437.0,9325308,51,2023-01-24,2027-04-03,Agent,Pol-Motor
103,3861,Health,11161.0,3622822,40,2025-08-31,2028-12-13,Agent,Pol-Health
104,3214,Motor,18021.0,13403419,17,2024-11-26,2026-04-20,Agent,Pol-Motor
105,3297,Motor,15876.0,9068830,41,2023-09-14,2027-01-26,Aggregator,Pol-Motor
106,3593,Motor,13367.0,7656182,1,2023-02-15,2023-03-17,Online,Pol-Motor
107,1524,Health,5947.0,4427746,13,2024-09-20,2025-10-15,Online,Pol-Health
108,3556,Health,11548.0,13144563,18,2024-08-09,2026-01-31,Bancassurance,Pol-Health
109,4260,Motor,20349.0,860654,52,2024-06-10,2028-09-17,Partnership,Pol-Motor
110,975,Health,16003.0,5131046,21,2025-06-07,2027-02-27,Aggregator,Pol-Health
111,1671,Travel,9128.0,3803027,52,2024-01-27,2028-05-05,Agent,Pol-Travel
112,4230,Motor,15596.0,3515784,12,2025-07-13,2026-07-08,Online,Pol-Motor
113,4806,Health,8463.0,4260640,44,2024-05-21,2028-01-01,Agent,Pol-Health
114,3895,Health,8512.0,2130051,12,2023-10-13,2024-10-07,Agent,Pol-Health
115,2804,Travel,6774.0,3952581,26,2025-01-15,2027-03-06,Agent,Pol-Travel
116,1532,Health,3790.0,1870437,42,2025-05-06,2028-10-17,Aggregator,Pol-Health
117,3817,Health,12223.0,7826508,40,2025-04-14,2028-07-27,Agent,Pol-Health
118,2213,Property,7218.0,12582662,28,2023-09-14,2026-01-01,Aggregator,Pol-Property
119,4657,Motor,8161.0,13883784,44,2025-09-13,2029-04-25,Partnership,Pol-Motor
120,4080,Health,9803.0,8831229,25,2024-10-25,2026-11-14,Agent,Pol-Health
121,582,Health,5688.0,3253259,21,2025-03-02,2026-11-22,Online,Pol-Health
122,3558,Health,11801.0,1992825,48,2023-04-14,2027-03-24,Partnership,Pol-Health
123,3530,Motor,7057.0,2999907,50,2023-05-11,2027-06-19,Aggregator,Pol-Motor
124,2383,Motor,7200.0,4052296,49,2024-03-24,2028-04-02,Online,Pol-Motor
125,2685,Motor,1552.0,3055923,11,2024-07-22,2025-06-17,Partnership,Pol-Motor
126,231,Property,8206.0,47961329,9,2023-11-23,2024-08-19,Online,Pol-Property
127,1884,Travel,4771.0,10164463,53,2025-02-28,2029-07-07,Agent,Pol-Travel
128,4099,Motor,6359.0,9077264,35,2024-09-22,2027-08-08,Aggregator,Pol-Motor
129,1912,Motor,5172.0,7129137,36,2024-01-09,2026-12-24,Online,Pol-Motor
130,685,Travel,5340.0,3428042,49,2023-09-24,2027-10-03,Online,Pol-Travel
131,4177,Health,6795.0,6100665,29,2024-03-27,2026-08-14,Online,Pol-Health
132,1956,Crop,9711.0,10090517,40,2023-03-23,2026-07-05,Partnership,Pol-Crop
133,1299,Motor,16067.0,12839246,17,2024-01-30,2025-06-23,Agent,Pol-Motor
134,4484,Property,8226.0,7042803,37,2025-01-06,2028-01-21,Online,Pol-Property
135,4923,Property,6045.0,10707801,48,2023-04-17,2027-03-27,Aggregator,Pol-Property
136,1369,Motor,6478.0,3499756,49,2024-09-08,2028-09-17,Online,Pol-Motor
137,2267,Motor,12221.0,1310995,8,2024-07-31,2025-03-28,Agent,Pol-Motor
138,652,Motor,9409.0,17603069,53,2024-03-13,2028-07-20,Aggregator,Pol-Motor
139,2111,Motor,4052.0,3155429,44,2024-12-27,2028-08-08,Online,Pol-Motor
140,3099,Travel,5346.0,3143550,47,2025-09-11,2029-07-22,Aggregator,Pol-Travel
141,2756,Motor,7648.0,2445614,5,2024-06-04,2024-11-01,Agent,Pol-Motor
142,3736,Property,6772.0,7115448,23,2024-06-15,2026-05-06,Online,Pol-Property
143,4049,Property,5610.0,3320125,54,2024-09-13,2029-02-19,Bancassurance,Pol-Property
144,1178,Motor,6723.0,20568730,10,2025-01-20,2025-11-16,Agent,Pol-Motor
145,2258,Health,8510.0,20082049,47,2025-02-15,2028-12-26,Aggregator,Pol-Health
146,1043,Motor,8964.0,7641174,41,2024-12-01,2028-04-14,Partnership,Pol-Motor
147,2557,Motor,7551.0,2873327,47,2025-06-29,2029-05-09,Online,Pol-Motor
148,3685,Travel,11724.0,28729266,15,2024-07-26,2025-10-19,Online,Pol-Travel
149,2936,Motor,9263.0,15231353,16,2025-02-02,2026-05-28,Partnership,Pol-Motor
150,1624,Motor,4443.0,2960280,27,2025-07-18,2027-10-06,Online,Pol-Motor
151,2085,Property,6243.0,7890949,59,2024-10-01,2029-08-06,Agent,Pol-Property
152,2455,Health,6896.0,6982125,32,2025-09-01,2028-04-18,Bancassurance,Pol-Health
153,2472,Health,6835.0,9159661,56,2023-12-19,2028-07-25,Online,Pol-Health
154,4779,Crop,4977.0,6157462,40,2025-01-17,2028-05-01,Aggregator,Pol-Crop
155,2386,Motor,5620.0,5503012,51,2024-10-23,2028-12-31,Aggregator,Pol-Motor
156,1295,Property,11607.0,75891942,45,2023-06-29,2027-03-10,Agent,Pol-Property
157,4069,Crop,4511.0,9228308,46,2025-09-22,2029-07-03,Agent,Pol-Crop
158,919,Motor,6383.0,3005720,35,2025-04-24,2028-03-09,Online,Pol-Motor
159,4748,Health,13816.0,3803136,37,2024-05-24,2027-06-08,Aggregator,Pol-Health
160,1604,Motor,7130.0,29696385,24,2023-06-19,2025-06-08,Online,Pol-Motor
161,2996,Motor,24428.0,4182564,31,2024-06-09,2026-12-26,Online,Pol-Motor
162,3387,Health,16581.0,2456282,51,2024-09-28,2028-12-06,Agent,Pol-Health
163,1082,Health,2495.0,6015118,35,2024-09-09,2027-07-26,Online,Pol-Health
164,376,Crop,4285.0,4858516,16,2025-01-16,2026-05-11,Agent,Pol-Crop
165,1409,Health,7622.0,20297450,40,2023-01-15,2026-04-29,Partnership,Pol-Health
166,2104,Crop,6306.0,24107165,36,2023-02-02,2026-01-17,Agent,Pol-Crop
167,17,Motor,10500.0,4430609,12,2024-05-16,2025-05-11,Aggregator,Pol-Motor
168,433,Motor,10199.0,12207979,16,2024-01-22,2025-05-16,Aggregator,Pol-Motor
169,4051,Travel,3466.0,5157931,49,2023-09-20,2027-09-29,Partnership,Pol-Travel
170,237,Crop,13204.0,2814405,5,2023-10-29,2024-03-27,Online,Pol-Crop
171,307,Motor,19302.0,29243406,47,2025-08-02,2029-06-12,Online,Pol-Motor
172,4529,Health,3719.0,33827703,5,2024-02-28,2024-07-27,Aggregator,Pol-Health
173,24,Motor,6080.0,8030780,20,2023-02-10,2024-10-02,Bancassurance,Pol-Motor
174,3310,Health,6250.0,3335665,48,2023-09-01,2027-08-11,Aggregator,Pol-Health
175,1014,Crop,13723.0,2432245,38,2023-02-22,2026-04-07,Online,Pol-Crop
176,681,Property,15643.0,10672929,36,2024-07-21,2027-07-06,Aggregator,Pol-Property
177,1849,Motor,5910.0,19547747,55,2023-03-10,2027-09-15,Aggregator,Pol-Motor
178,1516,Motor,5832.0,6765433,32,2023-10-09,2026-05-26,Agent,Pol-Motor
179,952,Motor,12189.0,15997139,40,2024-01-07,2027-04-21,Agent,Pol-Motor
180,415,Property,6607.0,4934848,11,2024-04-29,2025-03-25,Aggregator,Pol-Property
181,4849,Health,8217.0,3623536,11,2023-09-15,2024-08-10,Online,Pol-Health
182,1424,Travel,11846.0,7573094,43,2023-11-02,2027-05-15,Agent,Pol-Travel
183,4512,Property,10575.0,986906,49,2023-05-05,2027-05-14,Aggregator,Pol-Property
184,4972,Motor,8481.0,3899014,28,2025-02-07,2027-05-28,Online,Pol-Motor
185,4986,Property,3809.0,12643942,12,2023-03-09,2024-03-03,Aggregator,Pol-Property
186,4773,Health,9908.0,680890,46,2025-07-12,2029-04-22,Aggregator,Pol-Health
187,2448,Motor,12049.0,1907814,31,2024-09-09,2027-03-28,Online,Pol-Motor
188,2189,Motor,10691.0,5379410,40,2024-01-11,2027-04-25,Online,Pol-Motor
189,3192,Travel,3691.0,2075220,30,2025-06-08,2027-11-25,Online,Pol-Travel
190,450,Health,11051.0,3959778,20,2023-02-27,2024-10-19,Online,Pol-Health
191,2936,Property,5152.0,973606,27,2023-02-27,2025-05-17,Agent,Pol-Property
192,3177,Health,2206.0,10822886,25,2023-05-18,2025-06-06,Aggregator,Pol-Health
193,4946,Motor,6787.0,16278383,50,2023-05-23,2027-07-01,Agent,Pol-Motor
194,92,Property,4134.0,1551009,34,2023-10-01,2026-07-17,Agent,Pol-Property
195,4517,Crop,7325.0,7372180,35,2025-01-19,2027-12-05,Online,Pol-Crop
196,2600,Motor,3929.0,5080296,43,2025-07-23,2029-02-02,Aggregator,Pol-Motor
197,2952,Motor,6597.0,9220368,54,2024-12-03,2029-05-11,Partnership,Pol-Motor
198,3126,Health,3256.0,22928667,52,2023-05-20,2027-08-27,Aggregator,Pol-Health
199,3719,Motor,5230.0,2174492,5,2023-07-19,2023-12-16,Agent,Pol-Motor
200,1538,Property,8675.0,18894229,40,2025-06-12,2028-09-24,Agent,Pol-Property
201,3169,Motor,17763.0,27858291,39,2024-11-12,2028-01-26,Partnership,Pol-Motor
202,1896,Property,6375.0,1277748,8,2024-07-30,2025-03-27,Agent,Pol-Property
203,185,Health,7283.0,14823763,19,2024-11-05,2026-05-29,Aggregator,Pol-Health
204,1457,Motor,10928.0,2808738,43,2023-11-22,2027-06-04,Aggregator,Pol-Motor
205,1495,Motor,8979.0,10818712,18,2025-01-28,2026-07-22,Aggregator,Pol-Motor
206,1149,Motor,9210.0,3004571,54,2023-02-15,2027-07-24,Online,Pol-Motor
207,3406,Motor,10399.0,3702596,16,2023-05-24,2024-09-15,Aggregator,Pol-Motor
208,1288,Property,6061.0,3395222,19,2025-07-05,2027-01-26,Aggregator,Pol-Property
209,4948,Motor,4946.0,2560162,15,2024-07-20,2025-10-13,Aggregator,Pol-Motor
210,2239,Health,8430.0,11940483,29,2025-02-19,2027-07-09,Aggregator,Pol-Health
211,1874,Health,2287.0,9404452,15,2025-06-20,2026-09-13,Bancassurance,Pol-Health
212,1751,Motor,2626.0,9619413,29,2023-12-25,2026-05-13,Partnership,Pol-Motor
213,1245,Health,15487.0,4369187,17,2023-04-26,2024-09-17,Online,Pol-Health
214,2247,Property,12935.0,4783423,15,2024-02-17,2025-05-12,Bancassurance,Pol-Property
215,174,Motor,5220.0,8524357,40,2023-05-10,2026-08-22,Online,Pol-Motor
216,4313,Health,3964.0,2941145,11,2024-01-11,2024-12-06,Online,Pol-Health
217,3278,Motor,9616.0,3910395,3,2023-11-01,2024-01-30,Online,Pol-Motor
218,2022,Motor,10421.0,13964374,13,2025-04-15,2026-05-10,Agent,Pol-Motor
219,1397,Motor,4693.0,8621171,38,2025-05-01,2028-06-14,Agent,Pol-Motor
220,174,Motor,6882.0,17225369,9,2023-02-18,2023-11-15,Bancassurance,Pol-Motor
221,3395,Property,2978.0,623476,55,2023-05-16,2027-11-21,Agent,Pol-Property
222,2624,Health,5887.0,22754836,20,2023-07-01,2025-02-20,Aggregator,Pol-Health
223,2889,Motor,6516.0,13962023,54,2023-01-02,2027-06-10,Partnership,Pol-Motor
224,2247,Health,7953.0,14197569,48,2025-06-18,2029-05-28,Online,Pol-Health
225,3079,Health,22200.0,1420666,26,2024-09-22,2026-11-11,Online,Pol-Health
226,3052,Motor,4066.0,3688938,57,2024-05-03,2029-01-07,Agent,Pol-Motor
227,4730,Property,15539.0,4136418,12,2025-05-20,2026-05-15,Partnership,Pol-Property
228,1700,Motor,5482.0,7055400,49,2024-08-16,2028-08-25,Aggregator,Pol-Motor
229,963,Crop,5210.0,30009355,31,2023-06-23,2026-01-08,Agent,Pol-Crop
230,3092,Motor,12360.0,7297541,2,2024-06-28,2024-08-27,Online,Pol-Motor
231,3785,Health,5172.0,17432069,33,2024-06-05,2027-02-20,Online,Pol-Health
232,1845,Travel,4697.0,21258369,16,2025-04-08,2026-08-01,Bancassurance,Pol-Travel
233,4694,Property,9939.0,11286534,5,2024-09-06,2025-02-03,Online,Pol-Property
234,3252,Motor,9285.0,7420370,53,2024-03-16,2028-07-23,Aggregator,Pol-Motor
235,1751,Health,5627.0,18489656,17,2023-03-23,2024-08-14,Aggregator,Pol-Health
236,893,Motor,18005.0,1465800,59,2025-09-05,2030-07-11,Agent,Pol-Motor
237,215,Health,5706.0,10703695,49,2025-09-17,2029-09-26,Agent,Pol-Health
238,3430,Property,3306.0,24061252,56,2025-05-26,2029-12-31,Aggregator,Pol-Property
239,4980,Health,4078.0,6902011,40,2024-12-19,2028-04-02,Online,Pol-Health
240,3645,Motor,4015.0,10262059,32,2023-06-29,2026-02-13,Aggregator,Pol-Motor
241,2616,Health,6078.0,15162904,15,2024-09-24,2025-12-18,Agent,Pol-Health
242,606,Motor,14991.0,4298651,12,2023-12-25,2024-12-19,Online,Pol-Motor
243,552,Motor,2957.0,90582951,17,2025-01-07,2026-06-01,Agent,Pol-Motor
244,4415,Health,17156.0,2031095,10,2023-02-21,2023-12-18,Online,Pol-Health
245,2514,Health,5138.0,1107292,26,2023-03-25,2025-05-13,Bancassurance,Pol-Health
246,4825,Health,5461.0,11237580,44,2023-02-01,2026-09-13,Partnership,Pol-Health
247,1178,Motor,4897.0,3407915,28,2024-09-29,2027-01-17,Aggregator,Pol-Motor
248,4447,Travel,5600.0,6947103,28,2024-01-19,2026-05-08,Agent,Pol-Travel
249,1484,Health,6418.0,7559160,23,2024-03-11,2026-01-30,Bancassurance,Pol-Health
250,3312,Motor,6796.0,8799328,20,2023-10-11,2025-06-02,Agent,Pol-Motor
251,4286,Travel,8379.0,1800786,17,2023-10-09,2025-03-02,Agent,Pol-Travel
252,1546,Crop,2540.0,2998263,52,2024-02-27,2028-06-05,Partnership,Pol-Crop
253,1497,Motor,6763.0,16336521,44,2025-09-24,2029-05-06,Aggregator,Pol-Motor
254,4783,Health,9271.0,3585798,8,2025-07-02,2026-02-27,Agent,Pol-Health
255,73,Health,7027.0,5226037,59,2024-09-13,2029-07-19,Agent,Pol-Health
256,4037,Motor,6344.0,3435502,50,2024-06-06,2028-07-15,Aggregator,Pol-Motor
257,2227,Motor,5636.0,8858052,15,2023-08-23,2024-11-15,Aggregator,Pol-Motor
258,1091,Health,12359.0,3891007,41,2024-08-08,2027-12-21,Agent,Pol-Health
259,1617,Motor,9234.0,24462564,23,2023-03-03,2025-01-21,Online,Pol-Motor
260,4173,Crop,6538.0,2789687,53,2025-06-16,2029-10-23,Agent,Pol-Crop
261,4803,Motor,9448.0,1550372,14,2024-02-23,2025-04-18,Aggregator,Pol-Motor
262,988,Crop,11588.0,1905542,40,2025-07-26,2028-11-07,Online,Pol-Crop
263,2116,Crop,3677.0,15783253,46,2024-08-31,2028-06-11,Bancassurance,Pol-Crop
264,1592,Property,9382.0,1885961,27,2023-04-22,2025-07-10,Agent,Pol-Property
265,588,Motor,4791.0,1646840,43,2023-01-14,2026-07-27,Online,Pol-Motor
266,843,Property,13924.0,11154580,13,2023-05-17,2024-06-10,Agent,Pol-Property
267,3650,Health,4527.0,28343803,39,2023-01-07,2026-03-22,Online,Pol-Health
268,3617,Health,7205.0,38617464,43,2023-01-23,2026-08-05,Agent,Pol-Health
269,1566,Motor,8377.0,5004677,25,2023-11-09,2025-11-28,Online,Pol-Motor
270,3610,Crop,2886.0,351270,26,2024-03-30,2026-05-19,Agent,Pol-Crop
271,2930,Motor,2574.0,4730893,44,2023-07-12,2027-02-21,Aggregator,Pol-Motor
272,722,Health,5921.0,16896233,11,2023-05-28,2024-04-22,Online,Pol-Health
273,1805,Crop,16906.0,2181375,38,2024-07-22,2027-09-05,Partnership,Pol-Crop
274,4420,Health,6663.0,3381343,9,2025-04-01,2025-12-27,Online,Pol-Health
275,3195,Motor,9288.0,7481918,43,2025-07-30,2029-02-09,Agent,Pol-Motor
276,655,Motor,1537.0,16549023,33,2025-01-13,2027-09-30,Agent,Pol-Motor
277,145,Health,11105.0,2359744,51,2023-12-21,2028-02-28,Bancassurance,Pol-Health
278,1697,Motor,9362.0,14937504,16,2024-07-03,2025-10-26,Agent,Pol-Motor
279,4240,Motor,10173.0,10755210,49,2025-03-25,2029-04-03,Aggregator,Pol-Motor
280,2712,Motor,7477.0,4507314,20,2023-09-01,2025-04-23,Online,Pol-Motor
281,893,Property,3867.0,11397947,7,2024-09-14,2025-04-12,Online,Pol-Property
282,2565,Motor,5019.0,14089426,33,2023-01-08,2025-09-24,Online,Pol-Motor
283,4291,Travel,4648.0,25239189,13,2025-09-17,2026-10-12,Online,Pol-Travel
284,3555,Health,9618.0,22211912,47,2023-01-19,2026-11-29,Online,Pol-Health
285,1661,Property,6521.0,2041123,35,2025-08-22,2028-07-07,Agent,Pol-Property
286,3547,Motor,11084.0,8754757,4,2025-07-29,2025-11-26,Aggregator,Pol-Motor
287,4914,Travel,10004.0,5478888,31,2024-06-29,2027-01-15,Agent,Pol-Travel
288,2777,Motor,17632.0,7927474,30,2024-11-14,2027-05-03,Online,Pol-Motor
289,3921,Motor,7733.0,5935205,3,2024-04-08,2024-07-07,Aggregator,Pol-Motor
290,1137,Motor,6546.0,6585083,41,2023-09-20,2027-02-01,Agent,Pol-Motor
291,1300,Motor,7682.0,5626544,27,2025-05-22,2027-08-10,Agent,Pol-Motor
292,2524,Health,1929.0,3245501,32,2023-01-21,2025-09-07,Online,Pol-Health
293,3250,Property,6081.0,7084190,47,2023-02-13,2026-12-24,Online,Pol-Property
294,1661,Motor,9935.0,13048016,38,2023-10-08,2026-11-21,Agent,Pol-Motor
295,1315,Property,6310.0,4808599,58,2025-03-25,2029-12-29,Bancassurance,Pol-Property
296,434,Property,6457.0,3572990,6,2023-05-10,2023-11-06,Online,Pol-Property
297,4513,Crop,6285.0,6894696,57,2025-08-17,2030-04-23,Online,Pol-Crop
298,1859,Motor,16128.0,7982264,8,2023-11-24,2024-07-21,Online,Pol-Motor
299,711,Motor,8367.0,3061982,54,2024-08-17,2029-01-23,Agent,Pol-Motor
300,138,Motor,6749.0,3960346,24,2023-04-16,2025-04-05,Partnership,Pol-Motor
301,3561,Motor,24502.0,2064206,15,2024-09-04,2025-11-28,Agent,Pol-Motor
302,1754,Health,3782.0,7686702,25,2025-04-30,2027-05-20,Bancassurance,Pol-Health
303,2857,Health,5183.0,4238793,27,2024-11-23,2027-02-11,Online,Pol-Health
304,1185,Motor,4241.0,19658157,44,2025-03-31,2028-11-10,Bancassurance,Pol-Motor
305,734,Health,4959.0,9136840,13,2024-03-24,2025-04-18,Aggregator,Pol-Health
306,1852,Motor,13590.0,10625629,20,2025-07-12,2027-03-04,Agent,Pol-Motor
307,1354,Motor,4405.0,6589174,5,2025-05-21,2025-10-18,Aggregator,Pol-Motor
308,395,Motor,7390.0,12638647,38,2024-04-06,2027-05-21,Bancassurance,Pol-Motor
309,2518,Health,9224.0,1326127,7,2024-10-24,2025-05-22,Agent,Pol-Health
310,3328,Health,10283.0,5620725,58,2024-01-27,2028-11-01,Bancassurance,Pol-Health
311,4055,Property,5234.0,4316928,5,2023-02-04,2023-07-04,Agent,Pol-Property
312,2067,Crop,9635.0,16027511,28,2024-04-23,2026-08-11,Aggregator,Pol-Crop
313,4904,Property,5780.0,1812604,37,2023-05-31,2026-06-14,Online,Pol-Property
314,247,Motor,7314.0,7003746,29,2023-10-29,2026-03-17,Aggregator,Pol-Motor
315,3139,Motor,4251.0,18254727,42,2023-03-12,2026-08-23,Bancassurance,Pol-Motor
316,342,Crop,3778.0,5266190,37,2024-05-28,2027-06-12,Agent,Pol-Crop
317,2972,Property,8682.0,5240554,59,2023-07-30,2028-06-03,Aggregator,Pol-Property
318,3769,Property,24014.0,7383960,7,2023-04-02,2023-10-29,Agent,Pol-Property
319,2435,Property,6181.0,4741202,46,2024-07-03,2028-04-13,Bancassurance,Pol-Property
320,342,Motor,7178.0,8277717,26,2023-02-05,2025-03-26,Online,Pol-Motor
321,108,Crop,9914.0,15605491,47,2024-03-11,2028-01-20,Online,Pol-Crop
322,4729,Motor,12418.0,7692105,58,2024-04-25,2029-01-29,Aggregator,Pol-Motor
323,4692,Motor,12738.0,5636885,19,2024-01-16,2025-08-08,Aggregator,Pol-Motor
324,1797,Motor,9574.0,11738002,10,2024-11-26,2025-09-22,Online,Pol-Motor
325,4681,Health,6716.0,22737999,56,2024-06-13,2029-01-18,Aggregator,Pol-Health
326,2525,Health,10298.0,3212488,42,2024-02-26,2027-08-09,Online,Pol-Health
327,2385,Health,8915.0,31800572,20,2023-05-18,2025-01-07,Partnership,Pol-Health
328,3532,Health,7113.0,3418315,46,2025-03-04,2028-12-13,Aggregator,Pol-Health
329,2361,Health,11571.0,8060481,31,2024-10-01,2027-04-19,Online,Pol-Health
330,609,Motor,9077.0,7717006,36,2023-07-26,2026-07-10,Agent,Pol-Motor
331,2642,Health,5167.0,8133189,46,2023-11-11,2027-08-22,Aggregator,Pol-Health
332,2348,Property,4305.0,1309706,6,2025-05-13,2025-11-09,Agent,Pol-Property
333,2740,Health,3310.0,1879224,15,2024-04-09,2025-07-03,Partnership,Pol-Health
334,4824,Health,4578.0,4012410,24,2025-02-07,2027-01-28,Agent,Pol-Health
335,4332,Health,7445.0,3169672,30,2025-06-29,2027-12-16,Bancassurance,Pol-Health
336,211,Motor,12240.0,9101555,9,2024-08-24,2025-05-21,Online,Pol-Motor
337,286,Health,6918.0,16752853,1,2025-09-20,2025-10-20,Agent,Pol-Health
338,2471,Motor,8499.0,899411,50,2023-04-28,2027-06-06,Partnership,Pol-Motor
339,494,Health,9904.0,2013251,47,2023-11-20,2027-09-30,Aggregator,Pol-Health
340,1018,Health,3992.0,3508056,15,2023-08-07,2024-10-30,Online,Pol-Health
341,3491,Motor,5907.0,2055821,58,2025-07-24,2030-04-29,Aggregator,Pol-Motor
342,2885,Health,4098.0,4179027,6,2023-09-20,2024-03-18,Agent,Pol-Health
343,2815,Crop,6196.0,2604068,15,2023-06-13,2024-09-05,Aggregator,Pol-Crop
344,1990,Motor,8371.0,8756393,59,2025-01-18,2029-11-23,Agent,Pol-Motor
345,523,Travel,7625.0,64873909,7,2024-09-19,2025-04-17,Agent,Pol-Travel
346,4915,Travel,4858.0,2607890,46,2023-08-09,2027-05-20,Online,Pol-Travel
347,2367,Property,9631.0,17419857,27,2023-10-31,2026-01-18,Online,Pol-Property
348,3451,Property,8362.0,60367749,10,2025-07-05,2026-05-01,Online,Pol-Property
349,1657,Health,9084.0,3076615,32,2025-04-07,2027-11-23,Aggregator,Pol-Health
350,3065,Health,7925.0,39271398,21,2024-10-16,2026-07-08,Aggregator,Pol-Health
351,2743,Travel,5036.0,2553342,44,2024-06-02,2028-01-13,Agent,Pol-Travel
352,590,Motor,3997.0,17100458,37,2023-08-27,2026-09-10,Online,Pol-Motor
353,635,Motor,8905.0,2724870,54,2025-05-23,2029-10-29,Bancassurance,Pol-Motor
354,4041,Motor,9063.0,1051183,38,2024-04-20,2027-06-04,Bancassurance,Pol-Motor
355,208,Property,7619.0,14247850,36,2024-12-01,2027-11-16,Online,Pol-Property
356,2234,Motor,20999.0,8926949,14,2024-06-04,2025-07-29,Agent,Pol-Motor
357,977,Motor,5829.0,5188484,42,2024-11-23,2028-05-06,Agent,Pol-Motor
358,2065,Property,8706.0,1257990,39,2025-05-11,2028-07-24,Bancassurance,Pol-Property
359,1314,Health,7755.0,18202417,41,2023-08-31,2027-01-12,Aggregator,Pol-Health
360,4350,Health,7210.0,14789028,48,2023-09-06,2027-08-16,Agent,Pol-Health
361,971,Motor,4306.0,1074391,14,2025-01-05,2026-03-01,Agent,Pol-Motor
362,4707,Motor,6407.0,6788985,2,2024-09-11,2024-11-10,Agent,Pol-Motor
363,1480,Motor,11870.0,9082107,24,2024-12-17,2026-12-07,Online,Pol-Motor
364,1171,Health,9847.0,1986875,10,2023-06-23,2024-04-18,Aggregator,Pol-Health
365,4980,Property,11228.0,13654732,42,2025-01-06,2028-06-19,Online,Pol-Property
366,3186,Property,5409.0,52426215,6,2025-08-19,2026-02-15,Aggregator,Pol-Property
367,1400,Motor,11645.0,14561826,3,2023-03-25,2023-06-23,Online,Pol-Motor
368,4602,Crop,4241.0,26794998,34,2023-04-19,2026-02-02,Agent,Pol-Crop
369,3394,Motor,6648.0,12444468,26,2025-07-06,2027-08-25,Online,Pol-Motor
370,2376,Motor,4406.0,1996470,10,2025-03-13,2026-01-07,Agent,Pol-Motor
371,4445,Crop,17799.0,11749754,38,2023-03-31,2026-05-14,Bancassurance,Pol-Crop
372,199,Motor,7948.0,1692876,54,2023-05-11,2027-10-17,Aggregator,Pol-Motor
373,3249,Property,11769.0,3436946,21,2024-02-29,2025-11-20,Agent,Pol-Property
374,1148,Motor,8964.0,4344600,52,2025-03-29,2029-07-06,Partnership,Pol-Motor
375,4707,Motor,9573.0,3922520,25,2023-01-21,2025-02-09,Online,Pol-Motor
376,4036,Health,4349.0,2650116,2,2024-06-24,2024-08-23,Online,Pol-Health
377,2283,Motor,7102.0,4304612,36,2025-01-24,2028-01-09,Aggregator,Pol-Motor
378,1726,Motor,4270.0,4838079,1,2023-09-14,2023-10-14,Partnership,Pol-Motor
379,1318,Health,5804.0,17212100,44,2023-05-29,2027-01-08,Aggregator,Pol-Health
380,4881,Motor,7421.0,7934629,42,2023-04-21,2026-10-02,Agent,Pol-Motor
381,3969,Property,4586.0,13192805,36,2025-04-16,2028-03-31,Online,Pol-Property
382,3090,Property,3827.0,4369770,44,2025-01-16,2028-08-28,Agent,Pol-Property
383,1427,Health,3975.0,12875999,24,2024-08-01,2026-07-22,Aggregator,Pol-Health
384,2429,Motor,9975.0,952682,10,2023-11-09,2024-09-04,Online,Pol-Motor
385,1842,Health,6204.0,1705326,51,2024-08-24,2028-11-01,Bancassurance,Pol-Health
386,4864,Property,3812.0,13375932,35,2023-06-21,2026-05-06,Aggregator,Pol-Property
387,3894,Motor,7040.0,3159585,22,2024-10-29,2026-08-20,Agent,Pol-Motor
388,2145,Motor,10353.0,5941289,46,2023-12-22,2027-10-02,Online,Pol-Motor
389,1494,Crop,6810.0,657771,47,2024-04-27,2028-03-07,Agent,Pol-Crop
390,705,Health,3537.0,3824106,34,2024-03-04,2026-12-19,Online,Pol-Health
391,1769,Health,6580.0,1752610,32,2025-09-07,2028-04-24,Agent,Pol-Health
392,1070,Motor,4799.0,2924881,16,2023-03-03,2024-06-25,Aggregator,Pol-Motor
393,3875,Property,8115.0,6020633,30,2024-02-11,2026-07-30,Agent,Pol-Property
394,2284,Motor,5944.0,5909652,36,2025-06-16,2028-05-31,Bancassurance,Pol-Motor
395,769,Crop,7958.0,4335524,59,2025-03-25,2030-01-28,Bancassurance,Pol-Crop
396,3724,Motor,3013.0,12153117,31,2023-03-10,2025-09-25,Online,Pol-Motor
397,260,Crop,7392.0,3629954,30,2023-11-19,2026-05-07,Online,Pol-Crop
398,2944,Motor,6238.0,4252215,5,2023-09-22,2024-02-19,Online,Pol-Motor
399,1588,Health,4571.0,1837592,24,2023-02-25,2025-02-14,Agent,Pol-Health
400,84,Crop,7342.0,16068171,46,2024-07-06,2028-04-16,Aggregator,Pol-Crop
401,4506,Motor,6088.0,2594458,36,2023-12-08,2026-11-22,Agent,Pol-Motor
402,3562,Motor,6870.0,1513500,27,2023-01-20,2025-04-09,Agent,Pol-Motor
403,1640,Crop,4338.0,1806601,14,2023-03-01,2024-04-24,Online,Pol-Crop
404,2394,Motor,7654.0,6432856,37,2024-07-06,2027-07-21,Online,Pol-Motor
405,2971,Property,2814.0,4946931,13,2025-03-14,2026-04-08,Online,Pol-Property
406,2685,Motor,6423.0,4407963,20,2023-11-20,2025-07-12,Agent,Pol-Motor
407,2231,Health,6944.0,13311209,28,2025-07-18,2027-11-05,Agent,Pol-Health
408,3399,Motor,16344.0,2224050,51,2025-05-13,2029-07-21,Agent,Pol-Motor
409,3638,Property,6158.0,8413452,6,2024-12-19,2025-06-17,Aggregator,Pol-Property
410,814,Motor,15586.0,5868743,9,2023-05-23,2024-02-17,Online,Pol-Motor
411,3748,Health,12389.0,7778972,22,2025-08-17,2027-06-08,Agent,Pol-Health
412,896,Motor,6600.0,5970093,23,2024-04-09,2026-02-28,Aggregator,Pol-Motor
413,661,Health,7069.0,2745960,8,2023-10-25,2024-06-21,Bancassurance,Pol-Health
414,2850,Motor,4089.0,727558,1,2025-07-14,2025-08-13,Online,Pol-Motor
415,2426,Motor,5229.0,11195195,7,2023-04-10,2023-11-06,Agent,Pol-Motor
416,1111,Health,7882.0,5347916,56,2023-01-13,2027-08-20,Agent,Pol-Health
417,3746,Motor,5983.0,6016410,12,2024-08-04,2025-07-30,Online,Pol-Motor
418,1159,Crop,10929.0,5244855,39,2025-03-09,2028-05-22,Agent,Pol-Crop
419,2138,Property,9753.0,1420675,17,2025-07-04,2026-11-26,Partnership,Pol-Property
420,4916,Health,8140.0,6609355,50,2024-02-04,2028-03-14,Bancassurance,Pol-Health
421,1841,Motor,9887.0,5537138,16,2023-10-03,2025-01-25,Agent,Pol-Motor
422,1911,Health,8693.0,5052250,4,2025-04-13,2025-08-11,Agent,Pol-Health
423,3665,Motor,7284.0,25258439,37,2024-10-17,2027-11-01,Agent,Pol-Motor
424,2911,Property,4980.0,6014879,9,2025-03-13,2025-12-08,Online,Pol-Property
425,743,Motor,18139.0,4818235,9,2023-07-09,2024-04-04,Aggregator,Pol-Motor
426,3161,Motor,10003.0,4700800,27,2024-04-11,2026-06-30,Online,Pol-Motor
427,1317,Motor,8643.0,2056416,12,2023-09-10,2024-09-04,Online,Pol-Motor
428,4542,Travel,4904.0,6110693,34,2023-06-16,2026-04-01,Agent,Pol-Travel
429,3806,Property,24218.0,6875453,23,2025-01-09,2026-11-30,Agent,Pol-Property
430,1041,Motor,5089.0,2969391,35,2023-08-12,2026-06-27,Aggregator,Pol-Motor
431,1732,Travel,7440.0,10526080,40,2024-03-06,2027-06-19,Agent,Pol-Travel
432,1656,Motor,7584.0,8352024,9,2024-09-02,2025-05-30,Online,Pol-Motor
433,1568,Property,3710.0,4861321,43,2025-01-26,2028-08-08,Aggregator,Pol-Property
434,1811,Health,9119.0,11364639,13,2025-02-10,2026-03-07,Aggregator,Pol-Health
435,2329,Crop,8655.0,3811911,52,2025-03-11,2029-06-18,Online,Pol-Crop
436,3017,Motor,4281.0,11051682,50,2024-12-10,2029-01-18,Aggregator,Pol-Motor
437,1495,Health,10544.0,3471312,46,2025-06-03,2029-03-14,Aggregator,Pol-Health
438,605,Health,4505.0,22350367,58,2024-01-11,2028-10-16,Agent,Pol-Health
439,478,Motor,6229.0,3185140,57,2025-07-16,2030-03-22,Aggregator,Pol-Motor
440,4706,Motor,4954.0,4678486,43,2024-12-07,2028-06-19,Aggregator,Pol-Motor
441,142,Property,9913.0,2472512,2,2023-02-21,2023-04-22,Agent,Pol-Property
442,4656,Health,9403.0,8835183,47,2025-02-27,2029-01-07,Aggregator,Pol-Health
443,2099,Health,4160.0,1936434,2,2025-05-21,2025-07-20,Agent,Pol-Health
444,2571,Motor,5437.0,4849515,29,2025-03-04,2027-07-22,Aggregator,Pol-Motor
445,4027,Motor,5477.0,1553246,45,2024-07-12,2028-03-23,Online,Pol-Motor
446,1287,Property,10128.0,8739179,57,2024-01-26,2028-10-01,Agent,Pol-Property
447,4805,Property,5129.0,9169771,22,2025-05-20,2027-03-11,Aggregator,Pol-Property
448,1210,Property,6888.0,6030384,43,2025-07-16,2029-01-26,Online,Pol-Property
449,808,Property,6520.0,3345974,21,2023-04-11,2024-12-31,Agent,Pol-Property
450,2129,Property,6221.0,10066303,59,2025-06-09,2030-04-14,Agent,Pol-Property
451,3806,Motor,17332.0,2308089,47,2025-04-26,2029-03-06,Agent,Pol-Motor
452,4505,Motor,5225.0,2759764,6,2023-09-17,2024-03-15,Agent,Pol-Motor
453,974,Property,6542.0,10033915,47,2024-12-21,2028-10-31,Bancassurance,Pol-Property
454,2939,Motor,8791.0,8798796,57,2023-06-15,2028-02-19,Partnership,Pol-Motor
455,86,Travel,5928.0,8831456,28,2025-01-30,2027-05-20,Online,Pol-Travel
456,1797,Crop,5464.0,42627486,16,2023-12-04,2025-03-28,Bancassurance,Pol-Crop
457,1308,Health,8687.0,6285157,1,2024-12-21,2025-01-20,Agent,Pol-Health
458,460,Motor,10846.0,3760368,23,2023-12-28,2025-11-17,Online,Pol-Motor
459,2509,Health,14063.0,4742580,8,2025-06-03,2026-01-29,Online,Pol-Health
460,1145,Property,6641.0,814755,52,2025-06-02,2029-09-09,Aggregator,Pol-Property
461,3889,Property,4988.0,7633041,8,2023-05-22,2024-01-17,Aggregator,Pol-Property
462,4665,Motor,4970.0,19227269,42,2023-02-21,2026-08-04,Online,Pol-Motor
463,3261,Property,14785.0,3943627,1,2025-02-07,2025-03-09,Partnership,Pol-Property
464,4646,Health,8626.0,17532185,11,2024-02-21,2025-01-16,Online,Pol-Health
465,1410,Motor,4868.0,2252045,8,2024-10-18,2025-06-15,Agent,Pol-Motor
466,4267,Motor,5220.0,2677545,47,2024-11-02,2028-09-12,Aggregator,Pol-Motor
467,1354,Health,4207.0,2668293,51,2023-10-23,2027-12-31,Bancassurance,Pol-Health
468,4131,Motor,7048.0,1442916,31,2024-01-04,2026-07-22,Online,Pol-Motor
469,1225,Motor,9332.0,20019551,46,2024-11-12,2028-08-23,Online,Pol-Motor
470,1192,Motor,15881.0,8568832,36,2023-06-08,2026-05-23,Aggregator,Pol-Motor
471,1533,Crop,12611.0,9426010,8,2024-09-05,2025-05-03,Agent,Pol-Crop
472,1917,Motor,7467.0,2808610,24,2025-03-17,2027-03-07,Online,Pol-Motor
473,3318,Motor,5187.0,11040031,27,2024-02-15,2026-05-05,Online,Pol-Motor
474,1248,Motor,9223.0,3412885,29,2023-06-30,2025-11-16,Aggregator,Pol-Motor
475,2618,Property,3026.0,3557298,44,2025-03-26,2028-11-05,Online,Pol-Property
476,4633,Property,4945.0,14148843,18,2025-06-07,2026-11-29,Aggregator,Pol-Property
477,2026,Property,10073.0,2516587,9,2023-12-03,2024-08-29,Agent,Pol-Property
478,3512,Health,11361.0,2194697,36,2024-04-22,2027-04-07,Aggregator,Pol-Health
479,4640,Health,14104.0,1971970,38,2025-01-12,2028-02-26,Aggregator,Pol-Health
480,3693,Health,6929.0,4724866,14,2024-10-07,2025-12-01,Aggregator,Pol-Health
481,4841,Health,14019.0,34480838,13,2024-03-16,2025-04-10,Agent,Pol-Health
482,4629,Motor,6051.0,4265576,40,2024-12-15,2028-03-29,Bancassurance,Pol-Motor
483,3484,Health,5817.0,1672170,52,2025-06-20,2029-09-27,Online,Pol-Health
484,3324,Motor,8550.0,3070879,24,2023-08-10,2025-07-30,Online,Pol-Motor
485,1939,Crop,12981.0,3546036,39,2023-03-23,2026-06-05,Agent,Pol-Crop
486,1016,Health,11726.0,5623216,14,2025-03-19,2026-05-13,Online,Pol-Health
487,2584,Health,12292.0,7472903,8,2024-01-23,2024-09-19,Agent,Pol-Health
488,928,Health,9541.0,818142,12,2024-04-24,2025-04-19,Online,Pol-Health
489,1512,Property,11844.0,1791950,52,2024-06-04,2028-09-11,Online,Pol-Property
490,1738,Health,7436.0,1673627,31,2023-03-08,2025-09-23,Partnership,Pol-Health
491,3039,Health,8586.0,13492295,34,2024-06-22,2027-04-08,Online,Pol-Health
492,1722,Motor,29542.0,2162712,36,2023-11-19,2026-11-03,Online,Pol-Motor
493,2767,Motor,11377.0,6931798,21,2023-02-15,2024-11-06,Online,Pol-Motor
494,4703,Motor,7406.0,8196578,4,2024-04-19,2024-08-17,Agent,Pol-Motor
495,3420,Motor,10956.0,3421905,11,2024-11-23,2025-10-19,Online,Pol-Motor
496,2826,Crop,4325.0,606292,56,2023-07-03,2028-02-07,Online,Pol-Crop
497,4422,Property,6243.0,15478640,42,2023-07-04,2026-12-15,Online,Pol-Property
498,2735,Motor,6625.0,17523617,37,2025-09-22,2028-10-06,Bancassurance,Pol-Motor
499,219,Motor,5123.0,5290255,41,2024-04-05,2027-08-18,Aggregator,Pol-Motor
500,522,Health,17765.0,2913351,7,2025-06-12,2026-01-08,Online,Pol-Health
501,405,Health,9294.0,27118494,55,2024-09-15,2029-03-23,Aggregator,Pol-Health
502,580,Property,9823.0,2831778,12,2024-10-09,2025-10-04,Bancassurance,Pol-Property
503,4886,Health,6960.0,11023050,5,2023-01-14,2023-06-13,Partnership,Pol-Health
504,1855,Crop,4120.0,1403439,3,2025-09-12,2025-12-11,Online,Pol-Crop
505,4422,Motor,7104.0,8144571,32,2023-12-23,2026-08-09,Online,Pol-Motor
506,3698,Motor,5936.0,1674395,40,2023-11-09,2027-02-21,Partnership,Pol-Motor
507,1836,Travel,4412.0,7578297,52,2024-06-24,2028-10-01,Bancassurance,Pol-Travel
508,158,Motor,10719.0,5407191,35,2025-06-17,2028-05-02,Online,Pol-Motor
509,3176,Motor,6418.0,3876698,36,2024-04-16,2027-04-01,Online,Pol-Motor
510,1622,Motor,3011.0,3780471,12,2025-06-29,2026-06-24,Bancassurance,Pol-Motor
511,3678,Health,7335.0,14291920,30,2023-12-23,2026-06-10,Online,Pol-Health
512,806,Motor,7403.0,4991796,33,2023-05-22,2026-02-05,Aggregator,Pol-Motor
513,1306,Crop,10689.0,7691169,40,2025-05-21,2028-09-02,Bancassurance,Pol-Crop
514,2195,Travel,7786.0,69897649,41,2024-04-23,2027-09-05,Online,Pol-Travel
515,514,Crop,5397.0,1748469,3,2025-02-17,2025-05-18,Online,Pol-Crop
516,504,Motor,9405.0,2694036,26,2024-01-16,2026-03-06,Aggregator,Pol-Motor
517,4509,Travel,5301.0,1220049,38,2023-10-09,2026-11-22,Aggregator,Pol-Travel
518,2640,Property,10432.0,1169625,52,2023-07-12,2027-10-19,Online,Pol-Property
519,766,Motor,13067.0,29948529,41,2023-10-08,2027-02-19,Agent,Pol-Motor
520,237,Motor,2122.0,3696167,34,2023-03-03,2025-12-17,Partnership,Pol-Motor
521,4492,Health,5041.0,503593,3,2024-10-22,2025-01-20,Online,Pol-Health
522,2005,Property,9250.0,4179125,14,2023-11-03,2024-12-27,Agent,Pol-Property
523,1800,Motor,7678.0,3455278,45,2023-04-08,2026-12-18,Agent,Pol-Motor
524,3388,Health,14024.0,2096018,46,2024-08-01,2028-05-12,Bancassurance,Pol-Health
525,4000,Travel,13704.0,3623615,14,2024-01-04,2025-02-27,Agent,Pol-Travel
526,1447,Motor,11650.0,6211245,17,2024-03-13,2025-08-05,Agent,Pol-Motor
527,132,Motor,3155.0,3726141,15,2023-09-20,2024-12-13,Bancassurance,Pol-Motor
528,3676,Crop,6758.0,11603574,12,2024-06-06,2025-06-01,Aggregator,Pol-Crop
529,2035,Motor,10100.0,5099196,39,2024-04-23,2027-07-07,Agent,Pol-Motor
530,4214,Travel,7236.0,5455333,41,2025-05-07,2028-09-18,Partnership,Pol-Travel
531,4734,Property,6884.0,4533013,44,2025-03-01,2028-10-11,Bancassurance,Pol-Property
532,2045,Motor,13613.0,1775405,30,2025-09-02,2028-02-19,Online,Pol-Motor
533,4435,Motor,8771.0,1840388,49,2023-08-30,2027-09-08,Online,Pol-Motor
534,1459,Motor,6463.0,6008157,59,2024-04-11,2029-02-14,Online,Pol-Motor
535,2023,Motor,4053.0,2723945,51,2023-05-28,2027-08-05,Online,Pol-Motor
536,1949,Property,17330.0,9230921,7,2025-08-11,2026-03-09,Aggregator,Pol-Property
537,1621,Health,8529.0,3986316,48,2023-04-29,2027-04-08,Agent,Pol-Health
538,4772,Property,5806.0,2688254,35,2023-11-26,2026-10-11,Agent,Pol-Property
539,3814,Health,11680.0,6803988,51,2025-03-22,2029-05-30,Agent,Pol-Health
540,2162,Health,3289.0,5523442,51,2023-04-30,2027-07-08,Online,Pol-Health
541,4402,Travel,17607.0,1212950,52,2023-07-04,2027-10-11,Online,Pol-Travel
542,1758,Property,9952.0,1047413,31,2024-09-13,2027-04-01,Agent,Pol-Property
543,4719,Crop,21964.0,9012573,52,2024-06-17,2028-09-24,Agent,Pol-Crop
544,4151,Motor,10062.0,2762613,40,2025-09-09,2028-12-22,Aggregator,Pol-Motor
545,524,Property,8261.0,6178871,37,2025-02-14,2028-02-29,Agent,Pol-Property
546,2482,Health,5420.0,6643772,14,2023-04-13,2024-06-06,Agent,Pol-Health
547,4286,Travel,5889.0,15918413,51,2023-01-13,2027-03-23,Online,Pol-Travel
548,4485,Health,3943.0,23786063,58,2023-11-29,2028-09-03,Aggregator,Pol-Health
549,346,Motor,19706.0,1924883,28,2025-06-21,2027-10-09,Agent,Pol-Motor
550,2313,Motor,7835.0,4712326,53,2023-10-12,2028-02-18,Online,Pol-Motor
551,1699,Motor,11329.0,4822546,12,2025-07-29,2026-07-24,Agent,Pol-Motor
552,141,Motor,12268.0,21149503,41,2025-02-15,2028-06-29,Online,Pol-Motor
553,4335,Health,6555.0,1475487,6,2025-05-07,2025-11-03,Online,Pol-Health
554,1122,Crop,4909.0,19619134,4,2023-05-14,2023-09-11,Online,Pol-Crop
555,2884,Motor,5124.0,8942837,33,2024-06-28,2027-03-15,Partnership,Pol-Motor
556,1035,Motor,3383.0,3287318,56,2023-10-12,2028-05-18,Partnership,Pol-Motor
557,4274,Crop,4191.0,11817100,5,2025-04-30,2025-09-27,Bancassurance,Pol-Crop
558,983,Motor,9581.0,3846136,9,2025-03-10,2025-12-05,Online,Pol-Motor
559,2445,Travel,12229.0,1258638,39,2025-07-05,2028-09-17,Bancassurance,Pol-Travel
560,3461,Motor,7352.0,6009669,18,2024-11-27,2026-05-21,Bancassurance,Pol-Motor
561,2585,Health,11635.0,4248706,32,2023-09-30,2026-05-17,Online,Pol-Health
562,4734,Motor,11773.0,3481798,31,2024-09-01,2027-03-20,Agent,Pol-Motor
563,2314,Travel,6266.0,2645588,34,2024-04-11,2027-01-26,Online,Pol-Travel
564,1157,Crop,12628.0,9378084,40,2025-04-08,2028-07-21,Agent,Pol-Crop
565,1578,Property,6759.0,5317917,27,2025-04-22,2027-07-11,Bancassurance,Pol-Property
566,3033,Motor,5917.0,3513246,37,2023-03-01,2026-03-15,Aggregator,Pol-Motor
567,1308,Travel,7655.0,3121999,37,2024-11-06,2027-11-21,Online,Pol-Travel
568,4235,Travel,3624.0,3562603,54,2024-01-09,2028-06-16,Online,Pol-Travel
569,4165,Health,7199.0,3190371,39,2024-10-24,2028-01-07,Online,Pol-Health
570,2853,Health,2312.0,3738068,44,2025-02-05,2028-09-17,Bancassurance,Pol-Health
571,2225,Travel,10277.0,10365698,13,2023-12-09,2025-01-02,Partnership,Pol-Travel
572,3445,Health,3839.0,3858214,4,2023-12-20,2024-04-18,Agent,Pol-Health
573,4641,Motor,7308.0,6187391,9,2025-09-21,2026-06-18,Agent,Pol-Motor
574,1252,Crop,15401.0,3812194,8,2024-02-05,2024-10-02,Agent,Pol-Crop
575,1672,Health,7598.0,1091802,46,2023-09-26,2027-07-07,Agent,Pol-Health
576,1396,Travel,2845.0,6560796,6,2025-01-05,2025-07-04,Agent,Pol-Travel
577,1015,Health,7822.0,2828869,33,2025-04-28,2028-01-13,Aggregator,Pol-Health
578,4742,Motor,6452.0,9824565,6,2023-09-19,2024-03-17,Agent,Pol-Motor
579,3215,Health,11683.0,23903542,48,2025-01-25,2029-01-04,Online,Pol-Health
580,757,Property,6928.0,2972300,17,2023-07-10,2024-12-01,Online,Pol-Property
581,2032,Motor,12805.0,12172610,37,2024-11-13,2027-11-28,Online,Pol-Motor
582,2621,Health,9116.0,3719589,13,2024-03-01,2025-03-26,Agent,Pol-Health
583,2430,Motor,11355.0,4086490,22,2024-05-10,2026-03-01,Online,Pol-Motor
584,4567,Health,6998.0,7572540,50,2024-11-13,2028-12-22,Agent,Pol-Health
585,1232,Travel,13929.0,918104,19,2025-09-22,2027-04-15,Online,Pol-Travel
586,4025,Health,5677.0,1141844,28,2024-10-26,2027-02-13,Bancassurance,Pol-Health
587,35,Health,2932.0,5675492,55,2025-04-03,2029-10-09,Bancassurance,Pol-Health
588,3675,Motor,4240.0,510569,53,2025-08-04,2029-12-11,Agent,Pol-Motor
589,21,Health,7788.0,14313860,58,2023-03-08,2027-12-12,Agent,Pol-Health
590,2313,Health,8395.0,17922006,43,2024-07-21,2028-02-01,Agent,Pol-Health
591,3472,Property,7924.0,7409413,25,2024-09-14,2026-10-04,Online,Pol-Property
592,457,Crop,13485.0,4791557,44,2024-12-03,2028-07-15,Aggregator,Pol-Crop
593,2998,Health,8059.0,14622536,8,2023-01-15,2023-09-12,Online,Pol-Health
594,4479,Travel,8645.0,3547108,45,2024-03-22,2027-12-02,Agent,Pol-Travel
595,2583,Crop,11969.0,3838928,58,2023-10-29,2028-08-03,Agent,Pol-Crop
596,1063,Motor,3171.0,4763314,32,2025-02-03,2027-09-21,Online,Pol-Motor
597,1591,Health,10525.0,2559268,47,2024-06-13,2028-04-23,Agent,Pol-Health
598,1866,Crop,14160.0,17234175,57,2024-06-05,2029-02-09,Agent,Pol-Crop
599,47,Travel,10496.0,16760423,11,2024-10-06,2025-09-01,Online,Pol-Travel
600,4842,Motor,8583.0,2310981,38,2024-02-26,2027-04-11,Online,Pol-Motor
601,4635,Property,10954.0,2744964,18,2024-04-13,2025-10-05,Online,Pol-Property
602,4775,Health,2507.0,3935929,48,2023-06-21,2027-05-31,Online,Pol-Health
603,3989,Motor,6872.0,15900742,27,2023-05-09,2025-07-27,Online,Pol-Motor
604,1654,Crop,3831.0,3917618,38,2024-07-18,2027-09-01,Online,Pol-Crop
605,45,Travel,8881.0,6208981,37,2025-03-22,2028-04-05,Agent,Pol-Travel
606,4371,Health,4438.0,2062645,46,2025-03-03,2028-12-12,Partnership,Pol-Health
607,3765,Motor,11214.0,21204978,42,2024-07-08,2027-12-20,Aggregator,Pol-Motor
608,3033,Property,5955.0,1881771,36,2023-06-06,2026-05-21,Partnership,Pol-Property
609,3383,Health,3852.0,3721474,41,2024-03-01,2027-07-14,Partnership,Pol-Health
610,4328,Motor,4572.0,1160489,34,2025-09-20,2028-07-06,Agent,Pol-Motor
611,86,Motor,3802.0,16378825,15,2024-09-14,2025-12-08,Online,Pol-Motor
612,3177,Motor,7204.0,5239659,13,2024-03-18,2025-04-12,Bancassurance,Pol-Motor
613,4273,Health,9979.0,26715611,27,2024-08-17,2026-11-05,Agent,Pol-Health
614,1614,Motor,5311.0,2229336,19,2023-07-01,2025-01-21,Online,Pol-Motor
615,3292,Motor,3535.0,13857966,36,2023-02-20,2026-02-04,Agent,Pol-Motor
616,588,Crop,7282.0,7679878,13,2024-11-14,2025-12-09,Agent,Pol-Crop
617,603,Travel,7202.0,2639265,7,2023-11-06,2024-06-03,Agent,Pol-Travel
618,3517,Motor,5713.0,2977797,45,2025-08-08,2029-04-19,Online,Pol-Motor
619,1257,Motor,4952.0,8824197,1,2025-02-25,2025-03-27,Agent,Pol-Motor
620,2162,Health,13903.0,5208146,41,2024-04-28,2027-09-10,Agent,Pol-Health
621,4680,Motor,5452.0,2910996,21,2023-09-13,2025-06-04,Bancassurance,Pol-Motor
622,3036,Motor,3567.0,25995182,16,2025-02-03,2026-05-29,Online,Pol-Motor
623,2418,Motor,7015.0,5609455,49,2024-05-26,2028-06-04,Bancassurance,Pol-Motor
624,3023,Travel,9544.0,3845603,29,2023-07-08,2025-11-24,Aggregator,Pol-Travel
625,2120,Travel,9231.0,2036050,24,2024-06-07,2026-05-28,Partnership,Pol-Travel
626,4956,Crop,3295.0,3374078,19,2025-03-10,2026-10-01,Bancassurance,Pol-Crop
627,2401,Health,13480.0,783323,27,2024-12-26,2027-03-16,Agent,Pol-Health
628,810,Property,8145.0,5399413,48,2024-10-02,2028-09-11,Aggregator,Pol-Property
629,2789,Health,9754.0,10427495,47,2023-09-14,2027-07-25,Partnership,Pol-Health
630,638,Health,27606.0,19612948,1,2025-01-10,2025-02-09,Agent,Pol-Health
631,153,Health,10715.0,3701485,27,2023-10-07,2025-12-25,Online,Pol-Health
632,2434,Property,9760.0,8297457,14,2025-04-24,2026-06-18,Agent,Pol-Property
633,2739,Motor,6549.0,3946822,11,2025-01-22,2025-12-18,Agent,Pol-Motor
634,139,Motor,7313.0,1076009,23,2023-11-01,2025-09-21,Aggregator,Pol-Motor
635,726,Travel,4015.0,857069,47,2024-08-26,2028-07-06,Agent,Pol-Travel
636,3543,Motor,7649.0,4885215,20,2024-04-25,2025-12-16,Aggregator,Pol-Motor
637,2366,Motor,16532.0,870137,53,2024-08-24,2028-12-31,Online,Pol-Motor
638,19,Health,9074.0,4283139,26,2023-09-30,2025-11-18,Agent,Pol-Health
639,1437,Motor,22360.0,3665764,18,2023-10-08,2025-03-31,Aggregator,Pol-Motor
640,1962,Motor,9556.0,1104723,36,2023-03-04,2026-02-16,Online,Pol-Motor
641,2455,Motor,8434.0,467868,30,2025-07-16,2028-01-02,Online,Pol-Motor
642,1852,Health,6843.0,2775910,53,2023-01-02,2027-05-11,Aggregator,Pol-Health
643,863,Motor,19646.0,20189310,4,2024-05-16,2024-09-13,Aggregator,Pol-Motor
644,101,Health,5812.0,6738704,19,2023-12-29,2025-07-21,Agent,Pol-Health
645,593,Motor,5097.0,2749347,5,2025-03-08,2025-08-05,Partnership,Pol-Motor
646,3925,Motor,4718.0,2578987,2,2023-04-24,2023-06-23,Agent,Pol-Motor
647,4462,Crop,22719.0,7256081,10,2023-07-25,2024-05-20,Online,Pol-Crop
648,2510,Property,7893.0,5735458,58,2024-08-11,2029-05-17,Agent,Pol-Property
649,1956,Health,7647.0,9693977,49,2023-06-14,2027-06-23,Aggregator,Pol-Health
650,1655,Motor,9511.0,25888224,43,2025-01-26,2028-08-08,Online,Pol-Motor
651,4428,Motor,6465.0,14340634,55,2023-03-16,2027-09-21,Online,Pol-Motor
652,4781,Property,5005.0,14051125,43,2024-07-24,2028-02-04,Aggregator,Pol-Property
653,1689,Motor,4886.0,4749250,11,2024-11-15,2025-10-11,Bancassurance,Pol-Motor
654,911,Property,4804.0,692237,51,2024-03-07,2028-05-15,Agent,Pol-Property
655,4642,Health,2695.0,766881,22,2023-03-14,2025-01-02,Agent,Pol-Health
656,1182,Property,7551.0,8059615,43,2023-08-16,2027-02-26,Agent,Pol-Property
657,2957,Health,3363.0,3140555,8,2023-01-22,2023-09-19,Online,Pol-Health
658,605,Health,9650.0,22785958,3,2025-04-15,2025-07-14,Partnership,Pol-Health
659,2371,Motor,11138.0,19423489,41,2025-09-17,2029-01-29,Online,Pol-Motor
660,2011,Health,5425.0,5798824,53,2023-06-20,2027-10-27,Agent,Pol-Health
661,4136,Property,8676.0,3360789,40,2023-08-18,2026-11-30,Aggregator,Pol-Property
662,203,Motor,10544.0,2283250,58,2025-01-24,2029-10-30,Bancassurance,Pol-Motor
663,243,Motor,15558.0,22184545,18,2024-01-07,2025-06-30,Online,Pol-Motor
664,1530,Motor,6033.0,6036283,50,2024-05-03,2028-06-11,Online,Pol-Motor
665,3741,Health,3618.0,2761424,22,2024-12-05,2026-09-26,Aggregator,Pol-Health
666,2722,Motor,4662.0,4795362,11,2023-07-02,2024-05-27,Online,Pol-Motor
667,660,Travel,3195.0,4203202,2,2024-10-20,2024-12-19,Agent,Pol-Travel
668,713,Health,9305.0,26352802,22,2024-07-29,2026-05-20,Agent,Pol-Health
669,3896,Travel,1465.0,6292007,41,2023-01-09,2026-05-23,Online,Pol-Travel
670,1175,Property,4442.0,5469721,51,2023-07-23,2027-09-30,Agent,Pol-Property
671,247,Motor,7376.0,1572816,15,2025-07-23,2026-10-16,Online,Pol-Motor
672,731,Motor,4277.0,8176602,8,2024-11-13,2025-07-11,Aggregator,Pol-Motor
673,3928,Crop,4769.0,5602745,19,2023-06-11,2025-01-01,Aggregator,Pol-Crop
674,3944,Health,11099.0,8681737,9,2024-04-03,2024-12-29,Online,Pol-Health
675,1561,Motor,4188.0,5652851,5,2025-01-10,2025-06-09,Aggregator,Pol-Motor
676,985,Travel,5833.0,3947091,8,2023-11-15,2024-07-12,Aggregator,Pol-Travel
677,496,Health,11665.0,5635891,33,2025-08-01,2028-04-17,Online,Pol-Health
678,2663,Motor,6086.0,2688773,49,2024-11-17,2028-11-26,Online,Pol-Motor
679,2127,Health,24390.0,6192308,15,2025-07-01,2026-09-24,Bancassurance,Pol-Health
680,2576,Crop,12679.0,17226897,15,2023-07-28,2024-10-20,Online,Pol-Crop
681,1083,Motor,13021.0,11919325,41,2024-01-10,2027-05-24,Online,Pol-Motor
682,2754,Motor,3663.0,4145344,7,2024-12-20,2025-07-18,Agent,Pol-Motor
683,4995,Motor,6981.0,4466376,21,2024-07-09,2026-03-31,Bancassurance,Pol-Motor
684,2959,Crop,6361.0,9127934,46,2025-07-07,2029-04-17,Agent,Pol-Crop
685,544,Property,5981.0,7538573,26,2025-05-24,2027-07-13,Aggregator,Pol-Property
686,3064,Health,5609.0,5385771,1,2025-03-18,2025-04-17,Online,Pol-Health
687,1903,Health,6854.0,3265528,51,2023-12-26,2028-03-04,Agent,Pol-Health
688,4315,Motor,2206.0,2423957,26,2024-06-07,2026-07-27,Aggregator,Pol-Motor
689,3172,Health,4612.0,2395214,26,2023-08-03,2025-09-21,Agent,Pol-Health
690,2151,Travel,17008.0,4660114,28,2023-11-03,2026-02-20,Aggregator,Pol-Travel
691,884,Health,5609.0,7298552,9,2024-12-23,2025-09-19,Agent,Pol-Health
692,2678,Travel,5288.0,1147897,26,2025-03-28,2027-05-17,Agent,Pol-Travel
693,2803,Property,7097.0,10409238,51,2024-04-24,2028-07-02,Agent,Pol-Property
694,3976,Motor,7450.0,2065116,13,2024-12-05,2025-12-30,Aggregator,Pol-Motor
695,7,Property,2377.0,2910353,5,2024-08-13,2025-01-10,Aggregator,Pol-Property
696,2436,Motor,7867.0,4287311,46,2024-03-07,2027-12-17,Bancassurance,Pol-Motor
697,1546,Health,9644.0,7616351,18,2024-06-19,2025-12-11,Agent,Pol-Health
698,4924,Health,9838.0,20934451,53,2024-12-01,2029-04-09,Agent,Pol-Health
699,2090,Crop,4586.0,3545701,23,2023-02-23,2025-01-13,Aggregator,Pol-Crop
700,4192,Motor,15845.0,14257147,28,2023-02-22,2025-06-11,Agent,Pol-Motor
701,2294,Crop,14970.0,3753100,37,2023-11-01,2026-11-15,Agent,Pol-Crop
702,4210,Travel,14326.0,17833431,5,2023-05-04,2023-10-01,Aggregator,Pol-Travel
703,2592,Motor,10872.0,5055632,27,2025-06-03,2027-08-22,Partnership,Pol-Motor
704,4426,Crop,6161.0,1414593,20,2025-05-07,2026-12-28,Bancassurance,Pol-Crop
705,3575,Motor,7348.0,2837217,36,2023-06-17,2026-06-01,Aggregator,Pol-Motor
706,4041,Motor,14941.0,5437997,37,2025-06-13,2028-06-27,Online,Pol-Motor
707,3225,Travel,2344.0,4466418,34,2025-07-08,2028-04-23,Aggregator,Pol-Travel
708,1241,Motor,5087.0,2160718,14,2025-08-27,2026-10-21,Agent,Pol-Motor
709,3830,Health,9224.0,1641030,47,2025-08-23,2029-07-03,Bancassurance,Pol-Health
710,3494,Health,6543.0,11071835,6,2024-03-25,2024-09-21,Online,Pol-Health
711,3591,Motor,6002.0,674534,27,2025-06-11,2027-08-30,Online,Pol-Motor
712,717,Health,16532.0,8486227,2,2023-02-03,2023-04-04,Aggregator,Pol-Health
713,264,Motor,11134.0,2005510,9,2025-07-02,2026-03-29,Online,Pol-Motor
714,318,Motor,11858.0,29667217,11,2023-12-10,2024-11-04,Agent,Pol-Motor
715,2208,Travel,4983.0,872382,54,2024-04-04,2028-09-10,Agent,Pol-Travel
716,2525,Travel,5555.0,811356,5,2024-10-25,2025-03-24,Online,Pol-Travel
717,641,Health,8959.0,3673236,11,2023-03-13,2024-02-06,Bancassurance,Pol-Health
718,859,Motor,9104.0,13444492,3,2023-05-09,2023-08-07,Online,Pol-Motor
719,4244,Health,18490.0,38186654,26,2024-11-15,2027-01-04,Online,Pol-Health
720,1471,Crop,8827.0,13108049,14,2025-07-09,2026-09-02,Agent,Pol-Crop
721,975,Motor,16806.0,6140980,9,2023-01-10,2023-10-07,Agent,Pol-Motor
722,1286,Motor,10151.0,2247592,56,2023-04-10,2027-11-15,Online,Pol-Motor
723,52,Crop,6538.0,2708767,19,2023-10-24,2025-05-16,Agent,Pol-Crop
724,4354,Health,4971.0,2976720,17,2024-06-02,2025-10-25,Aggregator,Pol-Health
725,1020,Motor,10959.0,3737125,49,2025-03-29,2029-04-07,Bancassurance,Pol-Motor
726,3623,Motor,6101.0,4290014,58,2024-08-27,2029-06-02,Online,Pol-Motor
727,4344,Crop,6927.0,6448163,46,2025-03-04,2028-12-13,Aggregator,Pol-Crop
728,1913,Health,4854.0,3187327,24,2024-05-04,2026-04-24,Partnership,Pol-Health
729,288,Motor,7346.0,6229842,14,2025-01-08,2026-03-04,Online,Pol-Motor
730,4640,Crop,9866.0,7570672,10,2023-06-09,2024-04-04,Bancassurance,Pol-Crop
731,4739,Crop,5989.0,2008045,55,2024-11-20,2029-05-28,Online,Pol-Crop
732,3902,Motor,5134.0,1747790,7,2023-04-29,2023-11-25,Bancassurance,Pol-Motor
733,4109,Health,7581.0,14468499,13,2025-03-18,2026-04-12,Agent,Pol-Health
734,4934,Motor,9263.0,6025903,35,2023-04-06,2026-02-19,Bancassurance,Pol-Motor
735,2581,Health,7297.0,4705532,31,2025-03-11,2027-09-27,Online,Pol-Health
736,3517,Motor,18891.0,1494490,38,2024-05-17,2027-07-01,Online,Pol-Motor
737,1550,Motor,7710.0,10771572,42,2025-04-29,2028-10-10,Agent,Pol-Motor
738,4935,Health,9493.0,5380591,37,2023-12-25,2027-01-08,Online,Pol-Health
739,2667,Health,11403.0,20709886,53,2023-03-27,2027-08-03,Bancassurance,Pol-Health
740,2454,Motor,8940.0,6409401,29,2023-09-28,2026-02-14,Bancassurance,Pol-Motor
741,1568,Motor,4520.0,4268943,6,2023-08-21,2024-02-17,Aggregator,Pol-Motor
742,3753,Travel,4851.0,3093439,8,2025-07-07,2026-03-04,Agent,Pol-Travel
743,288,Motor,4221.0,22330127,25,2023-04-15,2025-05-04,Partnership,Pol-Motor
744,2474,Health,3790.0,13145674,5,2024-04-29,2024-09-26,Agent,Pol-Health
745,436,Motor,8405.0,6576287,10,2023-05-21,2024-03-16,Online,Pol-Motor
746,990,Health,13632.0,12580695,23,2023-01-22,2024-12-12,Agent,Pol-Health
747,3560,Motor,10498.0,7296322,1,2023-03-27,2023-04-26,Agent,Pol-Motor
748,2406,Motor,10428.0,1055807,13,2025-04-11,2026-05-06,Aggregator,Pol-Motor
749,255,Health,4390.0,12575767,37,2023-12-15,2026-12-29,Online,Pol-Health
750,2010,Motor,9382.0,10122892,26,2024-10-04,2026-11-23,Aggregator,Pol-Motor
751,1835,Health,9554.0,2014435,19,2023-01-19,2024-08-11,Agent,Pol-Health
752,4262,Motor,16946.0,9143236,26,2023-08-24,2025-10-12,Aggregator,Pol-Motor
753,465,Motor,8678.0,2537428,48,2025-03-27,2029-03-06,Partnership,Pol-Motor
754,4352,Property,17489.0,3670833,50,2023-04-10,2027-05-19,Agent,Pol-Property
755,423,Motor,7804.0,6176624,51,2024-03-10,2028-05-18,Agent,Pol-Motor
756,4294,Motor,9173.0,5896476,42,2024-11-09,2028-04-22,Aggregator,Pol-Motor
757,4653,Motor,13127.0,5006952,57,2023-07-17,2028-03-22,Online,Pol-Motor
758,1896,Motor,8310.0,1251887,57,2023-09-27,2028-06-02,Agent,Pol-Motor
759,1289,Motor,3439.0,5618459,2,2024-10-29,2024-12-28,Online,Pol-Motor
760,1349,Motor,4463.0,24283863,41,2024-02-19,2027-07-03,Bancassurance,Pol-Motor
761,555,Motor,27787.0,6874795,19,2024-11-27,2026-06-20,Aggregator,Pol-Motor
762,7,Crop,7708.0,4588053,12,2024-11-15,2025-11-10,Agent,Pol-Crop
763,1766,Motor,10377.0,10035839,44,2024-04-18,2027-11-29,Online,Pol-Motor
764,2092,Crop,4304.0,6168112,35,2023-04-25,2026-03-10,Agent,Pol-Crop
765,3244,Crop,8691.0,3688187,32,2025-06-20,2028-02-05,Online,Pol-Crop
766,3174,Motor,14258.0,12276565,53,2023-10-25,2028-03-02,Online,Pol-Motor
767,4831,Motor,2881.0,6824772,13,2024-05-29,2025-06-23,Online,Pol-Motor
768,1658,Motor,8139.0,7776100,36,2024-01-28,2027-01-12,Online,Pol-Motor
769,812,Health,8107.0,4506245,1,2025-02-09,2025-03-11,Aggregator,Pol-Health
770,1229,Health,8618.0,4927064,33,2023-03-22,2025-12-06,Aggregator,Pol-Health
771,1963,Health,21129.0,11053972,53,2023-10-10,2028-02-16,Aggregator,Pol-Health
772,491,Health,6431.0,3419457,4,2024-07-16,2024-11-13,Bancassurance,Pol-Health
773,318,Motor,5794.0,43511352,56,2024-06-09,2029-01-14,Aggregator,Pol-Motor
774,4314,Crop,6719.0,3169078,2,2023-12-23,2024-02-21,Aggregator,Pol-Crop
775,2549,Motor,23953.0,3116306,8,2024-05-02,2024-12-28,Online,Pol-Motor
776,1841,Travel,7937.0,13688693,16,2025-01-20,2026-05-15,Agent,Pol-Travel
777,1217,Motor,9793.0,5278133,22,2024-11-19,2026-09-10,Agent,Pol-Motor
778,333,Motor,2328.0,9241595,10,2025-02-10,2025-12-07,Aggregator,Pol-Motor
779,1177,Crop,7756.0,21132506,9,2025-01-15,2025-10-12,Agent,Pol-Crop
780,2601,Health,6725.0,7773572,59,2023-06-25,2028-04-29,Aggregator,Pol-Health
781,3095,Property,7679.0,7286771,54,2023-07-19,2027-12-25,Online,Pol-Property
782,2264,Health,6242.0,3280819,7,2024-01-30,2024-08-27,Online,Pol-Health
783,1067,Crop,3841.0,2507494,40,2023-11-13,2027-02-25,Online,Pol-Crop
784,3433,Crop,6398.0,1350822,17,2023-03-27,2024-08-18,Agent,Pol-Crop
785,2791,Health,15592.0,2835864,30,2025-08-05,2028-01-22,Partnership,Pol-Health
786,2462,Motor,7800.0,3515726,11,2025-06-01,2026-04-27,Agent,Pol-Motor
787,3490,Health,2986.0,2758780,43,2023-02-02,2026-08-15,Online,Pol-Health
788,2670,Travel,4076.0,4287091,55,2023-12-28,2028-07-04,Aggregator,Pol-Travel
789,1674,Health,8437.0,3515959,15,2023-06-21,2024-09-13,Aggregator,Pol-Health
790,2364,Travel,4312.0,11512822,7,2025-03-10,2025-10-06,Agent,Pol-Travel
791,3969,Motor,8241.0,1657655,3,2024-12-28,2025-03-28,Agent,Pol-Motor
792,3724,Crop,13699.0,13136691,23,2025-02-08,2026-12-30,Bancassurance,Pol-Crop
793,3502,Motor,9285.0,9957463,27,2025-05-12,2027-07-31,Agent,Pol-Motor
794,2815,Motor,4489.0,2347492,30,2024-10-08,2027-03-27,Partnership,Pol-Motor
795,349,Health,7986.0,1711705,48,2024-03-10,2028-02-18,Online,Pol-Health
796,2123,Health,10626.0,8926703,16,2024-12-25,2026-04-19,Online,Pol-Health
797,4134,Motor,5099.0,8910434,14,2025-04-09,2026-06-03,Online,Pol-Motor
798,3518,Travel,4273.0,2641444,52,2025-09-24,2030-01-01,Agent,Pol-Travel
799,212,Crop,7011.0,1636002,22,2025-02-18,2026-12-10,Online,Pol-Crop
800,3530,Property,15917.0,3754841,50,2023-11-19,2027-12-28,Bancassurance,Pol-Property
801,4881,Motor,4481.0,299730,20,2023-08-28,2025-04-19,Agent,Pol-Motor
802,3637,Motor,5893.0,8810572,10,2024-08-14,2025-06-10,Online,Pol-Motor
803,4101,Health,4043.0,3049623,58,2023-10-05,2028-07-10,Agent,Pol-Health
804,1267,Property,5031.0,6442532,29,2024-04-03,2026-08-21,Aggregator,Pol-Property
805,148,Motor,6869.0,27048871,4,2025-07-23,2025-11-20,Agent,Pol-Motor
806,1710,Health,6810.0,3784132,31,2023-05-22,2025-12-07,Agent,Pol-Health
807,3023,Health,1851.0,9918493,14,2023-08-22,2024-10-15,Online,Pol-Health
808,3991,Property,6532.0,4278912,5,2024-08-11,2025-01-08,Aggregator,Pol-Property
809,3465,Health,17719.0,3619054,38,2025-02-22,2028-04-07,Online,Pol-Health
810,3837,Health,7873.0,21307747,4,2025-05-09,2025-09-06,Bancassurance,Pol-Health
811,3322,Motor,6488.0,3270609,11,2024-08-05,2025-07-01,Partnership,Pol-Motor
812,4524,Motor,5518.0,8823043,54,2023-10-01,2028-03-08,Agent,Pol-Motor
813,369,Crop,4620.0,7159093,25,2023-12-01,2025-12-20,Online,Pol-Crop
814,3981,Motor,7735.0,7857238,12,2023-07-29,2024-07-23,Aggregator,Pol-Motor
815,4744,Travel,9189.0,9470502,52,2024-07-12,2028-10-19,Online,Pol-Travel
816,1471,Motor,17490.0,8581901,31,2024-12-15,2027-07-03,Bancassurance,Pol-Motor
817,3094,Health,5061.0,3243996,11,2024-04-03,2025-02-27,Agent,Pol-Health
818,2598,Motor,14022.0,3655037,39,2024-07-16,2027-09-29,Bancassurance,Pol-Motor
819,4635,Travel,13754.0,6903602,32,2024-07-04,2027-02-19,Aggregator,Pol-Travel
820,3354,Travel,5989.0,1015281,11,2024-10-18,2025-09-13,Agent,Pol-Travel
821,1303,Motor,5089.0,7494181,7,2024-09-07,2025-04-05,Agent,Pol-Motor
822,3325,Motor,3577.0,3208065,56,2025-06-02,2030-01-07,Aggregator,Pol-Motor
823,1895,Property,7453.0,13795925,2,2023-03-01,2023-04-30,Bancassurance,Pol-Property
824,4063,Crop,6350.0,922715,1,2025-02-12,2025-03-14,Online,Pol-Crop
825,2525,Health,12529.0,8185455,25,2024-07-11,2026-07-31,Online,Pol-Health
826,1089,Crop,8747.0,6875996,9,2025-04-16,2026-01-11,Online,Pol-Crop
827,1327,Motor,2722.0,6195729,46,2023-10-16,2027-07-27,Bancassurance,Pol-Motor
828,4270,Health,7100.0,17678537,52,2023-12-07,2028-03-15,Online,Pol-Health
829,1284,Property,8547.0,5464334,36,2023-04-27,2026-04-11,Aggregator,Pol-Property
830,3357,Motor,6534.0,6764114,29,2024-11-25,2027-04-14,Agent,Pol-Motor
831,1103,Property,11445.0,1799030,10,2024-09-24,2025-07-21,Agent,Pol-Property
832,1068,Travel,5529.0,6050036,27,2024-12-13,2027-03-03,Online,Pol-Travel
833,745,Crop,12317.0,4279560,19,2023-06-10,2024-12-31,Agent,Pol-Crop
834,3075,Motor,5556.0,4220444,19,2024-12-09,2026-07-02,Bancassurance,Pol-Motor
835,2491,Motor,6216.0,1279382,53,2025-02-26,2029-07-05,Online,Pol-Motor
836,2127,Health,19421.0,25563363,53,2024-10-24,2029-03-02,Agent,Pol-Health
837,3765,Motor,3793.0,2280872,20,2023-10-20,2025-06-11,Online,Pol-Motor
838,2863,Travel,7684.0,4141292,29,2024-04-26,2026-09-13,Online,Pol-Travel
839,3079,Motor,8726.0,1414736,53,2024-04-08,2028-08-15,Online,Pol-Motor
840,883,Property,5388.0,1463646,3,2023-09-13,2023-12-12,Aggregator,Pol-Property
841,2561,Motor,9269.0,1486830,22,2023-06-23,2025-04-13,Agent,Pol-Motor
842,4792,Health,10596.0,21732004,56,2025-03-05,2029-10-10,Agent,Pol-Health
843,3835,Motor,8431.0,1269390,22,2025-04-10,2027-01-30,Agent,Pol-Motor
844,2775,Motor,8084.0,3215737,29,2024-01-23,2026-06-11,Aggregator,Pol-Motor
845,77,Health,9524.0,3759128,23,2025-04-05,2027-02-24,Aggregator,Pol-Health
846,3115,Health,5033.0,2774868,40,2023-09-28,2027-01-10,Aggregator,Pol-Health
847,3229,Property,5348.0,2464357,55,2025-05-01,2029-11-06,Aggregator,Pol-Property
848,1013,Motor,9240.0,3661645,26,2025-04-05,2027-05-25,Agent,Pol-Motor
849,4286,Motor,6097.0,1768756,47,2025-08-04,2029-06-14,Online,Pol-Motor
850,875,Property,7149.0,12464830,53,2023-08-23,2027-12-30,Agent,Pol-Property
851,4358,Property,2076.0,21885481,22,2024-07-25,2026-05-16,Agent,Pol-Property
852,3557,Motor,10255.0,16603910,38,2024-12-09,2028-01-23,Agent,Pol-Motor
853,2326,Motor,14223.0,953015,9,2025-01-13,2025-10-10,Online,Pol-Motor
854,1726,Motor,9957.0,895814,21,2024-01-19,2025-10-10,Online,Pol-Motor
855,3989,Motor,10752.0,1311966,36,2024-08-14,2027-07-30,Agent,Pol-Motor
856,2355,Motor,11646.0,8749977,50,2025-07-18,2029-08-26,Partnership,Pol-Motor
857,3968,Health,6685.0,3370219,48,2024-09-14,2028-08-24,Online,Pol-Health
858,2655,Crop,4697.0,46610398,36,2024-04-06,2027-03-22,Online,Pol-Crop
859,3228,Motor,9513.0,5509944,32,2023-12-13,2026-07-30,Partnership,Pol-Motor
860,4396,Property,12496.0,14094890,32,2023-07-13,2026-02-27,Agent,Pol-Property
861,2395,Health,4265.0,14317166,34,2023-09-06,2026-06-22,Aggregator,Pol-Health
862,4522,Travel,10501.0,2193335,23,2023-06-06,2025-04-26,Online,Pol-Travel
863,42,Property,8468.0,2531297,26,2024-05-31,2026-07-20,Agent,Pol-Property
864,4734,Crop,6937.0,21639149,54,2023-04-02,2027-09-08,Online,Pol-Crop
865,1849,Health,6427.0,1156356,16,2024-05-28,2025-09-20,Agent,Pol-Health
866,2125,Property,8404.0,4666406,38,2025-01-07,2028-02-21,Agent,Pol-Property
867,4192,Motor,5317.0,10093980,49,2025-02-09,2029-02-18,Bancassurance,Pol-Motor
868,2867,Motor,33293.0,8276839,3,2024-07-06,2024-10-04,Bancassurance,Pol-Motor
869,4833,Crop,3774.0,3771141,45,2023-05-30,2027-02-08,Online,Pol-Crop
870,1647,Property,2052.0,3631269,2,2023-03-03,2023-05-02,Partnership,Pol-Property
871,205,Motor,8483.0,1735445,36,2025-05-30,2028-05-14,Agent,Pol-Motor
872,3335,Crop,7666.0,2355167,9,2023-10-31,2024-07-27,Online,Pol-Crop
873,3660,Motor,9575.0,23385298,59,2025-09-12,2030-07-18,Online,Pol-Motor
874,655,Motor,1758.0,6473608,28,2025-06-01,2027-09-19,Agent,Pol-Motor
875,2363,Health,2932.0,3100378,24,2024-01-24,2026-01-13,Bancassurance,Pol-Health
876,1393,Health,5869.0,9400130,49,2023-05-12,2027-05-21,Online,Pol-Health
877,3669,Health,11376.0,3565268,45,2024-04-29,2028-01-09,Agent,Pol-Health
878,4840,Motor,2956.0,2015611,28,2025-03-11,2027-06-29,Agent,Pol-Motor
879,285,Travel,9176.0,3189335,7,2023-03-22,2023-10-18,Bancassurance,Pol-Travel
880,1341,Travel,6484.0,1508325,26,2023-02-19,2025-04-09,Online,Pol-Travel
881,512,Motor,7938.0,22641448,46,2023-04-25,2027-02-03,Bancassurance,Pol-Motor
882,3056,Motor,7236.0,9479750,1,2025-02-14,2025-03-16,Online,Pol-Motor
883,4125,Motor,7267.0,9416119,41,2024-03-07,2027-07-20,Bancassurance,Pol-Motor
884,3812,Crop,7251.0,3317373,45,2024-02-01,2027-10-13,Agent,Pol-Crop
885,3366,Crop,12736.0,5108214,41,2023-10-09,2027-02-20,Agent,Pol-Crop
886,3079,Health,7460.0,3446806,35,2024-03-10,2027-01-24,Partnership,Pol-Health
887,4638,Crop,12195.0,1509681,18,2023-10-18,2025-04-10,Aggregator,Pol-Crop
888,2263,Property,5883.0,12131568,56,2024-11-17,2029-06-24,Agent,Pol-Property
889,4723,Health,12822.0,11018464,22,2023-08-24,2025-06-14,Agent,Pol-Health
890,4024,Motor,6516.0,7708725,13,2023-08-27,2024-09-20,Agent,Pol-Motor
891,215,Motor,6554.0,5522776,16,2025-08-17,2026-12-10,Aggregator,Pol-Motor
892,3242,Motor,3016.0,2428021,47,2024-09-08,2028-07-19,Agent,Pol-Motor
893,2269,Health,4669.0,7274463,51,2023-10-10,2027-12-18,Aggregator,Pol-Health
894,3332,Motor,5163.0,2244341,29,2025-03-24,2027-08-11,Agent,Pol-Motor
895,2309,Motor,2968.0,2538895,21,2023-10-17,2025-07-08,Agent,Pol-Motor
896,1838,Motor,4762.0,2259399,42,2024-12-03,2028-05-16,Agent,Pol-Motor
897,566,Health,10337.0,2992768,9,2025-01-29,2025-10-26,Bancassurance,Pol-Health
898,3692,Travel,10919.0,2741612,29,2024-05-10,2026-09-27,Aggregator,Pol-Travel
899,3899,Crop,3157.0,10389259,12,2023-04-04,2024-03-29,Aggregator,Pol-Crop
900,801,Property,16836.0,2165731,8,2024-12-31,2025-08-28,Aggregator,Pol-Property
901,1279,Property,11154.0,5326915,10,2025-07-27,2026-05-23,Online,Pol-Property
902,1302,Health,20747.0,9311266,34,2025-09-11,2028-06-27,Partnership,Pol-Health
903,3631,Motor,12750.0,16063745,47,2023-08-09,2027-06-19,Online,Pol-Motor
904,4742,Motor,18882.0,7607436,20,2023-04-29,2024-12-19,Online,Pol-Motor
905,3505,Motor,9039.0,971555,16,2023-06-01,2024-09-23,Online,Pol-Motor
906,992,Health,4973.0,4382872,42,2023-01-17,2026-06-30,Agent,Pol-Health
907,4725,Motor,8355.0,10249972,45,2023-09-09,2027-05-21,Agent,Pol-Motor
908,2526,Property,2395.0,2224120,11,2025-03-22,2026-02-15,Bancassurance,Pol-Property
909,2430,Motor,6765.0,17820520,57,2024-12-06,2029-08-12,Aggregator,Pol-Motor
910,4915,Motor,7168.0,17468934,48,2025-04-08,2029-03-18,Aggregator,Pol-Motor
911,2601,Travel,11881.0,8475451,14,2024-02-28,2025-04-23,Online,Pol-Travel
912,3161,Motor,8132.0,12731458,31,2023-07-27,2026-02-11,Agent,Pol-Motor
913,2140,Health,5880.0,16005192,40,2023-09-16,2026-12-29,Agent,Pol-Health
914,377,Motor,3645.0,5703693,51,2023-10-06,2027-12-14,Agent,Pol-Motor
915,1105,Motor,5033.0,11885683,34,2024-10-08,2027-07-25,Partnership,Pol-Motor
916,2148,Health,6555.0,1909486,4,2023-12-10,2024-04-08,Agent,Pol-Health
917,1614,Health,5157.0,10354568,50,2025-08-09,2029-09-17,Online,Pol-Health
918,2848,Motor,1976.0,7689105,58,2024-03-31,2029-01-04,Online,Pol-Motor
919,3468,Crop,7289.0,50807423,48,2024-12-02,2028-11-11,Aggregator,Pol-Crop
920,23,Property,5808.0,3808291,7,2024-04-13,2024-11-09,Online,Pol-Property
921,2704,Motor,5754.0,16989227,42,2024-04-09,2027-09-21,Bancassurance,Pol-Motor
922,4012,Motor,7959.0,12677643,38,2023-09-06,2026-10-20,Online,Pol-Motor
923,4866,Property,5837.0,4892801,1,2024-02-15,2024-03-16,Bancassurance,Pol-Property
924,3349,Property,12565.0,1054039,50,2024-01-17,2028-02-25,Aggregator,Pol-Property
925,3770,Motor,5071.0,3762113,58,2023-10-26,2028-07-31,Online,Pol-Motor
926,919,Motor,4860.0,4873815,46,2023-11-28,2027-09-08,Bancassurance,Pol-Motor
927,1980,Motor,5019.0,12724496,24,2023-08-05,2025-07-25,Agent,Pol-Motor
928,377,Motor,8011.0,6927554,42,2023-11-06,2027-04-19,Online,Pol-Motor
929,1251,Motor,7950.0,5557476,28,2025-01-30,2027-05-20,Online,Pol-Motor
930,1197,Travel,5542.0,11313691,24,2023-10-22,2025-10-11,Bancassurance,Pol-Travel
931,1671,Property,7284.0,10819673,13,2025-01-25,2026-02-19,Online,Pol-Property
932,3141,Property,8869.0,12894420,38,2023-12-17,2027-01-30,Aggregator,Pol-Property
933,3353,Motor,9893.0,2505621,10,2023-06-19,2024-04-14,Bancassurance,Pol-Motor
934,2911,Motor,6918.0,12911609,26,2023-01-30,2025-03-20,Agent,Pol-Motor
935,4966,Motor,4943.0,17396893,55,2023-06-19,2027-12-25,Aggregator,Pol-Motor
936,1357,Health,4947.0,59688652,2,2025-09-22,2025-11-21,Bancassurance,Pol-Health
937,1767,Motor,8362.0,8424049,33,2024-07-14,2027-03-31,Agent,Pol-Motor
938,1366,Motor,10535.0,14381490,28,2024-09-08,2026-12-27,Aggregator,Pol-Motor
939,2365,Motor,7906.0,8151612,27,2025-05-03,2027-07-22,Aggregator,Pol-Motor
940,3977,Crop,6043.0,9524739,6,2024-10-16,2025-04-14,Partnership,Pol-Crop
941,3842,Health,5514.0,14397161,58,2025-05-04,2030-02-07,Agent,Pol-Health
942,3245,Motor,10974.0,1256006,59,2023-12-20,2028-10-24,Agent,Pol-Motor
943,544,Property,3969.0,7023846,51,2024-07-08,2028-09-15,Agent,Pol-Property
944,3272,Property,5781.0,7228283,17,2024-02-23,2025-07-17,Agent,Pol-Property
945,3664,Motor,15063.0,3124183,33,2023-03-25,2025-12-09,Partnership,Pol-Motor
946,776,Motor,13157.0,1353640,15,2024-05-13,2025-08-06,Agent,Pol-Motor
947,1621,Property,8104.0,3550727,46,2024-07-07,2028-04-17,Partnership,Pol-Property
948,4313,Motor,5750.0,7163717,3,2025-05-10,2025-08-08,Partnership,Pol-Motor
949,532,Crop,6460.0,4453855,10,2024-08-26,2025-06-22,Bancassurance,Pol-Crop
950,4545,Motor,7655.0,6959658,29,2025-08-26,2028-01-13,Online,Pol-Motor
951,889,Health,21034.0,2331404,7,2024-02-20,2024-09-17,Online,Pol-Health
952,1914,Motor,12236.0,6184226,50,2024-08-06,2028-09-14,Agent,Pol-Motor
953,4057,Health,11453.0,7335990,36,2023-02-17,2026-02-01,Agent,Pol-Health
954,393,Travel,6784.0,1732078,52,2024-04-05,2028-07-13,Aggregator,Pol-Travel
955,1622,Health,5721.0,1572641,44,2025-05-15,2028-12-25,Online,Pol-Health
956,3458,Motor,6645.0,11075868,22,2023-08-27,2025-06-17,Online,Pol-Motor
957,2364,Motor,12062.0,6072283,31,2024-10-26,2027-05-14,Agent,Pol-Motor
958,1349,Crop,16531.0,2155305,39,2023-07-22,2026-10-04,Agent,Pol-Crop
959,2861,Property,4786.0,3711889,14,2023-09-13,2024-11-06,Partnership,Pol-Property
960,318,Motor,2325.0,8248306,2,2024-06-19,2024-08-18,Partnership,Pol-Motor
961,4475,Travel,6468.0,2355283,49,2024-03-27,2028-04-05,Bancassurance,Pol-Travel
962,705,Health,12463.0,21630847,6,2025-03-13,2025-09-09,Online,Pol-Health
963,3772,Motor,5512.0,8925418,19,2024-02-24,2025-09-16,Aggregator,Pol-Motor
964,1042,Health,9194.0,11372740,27,2023-07-13,2025-09-30,Online,Pol-Health
965,2875,Health,4178.0,6290834,6,2023-08-10,2024-02-06,Partnership,Pol-Health
966,4245,Property,6329.0,9324631,2,2024-11-10,2025-01-09,Agent,Pol-Property
967,4654,Motor,4943.0,36185874,58,2023-07-17,2028-04-21,Bancassurance,Pol-Motor
968,2510,Crop,6793.0,3627284,13,2025-01-15,2026-02-09,Agent,Pol-Crop
969,4007,Property,8115.0,3803093,55,2024-09-16,2029-03-24,Agent,Pol-Property
970,3811,Health,10358.0,35864455,47,2025-02-13,2028-12-24,Online,Pol-Health
971,3025,Motor,5945.0,17373445,10,2023-02-21,2023-12-18,Agent,Pol-Motor
972,4791,Travel,4154.0,4616946,40,2025-04-24,2028-08-06,Aggregator,Pol-Travel
973,4643,Health,3428.0,2660266,5,2025-03-21,2025-08-18,Online,Pol-Health
974,2128,Crop,12597.0,3708558,14,2024-12-24,2026-02-17,Online,Pol-Crop
975,4614,Motor,4878.0,33609840,31,2025-06-19,2028-01-05,Partnership,Pol-Motor
976,2750,Travel,9488.0,5845548,25,2025-02-01,2027-02-21,Aggregator,Pol-Travel
977,244,Property,3308.0,13915645,6,2024-02-12,2024-08-10,Bancassurance,Pol-Property
978,9,Travel,16074.0,6693184,12,2023-02-11,2024-02-06,Agent,Pol-Travel
979,3655,Motor,29492.0,7200701,3,2024-06-29,2024-09-27,Online,Pol-Motor
980,2694,Health,8645.0,9202347,47,2024-04-15,2028-02-24,Online,Pol-Health
981,1324,Motor,6344.0,4838560,50,2023-11-25,2028-01-03,Agent,Pol-Motor
982,2297,Motor,15054.0,4282915,23,2024-05-25,2026-04-15,Aggregator,Pol-Motor
983,2371,Motor,5721.0,22383411,1,2025-03-04,2025-04-03,Bancassurance,Pol-Motor
984,2604,Travel,7519.0,4435528,15,2024-12-30,2026-03-25,Agent,Pol-Travel
985,3534,Health,1839.0,8651468,49,2023-12-04,2027-12-13,Agent,Pol-Health
986,393,Motor,7055.0,14202795,40,2025-07-20,2028-11-01,Partnership,Pol-Motor
987,1252,Travel,13073.0,9015671,13,2023-09-30,2024-10-24,Agent,Pol-Travel
988,2967,Property,5825.0,10697467,38,2023-09-12,2026-10-26,Agent,Pol-Property
989,4665,Crop,5872.0,1242385,14,2024-12-09,2026-02-02,Agent,Pol-Crop
990,4340,Travel,5895.0,6656073,19,2024-06-01,2025-12-23,Aggregator,Pol-Travel
991,3129,Property,19563.0,17171675,9,2023-02-03,2023-10-31,Online,Pol-Property
992,1167,Motor,8215.0,41081399,28,2023-11-05,2026-02-22,Bancassurance,Pol-Motor
993,2567,Travel,7476.0,15404905,33,2024-08-29,2027-05-16,Agent,Pol-Travel
994,3008,Motor,5989.0,6809205,53,2023-06-14,2027-10-21,Partnership,Pol-Motor
995,193,Health,12260.0,9156920,33,2024-10-21,2027-07-08,Agent,Pol-Health
996,327,Crop,4901.0,10383834,45,2024-05-18,2028-01-28,Agent,Pol-Crop
997,4121,Motor,13751.0,862207,39,2025-08-11,2028-10-24,Agent,Pol-Motor
998,4198,Health,6915.0,1908009,33,2024-05-17,2027-02-01,Bancassurance,Pol-Health
999,663,Motor,13170.0,6134367,4,2023-07-23,2023-11-20,Aggregator,Pol-Motor
1000,4313,Motor,6097.0,5026143,18,2023-07-06,2024-12-27,Aggregator,Pol-Motor
1001,4838,Motor,11038.0,3845814,26,2024-10-12,2026-12-01,Aggregator,Pol-Motor
1002,4026,Crop,9603.0,7645042,25,2024-08-28,2026-09-17,Partnership,Pol-Crop
1003,4363,Motor,7116.0,8483165,35,2023-04-24,2026-03-09,Agent,Pol-Motor
1004,4258,Crop,14536.0,1355112,54,2024-07-05,2028-12-11,Aggregator,Pol-Crop
1005,4774,Health,14016.0,1565742,39,2024-12-18,2028-03-02,Aggregator,Pol-Health
1006,886,Health,5312.0,3710586,18,2025-04-03,2026-09-25,Bancassurance,Pol-Health
1007,3954,Crop,5123.0,8945678,33,2023-04-20,2026-01-04,Online,Pol-Crop
1008,2295,Health,6497.0,4479620,18,2025-02-27,2026-08-21,Bancassurance,Pol-Health
1009,3468,Motor,6318.0,3311777,56,2023-08-03,2028-03-09,Agent,Pol-Motor
1010,1033,Motor,12329.0,19510880,29,2024-09-03,2027-01-21,Online,Pol-Motor
1011,1472,Health,8772.0,9823200,41,2024-12-09,2028-04-22,Online,Pol-Health
1012,2645,Health,4676.0,4603643,8,2024-05-08,2025-01-03,Bancassurance,Pol-Health
1013,4072,Motor,4786.0,27390270,49,2025-03-24,2029-04-02,Online,Pol-Motor
1014,1149,Health,7757.0,5903259,2,2023-11-19,2024-01-18,Online,Pol-Health
1015,41,Health,11306.0,12733961,4,2024-02-20,2024-06-19,Aggregator,Pol-Health
1016,3757,Property,16033.0,2267565,15,2025-05-09,2026-08-02,Aggregator,Pol-Property
1017,3757,Health,7989.0,1531887,8,2023-01-04,2023-09-01,Agent,Pol-Health
1018,3411,Travel,6890.0,2609498,30,2025-06-02,2027-11-19,Aggregator,Pol-Travel
1019,2967,Health,6556.0,8732680,47,2024-05-01,2028-03-11,Aggregator,Pol-Health
1020,3797,Crop,5093.0,4804149,57,2024-02-14,2028-10-20,Online,Pol-Crop
1021,3281,Health,7052.0,4621241,39,2024-09-25,2027-12-09,Online,Pol-Health
1022,3448,Health,5748.0,6660780,24,2025-03-09,2027-02-27,Online,Pol-Health
1023,85,Motor,5977.0,6181568,41,2023-11-26,2027-04-09,Aggregator,Pol-Motor
1024,4303,Health,9871.0,16293774,52,2024-12-16,2029-03-25,Online,Pol-Health
1025,3419,Travel,3569.0,3270291,12,2023-07-08,2024-07-02,Aggregator,Pol-Travel
1026,4257,Motor,2812.0,1498188,36,2023-05-25,2026-05-09,Agent,Pol-Motor
1027,4546,Motor,4557.0,23493776,14,2023-02-22,2024-04-17,Agent,Pol-Motor
1028,2164,Crop,10892.0,3538980,43,2025-07-30,2029-02-09,Agent,Pol-Crop
1029,4458,Health,8735.0,15934818,32,2024-06-03,2027-01-19,Aggregator,Pol-Health
1030,2960,Motor,11735.0,7746887,51,2025-08-28,2029-11-05,Agent,Pol-Motor
1031,2231,Health,3213.0,20224048,55,2025-04-19,2029-10-25,Aggregator,Pol-Health
1032,2724,Health,9473.0,3077980,14,2023-06-07,2024-07-31,Aggregator,Pol-Health
1033,2640,Health,3572.0,11804915,28,2024-05-16,2026-09-03,Agent,Pol-Health
1034,1031,Crop,4270.0,4186580,43,2024-08-17,2028-02-28,Bancassurance,Pol-Crop
1035,931,Motor,3833.0,2952240,20,2024-02-06,2025-09-28,Partnership,Pol-Motor
1036,4859,Health,4168.0,24467870,13,2025-04-04,2026-04-29,Aggregator,Pol-Health
1037,2660,Crop,27476.0,2753920,46,2024-06-03,2028-03-14,Aggregator,Pol-Crop
1038,1822,Crop,9560.0,2645015,45,2024-04-08,2027-12-19,Agent,Pol-Crop
1039,3810,Motor,2910.0,1970973,17,2023-01-26,2024-06-19,Agent,Pol-Motor
1040,1594,Motor,3341.0,3603020,30,2023-05-29,2025-11-14,Bancassurance,Pol-Motor
1041,1121,Health,7634.0,6215735,48,2023-02-17,2027-01-27,Online,Pol-Health
1042,1682,Crop,7975.0,4654210,40,2025-05-23,2028-09-04,Aggregator,Pol-Crop
1043,1925,Property,5335.0,7646700,17,2024-07-16,2025-12-08,Online,Pol-Property
1044,2441,Health,17061.0,1300060,32,2024-03-21,2026-11-06,Aggregator,Pol-Health
1045,4564,Travel,4698.0,5203415,44,2025-04-18,2028-11-28,Online,Pol-Travel
1046,3443,Health,11668.0,1494645,19,2023-02-12,2024-09-04,Aggregator,Pol-Health
1047,1208,Crop,11009.0,3626852,9,2024-10-03,2025-06-30,Online,Pol-Crop
1048,1167,Property,24383.0,4351102,43,2024-02-09,2027-08-22,Online,Pol-Property
1049,62,Crop,24909.0,5239405,26,2024-07-27,2026-09-15,Aggregator,Pol-Crop
1050,163,Travel,10374.0,7446019,1,2023-01-04,2023-02-03,Bancassurance,Pol-Travel
1051,4648,Health,7466.0,1731121,49,2025-03-31,2029-04-09,Aggregator,Pol-Health
1052,1084,Motor,8766.0,3599434,19,2025-07-10,2027-01-31,Online,Pol-Motor
1053,239,Health,9970.0,42149156,45,2024-12-25,2028-09-05,Online,Pol-Health
1054,2616,Crop,2893.0,5022877,12,2025-02-17,2026-02-12,Bancassurance,Pol-Crop
1055,2794,Crop,3467.0,4530849,55,2023-02-18,2027-08-26,Online,Pol-Crop
1056,3787,Motor,11937.0,953916,44,2023-09-08,2027-04-20,Agent,Pol-Motor
1057,2041,Motor,14520.0,6265829,28,2023-03-17,2025-07-04,Bancassurance,Pol-Motor
1058,3113,Health,15424.0,1291128,45,2023-02-11,2026-10-23,Online,Pol-Health
1059,438,Health,6591.0,577694,38,2023-11-28,2027-01-11,Online,Pol-Health
1060,529,Motor,8636.0,8007256,31,2025-07-12,2028-01-28,Online,Pol-Motor
1061,105,Property,5831.0,7966867,13,2023-06-17,2024-07-11,Aggregator,Pol-Property
1062,4478,Motor,18391.0,1260998,53,2025-07-31,2029-12-07,Partnership,Pol-Motor
1063,1239,Health,6038.0,1521701,43,2023-11-02,2027-05-15,Online,Pol-Health
1064,3977,Motor,4959.0,2666115,52,2024-11-15,2029-02-22,Online,Pol-Motor
1065,2265,Crop,6769.0,30951409,53,2024-02-02,2028-06-10,Online,Pol-Crop
1066,151,Property,6029.0,6929768,53,2024-05-03,2028-09-09,Online,Pol-Property
1067,1794,Motor,7073.0,9055415,11,2024-01-15,2024-12-10,Online,Pol-Motor
1068,631,Health,11512.0,16293390,12,2023-03-25,2024-03-19,Agent,Pol-Health
1069,4518,Motor,7813.0,21226967,23,2025-03-07,2027-01-26,Aggregator,Pol-Motor
1070,4742,Travel,5454.0,6137988,58,2023-10-23,2028-07-28,Agent,Pol-Travel
1071,1968,Property,5288.0,8130653,54,2023-03-15,2027-08-21,Agent,Pol-Property
1072,207,Property,5608.0,5471887,47,2023-04-25,2027-03-05,Online,Pol-Property
1073,2823,Motor,2773.0,911308,29,2025-03-31,2027-08-18,Online,Pol-Motor
1074,834,Motor,11522.0,6990529,9,2023-01-27,2023-10-24,Online,Pol-Motor
1075,3774,Health,9982.0,3296986,14,2025-01-06,2026-03-02,Agent,Pol-Health
1076,3742,Motor,15978.0,387089,32,2024-03-13,2026-10-29,Aggregator,Pol-Motor
1077,1501,Property,8869.0,2673282,3,2025-03-18,2025-06-16,Agent,Pol-Property
1078,2636,Health,3452.0,3454292,7,2024-04-28,2024-11-24,Bancassurance,Pol-Health
1079,4322,Motor,7911.0,12287629,6,2023-07-28,2024-01-24,Agent,Pol-Motor
1080,804,Motor,8040.0,4674233,35,2025-08-17,2028-07-02,Online,Pol-Motor
1081,1858,Travel,10624.0,2750414,27,2024-03-02,2026-05-21,Aggregator,Pol-Travel
1082,3148,Travel,18015.0,1639332,55,2023-04-17,2027-10-23,Aggregator,Pol-Travel
1083,4612,Motor,3954.0,4375853,28,2024-03-18,2026-07-06,Online,Pol-Motor
1084,1847,Motor,9735.0,6129160,23,2024-05-22,2026-04-12,Agent,Pol-Motor
1085,4283,Motor,6740.0,8853693,10,2024-06-21,2025-04-17,Online,Pol-Motor
1086,3720,Motor,26485.0,11211696,17,2023-02-27,2024-07-21,Partnership,Pol-Motor
1087,4035,Travel,11396.0,1484005,54,2025-05-28,2029-11-03,Online,Pol-Travel
1088,2587,Property,6429.0,6722185,15,2024-09-13,2025-12-07,Aggregator,Pol-Property
1089,4744,Travel,14467.0,4611050,14,2024-01-27,2025-03-22,Agent,Pol-Travel
1090,2066,Crop,6484.0,4252847,11,2023-11-22,2024-10-17,Agent,Pol-Crop
1091,4381,Property,10302.0,6440334,55,2024-11-30,2029-06-07,Bancassurance,Pol-Property
1092,2980,Health,6045.0,24991447,29,2023-09-07,2026-01-24,Partnership,Pol-Health
1093,3971,Crop,7611.0,4116159,18,2024-09-07,2026-03-01,Online,Pol-Crop
1094,2953,Health,13860.0,5902636,26,2024-10-01,2026-11-20,Agent,Pol-Health
1095,4746,Motor,6103.0,2187550,47,2023-02-19,2026-12-30,Aggregator,Pol-Motor
1096,1243,Health,1607.0,1986771,51,2025-09-18,2029-11-26,Agent,Pol-Health
1097,2692,Health,5024.0,1900404,25,2023-11-22,2025-12-11,Online,Pol-Health
1098,1968,Travel,15392.0,1277542,40,2025-09-14,2028-12-27,Online,Pol-Travel
1099,2405,Health,16197.0,2937746,43,2023-07-29,2027-02-08,Online,Pol-Health
1100,256,Motor,5125.0,26298390,1,2025-03-16,2025-04-15,Agent,Pol-Motor
1101,2656,Motor,3305.0,2621462,3,2023-09-19,2023-12-18,Agent,Pol-Motor
1102,1837,Crop,5804.0,3961832,19,2024-04-02,2025-10-24,Partnership,Pol-Crop
1103,179,Travel,11885.0,1501843,11,2024-02-01,2024-12-27,Bancassurance,Pol-Travel
1104,4184,Property,6571.0,4405353,28,2025-01-12,2027-05-02,Aggregator,Pol-Property
1105,4941,Motor,2711.0,2019994,51,2024-12-18,2029-02-25,Agent,Pol-Motor
1106,3467,Motor,9736.0,3947963,18,2025-09-19,2027-03-13,Agent,Pol-Motor
1107,28,Health,12284.0,3922931,53,2025-07-16,2029-11-22,Agent,Pol-Health
1108,2745,Travel,16179.0,4835862,46,2024-08-15,2028-05-26,Agent,Pol-Travel
1109,54,Crop,2615.0,14591576,14,2025-04-28,2026-06-22,Aggregator,Pol-Crop
1110,321,Travel,12997.0,26825399,13,2023-02-06,2024-03-02,Partnership,Pol-Travel
1111,3631,Health,8048.0,26586547,19,2025-02-07,2026-08-31,Aggregator,Pol-Health
1112,3306,Crop,5271.0,5939255,44,2024-05-13,2027-12-24,Online,Pol-Crop
1113,3825,Motor,3217.0,6296296,51,2024-10-02,2028-12-10,Agent,Pol-Motor
1114,332,Motor,2900.0,5864094,32,2023-02-24,2025-10-11,Online,Pol-Motor
1115,1718,Crop,4994.0,10769242,43,2024-10-25,2028-05-07,Online,Pol-Crop
1116,3544,Motor,4878.0,2898373,33,2025-05-01,2028-01-16,Agent,Pol-Motor
1117,317,Property,6952.0,2156891,6,2025-01-14,2025-07-13,Online,Pol-Property
1118,3552,Health,15373.0,887138,30,2024-05-02,2026-10-19,Partnership,Pol-Health
1119,2909,Motor,7079.0,12024162,10,2025-01-12,2025-11-08,Online,Pol-Motor
1120,2918,Motor,3391.0,6593387,30,2023-09-24,2026-03-12,Partnership,Pol-Motor
1121,4317,Motor,4406.0,2573259,9,2024-12-29,2025-09-25,Bancassurance,Pol-Motor
1122,1363,Property,8669.0,22858363,6,2025-03-04,2025-08-31,Online,Pol-Property
1123,148,Motor,5033.0,2971987,45,2023-08-15,2027-04-26,Online,Pol-Motor
1124,1733,Health,6917.0,20948290,6,2025-07-12,2026-01-08,Agent,Pol-Health
1125,2629,Health,13052.0,2459198,20,2024-04-10,2025-12-01,Online,Pol-Health
1126,4574,Motor,10146.0,6345549,17,2025-02-16,2026-07-11,Online,Pol-Motor
1127,4019,Motor,5573.0,8007302,2,2023-02-22,2023-04-23,Agent,Pol-Motor
1128,1210,Motor,4488.0,3340721,2,2024-11-18,2025-01-17,Agent,Pol-Motor
1129,170,Motor,19627.0,1686608,10,2023-01-26,2023-11-22,Agent,Pol-Motor
1130,1568,Health,5166.0,5544363,1,2024-01-18,2024-02-17,Agent,Pol-Health
1131,4397,Travel,24238.0,2679494,34,2024-07-22,2027-05-08,Agent,Pol-Travel
1132,3436,Motor,16476.0,1296178,47,2024-08-16,2028-06-26,Partnership,Pol-Motor
1133,1878,Crop,7011.0,1052664,53,2025-01-07,2029-05-16,Agent,Pol-Crop
1134,4053,Health,3984.0,6375100,36,2024-08-19,2027-08-04,Online,Pol-Health
1135,3036,Health,7474.0,679886,40,2023-07-11,2026-10-23,Aggregator,Pol-Health
1136,3249,Crop,14165.0,4141554,51,2023-10-24,2028-01-01,Aggregator,Pol-Crop
1137,3874,Health,6063.0,10651490,20,2025-03-19,2026-11-09,Online,Pol-Health
1138,2192,Motor,3794.0,1380946,32,2023-05-02,2025-12-17,Online,Pol-Motor
1139,523,Motor,5544.0,1595783,56,2025-07-20,2030-02-24,Online,Pol-Motor
1140,3553,Property,8912.0,7148413,17,2023-04-02,2024-08-24,Agent,Pol-Property
1141,2707,Motor,9280.0,493500,39,2024-01-12,2027-03-27,Agent,Pol-Motor
1142,2533,Health,7637.0,5052678,22,2024-11-14,2026-09-05,Online,Pol-Health
1143,822,Health,5808.0,3455141,5,2023-12-03,2024-05-01,Online,Pol-Health
1144,3509,Motor,6897.0,19670405,1,2023-03-14,2023-04-13,Agent,Pol-Motor
1145,195,Property,5825.0,22654698,31,2024-07-08,2027-01-24,Bancassurance,Pol-Property
1146,466,Property,7845.0,7229181,18,2024-10-24,2026-04-17,Agent,Pol-Property
1147,3026,Health,8361.0,2853858,5,2024-04-17,2024-09-14,Bancassurance,Pol-Health
1148,3148,Motor,6491.0,5768466,25,2024-03-02,2026-03-22,Aggregator,Pol-Motor
1149,2538,Motor,4812.0,11808431,7,2023-03-31,2023-10-27,Agent,Pol-Motor
1150,100,Health,13705.0,10081025,14,2023-10-05,2024-11-28,Agent,Pol-Health
1151,116,Property,8510.0,643348,7,2024-05-11,2024-12-07,Bancassurance,Pol-Property
1152,4476,Health,10491.0,1426685,30,2023-10-01,2026-03-19,Aggregator,Pol-Health
1153,2872,Travel,5059.0,10575062,17,2024-03-22,2025-08-14,Agent,Pol-Travel
1154,2111,Motor,7010.0,1689881,13,2024-05-11,2025-06-05,Partnership,Pol-Motor
1155,1272,Travel,5006.0,7262536,24,2024-07-30,2026-07-20,Online,Pol-Travel
1156,2691,Health,14871.0,11188860,36,2023-08-19,2026-08-03,Bancassurance,Pol-Health
1157,1435,Crop,4267.0,9175649,12,2024-06-09,2025-06-04,Agent,Pol-Crop
1158,1903,Motor,4429.0,8267112,18,2024-08-27,2026-02-18,Aggregator,Pol-Motor
1159,3024,Health,7585.0,3450338,23,2025-03-29,2027-02-17,Bancassurance,Pol-Health
1160,2776,Property,4091.0,1547731,22,2025-09-01,2027-06-23,Agent,Pol-Property
1161,2594,Property,14857.0,26998715,25,2023-08-28,2025-09-16,Agent,Pol-Property
1162,4940,Motor,3623.0,934800,44,2025-03-25,2028-11-04,Agent,Pol-Motor
1163,4394,Motor,6510.0,5961286,25,2025-02-21,2027-03-13,Aggregator,Pol-Motor
1164,4392,Health,5952.0,3223580,36,2024-09-13,2027-08-29,Online,Pol-Health
1165,3599,Travel,8522.0,17690219,21,2024-10-18,2026-07-10,Aggregator,Pol-Travel
1166,4211,Health,4909.0,5522422,48,2025-04-28,2029-04-07,Aggregator,Pol-Health
1167,4048,Motor,8340.0,2440615,46,2025-09-25,2029-07-06,Online,Pol-Motor
1168,2927,Crop,4767.0,3509299,29,2024-04-19,2026-09-06,Agent,Pol-Crop
1169,3214,Health,4426.0,11911024,53,2025-04-07,2029-08-14,Aggregator,Pol-Health
1170,2667,Motor,6548.0,14015603,8,2024-08-29,2025-04-26,Online,Pol-Motor
1171,1827,Motor,6959.0,9604364,49,2024-09-04,2028-09-13,Aggregator,Pol-Motor
1172,1026,Property,6372.0,5902714,54,2025-01-18,2029-06-26,Aggregator,Pol-Property
1173,786,Motor,6040.0,2236875,5,2024-10-17,2025-03-16,Agent,Pol-Motor
1174,4131,Motor,14505.0,2777958,2,2025-04-12,2025-06-11,Online,Pol-Motor
1175,1801,Health,8526.0,8113718,52,2024-09-23,2028-12-31,Online,Pol-Health
1176,3290,Motor,8284.0,13354582,23,2025-06-29,2027-05-20,Online,Pol-Motor
1177,361,Motor,12544.0,1409943,2,2024-03-29,2024-05-28,Aggregator,Pol-Motor
1178,4390,Health,3714.0,1151440,22,2024-02-20,2025-12-11,Bancassurance,Pol-Health
1179,3398,Property,20731.0,4445035,21,2025-03-15,2026-12-05,Online,Pol-Property
1180,1227,Motor,3167.0,6597419,44,2023-03-21,2026-10-31,Agent,Pol-Motor
1181,2641,Motor,13571.0,6214329,49,2025-06-20,2029-06-29,Online,Pol-Motor
1182,3650,Health,3166.0,8662189,17,2025-02-06,2026-07-01,Aggregator,Pol-Health
1183,4357,Motor,7099.0,3303607,40,2024-09-23,2028-01-06,Online,Pol-Motor
1184,3204,Health,5382.0,16262603,31,2023-04-18,2025-11-03,Partnership,Pol-Health
1185,1801,Travel,15735.0,20917088,25,2024-05-19,2026-06-08,Online,Pol-Travel
1186,3397,Health,10781.0,8635313,7,2023-01-11,2023-08-09,Aggregator,Pol-Health
1187,1417,Motor,6351.0,3374171,25,2024-12-15,2027-01-04,Partnership,Pol-Motor
1188,4498,Motor,9565.0,434344,18,2024-06-20,2025-12-12,Online,Pol-Motor
1189,336,Motor,8441.0,2933505,32,2024-04-03,2026-11-19,Online,Pol-Motor
1190,3010,Motor,10414.0,6042687,58,2023-12-05,2028-09-09,Online,Pol-Motor
1191,1962,Motor,6645.0,9497454,58,2024-12-05,2029-09-10,Agent,Pol-Motor
1192,844,Motor,5182.0,3890187,8,2023-03-15,2023-11-10,Online,Pol-Motor
1193,1641,Crop,2476.0,4858570,47,2024-01-25,2027-12-05,Aggregator,Pol-Crop
1194,4141,Crop,6172.0,24480327,14,2023-10-14,2024-12-07,Agent,Pol-Crop
1195,1125,Health,7842.0,1989811,48,2023-01-16,2026-12-26,Online,Pol-Health
1196,4712,Motor,4446.0,1193509,6,2023-04-12,2023-10-09,Agent,Pol-Motor
1197,2310,Property,7060.0,618221,55,2023-11-21,2028-05-28,Bancassurance,Pol-Property
1198,765,Motor,12798.0,12634989,23,2024-07-10,2026-05-31,Online,Pol-Motor
1199,1701,Motor,7666.0,1603305,15,2023-01-11,2024-04-05,Bancassurance,Pol-Motor
1200,2340,Motor,5068.0,3891321,22,2023-01-05,2024-10-26,Agent,Pol-Motor
1201,3728,Health,11633.0,11180818,36,2023-05-20,2026-05-04,Bancassurance,Pol-Health
1202,4630,Motor,8181.0,21503069,3,2023-07-25,2023-10-23,Agent,Pol-Motor
1203,1093,Motor,8065.0,5596347,45,2024-01-29,2027-10-10,Bancassurance,Pol-Motor
1204,1605,Motor,5917.0,2164784,44,2023-01-03,2026-08-15,Bancassurance,Pol-Motor
1205,1270,Crop,3905.0,7316721,9,2023-12-06,2024-09-01,Online,Pol-Crop
1206,4671,Motor,8281.0,2060310,5,2023-05-22,2023-10-19,Agent,Pol-Motor
1207,4333,Motor,8811.0,5021096,12,2025-05-07,2026-05-02,Bancassurance,Pol-Motor
1208,3403,Health,5123.0,1519334,29,2025-03-29,2027-08-16,Online,Pol-Health
1209,531,Motor,7926.0,2518599,1,2025-03-03,2025-04-02,Online,Pol-Motor
1210,2791,Health,11701.0,40558326,33,2025-02-04,2027-10-22,Agent,Pol-Health
1211,2513,Motor,4411.0,14091575,56,2023-10-02,2028-05-08,Partnership,Pol-Motor
1212,1253,Health,9055.0,2920241,21,2024-01-02,2025-09-23,Partnership,Pol-Health
1213,3942,Health,6974.0,3601611,21,2023-12-02,2025-08-23,Agent,Pol-Health
1214,2430,Property,11848.0,10263799,27,2024-11-30,2027-02-18,Online,Pol-Property
1215,4223,Motor,12564.0,3697011,2,2024-03-12,2024-05-11,Aggregator,Pol-Motor
1216,658,Health,7561.0,16033327,8,2024-11-24,2025-07-22,Agent,Pol-Health
1217,1865,Travel,7323.0,1305806,12,2025-01-29,2026-01-24,Aggregator,Pol-Travel
1218,1169,Property,6556.0,5048453,22,2023-04-16,2025-02-04,Online,Pol-Property
1219,2601,Travel,4319.0,2611330,49,2024-08-04,2028-08-13,Aggregator,Pol-Travel
1220,2487,Travel,8928.0,6771863,9,2024-08-04,2025-05-01,Aggregator,Pol-Travel
1221,2456,Health,7560.0,5990694,44,2025-01-27,2028-09-08,Aggregator,Pol-Health
1222,2844,Motor,5025.0,5497380,38,2025-07-17,2028-08-30,Partnership,Pol-Motor
1223,1731,Property,2743.0,7888810,29,2023-07-21,2025-12-07,Online,Pol-Property
1224,3812,Health,9656.0,6882070,3,2025-03-05,2025-06-03,Online,Pol-Health
1225,4043,Health,6136.0,1928139,22,2025-05-03,2027-02-22,Aggregator,Pol-Health
1226,3239,Health,10323.0,4862988,4,2023-05-25,2023-09-22,Agent,Pol-Health
1227,2690,Health,3708.0,4876578,29,2024-04-21,2026-09-08,Aggregator,Pol-Health
1228,3334,Health,7600.0,5142610,41,2023-11-18,2027-04-01,Aggregator,Pol-Health
1229,3333,Health,7217.0,38906839,13,2023-06-01,2024-06-25,Online,Pol-Health
1230,1199,Motor,6602.0,5520163,24,2025-07-08,2027-06-28,Agent,Pol-Motor
1231,1381,Crop,16159.0,23502428,2,2023-10-17,2023-12-16,Agent,Pol-Crop
1232,4866,Crop,7946.0,927764,3,2023-06-05,2023-09-03,Aggregator,Pol-Crop
1233,1191,Health,3086.0,3176053,15,2024-02-03,2025-04-28,Agent,Pol-Health
1234,1343,Motor,6001.0,4286755,24,2024-01-06,2025-12-26,Online,Pol-Motor
1235,1655,Motor,3272.0,21564054,50,2023-11-06,2027-12-15,Agent,Pol-Motor
1236,4754,Motor,14879.0,749678,26,2023-03-25,2025-05-13,Online,Pol-Motor
1237,3407,Motor,8293.0,12883300,8,2023-12-11,2024-08-07,Aggregator,Pol-Motor
1238,989,Motor,6768.0,8711674,40,2025-04-18,2028-07-31,Bancassurance,Pol-Motor
1239,3546,Motor,3622.0,8737037,53,2023-03-31,2027-08-07,Online,Pol-Motor
1240,3217,Motor,7994.0,4479584,47,2025-04-08,2029-02-16,Aggregator,Pol-Motor
1241,1078,Health,12388.0,6193188,5,2025-06-21,2025-11-18,Online,Pol-Health
1242,122,Travel,9855.0,5138793,8,2024-11-18,2025-07-16,Bancassurance,Pol-Travel
1243,3196,Motor,9663.0,2919188,46,2025-06-11,2029-03-22,Aggregator,Pol-Motor
1244,2215,Health,15020.0,12095022,39,2025-01-27,2028-04-11,Agent,Pol-Health
1245,2992,Travel,15744.0,5789355,46,2024-05-24,2028-03-04,Agent,Pol-Travel
1246,834,Travel,7739.0,2656652,32,2023-10-19,2026-06-05,Partnership,Pol-Travel
1247,1679,Motor,9841.0,7788529,31,2024-11-10,2027-05-29,Aggregator,Pol-Motor
1248,2070,Motor,17272.0,4455785,8,2023-09-09,2024-05-06,Aggregator,Pol-Motor
1249,1885,Motor,4438.0,3598094,17,2023-09-03,2025-01-25,Bancassurance,Pol-Motor
1250,4057,Motor,9311.0,1170126,59,2023-06-19,2028-04-23,Bancassurance,Pol-Motor
1251,1963,Health,4398.0,3362778,23,2025-03-31,2027-02-19,Bancassurance,Pol-Health
1252,4024,Motor,6082.0,3212634,39,2023-12-31,2027-03-15,Online,Pol-Motor
1253,408,Property,14315.0,7083136,50,2023-10-05,2027-11-13,Agent,Pol-Property
1254,4578,Motor,4808.0,3811476,13,2024-12-16,2026-01-10,Agent,Pol-Motor
1255,2370,Property,12648.0,60326717,57,2025-09-15,2030-05-22,Bancassurance,Pol-Property
1256,2163,Motor,5412.0,1353328,44,2023-08-02,2027-03-14,Online,Pol-Motor
1257,2320,Health,12704.0,1755603,15,2023-06-27,2024-09-19,Online,Pol-Health
1258,3240,Health,15240.0,3314847,45,2023-10-18,2027-06-29,Agent,Pol-Health
1259,1893,Health,4660.0,7479578,28,2024-10-27,2027-02-14,Aggregator,Pol-Health
1260,2298,Motor,10087.0,4014258,48,2023-05-17,2027-04-26,Online,Pol-Motor
1261,3839,Motor,12769.0,3106149,30,2025-04-19,2027-10-06,Agent,Pol-Motor
1262,1490,Motor,5906.0,1837660,15,2023-08-20,2024-11-12,Agent,Pol-Motor
1263,2053,Health,9743.0,7929383,38,2025-04-12,2028-05-26,Online,Pol-Health
1264,4010,Motor,4033.0,63152546,8,2024-04-20,2024-12-16,Online,Pol-Motor
1265,1901,Health,21933.0,2077387,46,2025-06-07,2029-03-18,Bancassurance,Pol-Health
1266,1822,Motor,5052.0,9039962,15,2023-12-06,2025-02-28,Aggregator,Pol-Motor
1267,2911,Motor,6347.0,22125765,38,2024-07-11,2027-08-25,Online,Pol-Motor
1268,4361,Health,6860.0,6118619,39,2025-03-05,2028-05-18,Agent,Pol-Health
1269,1273,Health,7638.0,7307162,51,2024-08-13,2028-10-21,Agent,Pol-Health
1270,1887,Motor,9172.0,5012491,34,2024-01-21,2026-11-06,Agent,Pol-Motor
1271,1833,Health,9098.0,26988071,36,2024-11-25,2027-11-10,Online,Pol-Health
1272,2867,Property,4209.0,11053415,20,2024-11-24,2026-07-17,Online,Pol-Property
1273,697,Motor,3927.0,15009731,44,2024-10-15,2028-05-27,Bancassurance,Pol-Motor
1274,4837,Motor,17140.0,4794138,13,2023-02-14,2024-03-10,Agent,Pol-Motor
1275,2365,Health,13081.0,9931259,44,2023-02-10,2026-09-22,Agent,Pol-Health
1276,4870,Travel,3823.0,5040212,45,2024-12-15,2028-08-26,Agent,Pol-Travel
1277,4215,Motor,8938.0,10796858,47,2023-01-02,2026-11-12,Aggregator,Pol-Motor
1278,1770,Health,11007.0,3739211,21,2025-06-20,2027-03-12,Bancassurance,Pol-Health
1279,2842,Crop,20572.0,15432469,47,2024-12-31,2028-11-10,Aggregator,Pol-Crop
1280,2250,Health,5782.0,8799474,23,2023-01-08,2024-11-28,Agent,Pol-Health
1281,3125,Motor,12220.0,3568614,46,2025-02-12,2028-11-23,Online,Pol-Motor
1282,2365,Health,10544.0,11848767,3,2025-01-13,2025-04-13,Agent,Pol-Health
1283,3745,Motor,5197.0,4058067,22,2024-05-08,2026-02-27,Aggregator,Pol-Motor
1284,1118,Motor,6172.0,1774287,29,2023-07-29,2025-12-15,Agent,Pol-Motor
1285,3164,Motor,5036.0,4187597,40,2023-11-09,2027-02-21,Partnership,Pol-Motor
1286,813,Motor,8781.0,4220866,30,2025-03-06,2027-08-23,Partnership,Pol-Motor
1287,38,Motor,3386.0,1901521,24,2023-08-02,2025-07-22,Partnership,Pol-Motor
1288,2461,Property,6575.0,8445281,25,2024-12-11,2026-12-31,Agent,Pol-Property
1289,4339,Travel,6132.0,7875735,12,2024-05-12,2025-05-07,Agent,Pol-Travel
1290,3720,Motor,2639.0,5316013,50,2023-07-27,2027-09-04,Agent,Pol-Motor
1291,855,Motor,8555.0,11248546,20,2024-11-12,2026-07-05,Agent,Pol-Motor
1292,3947,Property,10288.0,3880209,33,2025-03-18,2027-12-03,Online,Pol-Property
1293,2249,Health,3552.0,1413367,39,2023-06-20,2026-09-02,Bancassurance,Pol-Health
1294,2355,Property,7342.0,3002723,22,2025-02-15,2026-12-07,Bancassurance,Pol-Property
1295,4043,Health,3685.0,2549328,46,2023-10-18,2027-07-29,Aggregator,Pol-Health
1296,1798,Crop,7794.0,3877611,19,2024-05-25,2025-12-16,Aggregator,Pol-Crop
1297,175,Motor,13156.0,5907704,32,2024-05-30,2027-01-15,Agent,Pol-Motor
1298,1713,Motor,5688.0,33296801,53,2025-03-25,2029-08-01,Partnership,Pol-Motor
1299,3020,Motor,6330.0,1351761,51,2023-11-29,2028-02-06,Agent,Pol-Motor
1300,3064,Health,21096.0,11989574,26,2025-08-28,2027-10-17,Online,Pol-Health
1301,672,Travel,5052.0,2185120,44,2024-11-08,2028-06-20,Agent,Pol-Travel
1302,694,Crop,4593.0,8146431,7,2023-10-29,2024-05-26,Aggregator,Pol-Crop
1303,548,Crop,7313.0,3038232,8,2024-06-10,2025-02-05,Agent,Pol-Crop
1304,1123,Motor,24545.0,6640245,11,2023-12-31,2024-11-25,Aggregator,Pol-Motor
1305,3298,Property,8322.0,23410071,59,2024-06-30,2029-05-05,Aggregator,Pol-Property
1306,3987,Motor,5277.0,1419039,40,2023-12-12,2027-03-26,Bancassurance,Pol-Motor
1307,2597,Travel,9876.0,7126532,16,2024-03-19,2025-07-12,Agent,Pol-Travel
1308,4369,Motor,10642.0,7405216,9,2023-02-24,2023-11-21,Agent,Pol-Motor
1309,3024,Motor,9930.0,13538901,41,2024-09-15,2028-01-28,Online,Pol-Motor
1310,784,Crop,10844.0,5750226,4,2023-02-09,2023-06-09,Online,Pol-Crop
1311,1210,Property,11708.0,119584427,11,2023-11-21,2024-10-16,Online,Pol-Property
1312,940,Crop,6876.0,15647298,10,2025-06-19,2026-04-15,Partnership,Pol-Crop
1313,4548,Motor,6876.0,9513998,59,2024-06-14,2029-04-19,Aggregator,Pol-Motor
1314,1529,Crop,11165.0,7510145,59,2023-04-26,2028-02-29,Bancassurance,Pol-Crop
1315,94,Health,2160.0,9182518,53,2024-09-02,2029-01-09,Agent,Pol-Health
1316,1331,Health,2006.0,6096402,29,2025-04-08,2027-08-26,Agent,Pol-Health
1317,1762,Health,5438.0,6135810,41,2024-01-31,2027-06-14,Agent,Pol-Health
1318,2222,Property,6176.0,1374795,5,2024-03-10,2024-08-07,Aggregator,Pol-Property
1319,2743,Health,10375.0,9127585,3,2023-02-03,2023-05-04,Online,Pol-Health
1320,1097,Motor,5767.0,9039485,13,2023-10-21,2024-11-14,Online,Pol-Motor
1321,2104,Health,13174.0,7417109,16,2023-08-04,2024-11-26,Bancassurance,Pol-Health
1322,2743,Property,7880.0,7586116,41,2024-07-09,2027-11-21,Bancassurance,Pol-Property
1323,4730,Motor,4964.0,10685008,8,2023-07-26,2024-03-22,Online,Pol-Motor
1324,2292,Motor,13790.0,8163651,28,2024-09-09,2026-12-28,Aggregator,Pol-Motor
1325,4300,Health,8423.0,5831737,24,2023-10-07,2025-09-26,Agent,Pol-Health
1326,3663,Motor,3831.0,7259509,38,2025-09-18,2028-11-01,Agent,Pol-Motor
1327,16,Motor,10747.0,16317149,2,2023-03-05,2023-05-04,Agent,Pol-Motor
1328,126,Crop,10742.0,20183893,6,2025-05-19,2025-11-15,Aggregator,Pol-Crop
1329,3423,Motor,3872.0,2224496,19,2024-03-03,2025-09-24,Partnership,Pol-Motor
1330,4175,Motor,7736.0,3785837,18,2023-09-27,2025-03-20,Online,Pol-Motor
1331,3573,Health,9921.0,12700770,38,2023-06-08,2026-07-22,Online,Pol-Health
1332,789,Health,3189.0,8914741,24,2025-09-24,2027-09-14,Agent,Pol-Health
1333,2353,Motor,12429.0,3038492,39,2023-02-23,2026-05-08,Online,Pol-Motor
1334,1512,Crop,5197.0,5705514,20,2023-05-13,2025-01-02,Online,Pol-Crop
1335,4221,Health,4757.0,10949255,24,2023-04-10,2025-03-30,Partnership,Pol-Health
1336,4714,Motor,6361.0,30299820,56,2025-01-23,2029-08-30,Aggregator,Pol-Motor
1337,4838,Motor,10401.0,44838428,55,2023-10-13,2028-04-19,Online,Pol-Motor
1338,3718,Health,12071.0,1050766,59,2023-07-06,2028-05-10,Agent,Pol-Health
1339,81,Motor,16858.0,11595987,2,2023-07-25,2023-09-23,Aggregator,Pol-Motor
1340,1645,Travel,4691.0,3068464,36,2024-09-30,2027-09-15,Online,Pol-Travel
1341,175,Motor,8808.0,15223207,16,2025-01-26,2026-05-21,Agent,Pol-Motor
1342,676,Health,10311.0,1569524,35,2024-06-29,2027-05-15,Bancassurance,Pol-Health
1343,348,Property,9343.0,2913687,7,2025-04-04,2025-10-31,Online,Pol-Property
1344,1913,Crop,4493.0,4607134,30,2023-09-01,2026-02-17,Online,Pol-Crop
1345,1391,Motor,8336.0,9853512,35,2024-10-02,2027-08-18,Bancassurance,Pol-Motor
1346,1559,Health,8611.0,3861575,39,2023-12-28,2027-03-12,Partnership,Pol-Health
1347,1439,Motor,5356.0,2798330,43,2024-07-30,2028-02-10,Bancassurance,Pol-Motor
1348,2926,Property,9336.0,1156728,16,2025-07-26,2026-11-18,Partnership,Pol-Property
1349,4820,Health,8138.0,2963442,16,2025-07-21,2026-11-13,Agent,Pol-Health
1350,4704,Motor,3728.0,9905264,24,2023-10-10,2025-09-29,Agent,Pol-Motor
1351,3793,Property,10064.0,20567192,14,2024-03-15,2025-05-09,Aggregator,Pol-Property
1352,358,Motor,7764.0,2108120,16,2025-02-17,2026-06-12,Online,Pol-Motor
1353,3398,Motor,2848.0,2293626,32,2025-09-25,2028-05-12,Aggregator,Pol-Motor
1354,1089,Health,6311.0,2777058,52,2023-07-23,2027-10-30,Agent,Pol-Health
1355,293,Motor,7800.0,4849570,7,2024-10-08,2025-05-06,Partnership,Pol-Motor
1356,991,Travel,5117.0,6416447,25,2023-10-04,2025-10-23,Agent,Pol-Travel
1357,3403,Motor,8572.0,4089654,23,2025-07-25,2027-06-15,Partnership,Pol-Motor
1358,2577,Health,6350.0,1299451,2,2024-09-04,2024-11-03,Partnership,Pol-Health
1359,820,Travel,12243.0,865870,9,2024-04-25,2025-01-20,Agent,Pol-Travel
1360,3491,Motor,8396.0,3457460,37,2024-07-18,2027-08-02,Online,Pol-Motor
1361,4226,Motor,18995.0,8700865,42,2024-10-31,2028-04-13,Bancassurance,Pol-Motor
1362,3621,Motor,3565.0,5422635,32,2025-04-06,2027-11-22,Bancassurance,Pol-Motor
1363,3429,Travel,8603.0,24527729,43,2023-06-08,2026-12-19,Agent,Pol-Travel
1364,2508,Property,7393.0,1373626,22,2025-02-20,2026-12-12,Aggregator,Pol-Property
1365,4689,Motor,9048.0,5908760,18,2025-01-04,2026-06-28,Agent,Pol-Motor
1366,2990,Motor,14105.0,18907963,42,2023-03-01,2026-08-12,Aggregator,Pol-Motor
1367,1925,Crop,3582.0,4118988,46,2024-07-16,2028-04-26,Agent,Pol-Crop
1368,4710,Health,9936.0,1707115,23,2024-09-02,2026-07-24,Agent,Pol-Health
1369,4635,Health,8677.0,472561,9,2023-06-07,2024-03-03,Bancassurance,Pol-Health
1370,4357,Health,4652.0,4046009,27,2023-07-16,2025-10-03,Online,Pol-Health
1371,3645,Property,13285.0,3399657,34,2024-05-27,2027-03-13,Agent,Pol-Property
1372,3208,Travel,7558.0,3003996,9,2024-01-16,2024-10-12,Aggregator,Pol-Travel
1373,2657,Property,5057.0,7057470,21,2024-10-25,2026-07-17,Partnership,Pol-Property
1374,1685,Travel,9084.0,27619874,17,2025-07-09,2026-12-01,Agent,Pol-Travel
1375,1251,Crop,11824.0,1565659,5,2025-07-15,2025-12-12,Agent,Pol-Crop
1376,1813,Motor,8594.0,2270280,14,2025-08-27,2026-10-21,Agent,Pol-Motor
1377,1843,Motor,5922.0,4720417,18,2023-11-04,2025-04-27,Online,Pol-Motor
1378,228,Crop,4929.0,10311262,24,2024-02-05,2026-01-25,Aggregator,Pol-Crop
1379,3899,Motor,4881.0,3812017,51,2025-03-12,2029-05-20,Partnership,Pol-Motor
1380,2306,Property,10910.0,9109564,9,2023-08-08,2024-05-04,Aggregator,Pol-Property
1381,2874,Crop,11750.0,1475466,31,2024-12-27,2027-07-15,Agent,Pol-Crop
1382,3292,Health,6465.0,5625523,21,2024-05-11,2026-01-31,Aggregator,Pol-Health
1383,1260,Motor,23564.0,5322641,35,2025-04-30,2028-03-15,Agent,Pol-Motor
1384,3461,Motor,6508.0,22107405,26,2023-10-11,2025-11-29,Aggregator,Pol-Motor
1385,2393,Motor,7062.0,14960158,17,2025-01-12,2026-06-06,Partnership,Pol-Motor
1386,2698,Property,6016.0,5974555,4,2023-05-28,2023-09-25,Aggregator,Pol-Property
1387,2515,Motor,6914.0,2291479,7,2023-01-13,2023-08-11,Online,Pol-Motor
1388,4285,Travel,7192.0,659656,3,2023-04-20,2023-07-19,Online,Pol-Travel
1389,3440,Motor,9801.0,2430208,41,2023-03-17,2026-07-29,Agent,Pol-Motor
1390,3170,Property,6653.0,38560324,31,2025-07-29,2028-02-14,Online,Pol-Property
1391,665,Motor,9929.0,1054953,21,2024-10-16,2026-07-08,Agent,Pol-Motor
1392,4117,Health,3300.0,2368208,59,2023-07-05,2028-05-09,Agent,Pol-Health
1393,1184,Motor,5367.0,6046387,14,2025-08-21,2026-10-15,Bancassurance,Pol-Motor
1394,4525,Motor,6247.0,16841939,44,2024-11-03,2028-06-15,Online,Pol-Motor
1395,2633,Health,6454.0,1705123,27,2023-09-05,2025-11-23,Agent,Pol-Health
1396,3066,Travel,2932.0,8183999,38,2023-10-19,2026-12-02,Online,Pol-Travel
1397,1890,Motor,11470.0,2655031,23,2023-12-14,2025-11-03,Aggregator,Pol-Motor
1398,3119,Motor,3518.0,1799425,10,2024-11-27,2025-09-23,Aggregator,Pol-Motor
1399,4319,Property,5346.0,3154389,46,2025-01-17,2028-10-28,Partnership,Pol-Property
1400,960,Crop,7230.0,5174861,21,2025-07-05,2027-03-27,Bancassurance,Pol-Crop
1401,158,Motor,20354.0,1719920,50,2024-06-01,2028-07-10,Bancassurance,Pol-Motor
1402,2008,Motor,7140.0,14708617,3,2024-11-24,2025-02-22,Online,Pol-Motor
1403,4897,Motor,9175.0,19868734,48,2023-05-01,2027-04-10,Aggregator,Pol-Motor
1404,722,Motor,3491.0,2844040,11,2024-10-04,2025-08-30,Online,Pol-Motor
1405,1255,Motor,4829.0,10859053,13,2025-07-12,2026-08-06,Online,Pol-Motor
1406,2346,Motor,5178.0,1363443,9,2024-11-08,2025-08-05,Agent,Pol-Motor
1407,4541,Health,5615.0,4564673,46,2023-06-25,2027-04-05,Bancassurance,Pol-Health
1408,105,Health,12191.0,11452726,15,2025-06-26,2026-09-19,Online,Pol-Health
1409,1662,Motor,5573.0,10277563,51,2025-01-04,2029-03-14,Partnership,Pol-Motor
1410,4979,Health,9939.0,6144691,2,2025-05-26,2025-07-25,Online,Pol-Health
1411,1092,Motor,4987.0,15864773,24,2024-07-06,2026-06-26,Online,Pol-Motor
1412,538,Motor,6376.0,2777662,13,2023-11-08,2024-12-02,Agent,Pol-Motor
1413,2721,Motor,2209.0,5833389,24,2024-02-11,2026-01-31,Bancassurance,Pol-Motor
1414,4897,Motor,7077.0,5649630,23,2025-04-15,2027-03-06,Agent,Pol-Motor
1415,1065,Property,7282.0,7867856,50,2024-11-07,2028-12-16,Agent,Pol-Property
1416,1572,Motor,6654.0,9296673,34,2024-11-25,2027-09-11,Agent,Pol-Motor
1417,3016,Property,19589.0,1680571,3,2025-04-06,2025-07-05,Aggregator,Pol-Property
1418,3447,Health,7097.0,9966005,14,2023-10-05,2024-11-28,Partnership,Pol-Health
1419,1430,Health,1879.0,1820621,26,2024-03-02,2026-04-21,Agent,Pol-Health
1420,242,Health,3985.0,12341241,1,2025-02-11,2025-03-13,Agent,Pol-Health
1421,1363,Motor,7176.0,26069748,29,2025-08-10,2027-12-28,Online,Pol-Motor
1422,2068,Motor,7046.0,3433644,12,2023-07-23,2024-07-17,Online,Pol-Motor
1423,1879,Motor,4883.0,2314103,5,2023-12-23,2024-05-21,Agent,Pol-Motor
1424,2889,Health,4400.0,24073430,51,2023-05-05,2027-07-13,Agent,Pol-Health
1425,301,Health,14659.0,5073313,52,2024-03-20,2028-06-27,Bancassurance,Pol-Health
1426,4261,Health,12027.0,1606281,41,2025-08-07,2028-12-19,Aggregator,Pol-Health
1427,2829,Motor,12869.0,2356186,55,2025-04-05,2029-10-11,Aggregator,Pol-Motor
1428,3763,Travel,5356.0,2474981,7,2023-07-25,2024-02-20,Agent,Pol-Travel
1429,3689,Motor,10406.0,15937690,35,2023-05-03,2026-03-18,Online,Pol-Motor
1430,2401,Motor,2031.0,2168290,7,2023-04-04,2023-10-31,Agent,Pol-Motor
1431,3159,Crop,5956.0,655041,47,2023-10-06,2027-08-16,Online,Pol-Crop
1432,1021,Motor,5565.0,5152013,25,2025-02-05,2027-02-25,Agent,Pol-Motor
1433,1550,Travel,6466.0,7029882,32,2023-10-17,2026-06-03,Online,Pol-Travel
1434,2919,Motor,7767.0,9017709,28,2024-11-07,2027-02-25,Aggregator,Pol-Motor
1435,878,Motor,6730.0,469614,43,2024-08-20,2028-03-02,Agent,Pol-Motor
1436,3081,Motor,4172.0,4566324,26,2024-09-30,2026-11-19,Aggregator,Pol-Motor
1437,3535,Health,5053.0,3658701,57,2023-02-16,2027-10-23,Agent,Pol-Health
1438,3608,Health,9501.0,7863124,10,2024-05-29,2025-03-25,Agent,Pol-Health
1439,1321,Motor,8754.0,901932,33,2025-05-01,2028-01-16,Agent,Pol-Motor
1440,3104,Motor,16259.0,6170320,9,2024-06-23,2025-03-20,Agent,Pol-Motor
1441,4527,Motor,8571.0,6346061,35,2025-03-24,2028-02-07,Aggregator,Pol-Motor
1442,2837,Motor,15429.0,14973782,6,2023-12-04,2024-06-01,Online,Pol-Motor
1443,2118,Travel,3555.0,7410151,18,2025-04-18,2026-10-10,Aggregator,Pol-Travel
1444,1135,Motor,9851.0,10079545,4,2024-06-29,2024-10-27,Agent,Pol-Motor
1445,3161,Property,10708.0,1769240,19,2024-01-01,2025-07-24,Aggregator,Pol-Property
1446,4098,Motor,9344.0,4892661,6,2023-02-12,2023-08-11,Agent,Pol-Motor
1447,3128,Motor,4023.0,17393515,33,2024-06-07,2027-02-22,Online,Pol-Motor
1448,2718,Health,8593.0,3438727,4,2023-10-17,2024-02-14,Agent,Pol-Health
1449,2592,Crop,6121.0,10811630,33,2024-01-01,2026-09-17,Agent,Pol-Crop
1450,190,Crop,9791.0,2253032,49,2023-08-01,2027-08-10,Agent,Pol-Crop
1451,2770,Health,7020.0,4365199,4,2025-01-10,2025-05-10,Agent,Pol-Health
1452,3555,Motor,5517.0,1250777,21,2023-09-13,2025-06-04,Aggregator,Pol-Motor
1453,3380,Motor,22944.0,4961611,28,2024-04-30,2026-08-18,Partnership,Pol-Motor
1454,4118,Health,5056.0,2514535,7,2024-11-04,2025-06-02,Aggregator,Pol-Health
1455,3558,Motor,8431.0,15027792,8,2025-03-24,2025-11-19,Partnership,Pol-Motor
1456,1570,Crop,9662.0,33437055,35,2024-12-19,2027-11-04,Aggregator,Pol-Crop
1457,3926,Health,6332.0,1133482,12,2025-03-08,2026-03-03,Agent,Pol-Health
1458,1488,Crop,12960.0,1759958,19,2023-09-11,2025-04-03,Aggregator,Pol-Crop
1459,568,Health,11289.0,12312463,42,2023-07-20,2026-12-31,Bancassurance,Pol-Health
1460,3824,Property,3155.0,2690759,52,2023-10-01,2028-01-08,Bancassurance,Pol-Property
1461,3505,Motor,9991.0,4968545,38,2024-12-21,2028-02-04,Online,Pol-Motor
1462,2623,Health,17791.0,20892662,18,2024-04-12,2025-10-04,Aggregator,Pol-Health
1463,4902,Motor,5009.0,21428850,28,2023-01-02,2025-04-21,Online,Pol-Motor
1464,914,Health,3682.0,1656925,38,2024-07-20,2027-09-03,Aggregator,Pol-Health
1465,4864,Health,6304.0,30528971,32,2024-07-01,2027-02-16,Online,Pol-Health
1466,48,Property,7215.0,9806902,59,2024-01-03,2028-11-07,Aggregator,Pol-Property
1467,744,Property,7448.0,13266687,30,2024-07-31,2027-01-17,Online,Pol-Property
1468,2734,Health,12377.0,2940287,32,2023-05-02,2025-12-17,Bancassurance,Pol-Health
1469,2673,Motor,5182.0,2682725,22,2023-04-27,2025-02-15,Aggregator,Pol-Motor
1470,4477,Crop,9561.0,1117911,50,2024-04-24,2028-06-02,Partnership,Pol-Crop
1471,4406,Motor,10779.0,1751220,5,2025-07-29,2025-12-26,Agent,Pol-Motor
1472,542,Property,7717.0,9946171,59,2023-01-25,2027-11-30,Online,Pol-Property
1473,4863,Health,5367.0,8128521,43,2023-10-29,2027-05-11,Partnership,Pol-Health
1474,1207,Property,4112.0,10915287,7,2023-12-06,2024-07-03,Online,Pol-Property
1475,184,Health,3402.0,6639232,9,2024-07-24,2025-04-20,Agent,Pol-Health
1476,4010,Health,3516.0,5258668,3,2024-03-24,2024-06-22,Agent,Pol-Health
1477,1982,Motor,3279.0,2852892,55,2025-09-10,2030-03-18,Online,Pol-Motor
1478,4735,Property,15714.0,4161521,19,2023-03-29,2024-10-19,Partnership,Pol-Property
1479,4690,Motor,6697.0,12049738,44,2025-07-16,2029-02-25,Online,Pol-Motor
1480,1257,Property,20360.0,11192089,18,2024-08-12,2026-02-03,Agent,Pol-Property
1481,2752,Motor,8815.0,6741791,30,2023-08-22,2026-02-07,Partnership,Pol-Motor
1482,4097,Property,3401.0,2310632,47,2023-01-10,2026-11-20,Partnership,Pol-Property
1483,3577,Motor,6641.0,3482289,52,2024-11-23,2029-03-02,Aggregator,Pol-Motor
1484,4815,Motor,10026.0,1593176,56,2025-01-03,2029-08-10,Aggregator,Pol-Motor
1485,3781,Property,8565.0,3893985,37,2023-09-21,2026-10-05,Agent,Pol-Property
1486,283,Property,5894.0,1195385,8,2024-07-29,2025-03-26,Agent,Pol-Property
1487,3601,Health,11433.0,3968161,54,2024-05-24,2028-10-30,Agent,Pol-Health
1488,1210,Travel,4331.0,2948289,29,2023-06-10,2025-10-27,Online,Pol-Travel
1489,441,Motor,7988.0,5318007,44,2024-12-22,2028-08-03,Online,Pol-Motor
1490,3808,Motor,10877.0,2667250,17,2023-12-16,2025-05-09,Agent,Pol-Motor
1491,4735,Motor,6076.0,10402290,19,2024-02-04,2025-08-27,Partnership,Pol-Motor
1492,474,Motor,9381.0,1226470,56,2024-12-24,2029-07-31,Bancassurance,Pol-Motor
1493,1858,Motor,6869.0,1282431,14,2025-05-16,2026-07-10,Agent,Pol-Motor
1494,2780,Health,8086.0,4222238,16,2023-06-12,2024-10-04,Partnership,Pol-Health
1495,4756,Motor,9017.0,6829171,15,2025-02-02,2026-04-28,Online,Pol-Motor
1496,4388,Motor,6315.0,3718996,36,2024-08-07,2027-07-23,Agent,Pol-Motor
1497,4343,Health,14659.0,4012192,18,2024-10-10,2026-04-03,Aggregator,Pol-Health
1498,1942,Motor,8325.0,5862750,40,2025-09-17,2028-12-30,Partnership,Pol-Motor
1499,4284,Motor,9655.0,8429317,37,2024-01-11,2027-01-25,Online,Pol-Motor
1500,1547,Motor,12919.0,3668876,31,2023-12-29,2026-07-16,Agent,Pol-Motor
1501,3356,Travel,9840.0,6392563,49,2025-07-23,2029-08-01,Online,Pol-Travel
1502,557,Motor,4554.0,13057800,40,2023-04-06,2026-07-19,Agent,Pol-Motor
1503,4343,Crop,10514.0,1572265,13,2024-01-01,2025-01-25,Bancassurance,Pol-Crop
1504,3478,Health,8319.0,16823982,9,2025-02-20,2025-11-17,Agent,Pol-Health
1505,3231,Motor,5158.0,15710856,56,2023-02-25,2027-10-02,Partnership,Pol-Motor
1506,3339,Motor,12968.0,2539224,46,2025-07-27,2029-05-07,Agent,Pol-Motor
1507,1827,Health,4382.0,8610651,49,2023-06-13,2027-06-22,Aggregator,Pol-Health
1508,2199,Travel,5562.0,1355749,54,2025-08-24,2030-01-30,Agent,Pol-Travel
1509,3357,Motor,5942.0,7070167,38,2024-08-30,2027-10-14,Online,Pol-Motor
1510,4076,Motor,3874.0,18410471,7,2024-10-28,2025-05-26,Online,Pol-Motor
1511,4220,Motor,7266.0,2102725,33,2025-06-22,2028-03-08,Online,Pol-Motor
1512,3812,Motor,5262.0,2722129,24,2025-01-25,2027-01-15,Aggregator,Pol-Motor
1513,1895,Property,8211.0,7460402,36,2025-09-02,2028-08-17,Online,Pol-Property
1514,1753,Health,17384.0,3944954,27,2024-01-15,2026-04-04,Aggregator,Pol-Health
1515,4755,Motor,7189.0,6401608,52,2023-01-21,2027-04-30,Agent,Pol-Motor
1516,3802,Travel,9330.0,48627084,43,2024-08-06,2028-02-17,Aggregator,Pol-Travel
1517,2656,Motor,7261.0,3710520,10,2024-09-13,2025-07-10,Online,Pol-Motor
1518,3519,Health,6262.0,1314311,13,2024-10-14,2025-11-08,Online,Pol-Health
1519,1481,Health,10565.0,2976563,52,2025-02-06,2029-05-16,Bancassurance,Pol-Health
1520,2579,Motor,4585.0,6366145,22,2025-02-08,2026-11-30,Partnership,Pol-Motor
1521,4821,Motor,12070.0,1703932,45,2025-06-18,2029-02-27,Bancassurance,Pol-Motor
1522,1554,Motor,4979.0,2911782,54,2023-03-09,2027-08-15,Online,Pol-Motor
1523,646,Travel,14388.0,15639794,6,2023-03-04,2023-08-31,Online,Pol-Travel
1524,1827,Property,6102.0,23412663,50,2025-01-15,2029-02-23,Online,Pol-Property
1525,1550,Motor,4854.0,3779601,21,2025-01-04,2026-09-26,Bancassurance,Pol-Motor
1526,1699,Health,7715.0,3870441,27,2023-11-13,2026-01-31,Bancassurance,Pol-Health
1527,3571,Health,3340.0,1786504,44,2025-05-17,2028-12-27,Agent,Pol-Health
1528,4614,Motor,4286.0,6772408,34,2024-10-18,2027-08-04,Online,Pol-Motor
1529,3427,Health,9293.0,46316921,6,2025-06-20,2025-12-17,Bancassurance,Pol-Health
1530,3705,Property,13208.0,3867866,7,2023-06-20,2024-01-16,Agent,Pol-Property
1531,3225,Motor,5465.0,3992560,54,2024-03-26,2028-09-01,Partnership,Pol-Motor
1532,4425,Crop,13871.0,8424718,35,2023-03-07,2026-01-20,Online,Pol-Crop
1533,4786,Health,5964.0,3588738,30,2024-08-11,2027-01-28,Online,Pol-Health
1534,4575,Motor,8031.0,3645731,11,2024-07-24,2025-06-19,Partnership,Pol-Motor
1535,391,Crop,8065.0,18690910,30,2023-09-07,2026-02-23,Agent,Pol-Crop
1536,4508,Motor,15762.0,1683800,58,2023-08-04,2028-05-09,Agent,Pol-Motor
1537,1282,Crop,11409.0,2034081,58,2025-07-07,2030-04-12,Online,Pol-Crop
1538,4965,Motor,6623.0,9620498,21,2024-08-21,2026-05-13,Agent,Pol-Motor
1539,507,Health,24777.0,4710341,41,2023-02-08,2026-06-22,Online,Pol-Health
1540,1723,Property,7127.0,2047079,46,2024-09-01,2028-06-12,Aggregator,Pol-Property
1541,958,Motor,7388.0,7003232,11,2024-08-27,2025-07-23,Aggregator,Pol-Motor
1542,1735,Motor,8658.0,3991646,6,2023-06-10,2023-12-07,Online,Pol-Motor
1543,763,Health,5941.0,6288066,19,2024-07-15,2026-02-05,Agent,Pol-Health
1544,2556,Health,14648.0,4178775,47,2025-05-07,2029-03-17,Agent,Pol-Health
1545,2612,Motor,6990.0,1422759,25,2023-05-25,2025-06-13,Partnership,Pol-Motor
1546,3694,Travel,10135.0,13983879,32,2024-08-10,2027-03-28,Bancassurance,Pol-Travel
1547,1760,Property,1861.0,24719789,27,2023-06-15,2025-09-02,Agent,Pol-Property
1548,2890,Motor,7830.0,2352831,46,2025-02-03,2028-11-14,Agent,Pol-Motor
1549,1343,Health,6197.0,22964202,12,2023-07-04,2024-06-28,Partnership,Pol-Health
1550,4081,Health,7598.0,4899533,13,2024-04-16,2025-05-11,Online,Pol-Health
1551,1637,Crop,4109.0,352758,5,2023-01-06,2023-06-05,Bancassurance,Pol-Crop
1552,3510,Motor,6692.0,7901542,12,2024-02-11,2025-02-05,Partnership,Pol-Motor
1553,550,Motor,8037.0,743073,49,2024-07-16,2028-07-25,Agent,Pol-Motor
1554,2006,Motor,6134.0,3471666,26,2023-03-15,2025-05-03,Online,Pol-Motor
1555,2184,Travel,9882.0,10179303,51,2024-10-03,2028-12-11,Online,Pol-Travel
1556,2566,Motor,7571.0,8265158,35,2023-08-20,2026-07-05,Online,Pol-Motor
1557,759,Motor,10081.0,2817638,18,2025-07-21,2027-01-12,Online,Pol-Motor
1558,324,Health,11948.0,9482738,18,2024-02-11,2025-08-04,Agent,Pol-Health
1559,1926,Motor,12435.0,12131005,41,2024-05-30,2027-10-12,Aggregator,Pol-Motor
1560,111,Motor,6057.0,3133197,3,2023-12-22,2024-03-21,Agent,Pol-Motor
1561,1824,Health,6012.0,3964966,26,2024-08-30,2026-10-19,Agent,Pol-Health
1562,3622,Motor,16354.0,6447314,43,2023-04-21,2026-11-01,Bancassurance,Pol-Motor
1563,1139,Health,4633.0,1901508,52,2025-06-27,2029-10-04,Agent,Pol-Health
1564,1721,Motor,5943.0,2599750,48,2024-11-07,2028-10-17,Agent,Pol-Motor
1565,724,Health,6764.0,13246886,15,2024-02-03,2025-04-28,Aggregator,Pol-Health
1566,2413,Motor,4777.0,42620409,38,2023-11-04,2026-12-18,Agent,Pol-Motor
1567,767,Health,7757.0,9312147,26,2023-12-07,2026-01-25,Agent,Pol-Health
1568,4928,Motor,13461.0,6839313,41,2025-09-25,2029-02-06,Agent,Pol-Motor
1569,3382,Motor,2818.0,27967773,1,2023-07-25,2023-08-24,Bancassurance,Pol-Motor
1570,2161,Motor,5664.0,2342042,14,2023-10-27,2024-12-20,Online,Pol-Motor
1571,1294,Health,7783.0,5805392,51,2023-01-06,2027-03-16,Online,Pol-Health
1572,2368,Motor,16032.0,11361411,35,2023-01-23,2025-12-08,Bancassurance,Pol-Motor
1573,4018,Health,3474.0,2552692,54,2025-07-23,2029-12-29,Online,Pol-Health
1574,4271,Health,11322.0,1232322,9,2025-06-07,2026-03-04,Partnership,Pol-Health
1575,1959,Health,6757.0,11303204,27,2024-04-26,2026-07-15,Online,Pol-Health
1576,4222,Motor,7952.0,12699523,41,2024-01-18,2027-06-01,Bancassurance,Pol-Motor
1577,995,Health,13546.0,11513966,32,2023-06-22,2026-02-06,Aggregator,Pol-Health
1578,1852,Travel,6865.0,11699313,5,2023-01-19,2023-06-18,Bancassurance,Pol-Travel
1579,2977,Motor,7213.0,5841776,57,2023-03-03,2027-11-07,Agent,Pol-Motor
1580,3872,Motor,7844.0,6127380,32,2025-03-09,2027-10-25,Online,Pol-Motor
1581,3224,Motor,8109.0,6628118,31,2023-12-17,2026-07-04,Partnership,Pol-Motor
1582,4011,Health,4254.0,14611797,6,2023-11-16,2024-05-14,Aggregator,Pol-Health
1583,4295,Motor,7950.0,6930029,53,2023-01-19,2027-05-28,Online,Pol-Motor
1584,1223,Crop,9109.0,5823922,56,2023-07-26,2028-03-01,Agent,Pol-Crop
1585,4783,Health,3272.0,7280010,31,2025-07-16,2028-02-01,Agent,Pol-Health
1586,1477,Motor,11296.0,8051631,31,2024-08-20,2027-03-08,Online,Pol-Motor
1587,4878,Travel,11586.0,2078184,44,2025-02-02,2028-09-14,Agent,Pol-Travel
1588,941,Motor,8321.0,18804232,39,2024-05-11,2027-07-25,Aggregator,Pol-Motor
1589,3252,Motor,3743.0,2969091,7,2023-06-23,2024-01-19,Online,Pol-Motor
1590,818,Motor,5301.0,5748788,52,2024-12-29,2029-04-07,Agent,Pol-Motor
1591,3917,Motor,2292.0,2315722,10,2023-01-05,2023-11-01,Online,Pol-Motor
1592,2071,Property,6131.0,4490721,48,2024-06-17,2028-05-27,Aggregator,Pol-Property
1593,637,Motor,4644.0,8733593,49,2024-01-10,2028-01-19,Aggregator,Pol-Motor
1594,4807,Property,7087.0,7140592,31,2024-06-28,2027-01-14,Agent,Pol-Property
1595,2377,Property,12097.0,3325326,45,2024-11-21,2028-08-02,Aggregator,Pol-Property
1596,3676,Motor,5704.0,2902597,5,2025-02-20,2025-07-20,Aggregator,Pol-Motor
1597,3402,Health,9005.0,6809613,32,2023-06-18,2026-02-02,Bancassurance,Pol-Health
1598,2521,Health,7018.0,14254431,14,2024-01-08,2025-03-03,Bancassurance,Pol-Health
1599,2526,Crop,4666.0,19595960,41,2023-07-29,2026-12-10,Bancassurance,Pol-Crop
1600,2636,Motor,14833.0,33030976,14,2025-01-03,2026-02-27,Online,Pol-Motor
1601,4215,Motor,11089.0,2865948,8,2025-09-21,2026-05-19,Online,Pol-Motor
1602,260,Crop,4212.0,2694692,20,2024-04-14,2025-12-05,Online,Pol-Crop
1603,2997,Motor,9175.0,4846182,42,2023-11-12,2027-04-25,Partnership,Pol-Motor
1604,756,Motor,6609.0,4605975,41,2024-06-27,2027-11-09,Agent,Pol-Motor
1605,4102,Health,9474.0,1486140,54,2024-10-20,2029-03-28,Online,Pol-Health
1606,66,Motor,3750.0,11482034,39,2023-12-13,2027-02-25,Agent,Pol-Motor
1607,4078,Health,6160.0,2683078,10,2025-09-19,2026-07-16,Aggregator,Pol-Health
1608,2779,Crop,8750.0,3012277,10,2023-09-18,2024-07-14,Bancassurance,Pol-Crop
1609,1170,Health,4256.0,7942476,58,2023-05-05,2028-02-08,Online,Pol-Health
1610,4125,Health,8346.0,1839094,8,2023-09-23,2024-05-20,Agent,Pol-Health
1611,1667,Motor,6202.0,4290281,17,2024-07-08,2025-11-30,Agent,Pol-Motor
1612,660,Property,7495.0,10498491,52,2025-06-21,2029-09-28,Agent,Pol-Property
1613,4996,Property,12207.0,5635189,38,2024-03-18,2027-05-02,Agent,Pol-Property
1614,5000,Motor,28375.0,10556340,52,2024-01-30,2028-05-08,Online,Pol-Motor
1615,3542,Motor,7623.0,13042974,51,2023-07-27,2027-10-04,Online,Pol-Motor
1616,361,Property,6674.0,4993992,13,2024-05-15,2025-06-09,Online,Pol-Property
1617,3798,Motor,19256.0,263907,37,2023-08-29,2026-09-12,Bancassurance,Pol-Motor
1618,2074,Health,12923.0,16288654,36,2024-04-23,2027-04-08,Online,Pol-Health
1619,3362,Motor,17822.0,5164925,21,2025-01-23,2026-10-15,Partnership,Pol-Motor
1620,2119,Motor,8260.0,10980179,44,2023-12-04,2027-07-16,Agent,Pol-Motor
1621,3934,Motor,11028.0,18446598,47,2023-08-08,2027-06-18,Online,Pol-Motor
1622,3761,Property,7511.0,1042495,2,2023-10-25,2023-12-24,Aggregator,Pol-Property
1623,177,Health,7542.0,5370197,30,2023-01-27,2025-07-15,Online,Pol-Health
1624,4041,Health,7748.0,21621630,47,2024-01-23,2027-12-03,Bancassurance,Pol-Health
1625,1313,Motor,9029.0,4476592,19,2023-04-26,2024-11-16,Agent,Pol-Motor
1626,4671,Motor,7610.0,12972560,40,2024-02-05,2027-05-20,Online,Pol-Motor
1627,4000,Motor,14681.0,2011690,15,2024-03-25,2025-06-18,Bancassurance,Pol-Motor
1628,3048,Motor,9777.0,8292246,24,2023-10-13,2025-10-02,Agent,Pol-Motor
1629,531,Health,8109.0,1747968,42,2025-01-23,2028-07-06,Agent,Pol-Health
1630,3556,Health,7948.0,12129701,13,2024-12-15,2026-01-09,Online,Pol-Health
1631,3506,Motor,5928.0,3587711,24,2023-06-10,2025-05-30,Agent,Pol-Motor
1632,4589,Travel,4263.0,19513336,51,2024-07-18,2028-09-25,Aggregator,Pol-Travel
1633,3418,Motor,12094.0,20164814,1,2023-08-11,2023-09-10,Agent,Pol-Motor
1634,3651,Property,12064.0,3129505,43,2025-03-26,2028-10-06,Aggregator,Pol-Property
1635,1262,Motor,4215.0,24436453,18,2023-05-29,2024-11-19,Online,Pol-Motor
1636,2887,Motor,4261.0,3180477,51,2025-03-15,2029-05-23,Agent,Pol-Motor
1637,4943,Health,10405.0,9933069,18,2025-05-09,2026-10-31,Online,Pol-Health
1638,4389,Motor,6247.0,5236554,51,2025-04-17,2029-06-25,Aggregator,Pol-Motor
1639,256,Motor,4469.0,3685776,39,2024-07-10,2027-09-23,Agent,Pol-Motor
1640,1779,Motor,3287.0,11089035,37,2024-07-08,2027-07-23,Online,Pol-Motor
1641,4761,Motor,5819.0,3400541,46,2025-09-07,2029-06-18,Agent,Pol-Motor
1642,4361,Health,7827.0,3234878,59,2024-05-08,2029-03-13,Online,Pol-Health
1643,1981,Health,6366.0,5417374,11,2025-09-12,2026-08-08,Aggregator,Pol-Health
1644,1588,Motor,3778.0,12206837,28,2023-09-20,2026-01-07,Aggregator,Pol-Motor
1645,3553,Motor,5463.0,6666946,11,2023-06-18,2024-05-13,Online,Pol-Motor
1646,401,Crop,9677.0,3902515,53,2025-04-20,2029-08-27,Aggregator,Pol-Crop
1647,4873,Motor,16180.0,3395389,32,2023-12-12,2026-07-29,Partnership,Pol-Motor
1648,3638,Health,7505.0,4466801,34,2023-08-29,2026-06-14,Bancassurance,Pol-Health
1649,1215,Travel,12288.0,8804103,57,2025-09-24,2030-05-31,Agent,Pol-Travel
1650,1148,Motor,10514.0,2050654,41,2025-04-18,2028-08-30,Online,Pol-Motor
1651,3949,Motor,5484.0,2972117,1,2024-11-27,2024-12-27,Online,Pol-Motor
1652,2451,Travel,11717.0,10967382,15,2025-05-23,2026-08-16,Online,Pol-Travel
1653,3394,Motor,12864.0,2560390,24,2024-01-14,2026-01-03,Online,Pol-Motor
1654,3143,Motor,5756.0,3210306,40,2024-06-23,2027-10-06,Bancassurance,Pol-Motor
1655,874,Health,7397.0,5241800,57,2023-08-17,2028-04-22,Aggregator,Pol-Health
1656,374,Motor,5527.0,2593163,2,2023-09-15,2023-11-14,Agent,Pol-Motor
1657,1195,Travel,3911.0,3563014,6,2024-03-17,2024-09-13,Online,Pol-Travel
1658,3528,Motor,12229.0,6074058,2,2024-03-31,2024-05-30,Agent,Pol-Motor
1659,4958,Health,16340.0,10283340,17,2025-06-15,2026-11-07,Agent,Pol-Health
1660,3482,Health,7110.0,2708679,7,2024-12-27,2025-07-25,Aggregator,Pol-Health
1661,4397,Health,5613.0,2574456,3,2025-03-23,2025-06-21,Agent,Pol-Health
1662,2150,Health,12506.0,15035196,24,2023-06-21,2025-06-10,Online,Pol-Health
1663,2058,Travel,13201.0,3008030,51,2024-02-24,2028-05-03,Aggregator,Pol-Travel
1664,3113,Crop,4755.0,2747129,12,2023-06-19,2024-06-13,Partnership,Pol-Crop
1665,2418,Motor,7864.0,893811,18,2025-08-23,2027-02-14,Aggregator,Pol-Motor
1666,126,Health,19726.0,14596946,56,2024-03-22,2028-10-27,Agent,Pol-Health
1667,2833,Motor,18227.0,18578077,8,2023-09-28,2024-05-25,Aggregator,Pol-Motor
1668,4479,Health,4619.0,5295611,44,2025-06-06,2029-01-16,Agent,Pol-Health
1669,450,Motor,3657.0,6427858,26,2024-12-19,2027-02-07,Online,Pol-Motor
1670,4619,Property,8739.0,5394103,1,2023-04-01,2023-05-01,Aggregator,Pol-Property
1671,1010,Motor,10472.0,2011247,1,2024-10-20,2024-11-19,Aggregator,Pol-Motor
1672,3779,Property,10506.0,9420358,42,2023-09-15,2027-02-26,Agent,Pol-Property
1673,942,Motor,9630.0,18442419,3,2023-05-16,2023-08-14,Agent,Pol-Motor
1674,3604,Travel,8449.0,5379528,42,2024-02-26,2027-08-09,Agent,Pol-Travel
1675,3981,Health,5930.0,10245767,4,2023-09-24,2024-01-22,Online,Pol-Health
1676,4369,Crop,5342.0,2449153,24,2024-02-10,2026-01-30,Online,Pol-Crop
1677,502,Health,10960.0,2259396,12,2023-02-09,2024-02-04,Aggregator,Pol-Health
1678,3819,Travel,5153.0,8210329,14,2023-11-05,2024-12-29,Online,Pol-Travel
1679,1251,Property,3185.0,21275046,40,2025-04-06,2028-07-19,Online,Pol-Property
1680,2389,Property,7879.0,3124824,24,2024-10-22,2026-10-12,Agent,Pol-Property
1681,2320,Motor,8457.0,4576721,30,2024-09-06,2027-02-23,Aggregator,Pol-Motor
1682,3196,Health,19184.0,8649745,39,2024-05-16,2027-07-30,Agent,Pol-Health
1683,2958,Motor,7456.0,3609188,33,2023-01-19,2025-10-05,Agent,Pol-Motor
1684,1197,Motor,3777.0,8344048,49,2024-10-15,2028-10-24,Partnership,Pol-Motor
1685,3275,Property,13490.0,2288757,21,2025-06-14,2027-03-06,Agent,Pol-Property
1686,1057,Motor,7153.0,7974555,15,2025-01-25,2026-04-20,Agent,Pol-Motor
1687,2259,Motor,6769.0,4374688,47,2024-01-27,2027-12-07,Online,Pol-Motor
1688,4909,Motor,4098.0,1280086,32,2024-06-01,2027-01-17,Online,Pol-Motor
1689,3049,Motor,9460.0,2130465,37,2023-02-15,2026-03-01,Online,Pol-Motor
1690,3123,Motor,7928.0,7240485,53,2024-11-02,2029-03-11,Online,Pol-Motor
1691,1907,Motor,7629.0,18260536,31,2025-05-04,2027-11-20,Online,Pol-Motor
1692,2940,Motor,11718.0,1656184,1,2025-04-16,2025-05-16,Agent,Pol-Motor
1693,3479,Health,12449.0,13475076,51,2024-02-27,2028-05-06,Bancassurance,Pol-Health
1694,541,Motor,8607.0,7837369,33,2025-03-30,2027-12-15,Aggregator,Pol-Motor
1695,518,Travel,9598.0,12784154,34,2024-07-23,2027-05-09,Aggregator,Pol-Travel
1696,4229,Travel,8721.0,4691912,43,2024-01-18,2027-07-31,Agent,Pol-Travel
1697,424,Motor,16915.0,9505875,44,2023-03-09,2026-10-19,Agent,Pol-Motor
1698,858,Motor,4659.0,28476605,11,2025-04-08,2026-03-04,Online,Pol-Motor
1699,4178,Motor,4261.0,6399638,40,2024-04-03,2027-07-17,Online,Pol-Motor
1700,2837,Crop,4047.0,2235015,52,2023-07-13,2027-10-20,Bancassurance,Pol-Crop
1701,1753,Health,9496.0,19870777,36,2023-07-25,2026-07-09,Partnership,Pol-Health
1702,1667,Health,6928.0,8686567,53,2024-07-27,2028-12-03,Aggregator,Pol-Health
1703,1864,Crop,4217.0,6718307,34,2025-08-25,2028-06-10,Online,Pol-Crop
1704,4462,Crop,6656.0,26980290,9,2025-06-21,2026-03-18,Online,Pol-Crop
1705,2414,Crop,21562.0,19124946,31,2024-07-17,2027-02-02,Online,Pol-Crop
1706,2119,Property,9079.0,8299396,29,2024-07-16,2026-12-03,Online,Pol-Property
1707,4422,Crop,15329.0,2389624,13,2024-04-09,2025-05-04,Bancassurance,Pol-Crop
1708,1350,Crop,3821.0,3870835,10,2023-04-19,2024-02-13,Online,Pol-Crop
1709,2892,Motor,8485.0,6398977,9,2025-09-23,2026-06-20,Aggregator,Pol-Motor
1710,1071,Travel,9475.0,5257945,45,2023-01-22,2026-10-03,Online,Pol-Travel
1711,1754,Property,10363.0,3518530,3,2025-01-08,2025-04-08,Aggregator,Pol-Property
1712,2137,Motor,6460.0,4526910,49,2024-04-03,2028-04-12,Online,Pol-Motor
1713,3859,Health,12008.0,13882302,18,2023-05-08,2024-10-29,Agent,Pol-Health
1714,1421,Health,9376.0,6492716,59,2023-08-06,2028-06-10,Online,Pol-Health
1715,3488,Motor,7662.0,3529129,27,2025-01-19,2027-04-09,Online,Pol-Motor
1716,2942,Crop,5918.0,9743572,32,2023-12-30,2026-08-16,Aggregator,Pol-Crop
1717,4266,Motor,3489.0,8927154,8,2023-10-24,2024-06-20,Agent,Pol-Motor
1718,1389,Crop,2812.0,5216369,56,2024-02-02,2028-09-08,Online,Pol-Crop
1719,620,Motor,5237.0,1986389,13,2023-05-18,2024-06-11,Bancassurance,Pol-Motor
1720,3400,Motor,6787.0,4837654,18,2024-04-18,2025-10-10,Aggregator,Pol-Motor
1721,1257,Crop,5230.0,5339728,26,2025-09-11,2027-10-31,Online,Pol-Crop
1722,4778,Motor,8710.0,11917222,16,2023-01-22,2024-05-16,Agent,Pol-Motor
1723,3719,Crop,11064.0,2831234,21,2023-04-11,2024-12-31,Bancassurance,Pol-Crop
1724,1011,Motor,3923.0,4201781,46,2023-07-26,2027-05-06,Agent,Pol-Motor
1725,2684,Travel,9649.0,21514764,25,2023-04-24,2025-05-13,Online,Pol-Travel
1726,426,Motor,7235.0,4350443,45,2023-10-31,2027-07-12,Online,Pol-Motor
1727,4025,Motor,3097.0,5252317,59,2025-04-17,2030-02-20,Aggregator,Pol-Motor
1728,217,Travel,11548.0,27878433,4,2024-01-08,2024-05-07,Online,Pol-Travel
1729,610,Motor,4593.0,2409147,33,2024-09-27,2027-06-14,Agent,Pol-Motor
1730,4454,Travel,26506.0,17619138,30,2024-10-20,2027-04-08,Online,Pol-Travel
1731,186,Crop,13145.0,3820585,31,2023-08-08,2026-02-23,Partnership,Pol-Crop
1732,725,Motor,6828.0,6552858,33,2023-12-13,2026-08-29,Bancassurance,Pol-Motor
1733,4966,Health,7326.0,7012053,6,2025-07-26,2026-01-22,Aggregator,Pol-Health
1734,824,Motor,3657.0,4370864,15,2024-11-05,2026-01-29,Agent,Pol-Motor
1735,1768,Motor,17649.0,2310011,15,2025-08-01,2026-10-25,Online,Pol-Motor
1736,1978,Motor,4795.0,2974193,39,2024-04-09,2027-06-23,Agent,Pol-Motor
1737,4775,Health,7488.0,4487115,31,2024-02-13,2026-08-31,Online,Pol-Health
1738,3890,Travel,5318.0,2666565,9,2023-09-17,2024-06-13,Partnership,Pol-Travel
1739,1185,Motor,9233.0,5364106,32,2023-05-17,2026-01-01,Aggregator,Pol-Motor
1740,4380,Motor,7256.0,2723499,45,2024-07-01,2028-03-12,Aggregator,Pol-Motor
1741,184,Health,5361.0,2400997,38,2023-05-29,2026-07-12,Aggregator,Pol-Health
1742,3609,Motor,9248.0,1296427,42,2025-01-10,2028-06-23,Aggregator,Pol-Motor
1743,3767,Property,15552.0,24549302,21,2023-12-22,2025-09-12,Online,Pol-Property
1744,1620,Health,7513.0,4933127,53,2023-11-20,2028-03-28,Online,Pol-Health
1745,4327,Travel,2452.0,2939209,12,2024-05-17,2025-05-12,Agent,Pol-Travel
1746,2436,Health,8847.0,2231420,35,2023-08-28,2026-07-13,Online,Pol-Health
1747,735,Motor,3504.0,3299328,15,2023-06-21,2024-09-13,Agent,Pol-Motor
1748,158,Property,3697.0,1007658,52,2023-02-24,2027-06-03,Partnership,Pol-Property
1749,1342,Crop,3510.0,3138973,43,2024-01-25,2027-08-07,Agent,Pol-Crop
1750,3493,Property,10437.0,10199230,28,2025-08-15,2027-12-03,Aggregator,Pol-Property
1751,3255,Motor,3547.0,3012753,32,2024-01-18,2026-09-04,Agent,Pol-Motor
1752,1076,Health,12012.0,9398042,51,2024-03-10,2028-05-18,Aggregator,Pol-Health
1753,1862,Health,10998.0,12292229,26,2024-09-05,2026-10-25,Online,Pol-Health
1754,2630,Motor,4763.0,9621100,10,2023-11-30,2024-09-25,Agent,Pol-Motor
1755,5000,Motor,9317.0,5557989,41,2023-11-25,2027-04-08,Aggregator,Pol-Motor
1756,2965,Property,13214.0,15519058,23,2023-04-09,2025-02-27,Bancassurance,Pol-Property
1757,889,Motor,5480.0,14822537,1,2023-05-03,2023-06-02,Agent,Pol-Motor
1758,1134,Motor,13576.0,2852859,16,2024-09-22,2026-01-15,Agent,Pol-Motor
1759,4239,Motor,7978.0,2471987,59,2023-03-16,2028-01-19,Partnership,Pol-Motor
1760,4303,Motor,5195.0,3624903,21,2023-08-01,2025-04-22,Agent,Pol-Motor
1761,166,Motor,11081.0,4074714,47,2023-05-08,2027-03-18,Online,Pol-Motor
1762,3757,Property,5099.0,15473371,17,2023-10-22,2025-03-15,Online,Pol-Property
1763,4490,Travel,14662.0,11057121,20,2025-04-08,2026-11-29,Partnership,Pol-Travel
1764,121,Health,4121.0,6086850,26,2024-06-06,2026-07-26,Online,Pol-Health
1765,2998,Motor,14111.0,6287799,17,2023-07-29,2024-12-20,Online,Pol-Motor
1766,4509,Crop,8176.0,2019583,25,2025-06-01,2027-06-21,Bancassurance,Pol-Crop
1767,3212,Motor,10469.0,14499734,25,2024-06-13,2026-07-03,Partnership,Pol-Motor
1768,1976,Motor,6022.0,6329297,4,2023-02-27,2023-06-27,Aggregator,Pol-Motor
1769,3156,Motor,8919.0,2098557,28,2023-05-31,2025-09-17,Online,Pol-Motor
1770,421,Health,2070.0,1183859,1,2024-04-17,2024-05-17,Online,Pol-Health
1771,1730,Property,8178.0,1716604,14,2024-10-29,2025-12-23,Agent,Pol-Property
1772,2836,Travel,3802.0,5759311,22,2023-08-27,2025-06-17,Partnership,Pol-Travel
1773,4364,Health,10658.0,545203,14,2023-12-05,2025-01-28,Partnership,Pol-Health
1774,2086,Health,5612.0,1883017,15,2024-03-18,2025-06-11,Agent,Pol-Health
1775,2386,Motor,5585.0,8306474,5,2023-01-27,2023-06-26,Agent,Pol-Motor
1776,1778,Health,4097.0,3638061,15,2024-11-30,2026-02-23,Agent,Pol-Health
1777,2378,Travel,8039.0,1090608,52,2024-04-08,2028-07-16,Online,Pol-Travel
1778,4295,Motor,4801.0,3053538,44,2024-12-11,2028-07-23,Online,Pol-Motor
1779,2858,Motor,7141.0,4936228,47,2023-04-16,2027-02-24,Aggregator,Pol-Motor
1780,4101,Motor,6226.0,12552067,34,2024-03-14,2026-12-29,Online,Pol-Motor
1781,1456,Health,4393.0,8113289,29,2024-11-21,2027-04-10,Bancassurance,Pol-Health
1782,989,Health,6037.0,7855724,22,2023-03-16,2025-01-04,Online,Pol-Health
1783,4991,Health,5457.0,10300431,16,2024-01-15,2025-05-09,Agent,Pol-Health
1784,1891,Property,11910.0,1193979,7,2024-03-28,2024-10-24,Aggregator,Pol-Property
1785,2483,Health,12944.0,16519522,1,2025-03-06,2025-04-05,Aggregator,Pol-Health
1786,650,Health,3791.0,16558870,51,2025-08-23,2029-10-31,Online,Pol-Health
1787,1829,Crop,8077.0,3106803,7,2023-07-07,2024-02-02,Online,Pol-Crop
1788,2429,Crop,6374.0,363665,42,2023-01-21,2026-07-04,Online,Pol-Crop
1789,4675,Motor,4724.0,17832260,22,2023-06-17,2025-04-07,Agent,Pol-Motor
1790,2318,Health,7886.0,453101,50,2023-11-12,2027-12-21,Aggregator,Pol-Health
1791,47,Property,9270.0,7576446,8,2024-08-30,2025-04-27,Agent,Pol-Property
1792,4461,Motor,1937.0,3591904,38,2023-03-17,2026-04-30,Aggregator,Pol-Motor
1793,2116,Crop,12117.0,3136696,1,2024-11-08,2024-12-08,Bancassurance,Pol-Crop
1794,2255,Motor,10461.0,3653093,23,2025-02-17,2027-01-08,Online,Pol-Motor
1795,73,Property,7236.0,6073155,32,2023-08-14,2026-03-31,Agent,Pol-Property
1796,3458,Motor,4727.0,782597,25,2024-09-01,2026-09-21,Online,Pol-Motor
1797,2023,Property,9365.0,4539645,45,2023-09-12,2027-05-24,Online,Pol-Property
1798,4086,Motor,5285.0,1490886,8,2024-05-26,2025-01-21,Agent,Pol-Motor
1799,2078,Motor,13835.0,3424511,55,2023-10-03,2028-04-09,Aggregator,Pol-Motor
1800,1027,Motor,11487.0,6235259,56,2023-07-05,2028-02-09,Online,Pol-Motor
1801,1544,Motor,7404.0,11857303,24,2024-02-23,2026-02-12,Aggregator,Pol-Motor
1802,4617,Travel,4902.0,2781451,36,2024-02-27,2027-02-11,Online,Pol-Travel
1803,4497,Motor,9397.0,26998292,5,2024-10-29,2025-03-28,Aggregator,Pol-Motor
1804,2037,Health,10895.0,2411679,47,2023-04-18,2027-02-26,Aggregator,Pol-Health
1805,4750,Health,6204.0,2468279,37,2025-03-14,2028-03-28,Bancassurance,Pol-Health
1806,848,Motor,9006.0,13601294,24,2024-06-14,2026-06-04,Bancassurance,Pol-Motor
1807,4081,Motor,5767.0,4312473,43,2024-03-09,2027-09-20,Aggregator,Pol-Motor
1808,1496,Motor,3069.0,6339319,42,2024-10-05,2028-03-18,Aggregator,Pol-Motor
1809,935,Health,3192.0,3470709,59,2024-12-19,2029-10-24,Aggregator,Pol-Health
1810,1396,Crop,7927.0,3849998,41,2023-02-06,2026-06-20,Agent,Pol-Crop
1811,539,Crop,15703.0,7383503,59,2023-04-10,2028-02-13,Aggregator,Pol-Crop
1812,3420,Travel,4521.0,16920564,8,2025-09-12,2026-05-10,Online,Pol-Travel
1813,71,Health,4903.0,6114476,59,2025-04-20,2030-02-23,Bancassurance,Pol-Health
1814,256,Travel,8520.0,7927800,2,2025-01-21,2025-03-22,Partnership,Pol-Travel
1815,2195,Motor,7468.0,13039232,32,2024-03-08,2026-10-24,Bancassurance,Pol-Motor
1816,902,Health,8458.0,3546145,23,2024-07-29,2026-06-19,Partnership,Pol-Health
1817,670,Motor,9499.0,2232608,32,2023-08-21,2026-04-07,Online,Pol-Motor
1818,1884,Motor,7265.0,2144048,48,2024-08-12,2028-07-22,Online,Pol-Motor
1819,140,Crop,7851.0,2428023,3,2023-04-21,2023-07-20,Agent,Pol-Crop
1820,2703,Motor,4174.0,2106350,50,2024-12-28,2029-02-05,Agent,Pol-Motor
1821,2669,Property,5948.0,14501744,18,2024-05-07,2025-10-29,Agent,Pol-Property
1822,1447,Health,13781.0,988689,42,2023-11-09,2027-04-22,Agent,Pol-Health
1823,2919,Motor,9281.0,9172239,50,2023-11-11,2027-12-20,Bancassurance,Pol-Motor
1824,3904,Motor,8430.0,1789417,35,2025-06-17,2028-05-02,Agent,Pol-Motor
1825,4160,Motor,4740.0,27021090,28,2023-09-06,2025-12-24,Aggregator,Pol-Motor
1826,1295,Travel,4904.0,7742760,20,2023-07-20,2025-03-11,Online,Pol-Travel
1827,868,Health,4285.0,2449620,22,2024-04-26,2026-02-15,Agent,Pol-Health
1828,2883,Health,2929.0,3310187,1,2024-07-16,2024-08-15,Online,Pol-Health
1829,4609,Motor,6409.0,4997986,42,2024-03-15,2027-08-27,Partnership,Pol-Motor
1830,1417,Motor,6034.0,9550238,8,2023-01-23,2023-09-20,Agent,Pol-Motor
1831,3073,Motor,8042.0,7292333,8,2023-06-27,2024-02-22,Agent,Pol-Motor
1832,3333,Property,12307.0,5324713,20,2023-11-10,2025-07-02,Bancassurance,Pol-Property
1833,4964,Motor,5360.0,2852768,17,2023-01-25,2024-06-18,Aggregator,Pol-Motor
1834,4874,Health,13692.0,4152174,15,2024-08-16,2025-11-09,Partnership,Pol-Health
1835,2583,Health,9483.0,18033117,43,2023-10-13,2027-04-25,Aggregator,Pol-Health
1836,359,Motor,14928.0,36587274,48,2025-09-03,2029-08-13,Agent,Pol-Motor
1837,1501,Health,4148.0,14539391,22,2025-04-20,2027-02-09,Agent,Pol-Health
1838,1939,Property,13180.0,2279548,55,2024-10-05,2029-04-12,Aggregator,Pol-Property
1839,815,Motor,5233.0,19568212,16,2023-05-19,2024-09-10,Online,Pol-Motor
1840,596,Health,4926.0,4002352,33,2024-04-21,2027-01-06,Online,Pol-Health
1841,227,Property,7119.0,5405340,24,2024-04-23,2026-04-13,Aggregator,Pol-Property
1842,2996,Motor,4797.0,1730601,20,2023-02-07,2024-09-29,Aggregator,Pol-Motor
1843,3836,Motor,9087.0,5969848,30,2024-01-14,2026-07-02,Online,Pol-Motor
1844,4913,Motor,11165.0,2658878,33,2025-02-27,2027-11-14,Aggregator,Pol-Motor
1845,3319,Travel,9386.0,18587767,25,2023-02-16,2025-03-07,Agent,Pol-Travel
1846,2065,Motor,7128.0,53211916,46,2024-01-23,2027-11-03,Online,Pol-Motor
1847,2352,Motor,13223.0,5381938,46,2024-02-24,2027-12-05,Online,Pol-Motor
1848,1538,Motor,9083.0,8280811,56,2023-04-25,2027-11-30,Agent,Pol-Motor
1849,1365,Motor,6819.0,4085902,57,2024-08-02,2029-04-08,Partnership,Pol-Motor
1850,2829,Motor,6879.0,6004189,36,2023-08-16,2026-07-31,Partnership,Pol-Motor
1851,1085,Health,4712.0,3165582,8,2024-07-20,2025-03-17,Agent,Pol-Health
1852,267,Motor,4528.0,7132621,30,2024-04-17,2026-10-04,Bancassurance,Pol-Motor
1853,1271,Crop,5840.0,7737771,16,2024-07-12,2025-11-04,Agent,Pol-Crop
1854,35,Crop,4331.0,7052659,40,2023-12-14,2027-03-28,Agent,Pol-Crop
1855,4882,Health,4126.0,10553568,58,2024-05-20,2029-02-23,Online,Pol-Health
1856,68,Crop,4636.0,3882804,15,2025-03-14,2026-06-07,Aggregator,Pol-Crop
1857,189,Health,12549.0,60663823,27,2025-02-04,2027-04-25,Aggregator,Pol-Health
1858,4137,Health,4894.0,2995845,50,2024-02-10,2028-03-20,Agent,Pol-Health
1859,4704,Motor,11075.0,2967789,45,2025-01-20,2028-10-01,Online,Pol-Motor
1860,683,Motor,5323.0,560043,10,2025-07-30,2026-05-26,Partnership,Pol-Motor
1861,2955,Motor,8060.0,10670151,24,2023-01-15,2025-01-04,Bancassurance,Pol-Motor
1862,3139,Motor,4881.0,410772,31,2023-01-21,2025-08-08,Aggregator,Pol-Motor
1863,1332,Property,8087.0,3962871,38,2025-04-22,2028-06-05,Online,Pol-Property
1864,3191,Motor,22898.0,2739036,19,2024-06-16,2026-01-07,Bancassurance,Pol-Motor
1865,853,Motor,5172.0,1476491,56,2024-07-06,2029-02-10,Aggregator,Pol-Motor
1866,3059,Travel,6331.0,5709424,1,2024-06-07,2024-07-07,Online,Pol-Travel
1867,757,Health,4049.0,26442329,2,2025-08-03,2025-10-02,Bancassurance,Pol-Health
1868,3997,Health,12705.0,10396334,39,2023-07-01,2026-09-13,Aggregator,Pol-Health
1869,1695,Motor,13760.0,2712460,12,2024-11-27,2025-11-22,Agent,Pol-Motor
1870,1308,Crop,4601.0,32317826,30,2024-06-09,2026-11-26,Online,Pol-Crop
1871,2596,Motor,6778.0,2786901,40,2024-10-04,2028-01-17,Online,Pol-Motor
1872,1219,Health,9049.0,14421529,13,2023-05-28,2024-06-21,Aggregator,Pol-Health
1873,484,Health,7582.0,1128174,25,2025-03-16,2027-04-05,Agent,Pol-Health
1874,4684,Health,4617.0,4372989,33,2023-04-29,2026-01-13,Agent,Pol-Health
1875,3989,Crop,4522.0,1849095,25,2025-06-12,2027-07-02,Online,Pol-Crop
1876,3550,Motor,3960.0,34960117,18,2024-09-02,2026-02-24,Online,Pol-Motor
1877,1122,Property,12237.0,2890490,8,2025-07-08,2026-03-05,Aggregator,Pol-Property
1878,282,Health,10216.0,2150286,32,2024-06-20,2027-02-05,Partnership,Pol-Health
1879,630,Health,16885.0,8191664,12,2023-07-13,2024-07-07,Online,Pol-Health
1880,2467,Travel,4429.0,4305172,55,2025-06-25,2029-12-31,Agent,Pol-Travel
1881,4319,Health,8517.0,37216324,54,2023-04-29,2027-10-05,Partnership,Pol-Health
1882,4176,Property,7848.0,7116230,54,2025-08-29,2030-02-04,Agent,Pol-Property
1883,4922,Motor,8828.0,5716253,19,2025-04-27,2026-11-18,Agent,Pol-Motor
1884,2730,Property,9945.0,10307459,21,2023-08-03,2025-04-24,Online,Pol-Property
1885,3465,Property,36265.0,4414388,44,2025-04-08,2028-11-18,Aggregator,Pol-Property
1886,2382,Travel,35565.0,6676982,2,2023-04-19,2023-06-18,Bancassurance,Pol-Travel
1887,2937,Travel,8774.0,2536233,53,2024-08-14,2028-12-21,Partnership,Pol-Travel
1888,1352,Motor,16439.0,3079663,47,2024-07-16,2028-05-26,Agent,Pol-Motor
1889,2306,Health,4766.0,2367987,11,2024-09-01,2025-07-28,Online,Pol-Health
1890,3439,Crop,6977.0,7657893,51,2025-09-16,2029-11-24,Aggregator,Pol-Crop
1891,837,Health,4921.0,2961773,25,2024-04-01,2026-04-21,Bancassurance,Pol-Health
1892,3450,Health,8317.0,10872630,1,2023-05-31,2023-06-30,Bancassurance,Pol-Health
1893,4551,Motor,9537.0,2473143,35,2024-05-30,2027-04-15,Aggregator,Pol-Motor
1894,2067,Motor,23148.0,2257403,33,2024-07-08,2027-03-25,Partnership,Pol-Motor
1895,3002,Health,4602.0,6680413,41,2024-02-16,2027-06-30,Online,Pol-Health
1896,433,Property,14230.0,6105460,27,2023-12-28,2026-03-17,Agent,Pol-Property
1897,4348,Health,5963.0,11655068,21,2024-03-12,2025-12-02,Online,Pol-Health
1898,4892,Motor,5547.0,1859629,14,2023-09-20,2024-11-13,Agent,Pol-Motor
1899,3915,Health,6518.0,1349702,55,2025-05-06,2029-11-11,Aggregator,Pol-Health
1900,3634,Travel,19739.0,16103026,48,2023-12-23,2027-12-02,Online,Pol-Travel
1901,2958,Health,2750.0,1593018,3,2023-07-10,2023-10-08,Online,Pol-Health
1902,2786,Travel,9192.0,11373525,41,2023-08-28,2027-01-09,Online,Pol-Travel
1903,221,Motor,12875.0,649225,29,2023-11-23,2026-04-11,Online,Pol-Motor
1904,2161,Crop,4521.0,8985978,17,2024-07-14,2025-12-06,Partnership,Pol-Crop
1905,4656,Property,9572.0,5335509,58,2024-06-16,2029-03-22,Online,Pol-Property
1906,2245,Travel,5107.0,7758388,49,2024-09-10,2028-09-19,Agent,Pol-Travel
1907,3809,Property,19563.0,10752562,4,2025-07-24,2025-11-21,Online,Pol-Property
1908,780,Motor,3849.0,12642289,44,2025-05-15,2028-12-25,Partnership,Pol-Motor
1909,2263,Crop,9795.0,8190676,46,2024-09-07,2028-06-18,Online,Pol-Crop
1910,4732,Health,5907.0,11426883,22,2025-03-26,2027-01-15,Bancassurance,Pol-Health
1911,1040,Motor,6838.0,14808624,14,2024-04-29,2025-06-23,Online,Pol-Motor
1912,2281,Motor,6346.0,16968843,14,2023-09-21,2024-11-14,Bancassurance,Pol-Motor
1913,1804,Motor,12773.0,8595299,48,2023-05-10,2027-04-19,Agent,Pol-Motor
1914,1389,Property,8083.0,2297838,57,2025-08-09,2030-04-15,Agent,Pol-Property
1915,3509,Health,3630.0,4298799,9,2024-06-16,2025-03-13,Aggregator,Pol-Health
1916,2119,Health,8873.0,4929261,2,2023-05-28,2023-07-27,Aggregator,Pol-Health
1917,3784,Motor,8441.0,2923206,37,2024-08-11,2027-08-26,Online,Pol-Motor
1918,4056,Health,12407.0,1920923,5,2023-07-23,2023-12-20,Online,Pol-Health
1919,1583,Motor,8727.0,12393723,18,2024-08-01,2026-01-23,Agent,Pol-Motor
1920,4018,Health,3449.0,7062127,43,2024-01-22,2027-08-04,Agent,Pol-Health
1921,3446,Travel,13286.0,2952305,32,2025-08-09,2028-03-26,Bancassurance,Pol-Travel
1922,458,Crop,13059.0,5575693,41,2025-04-06,2028-08-18,Online,Pol-Crop
1923,4307,Motor,9586.0,7065389,9,2023-03-07,2023-12-02,Agent,Pol-Motor
1924,2819,Health,8533.0,1908422,44,2023-04-20,2026-11-30,Agent,Pol-Health
1925,3332,Health,8900.0,2627461,4,2024-02-02,2024-06-01,Agent,Pol-Health
1926,677,Motor,13154.0,4062804,3,2025-08-20,2025-11-18,Aggregator,Pol-Motor
1927,2143,Travel,14583.0,4688333,37,2023-07-08,2026-07-22,Bancassurance,Pol-Travel
1928,1414,Health,9639.0,1282585,21,2024-02-16,2025-11-07,Online,Pol-Health
1929,906,Health,10145.0,10546952,39,2023-11-24,2027-02-06,Agent,Pol-Health
1930,3392,Health,8159.0,5543228,56,2023-09-06,2028-04-12,Partnership,Pol-Health
1931,3992,Motor,24576.0,4310329,46,2024-06-25,2028-04-05,Agent,Pol-Motor
1932,2223,Motor,2664.0,2832573,30,2024-10-12,2027-03-31,Bancassurance,Pol-Motor
1933,112,Motor,5307.0,2165231,37,2024-08-13,2027-08-28,Bancassurance,Pol-Motor
1934,3380,Motor,4961.0,5467132,24,2024-02-05,2026-01-25,Online,Pol-Motor
1935,3874,Motor,21141.0,6211092,1,2023-09-05,2023-10-05,Agent,Pol-Motor
1936,3152,Travel,6625.0,31725403,16,2025-05-28,2026-09-20,Partnership,Pol-Travel
1937,1945,Property,2719.0,34397567,28,2025-08-27,2027-12-15,Online,Pol-Property
1938,2501,Crop,4929.0,3332368,30,2025-07-23,2028-01-09,Online,Pol-Crop
1939,413,Crop,9774.0,2274233,57,2023-10-13,2028-06-18,Agent,Pol-Crop
1940,4069,Property,7519.0,1724626,19,2024-01-17,2025-08-09,Online,Pol-Property
1941,2652,Motor,7033.0,5832711,23,2025-05-29,2027-04-19,Bancassurance,Pol-Motor
1942,186,Health,8200.0,1753282,34,2023-01-16,2025-11-01,Aggregator,Pol-Health
1943,1577,Motor,13102.0,1557281,50,2023-01-18,2027-02-26,Bancassurance,Pol-Motor
1944,3159,Motor,11747.0,2783012,37,2025-01-03,2028-01-18,Agent,Pol-Motor
1945,4078,Health,4925.0,3113301,23,2024-10-02,2026-08-23,Aggregator,Pol-Health
1946,51,Health,8585.0,2768177,43,2024-07-12,2028-01-23,Agent,Pol-Health
1947,1170,Motor,16078.0,1256953,16,2023-06-16,2024-10-08,Online,Pol-Motor
1948,4451,Motor,8248.0,4966077,41,2024-05-02,2027-09-14,Aggregator,Pol-Motor
1949,36,Motor,5509.0,4886296,32,2023-02-14,2025-10-01,Partnership,Pol-Motor
1950,277,Property,4174.0,17965218,16,2025-02-07,2026-06-02,Online,Pol-Property
1951,2465,Travel,8328.0,1762280,35,2023-02-05,2025-12-21,Online,Pol-Travel
1952,889,Property,6650.0,8657114,27,2025-07-19,2027-10-07,Online,Pol-Property
1953,404,Crop,6591.0,26866653,3,2024-05-15,2024-08-13,Agent,Pol-Crop
1954,4610,Health,8229.0,1452932,20,2024-03-22,2025-11-12,Agent,Pol-Health
1955,2614,Motor,5233.0,2019934,27,2023-08-05,2025-10-23,Bancassurance,Pol-Motor
1956,2489,Property,13991.0,1737364,56,2025-05-25,2029-12-30,Aggregator,Pol-Property
1957,3986,Motor,7077.0,8059004,2,2024-11-19,2025-01-18,Bancassurance,Pol-Motor
1958,3040,Motor,19791.0,7777905,13,2023-05-27,2024-06-20,Bancassurance,Pol-Motor
1959,2123,Property,12291.0,12709758,6,2023-08-13,2024-02-09,Aggregator,Pol-Property
1960,1173,Crop,7059.0,5787947,14,2023-03-01,2024-04-24,Aggregator,Pol-Crop
1961,4610,Health,3868.0,27256487,24,2023-01-06,2024-12-26,Agent,Pol-Health
1962,2588,Travel,10214.0,8774415,27,2024-11-08,2027-01-27,Online,Pol-Travel
1963,290,Health,9288.0,16730293,9,2025-03-03,2025-11-28,Agent,Pol-Health
1964,2229,Motor,5166.0,6196547,50,2025-07-14,2029-08-22,Agent,Pol-Motor
1965,2314,Health,4133.0,3808762,23,2023-01-27,2024-12-17,Agent,Pol-Health
1966,4179,Crop,7284.0,4596784,35,2023-07-07,2026-05-22,Agent,Pol-Crop
1967,1885,Health,8242.0,18531652,44,2025-01-20,2028-09-01,Agent,Pol-Health
1968,3837,Property,7943.0,11017439,51,2023-02-25,2027-05-05,Online,Pol-Property
1969,1584,Health,7344.0,10429230,37,2023-12-04,2026-12-18,Online,Pol-Health
1970,1670,Health,13327.0,13165324,14,2023-09-24,2024-11-17,Online,Pol-Health
1971,2247,Motor,5336.0,6836126,26,2023-01-25,2025-03-15,Aggregator,Pol-Motor
1972,648,Motor,18916.0,67934871,8,2025-02-28,2025-10-26,Partnership,Pol-Motor
1973,3155,Motor,3186.0,4404508,53,2024-10-30,2029-03-08,Online,Pol-Motor
1974,266,Health,5094.0,5944999,45,2023-03-30,2026-12-09,Bancassurance,Pol-Health
1975,3489,Property,4037.0,3599144,31,2024-08-21,2027-03-09,Aggregator,Pol-Property
1976,2918,Crop,8188.0,8443899,8,2024-11-26,2025-07-24,Agent,Pol-Crop
1977,2779,Motor,8951.0,1106904,36,2024-04-02,2027-03-18,Agent,Pol-Motor
1978,4957,Health,17619.0,375718,30,2025-05-12,2027-10-29,Aggregator,Pol-Health
1979,19,Health,8160.0,3011558,59,2025-09-25,2030-07-31,Aggregator,Pol-Health
1980,3602,Health,11197.0,9114479,16,2024-03-05,2025-06-28,Agent,Pol-Health
1981,4467,Health,4255.0,13577549,55,2024-12-28,2029-07-05,Aggregator,Pol-Health
1982,3095,Motor,3675.0,1733544,53,2023-10-08,2028-02-14,Agent,Pol-Motor
1983,3828,Crop,14103.0,1203255,58,2024-05-10,2029-02-13,Online,Pol-Crop
1984,4715,Travel,11740.0,2812879,31,2024-06-01,2026-12-18,Online,Pol-Travel
1985,643,Motor,8263.0,2768720,31,2023-10-28,2026-05-15,Online,Pol-Motor
1986,1546,Property,4731.0,6554314,35,2024-08-24,2027-07-10,Aggregator,Pol-Property
1987,2427,Motor,24720.0,6032994,37,2023-10-06,2026-10-20,Online,Pol-Motor
1988,817,Motor,11097.0,20179759,14,2023-12-04,2025-01-27,Aggregator,Pol-Motor
1989,2872,Travel,5189.0,3713807,57,2025-01-28,2029-10-04,Agent,Pol-Travel
1990,2138,Health,7528.0,1628563,47,2024-06-28,2028-05-08,Agent,Pol-Health
1991,2192,Motor,3536.0,7093221,39,2023-03-16,2026-05-29,Online,Pol-Motor
1992,2669,Health,7792.0,2259975,56,2023-07-05,2028-02-09,Aggregator,Pol-Health
1993,864,Crop,5812.0,2291881,25,2025-02-10,2027-03-02,Partnership,Pol-Crop
1994,4300,Crop,24189.0,24853619,1,2023-04-16,2023-05-16,Agent,Pol-Crop
1995,3628,Motor,10732.0,12453453,55,2025-03-08,2029-09-13,Online,Pol-Motor
1996,3592,Property,2070.0,3671689,29,2024-06-23,2026-11-10,Online,Pol-Property
1997,3373,Crop,18404.0,27783038,28,2024-01-22,2026-05-11,Bancassurance,Pol-Crop
1998,1931,Health,8972.0,11374711,29,2024-07-12,2026-11-29,Aggregator,Pol-Health
1999,2201,Health,15836.0,7644028,10,2024-05-23,2025-03-19,Bancassurance,Pol-Health
2000,529,Motor,8424.0,2928092,8,2023-10-03,2024-05-30,Agent,Pol-Motor
2001,4063,Motor,7911.0,845224,40,2023-04-02,2026-07-15,Aggregator,Pol-Motor
2002,4435,Health,4830.0,2496416,30,2025-05-18,2027-11-04,Agent,Pol-Health
2003,3584,Crop,10165.0,3463630,30,2024-03-07,2026-08-24,Agent,Pol-Crop
2004,1533,Property,12639.0,1835632,41,2024-08-08,2027-12-21,Agent,Pol-Property
2005,556,Health,3052.0,6024743,6,2025-05-29,2025-11-25,Online,Pol-Health
2006,3893,Property,4866.0,860712,15,2024-11-17,2026-02-10,Aggregator,Pol-Property
2007,2801,Property,3961.0,17847808,55,2023-10-03,2028-04-09,Aggregator,Pol-Property
2008,931,Health,17898.0,3571166,24,2025-01-09,2026-12-30,Agent,Pol-Health
2009,2599,Motor,12841.0,10483529,13,2025-08-09,2026-09-03,Online,Pol-Motor
2010,4194,Motor,6126.0,10372112,9,2025-02-19,2025-11-16,Agent,Pol-Motor
2011,793,Motor,12554.0,1774691,50,2023-12-04,2028-01-12,Agent,Pol-Motor
2012,2470,Motor,3699.0,1124966,20,2024-05-11,2026-01-01,Agent,Pol-Motor
2013,4036,Motor,8538.0,3029626,36,2023-12-10,2026-11-24,Online,Pol-Motor
2014,4176,Property,11697.0,7556636,52,2023-10-13,2028-01-20,Agent,Pol-Property
2015,4384,Motor,5595.0,6095107,49,2024-10-17,2028-10-26,Agent,Pol-Motor
2016,2895,Motor,7301.0,15388399,13,2025-08-13,2026-09-07,Agent,Pol-Motor
2017,1770,Travel,9429.0,7672140,27,2025-06-25,2027-09-13,Online,Pol-Travel
2018,3918,Property,13055.0,8196218,18,2025-06-11,2026-12-03,Partnership,Pol-Property
2019,3151,Property,3419.0,2603409,57,2023-04-13,2027-12-18,Online,Pol-Property
2020,4167,Motor,6732.0,4284811,8,2024-06-23,2025-02-18,Agent,Pol-Motor
2021,4359,Health,4630.0,4389166,42,2024-03-25,2027-09-06,Agent,Pol-Health
2022,712,Health,9640.0,9399027,49,2024-05-13,2028-05-22,Aggregator,Pol-Health
2023,2578,Health,6288.0,10614514,8,2023-12-01,2024-07-28,Agent,Pol-Health
2024,4881,Health,11019.0,4372339,58,2023-10-16,2028-07-21,Online,Pol-Health
2025,4306,Health,3746.0,4503302,51,2024-06-22,2028-08-30,Aggregator,Pol-Health
2026,4051,Travel,5785.0,7394754,52,2025-07-06,2029-10-13,Partnership,Pol-Travel
2027,2165,Motor,19967.0,30691651,24,2023-01-30,2025-01-19,Bancassurance,Pol-Motor
2028,3149,Motor,6622.0,1126602,44,2023-03-25,2026-11-04,Agent,Pol-Motor
2029,4411,Health,12594.0,2346672,40,2025-05-05,2028-08-17,Agent,Pol-Health
2030,1947,Health,4322.0,2434263,27,2024-07-16,2026-10-04,Agent,Pol-Health
2031,1573,Motor,3486.0,1648871,51,2024-01-04,2028-03-13,Online,Pol-Motor
2032,4357,Property,14803.0,2634046,20,2023-09-07,2025-04-29,Aggregator,Pol-Property
2033,3646,Health,10970.0,7566372,35,2024-10-02,2027-08-18,Bancassurance,Pol-Health
2034,200,Health,5951.0,12625445,8,2024-07-03,2025-02-28,Online,Pol-Health
2035,2378,Health,16598.0,6630404,24,2024-09-06,2026-08-27,Partnership,Pol-Health
2036,4069,Property,5375.0,6511330,40,2025-07-30,2028-11-11,Agent,Pol-Property
2037,90,Travel,4778.0,2357373,12,2023-12-10,2024-12-04,Online,Pol-Travel
2038,591,Motor,7389.0,490496,47,2025-04-11,2029-02-19,Online,Pol-Motor
2039,92,Motor,6404.0,7552079,33,2023-03-06,2025-11-20,Online,Pol-Motor
2040,3658,Motor,4106.0,17901670,14,2024-04-07,2025-06-01,Agent,Pol-Motor
2041,2104,Crop,6914.0,12770015,21,2024-02-04,2025-10-26,Agent,Pol-Crop
2042,3816,Health,8318.0,4950877,33,2025-02-11,2027-10-29,Online,Pol-Health
2043,1966,Crop,11103.0,5778484,41,2024-01-24,2027-06-07,Online,Pol-Crop
2044,4157,Travel,27700.0,19067811,45,2025-02-28,2028-11-09,Aggregator,Pol-Travel
2045,2165,Health,13525.0,2880684,55,2023-02-26,2027-09-03,Aggregator,Pol-Health
2046,590,Motor,4317.0,3585370,1,2024-09-18,2024-10-18,Online,Pol-Motor
2047,4332,Motor,28607.0,1066381,57,2024-04-03,2028-12-08,Aggregator,Pol-Motor
2048,2081,Motor,7521.0,8191958,6,2025-07-17,2026-01-13,Bancassurance,Pol-Motor
2049,3639,Crop,8655.0,3437117,14,2025-04-26,2026-06-20,Online,Pol-Crop
2050,3315,Motor,5221.0,4118235,28,2023-05-27,2025-09-13,Aggregator,Pol-Motor
2051,786,Health,7300.0,9957508,25,2024-07-28,2026-08-17,Agent,Pol-Health
2052,4117,Motor,7241.0,2739873,39,2025-09-26,2028-12-09,Online,Pol-Motor
2053,1889,Motor,10304.0,8435578,23,2023-08-22,2025-07-12,Bancassurance,Pol-Motor
2054,4046,Motor,11545.0,8838120,43,2023-06-24,2027-01-04,Online,Pol-Motor
2055,3785,Health,6065.0,3895375,39,2023-08-07,2026-10-20,Partnership,Pol-Health
2056,1178,Motor,13308.0,11471145,56,2023-01-19,2027-08-26,Agent,Pol-Motor
2057,1278,Health,5582.0,4912294,17,2024-01-10,2025-06-03,Agent,Pol-Health
2058,2966,Health,12813.0,10261091,31,2023-02-10,2025-08-28,Aggregator,Pol-Health
2059,302,Travel,5278.0,3095237,58,2024-12-12,2029-09-17,Partnership,Pol-Travel
2060,2345,Crop,4160.0,9125721,52,2024-04-19,2028-07-27,Bancassurance,Pol-Crop
2061,4869,Health,6318.0,3916096,28,2025-05-08,2027-08-26,Agent,Pol-Health
2062,3216,Property,6481.0,7288131,7,2023-10-20,2024-05-17,Online,Pol-Property
2063,3316,Motor,4481.0,7407352,57,2023-12-31,2028-09-05,Agent,Pol-Motor
2064,4515,Health,6065.0,3764795,18,2024-10-12,2026-04-05,Bancassurance,Pol-Health
2065,62,Health,5591.0,3666679,16,2025-08-28,2026-12-21,Bancassurance,Pol-Health
2066,858,Motor,7342.0,4452691,6,2023-04-30,2023-10-27,Agent,Pol-Motor
2067,538,Property,9640.0,5749101,2,2023-10-29,2023-12-28,Agent,Pol-Property
2068,1341,Motor,7037.0,9033568,20,2025-04-12,2026-12-03,Aggregator,Pol-Motor
2069,4792,Motor,4596.0,6673219,23,2023-02-19,2025-01-09,Agent,Pol-Motor
2070,818,Motor,6112.0,362729,2,2024-05-07,2024-07-06,Online,Pol-Motor
2071,3108,Crop,12035.0,11639594,25,2023-09-09,2025-09-28,Aggregator,Pol-Crop
2072,975,Motor,5263.0,7747328,47,2024-01-06,2027-11-16,Aggregator,Pol-Motor
2073,4638,Motor,4534.0,15557646,6,2024-05-30,2024-11-26,Online,Pol-Motor
2074,3653,Crop,3399.0,11568261,43,2024-03-24,2027-10-05,Bancassurance,Pol-Crop
2075,3304,Motor,5208.0,3683760,40,2024-03-15,2027-06-28,Bancassurance,Pol-Motor
2076,1712,Travel,11077.0,1885778,29,2024-05-10,2026-09-27,Online,Pol-Travel
2077,790,Crop,5088.0,27401960,9,2025-09-22,2026-06-19,Online,Pol-Crop
2078,2081,Health,7200.0,17106575,9,2025-04-18,2026-01-13,Online,Pol-Health
2079,581,Health,5739.0,10550802,14,2024-07-07,2025-08-31,Agent,Pol-Health
2080,2042,Travel,5570.0,2632601,45,2024-04-26,2028-01-06,Agent,Pol-Travel
2081,352,Health,14139.0,1669366,15,2024-04-30,2025-07-24,Aggregator,Pol-Health
2082,2303,Motor,6806.0,3645166,46,2023-11-25,2027-09-05,Agent,Pol-Motor
2083,1074,Crop,3916.0,11685444,16,2023-09-10,2025-01-02,Aggregator,Pol-Crop
2084,2032,Motor,3416.0,617812,48,2025-02-13,2029-01-23,Online,Pol-Motor
2085,4369,Motor,4320.0,2802913,51,2023-06-16,2027-08-24,Agent,Pol-Motor
2086,1883,Crop,4079.0,60012519,45,2024-12-23,2028-09-03,Bancassurance,Pol-Crop
2087,4346,Motor,11278.0,3911281,44,2025-04-11,2028-11-21,Agent,Pol-Motor
2088,1261,Property,6607.0,5574535,9,2025-07-23,2026-04-19,Aggregator,Pol-Property
2089,232,Health,7577.0,5265721,28,2023-09-09,2025-12-27,Partnership,Pol-Health
2090,957,Property,6468.0,25443307,4,2025-02-22,2025-06-22,Bancassurance,Pol-Property
2091,4730,Motor,6628.0,4030466,40,2024-11-27,2028-03-11,Online,Pol-Motor
2092,4338,Health,11743.0,1069977,12,2023-09-13,2024-09-07,Bancassurance,Pol-Health
2093,2182,Motor,12186.0,13626091,59,2024-09-22,2029-07-28,Partnership,Pol-Motor
2094,1095,Motor,17934.0,2059141,22,2024-06-13,2026-04-04,Aggregator,Pol-Motor
2095,3930,Motor,4726.0,1406803,1,2023-03-12,2023-04-11,Online,Pol-Motor
2096,3537,Motor,6030.0,21284667,44,2025-06-12,2029-01-22,Aggregator,Pol-Motor
2097,3493,Travel,8083.0,10521971,40,2023-07-05,2026-10-17,Aggregator,Pol-Travel
2098,3382,Health,16101.0,3879750,4,2025-07-09,2025-11-06,Online,Pol-Health
2099,1303,Health,5181.0,15237606,42,2025-03-09,2028-08-20,Agent,Pol-Health
2100,4315,Health,11764.0,12964455,33,2024-05-10,2027-01-25,Partnership,Pol-Health
2101,697,Travel,5405.0,2916128,20,2025-05-04,2026-12-25,Online,Pol-Travel
2102,307,Health,11930.0,6398078,35,2025-01-22,2027-12-08,Bancassurance,Pol-Health
2103,2024,Property,7681.0,4895462,47,2025-05-04,2029-03-14,Aggregator,Pol-Property
2104,314,Motor,4353.0,2962384,2,2023-06-10,2023-08-09,Aggregator,Pol-Motor
2105,3475,Health,6912.0,5607865,10,2023-08-24,2024-06-19,Online,Pol-Health
2106,1403,Motor,9967.0,10760308,8,2023-06-11,2024-02-06,Aggregator,Pol-Motor
2107,4377,Health,1737.0,2324347,14,2025-06-23,2026-08-17,Aggregator,Pol-Health
2108,3399,Motor,11556.0,11303774,27,2023-10-02,2025-12-20,Agent,Pol-Motor
2109,35,Property,3524.0,1012905,13,2024-05-18,2025-06-12,Agent,Pol-Property
2110,2118,Motor,6574.0,6568183,58,2025-01-06,2029-10-12,Agent,Pol-Motor
2111,360,Health,6943.0,2777896,13,2023-06-09,2024-07-03,Online,Pol-Health
2112,408,Health,1874.0,22296953,54,2023-01-12,2027-06-20,Aggregator,Pol-Health
2113,4676,Motor,5392.0,1263513,29,2023-07-25,2025-12-11,Online,Pol-Motor
2114,4702,Motor,9035.0,4344841,8,2023-11-29,2024-07-26,Online,Pol-Motor
2115,3110,Motor,18610.0,2548017,24,2025-02-05,2027-01-26,Bancassurance,Pol-Motor
2116,3934,Health,11062.0,3233880,5,2024-08-08,2025-01-05,Online,Pol-Health
2117,2093,Health,11530.0,1935555,28,2025-06-04,2027-09-22,Online,Pol-Health
2118,137,Health,2492.0,6294554,2,2023-08-13,2023-10-12,Online,Pol-Health
2119,2871,Health,6307.0,6612561,21,2025-06-05,2027-02-25,Partnership,Pol-Health
2120,979,Health,18211.0,1137093,38,2024-02-16,2027-04-01,Online,Pol-Health
2121,4916,Health,12078.0,9445024,27,2025-05-02,2027-07-21,Online,Pol-Health
2122,1485,Motor,5675.0,1293235,8,2023-05-29,2024-01-24,Aggregator,Pol-Motor
2123,2415,Health,7763.0,5533519,12,2025-01-02,2025-12-28,Aggregator,Pol-Health
2124,3377,Motor,11967.0,26320686,10,2025-07-25,2026-05-21,Online,Pol-Motor
2125,467,Health,11816.0,2485471,50,2025-03-10,2029-04-18,Agent,Pol-Health
2126,4934,Property,6883.0,4118187,7,2025-02-21,2025-09-19,Agent,Pol-Property
2127,975,Health,6487.0,2650052,41,2024-01-03,2027-05-17,Aggregator,Pol-Health
2128,4719,Motor,9144.0,2946717,10,2025-05-03,2026-02-27,Agent,Pol-Motor
2129,1923,Motor,11938.0,7126615,29,2025-09-11,2028-01-29,Agent,Pol-Motor
2130,2598,Motor,6026.0,23021563,25,2025-07-28,2027-08-17,Aggregator,Pol-Motor
2131,2652,Health,2907.0,5222155,26,2024-04-10,2026-05-30,Agent,Pol-Health
2132,1800,Health,7044.0,15767500,52,2024-02-24,2028-06-02,Aggregator,Pol-Health
2133,1016,Motor,3899.0,2805280,26,2023-12-01,2026-01-19,Agent,Pol-Motor
2134,1749,Property,19278.0,14615556,6,2025-06-30,2025-12-27,Aggregator,Pol-Property
2135,3318,Motor,4552.0,24070203,22,2024-02-01,2025-11-22,Online,Pol-Motor
2136,685,Health,6913.0,16136699,39,2025-08-07,2028-10-20,Partnership,Pol-Health
2137,3151,Health,5140.0,10393317,12,2024-01-06,2024-12-31,Online,Pol-Health
2138,1457,Health,5659.0,9516390,58,2024-04-18,2029-01-22,Aggregator,Pol-Health
2139,369,Crop,11126.0,2722953,7,2025-03-22,2025-10-18,Online,Pol-Crop
2140,4447,Motor,12413.0,1428870,26,2023-01-10,2025-02-28,Agent,Pol-Motor
2141,4614,Motor,10177.0,9805118,13,2024-10-04,2025-10-29,Online,Pol-Motor
2142,1345,Property,11896.0,2657391,18,2024-11-15,2026-05-09,Online,Pol-Property
2143,4118,Motor,5636.0,2852732,5,2023-08-24,2024-01-21,Online,Pol-Motor
2144,179,Travel,4239.0,1413457,31,2024-04-02,2026-10-19,Online,Pol-Travel
2145,2756,Motor,5041.0,3214167,17,2024-12-04,2026-04-28,Online,Pol-Motor
2146,1133,Motor,9095.0,14329045,15,2025-07-10,2026-10-03,Agent,Pol-Motor
2147,1480,Health,13473.0,12744802,34,2023-07-28,2026-05-13,Bancassurance,Pol-Health
2148,3067,Motor,3955.0,1644701,22,2024-10-06,2026-07-28,Bancassurance,Pol-Motor
2149,4029,Motor,6138.0,2258035,5,2024-07-19,2024-12-16,Online,Pol-Motor
2150,4627,Travel,6396.0,1066348,56,2024-04-28,2028-12-03,Bancassurance,Pol-Travel
2151,2412,Motor,4981.0,7487115,16,2024-09-12,2026-01-05,Partnership,Pol-Motor
2152,1921,Health,9882.0,6379189,33,2024-09-13,2027-05-31,Agent,Pol-Health
2153,2473,Motor,12080.0,6889048,41,2023-03-21,2026-08-02,Partnership,Pol-Motor
2154,959,Motor,24996.0,3616360,4,2023-02-26,2023-06-26,Agent,Pol-Motor
2155,3288,Motor,19682.0,9737493,33,2025-09-08,2028-05-25,Agent,Pol-Motor
2156,1072,Motor,10884.0,4149369,28,2025-04-14,2027-08-02,Agent,Pol-Motor
2157,1489,Motor,5826.0,12758190,11,2024-05-24,2025-04-19,Aggregator,Pol-Motor
2158,4768,Travel,10441.0,2011137,5,2023-11-23,2024-04-21,Online,Pol-Travel
2159,1934,Health,2759.0,11791124,42,2024-08-19,2028-01-31,Online,Pol-Health
2160,2017,Property,10205.0,7957436,41,2024-03-07,2027-07-20,Aggregator,Pol-Property
2161,4975,Motor,8803.0,9761759,7,2023-03-30,2023-10-26,Agent,Pol-Motor
2162,3938,Motor,7619.0,4023496,51,2024-02-25,2028-05-04,Online,Pol-Motor
2163,3036,Health,4960.0,26133327,24,2023-09-24,2025-09-13,Bancassurance,Pol-Health
2164,3262,Property,10905.0,2832389,44,2023-03-12,2026-10-22,Online,Pol-Property
2165,2200,Motor,4470.0,41990102,50,2023-05-30,2027-07-08,Aggregator,Pol-Motor
2166,1400,Motor,12427.0,8057824,4,2025-04-23,2025-08-21,Agent,Pol-Motor
2167,2303,Motor,9902.0,15114427,12,2024-06-05,2025-05-31,Agent,Pol-Motor
2168,4854,Motor,9088.0,19963719,55,2023-04-20,2027-10-26,Bancassurance,Pol-Motor
2169,4283,Property,4483.0,10867500,4,2023-03-24,2023-07-22,Bancassurance,Pol-Property
2170,879,Motor,5292.0,29165770,25,2024-09-09,2026-09-29,Agent,Pol-Motor
2171,4769,Motor,3486.0,12640981,3,2023-07-27,2023-10-25,Agent,Pol-Motor
2172,4972,Health,11160.0,10434016,17,2023-07-02,2024-11-23,Aggregator,Pol-Health
2173,4214,Motor,7466.0,8234989,26,2023-11-16,2026-01-04,Online,Pol-Motor
2174,3695,Property,5604.0,7612236,59,2025-04-15,2030-02-18,Agent,Pol-Property
2175,871,Crop,6849.0,14766619,50,2023-05-14,2027-06-22,Aggregator,Pol-Crop
2176,706,Motor,12393.0,2538526,9,2023-01-06,2023-10-03,Aggregator,Pol-Motor
2177,2690,Health,4148.0,4704047,46,2025-08-04,2029-05-15,Aggregator,Pol-Health
2178,2260,Health,5889.0,8525503,13,2023-01-18,2024-02-12,Online,Pol-Health
2179,4582,Motor,3328.0,2805956,5,2023-10-18,2024-03-16,Aggregator,Pol-Motor
2180,3868,Health,4333.0,12852493,47,2024-07-05,2028-05-15,Online,Pol-Health
2181,1578,Health,6468.0,4457737,59,2023-04-23,2028-02-26,Agent,Pol-Health
2182,1968,Health,12608.0,1707102,53,2024-02-15,2028-06-23,Aggregator,Pol-Health
2183,1253,Property,10106.0,3127052,5,2025-02-09,2025-07-09,Aggregator,Pol-Property
2184,1253,Motor,12025.0,12803002,12,2024-10-07,2025-10-02,Aggregator,Pol-Motor
2185,3050,Health,10215.0,2109378,28,2023-01-29,2025-05-18,Aggregator,Pol-Health
2186,4439,Property,4535.0,2268774,10,2025-01-18,2025-11-14,Agent,Pol-Property
2187,3129,Motor,17109.0,8599232,1,2023-08-08,2023-09-07,Agent,Pol-Motor
2188,1667,Travel,10625.0,1647543,35,2023-08-08,2026-06-23,Agent,Pol-Travel
2189,4390,Motor,18004.0,8976214,28,2023-07-02,2025-10-19,Online,Pol-Motor
2190,28,Property,16931.0,844445,51,2024-11-30,2029-02-07,Agent,Pol-Property
2191,3610,Property,7005.0,8265005,2,2023-12-12,2024-02-10,Bancassurance,Pol-Property
2192,1620,Health,5742.0,4955830,23,2024-07-25,2026-06-15,Online,Pol-Health
2193,2907,Motor,2399.0,23459727,5,2023-03-25,2023-08-22,Agent,Pol-Motor
2194,1345,Motor,7967.0,932213,33,2024-02-04,2026-10-21,Aggregator,Pol-Motor
2195,3914,Motor,7189.0,3013018,31,2025-07-08,2028-01-24,Aggregator,Pol-Motor
2196,3786,Health,5327.0,8589513,15,2023-07-24,2024-10-16,Online,Pol-Health
2197,4669,Motor,5713.0,5161114,1,2024-11-02,2024-12-02,Aggregator,Pol-Motor
2198,3769,Health,9505.0,3439076,52,2025-07-27,2029-11-03,Online,Pol-Health
2199,3830,Motor,2858.0,1097314,29,2024-08-06,2026-12-24,Aggregator,Pol-Motor
2200,928,Motor,13910.0,7869614,24,2024-07-27,2026-07-17,Online,Pol-Motor
2201,1779,Motor,11355.0,41369554,9,2023-10-19,2024-07-15,Aggregator,Pol-Motor
2202,3104,Health,6135.0,2775732,35,2023-09-01,2026-07-17,Partnership,Pol-Health
2203,2445,Property,7059.0,5769215,16,2025-02-17,2026-06-12,Online,Pol-Property
2204,3089,Motor,8594.0,7395799,8,2025-02-19,2025-10-17,Online,Pol-Motor
2205,4466,Motor,11020.0,3761254,8,2025-05-27,2026-01-22,Online,Pol-Motor
2206,164,Travel,20219.0,5185973,23,2024-01-08,2025-11-28,Bancassurance,Pol-Travel
2207,4000,Motor,5636.0,2121620,47,2024-05-13,2028-03-23,Agent,Pol-Motor
2208,2758,Property,14501.0,1547424,44,2024-06-24,2028-02-04,Agent,Pol-Property
2209,3574,Health,6563.0,20852649,59,2024-03-13,2029-01-16,Online,Pol-Health
2210,351,Motor,6009.0,4825625,17,2025-07-13,2026-12-05,Partnership,Pol-Motor
2211,201,Health,6445.0,8832316,27,2023-07-04,2025-09-21,Online,Pol-Health
2212,2553,Travel,12600.0,7997614,29,2023-06-11,2025-10-28,Aggregator,Pol-Travel
2213,3929,Crop,5508.0,2283663,11,2025-07-03,2026-05-29,Agent,Pol-Crop
2214,1052,Health,7734.0,1665255,23,2023-12-02,2025-10-22,Online,Pol-Health
2215,4433,Health,5673.0,3093484,4,2024-11-12,2025-03-12,Partnership,Pol-Health
2216,287,Motor,5918.0,6583455,17,2024-06-26,2025-11-18,Agent,Pol-Motor
2217,2679,Motor,14405.0,2559759,11,2024-01-04,2024-11-29,Online,Pol-Motor
2218,1796,Motor,7293.0,3537851,8,2024-01-09,2024-09-05,Aggregator,Pol-Motor
2219,3559,Travel,5255.0,883348,51,2024-10-28,2029-01-05,Agent,Pol-Travel
2220,107,Motor,5902.0,5203879,26,2024-01-14,2026-03-04,Aggregator,Pol-Motor
2221,2554,Motor,8431.0,5769175,52,2025-03-29,2029-07-06,Online,Pol-Motor
2222,3514,Health,7143.0,5370828,49,2024-11-19,2028-11-28,Partnership,Pol-Health
2223,117,Health,7341.0,2174880,8,2025-06-28,2026-02-23,Online,Pol-Health
2224,1269,Motor,6314.0,2218594,8,2025-01-02,2025-08-30,Online,Pol-Motor
2225,741,Motor,12358.0,2017760,7,2023-03-28,2023-10-24,Bancassurance,Pol-Motor
2226,23,Health,9782.0,3677900,51,2024-09-14,2028-11-22,Agent,Pol-Health
2227,361,Property,6553.0,2838645,34,2024-04-20,2027-02-04,Agent,Pol-Property
2228,4094,Health,7824.0,19191082,32,2023-04-12,2025-11-27,Online,Pol-Health
2229,4796,Motor,4879.0,27358693,13,2023-11-26,2024-12-20,Online,Pol-Motor
2230,1451,Health,7067.0,12168480,36,2024-12-30,2027-12-15,Online,Pol-Health
2231,217,Health,5192.0,5889153,18,2024-03-22,2025-09-13,Bancassurance,Pol-Health
2232,2755,Motor,8085.0,4049489,13,2024-08-21,2025-09-15,Online,Pol-Motor
2233,628,Motor,6962.0,2527462,30,2023-04-13,2025-09-29,Partnership,Pol-Motor
2234,3268,Property,6500.0,5720049,1,2024-08-16,2024-09-15,Aggregator,Pol-Property
2235,567,Health,7875.0,4654095,57,2023-05-12,2028-01-16,Online,Pol-Health
2236,3759,Motor,8513.0,2124869,53,2024-05-15,2028-09-21,Agent,Pol-Motor
2237,2491,Motor,12647.0,2643972,35,2024-03-16,2027-01-30,Agent,Pol-Motor
2238,2021,Property,10821.0,935415,3,2024-09-15,2024-12-14,Agent,Pol-Property
2239,3531,Health,11796.0,2159530,30,2025-02-17,2027-08-06,Agent,Pol-Health
2240,2507,Travel,6149.0,7714822,59,2025-07-27,2030-06-01,Bancassurance,Pol-Travel
2241,3556,Health,8466.0,13655729,48,2024-07-05,2028-06-14,Aggregator,Pol-Health
2242,2192,Motor,17456.0,8664255,25,2025-03-18,2027-04-07,Online,Pol-Motor
2243,4410,Property,6985.0,3426570,33,2025-06-27,2028-03-13,Agent,Pol-Property
2244,2923,Motor,7822.0,1205563,16,2025-07-09,2026-11-01,Agent,Pol-Motor
2245,729,Motor,7874.0,1836632,49,2023-01-07,2027-01-16,Online,Pol-Motor
2246,3329,Motor,6961.0,8018170,3,2024-04-22,2024-07-21,Aggregator,Pol-Motor
2247,474,Motor,13962.0,7772944,47,2024-09-10,2028-07-21,Aggregator,Pol-Motor
2248,4781,Crop,5878.0,3001204,29,2023-01-06,2025-05-25,Online,Pol-Crop
2249,606,Health,12581.0,3740143,14,2024-07-06,2025-08-30,Online,Pol-Health
2250,3571,Motor,10773.0,30501594,43,2025-01-05,2028-07-18,Online,Pol-Motor
2251,1243,Health,7113.0,1104036,45,2023-02-06,2026-10-18,Agent,Pol-Health
2252,3603,Health,5970.0,5439038,5,2025-09-07,2026-02-04,Partnership,Pol-Health
2253,3755,Crop,7213.0,1807087,44,2025-07-13,2029-02-22,Bancassurance,Pol-Crop
2254,4371,Crop,13090.0,1909738,17,2025-06-01,2026-10-24,Agent,Pol-Crop
2255,3879,Motor,12562.0,7845293,53,2023-08-05,2027-12-12,Agent,Pol-Motor
2256,1900,Crop,10938.0,24818109,29,2024-08-08,2026-12-26,Aggregator,Pol-Crop
2257,3744,Motor,7022.0,9398491,21,2024-06-14,2026-03-06,Agent,Pol-Motor
2258,4848,Motor,7493.0,22002815,6,2025-04-15,2025-10-12,Online,Pol-Motor
2259,2265,Motor,10028.0,947125,24,2023-11-12,2025-11-01,Agent,Pol-Motor
2260,3146,Motor,6513.0,8387726,49,2023-08-09,2027-08-18,Agent,Pol-Motor
2261,676,Property,11146.0,12178070,28,2023-12-03,2026-03-22,Online,Pol-Property
2262,4054,Health,7910.0,4325521,57,2025-05-15,2030-01-19,Aggregator,Pol-Health
2263,710,Health,12173.0,11382671,59,2025-06-19,2030-04-24,Agent,Pol-Health
2264,923,Travel,3615.0,54909301,57,2024-08-04,2029-04-10,Agent,Pol-Travel
2265,3400,Motor,5412.0,6168810,17,2025-01-11,2026-06-05,Agent,Pol-Motor
2266,408,Motor,6208.0,3786441,54,2023-04-09,2027-09-15,Online,Pol-Motor
2267,4244,Health,9012.0,14982442,42,2024-03-27,2027-09-08,Online,Pol-Health
2268,1110,Crop,6076.0,14614319,22,2025-07-31,2027-05-22,Agent,Pol-Crop
2269,3593,Travel,21809.0,4227730,24,2025-07-11,2027-07-01,Online,Pol-Travel
2270,4599,Motor,3986.0,3277403,40,2024-11-11,2028-02-24,Online,Pol-Motor
2271,1789,Crop,12208.0,14594048,18,2023-05-09,2024-10-30,Agent,Pol-Crop
2272,3960,Crop,13563.0,3638629,28,2023-03-21,2025-07-08,Agent,Pol-Crop
2273,1491,Motor,9406.0,5133857,57,2023-03-30,2027-12-04,Agent,Pol-Motor
2274,3585,Health,6262.0,7090027,10,2023-02-09,2023-12-06,Agent,Pol-Health
2275,3851,Motor,7262.0,4559103,1,2023-09-17,2023-10-17,Online,Pol-Motor
2276,4201,Health,11032.0,5490006,37,2025-07-20,2028-08-03,Online,Pol-Health
2277,1482,Crop,3297.0,2563907,26,2024-11-23,2027-01-12,Online,Pol-Crop
2278,1281,Property,5339.0,8944903,50,2025-06-25,2029-08-03,Bancassurance,Pol-Property
2279,3943,Health,5604.0,3743355,26,2025-04-05,2027-05-25,Online,Pol-Health
2280,4855,Property,9627.0,21416266,33,2025-02-24,2027-11-11,Aggregator,Pol-Property
2281,875,Motor,12638.0,5992998,55,2023-04-29,2027-11-04,Bancassurance,Pol-Motor
2282,112,Motor,19742.0,13611253,9,2023-08-30,2024-05-26,Online,Pol-Motor
2283,202,Motor,2887.0,9493517,18,2023-10-06,2025-03-29,Agent,Pol-Motor
2284,4714,Property,4386.0,14779546,56,2023-12-30,2028-08-05,Aggregator,Pol-Property
2285,2654,Crop,6179.0,3601885,5,2024-08-03,2024-12-31,Bancassurance,Pol-Crop
2286,995,Health,9682.0,1856726,22,2023-08-19,2025-06-09,Online,Pol-Health
2287,4121,Travel,10745.0,2401567,10,2023-04-21,2024-02-15,Agent,Pol-Travel
2288,4753,Property,4067.0,2247369,14,2023-03-22,2024-05-15,Online,Pol-Property
2289,1532,Health,8850.0,2581108,12,2023-06-25,2024-06-19,Bancassurance,Pol-Health
2290,1390,Health,2039.0,1872392,32,2025-07-25,2028-03-11,Agent,Pol-Health
2291,531,Crop,8484.0,4855776,39,2024-06-08,2027-08-22,Agent,Pol-Crop
2292,1618,Motor,7237.0,10557273,45,2024-08-02,2028-04-13,Online,Pol-Motor
2293,4142,Motor,6976.0,1683826,36,2024-11-28,2027-11-13,Online,Pol-Motor
2294,365,Motor,6027.0,2941632,51,2024-05-05,2028-07-13,Partnership,Pol-Motor
2295,3372,Crop,7010.0,13533348,50,2025-01-03,2029-02-11,Online,Pol-Crop
2296,2825,Travel,8611.0,1338862,47,2025-07-30,2029-06-09,Online,Pol-Travel
2297,1373,Motor,16820.0,5386458,15,2025-06-29,2026-09-22,Online,Pol-Motor
2298,2858,Travel,3856.0,9159389,59,2024-08-06,2029-06-11,Agent,Pol-Travel
2299,2238,Health,6397.0,35235669,33,2023-11-22,2026-08-08,Agent,Pol-Health
2300,3475,Health,9609.0,643980,16,2023-07-15,2024-11-06,Online,Pol-Health
2301,4445,Crop,7114.0,1646345,4,2023-08-06,2023-12-04,Partnership,Pol-Crop
2302,4469,Health,7802.0,7013821,54,2025-01-29,2029-07-07,Bancassurance,Pol-Health
2303,3577,Health,5468.0,3850317,51,2025-05-06,2029-07-14,Agent,Pol-Health
2304,3363,Motor,11078.0,457543,3,2023-10-04,2024-01-02,Aggregator,Pol-Motor
2305,4044,Motor,2475.0,3610587,26,2025-03-07,2027-04-26,Online,Pol-Motor
2306,3976,Health,4463.0,2383027,56,2024-04-02,2028-11-07,Bancassurance,Pol-Health
2307,985,Motor,19491.0,1221873,37,2024-03-15,2027-03-30,Agent,Pol-Motor
2308,2159,Property,3966.0,3826947,34,2023-03-25,2026-01-08,Online,Pol-Property
2309,1527,Health,4741.0,1634931,42,2024-11-12,2028-04-25,Aggregator,Pol-Health
2310,3373,Health,4945.0,2473235,9,2023-03-25,2023-12-20,Agent,Pol-Health
2311,1037,Property,5594.0,17350068,44,2023-12-11,2027-07-23,Aggregator,Pol-Property
2312,4619,Travel,7262.0,28862871,14,2024-01-26,2025-03-21,Bancassurance,Pol-Travel
2313,3174,Motor,12575.0,2392767,47,2024-10-06,2028-08-16,Agent,Pol-Motor
2314,1990,Health,9309.0,5980991,33,2023-09-20,2026-06-06,Online,Pol-Health
2315,2245,Crop,6516.0,9443478,48,2024-07-12,2028-06-21,Agent,Pol-Crop
2316,2103,Motor,17581.0,2516934,38,2025-09-16,2028-10-30,Bancassurance,Pol-Motor
2317,2231,Motor,5951.0,2251308,5,2024-10-29,2025-03-28,Bancassurance,Pol-Motor
2318,1043,Health,7546.0,9554973,51,2024-04-09,2028-06-17,Aggregator,Pol-Health
2319,4459,Health,7782.0,4386454,47,2023-10-10,2027-08-20,Online,Pol-Health
2320,2521,Motor,11198.0,4439354,28,2024-04-10,2026-07-29,Online,Pol-Motor
2321,4105,Health,4123.0,1880620,33,2023-03-25,2025-12-09,Aggregator,Pol-Health
2322,2708,Health,4394.0,2146654,17,2025-08-11,2027-01-03,Online,Pol-Health
2323,1330,Health,11747.0,5702933,21,2024-01-21,2025-10-12,Aggregator,Pol-Health
2324,3656,Property,17897.0,3640327,7,2023-08-25,2024-03-22,Aggregator,Pol-Property
2325,3906,Property,6112.0,5854079,40,2024-10-23,2028-02-05,Agent,Pol-Property
2326,1081,Health,3902.0,12567498,35,2024-06-13,2027-04-29,Partnership,Pol-Health
2327,3606,Health,4044.0,6159583,7,2023-11-24,2024-06-21,Bancassurance,Pol-Health
2328,824,Property,12309.0,3002547,8,2025-06-25,2026-02-20,Online,Pol-Property
2329,3620,Health,3155.0,12176250,51,2024-06-18,2028-08-26,Aggregator,Pol-Health
2330,3251,Crop,7570.0,5229728,44,2025-03-09,2028-10-19,Bancassurance,Pol-Crop
2331,2116,Health,6714.0,17535419,42,2024-01-18,2027-07-01,Bancassurance,Pol-Health
2332,3568,Health,5231.0,2840864,31,2024-10-22,2027-05-10,Agent,Pol-Health
2333,48,Motor,4773.0,4857589,56,2024-10-27,2029-06-03,Bancassurance,Pol-Motor
2334,1441,Crop,10385.0,3965327,5,2024-03-18,2024-08-15,Bancassurance,Pol-Crop
2335,3736,Health,10815.0,5923039,5,2024-05-06,2024-10-03,Agent,Pol-Health
2336,945,Property,13143.0,6636354,24,2023-02-18,2025-02-07,Agent,Pol-Property
2337,3269,Health,9341.0,5351686,54,2023-05-03,2027-10-09,Aggregator,Pol-Health
2338,3642,Motor,7360.0,11132544,22,2025-05-05,2027-02-24,Online,Pol-Motor
2339,3120,Health,7956.0,7784059,44,2023-12-22,2027-08-03,Aggregator,Pol-Health
2340,1984,Motor,12033.0,48635908,13,2025-06-02,2026-06-27,Bancassurance,Pol-Motor
2341,355,Motor,3122.0,56181879,22,2024-07-01,2026-04-22,Agent,Pol-Motor
2342,3306,Motor,9154.0,2861046,26,2023-03-22,2025-05-10,Aggregator,Pol-Motor
2343,4533,Motor,5491.0,3351681,1,2024-03-01,2024-03-31,Agent,Pol-Motor
2344,4796,Motor,8849.0,1694401,17,2025-08-11,2027-01-03,Agent,Pol-Motor
2345,1918,Property,4380.0,23022675,19,2023-04-22,2024-11-12,Agent,Pol-Property
2346,4186,Property,11215.0,3625837,2,2023-08-27,2023-10-26,Online,Pol-Property
2347,369,Motor,9836.0,6764408,57,2023-12-20,2028-08-25,Aggregator,Pol-Motor
2348,2987,Health,5153.0,1817257,50,2024-02-02,2028-03-12,Agent,Pol-Health
2349,1193,Health,5805.0,6012297,52,2024-02-15,2028-05-24,Online,Pol-Health
2350,1387,Motor,5544.0,1098865,11,2025-04-02,2026-02-26,Agent,Pol-Motor
2351,3994,Motor,7545.0,15784050,30,2023-06-26,2025-12-12,Online,Pol-Motor
2352,3003,Motor,20229.0,28066134,46,2023-04-27,2027-02-05,Aggregator,Pol-Motor
2353,1897,Crop,2955.0,10104756,23,2025-07-09,2027-05-30,Online,Pol-Crop
2354,2548,Crop,8629.0,2294278,58,2023-07-19,2028-04-23,Bancassurance,Pol-Crop
2355,4800,Health,9094.0,8875308,15,2024-08-06,2025-10-30,Bancassurance,Pol-Health
2356,1554,Property,5622.0,6436921,23,2024-11-16,2026-10-07,Bancassurance,Pol-Property
2357,2811,Health,3175.0,18825925,12,2023-04-11,2024-04-05,Agent,Pol-Health
2358,3033,Motor,6631.0,11542639,27,2024-04-12,2026-07-01,Agent,Pol-Motor
2359,112,Crop,3989.0,2050008,6,2023-10-25,2024-04-22,Agent,Pol-Crop
2360,4073,Motor,9684.0,15342134,30,2024-01-16,2026-07-04,Bancassurance,Pol-Motor
2361,1064,Property,3674.0,5012051,5,2023-03-23,2023-08-20,Agent,Pol-Property
2362,4198,Health,7151.0,17618050,46,2025-08-17,2029-05-28,Agent,Pol-Health
2363,1393,Health,4987.0,1317569,38,2024-06-28,2027-08-12,Partnership,Pol-Health
2364,1198,Health,12816.0,8656737,35,2024-03-25,2027-02-08,Aggregator,Pol-Health
2365,3898,Property,16073.0,4134319,55,2024-07-04,2029-01-09,Aggregator,Pol-Property
2366,341,Motor,6127.0,5873610,6,2025-06-20,2025-12-17,Agent,Pol-Motor
2367,2862,Motor,4335.0,2926262,14,2024-01-26,2025-03-21,Aggregator,Pol-Motor
2368,4292,Crop,16920.0,8460346,52,2023-10-30,2028-02-06,Aggregator,Pol-Crop
2369,1206,Property,6849.0,2320831,50,2023-04-16,2027-05-25,Aggregator,Pol-Property
2370,1575,Crop,8579.0,1317700,17,2025-07-30,2026-12-22,Partnership,Pol-Crop
2371,3307,Health,6901.0,2743909,9,2024-08-01,2025-04-28,Online,Pol-Health
2372,4601,Health,6616.0,2770050,40,2023-11-05,2027-02-17,Bancassurance,Pol-Health
2373,1541,Health,5731.0,4060115,31,2024-02-23,2026-09-10,Online,Pol-Health
2374,3585,Motor,2851.0,10236344,36,2023-04-15,2026-03-30,Aggregator,Pol-Motor
2375,4054,Property,17743.0,2326803,10,2024-04-23,2025-02-17,Bancassurance,Pol-Property
2376,1927,Crop,8095.0,10973316,27,2025-04-10,2027-06-29,Aggregator,Pol-Crop
2377,3520,Crop,7039.0,9083110,49,2025-09-26,2029-10-05,Online,Pol-Crop
2378,1406,Health,11662.0,13356029,52,2025-07-23,2029-10-30,Agent,Pol-Health
2379,2014,Health,5543.0,3870346,5,2025-06-04,2025-11-01,Aggregator,Pol-Health
2380,448,Crop,8821.0,21925928,17,2024-10-15,2026-03-09,Bancassurance,Pol-Crop
2381,1721,Property,4990.0,4122744,31,2025-09-22,2028-04-09,Aggregator,Pol-Property
2382,3868,Crop,6170.0,12083101,57,2025-02-26,2029-11-02,Agent,Pol-Crop
2383,4094,Health,9820.0,24304945,14,2025-07-02,2026-08-26,Bancassurance,Pol-Health
2384,34,Crop,8412.0,15949225,23,2025-05-09,2027-03-30,Online,Pol-Crop
2385,497,Motor,6229.0,4857468,44,2023-05-03,2026-12-13,Agent,Pol-Motor
2386,2912,Health,10567.0,1985983,29,2024-09-14,2027-02-01,Agent,Pol-Health
2387,1404,Motor,4971.0,2277131,39,2025-03-16,2028-05-29,Aggregator,Pol-Motor
2388,3220,Property,4642.0,2211811,15,2024-11-08,2026-02-01,Online,Pol-Property
2389,2711,Health,5847.0,2903981,47,2024-05-20,2028-03-30,Aggregator,Pol-Health
2390,1603,Motor,6534.0,5224767,12,2023-04-08,2024-04-02,Aggregator,Pol-Motor
2391,4686,Health,6209.0,9618748,33,2023-05-31,2026-02-14,Partnership,Pol-Health
2392,4773,Motor,5923.0,10869901,57,2024-12-01,2029-08-07,Agent,Pol-Motor
2393,3713,Motor,11520.0,12804121,58,2023-07-05,2028-04-09,Agent,Pol-Motor
2394,3603,Motor,15550.0,12131509,40,2023-10-15,2027-01-27,Agent,Pol-Motor
2395,4097,Health,6869.0,4824799,30,2023-03-20,2025-09-05,Online,Pol-Health
2396,2335,Motor,9857.0,9683519,22,2024-01-07,2025-10-28,Agent,Pol-Motor
2397,1280,Motor,5077.0,4244213,30,2025-01-02,2027-06-21,Online,Pol-Motor
2398,3246,Motor,6993.0,7085733,32,2024-04-30,2026-12-16,Aggregator,Pol-Motor
2399,4950,Motor,9244.0,4391381,20,2025-06-25,2027-02-15,Agent,Pol-Motor
2400,50,Motor,4815.0,5281239,38,2024-09-15,2027-10-30,Agent,Pol-Motor
2401,2665,Health,10668.0,3951247,59,2024-12-20,2029-10-25,Online,Pol-Health
2402,1775,Health,5097.0,1086328,20,2025-06-10,2027-01-31,Online,Pol-Health
2403,3589,Travel,12218.0,4228517,2,2024-07-09,2024-09-07,Partnership,Pol-Travel
2404,4047,Motor,11213.0,9272189,57,2023-08-18,2028-04-23,Bancassurance,Pol-Motor
2405,66,Crop,12808.0,12667105,31,2025-03-17,2027-10-03,Agent,Pol-Crop
2406,4224,Motor,12233.0,8378176,58,2024-07-09,2029-04-14,Bancassurance,Pol-Motor
2407,2745,Motor,19270.0,2278574,50,2024-01-06,2028-02-14,Aggregator,Pol-Motor
2408,188,Motor,9450.0,3431432,55,2024-04-23,2028-10-29,Agent,Pol-Motor
2409,4674,Motor,3557.0,1271701,28,2024-08-03,2026-11-21,Online,Pol-Motor
2410,4040,Health,7820.0,9927228,3,2024-01-08,2024-04-07,Bancassurance,Pol-Health
2411,2889,Property,5832.0,2414765,59,2024-05-30,2029-04-04,Online,Pol-Property
2412,4858,Crop,3706.0,7535029,20,2024-05-20,2026-01-10,Aggregator,Pol-Crop
2413,667,Travel,13896.0,8070966,35,2024-04-18,2027-03-04,Bancassurance,Pol-Travel
2414,933,Property,6291.0,2422548,19,2025-05-27,2026-12-18,Agent,Pol-Property
2415,1971,Health,3480.0,6879640,6,2023-05-04,2023-10-31,Aggregator,Pol-Health
2416,3853,Health,5311.0,27495447,11,2025-08-27,2026-07-23,Online,Pol-Health
2417,4141,Crop,22755.0,3931667,45,2024-12-31,2028-09-11,Agent,Pol-Crop
2418,2177,Property,14526.0,14304479,6,2023-09-20,2024-03-18,Online,Pol-Property
2419,618,Motor,10559.0,6849570,18,2024-12-09,2026-06-02,Agent,Pol-Motor
2420,4859,Health,10051.0,7097290,47,2023-12-21,2027-10-31,Aggregator,Pol-Health
2421,793,Health,4667.0,4963595,14,2024-07-17,2025-09-10,Online,Pol-Health
2422,1251,Health,4495.0,12477048,14,2023-06-11,2024-08-04,Agent,Pol-Health
2423,3994,Crop,9692.0,4678596,1,2023-10-11,2023-11-10,Bancassurance,Pol-Crop
2424,2445,Health,16224.0,9251639,54,2024-04-27,2028-10-03,Online,Pol-Health
2425,2323,Travel,4411.0,12499258,17,2024-05-31,2025-10-23,Aggregator,Pol-Travel
2426,4234,Crop,6986.0,13440944,54,2023-05-23,2027-10-29,Agent,Pol-Crop
2427,1351,Motor,8243.0,8955298,14,2024-02-21,2025-04-16,Aggregator,Pol-Motor
2428,2831,Motor,5763.0,10676020,31,2025-09-14,2028-04-01,Online,Pol-Motor
2429,2276,Motor,6715.0,5535201,45,2024-07-13,2028-03-24,Bancassurance,Pol-Motor
2430,2207,Crop,4384.0,3677929,10,2023-01-28,2023-11-24,Bancassurance,Pol-Crop
2431,1918,Motor,8556.0,7253339,38,2025-05-01,2028-06-14,Aggregator,Pol-Motor
2432,3835,Health,7992.0,7314867,33,2023-01-28,2025-10-14,Partnership,Pol-Health
2433,2078,Health,9978.0,7283068,5,2024-01-08,2024-06-06,Agent,Pol-Health
2434,1122,Property,6621.0,14700299,16,2024-08-13,2025-12-06,Online,Pol-Property
2435,609,Motor,10471.0,5557870,20,2024-12-25,2026-08-17,Online,Pol-Motor
2436,769,Motor,8685.0,1594846,48,2024-01-11,2027-12-21,Online,Pol-Motor
2437,784,Motor,13598.0,863234,22,2025-07-19,2027-05-10,Online,Pol-Motor
2438,2930,Health,6422.0,6384920,40,2023-11-16,2027-02-28,Aggregator,Pol-Health
2439,2390,Motor,11747.0,13587538,17,2024-09-08,2026-01-31,Aggregator,Pol-Motor
2440,168,Property,6554.0,4463423,50,2024-03-27,2028-05-05,Online,Pol-Property
2441,4780,Motor,10105.0,29230448,50,2023-01-27,2027-03-07,Online,Pol-Motor
2442,3257,Health,14247.0,6249696,9,2025-07-29,2026-04-25,Online,Pol-Health
2443,2480,Travel,13193.0,46943289,38,2023-01-10,2026-02-23,Aggregator,Pol-Travel
2444,4135,Health,6621.0,4989394,42,2023-09-27,2027-03-10,Aggregator,Pol-Health
2445,980,Motor,5637.0,22392245,9,2024-11-17,2025-08-14,Aggregator,Pol-Motor
2446,2435,Crop,11915.0,3732251,15,2024-08-11,2025-11-04,Aggregator,Pol-Crop
2447,4023,Motor,5844.0,14156724,52,2024-11-23,2029-03-02,Aggregator,Pol-Motor
2448,2817,Motor,12027.0,9241427,46,2025-04-13,2029-01-22,Aggregator,Pol-Motor
2449,791,Motor,4034.0,7444438,14,2024-03-09,2025-05-03,Agent,Pol-Motor
2450,4838,Motor,9292.0,7415573,9,2023-10-26,2024-07-22,Agent,Pol-Motor
2451,1475,Health,6099.0,19509138,9,2025-07-25,2026-04-21,Bancassurance,Pol-Health
2452,3187,Health,3188.0,4672635,33,2025-03-19,2027-12-04,Aggregator,Pol-Health
2453,4002,Health,4979.0,6043330,57,2023-10-30,2028-07-05,Online,Pol-Health
2454,2449,Motor,6042.0,63995147,53,2023-02-14,2027-06-23,Bancassurance,Pol-Motor
2455,3675,Health,19194.0,8934482,31,2023-04-03,2025-10-19,Agent,Pol-Health
2456,3381,Motor,1640.0,16631697,10,2023-03-06,2023-12-31,Online,Pol-Motor
2457,1127,Motor,6208.0,4394956,10,2024-06-12,2025-04-08,Agent,Pol-Motor
2458,1751,Motor,6158.0,3385099,59,2023-06-21,2028-04-25,Agent,Pol-Motor
2459,4198,Health,4514.0,10965710,39,2023-02-26,2026-05-11,Agent,Pol-Health
2460,4751,Health,6039.0,6680881,5,2024-05-24,2024-10-21,Agent,Pol-Health
2461,3162,Motor,6809.0,4580154,18,2025-09-14,2027-03-08,Agent,Pol-Motor
2462,3190,Travel,5245.0,1199891,53,2025-01-26,2029-06-04,Agent,Pol-Travel
2463,752,Motor,8766.0,1095129,33,2023-07-30,2026-04-15,Agent,Pol-Motor
2464,1233,Property,16169.0,954329,49,2025-03-11,2029-03-20,Agent,Pol-Property
2465,859,Motor,7152.0,7437571,18,2024-07-28,2026-01-19,Bancassurance,Pol-Motor
2466,4415,Health,5202.0,2079728,52,2024-03-27,2028-07-04,Agent,Pol-Health
2467,3861,Health,6940.0,1138918,58,2023-09-08,2028-06-13,Online,Pol-Health
2468,4729,Health,6161.0,2468923,12,2024-05-13,2025-05-08,Online,Pol-Health
2469,3942,Motor,12688.0,972760,25,2023-06-30,2025-07-19,Aggregator,Pol-Motor
2470,2700,Health,5813.0,3120959,54,2025-07-10,2029-12-16,Aggregator,Pol-Health
2471,2001,Property,9355.0,2984864,27,2023-12-10,2026-02-27,Online,Pol-Property
2472,240,Property,8471.0,8511753,41,2023-11-23,2027-04-06,Partnership,Pol-Property
2473,2191,Motor,7734.0,6243254,53,2025-07-27,2029-12-03,Aggregator,Pol-Motor
2474,4215,Motor,4154.0,3495590,9,2024-11-23,2025-08-20,Agent,Pol-Motor
2475,4692,Motor,5393.0,9762724,49,2023-03-31,2027-04-09,Agent,Pol-Motor
2476,2016,Motor,6667.0,1764678,13,2024-12-20,2026-01-14,Bancassurance,Pol-Motor
2477,163,Motor,4043.0,3509999,49,2023-01-14,2027-01-23,Agent,Pol-Motor
2478,4750,Motor,4492.0,2652117,22,2025-08-04,2027-05-26,Online,Pol-Motor
2479,350,Property,5768.0,5115182,2,2024-01-16,2024-03-16,Agent,Pol-Property
2480,31,Health,8698.0,836780,39,2025-07-21,2028-10-03,Agent,Pol-Health
2481,2139,Property,14825.0,42071500,57,2023-07-23,2028-03-28,Online,Pol-Property
2482,2176,Property,8380.0,7408120,48,2023-10-28,2027-10-07,Online,Pol-Property
2483,2827,Health,7812.0,7633442,15,2024-01-14,2025-04-08,Agent,Pol-Health
2484,3620,Health,7592.0,864729,23,2025-06-25,2027-05-16,Bancassurance,Pol-Health
2485,848,Travel,6183.0,6573428,13,2023-11-17,2024-12-11,Partnership,Pol-Travel
2486,792,Health,6991.0,4407034,57,2024-02-23,2028-10-29,Bancassurance,Pol-Health
2487,509,Health,9717.0,14740846,45,2024-02-20,2027-11-01,Online,Pol-Health
2488,4841,Crop,11768.0,4155803,47,2024-11-20,2028-09-30,Online,Pol-Crop
2489,4836,Motor,2164.0,3919432,20,2024-06-28,2026-02-18,Agent,Pol-Motor
2490,4333,Health,10517.0,5126047,13,2023-11-21,2024-12-15,Aggregator,Pol-Health
2491,1013,Motor,6328.0,18744767,55,2023-10-16,2028-04-22,Aggregator,Pol-Motor
2492,3025,Property,9389.0,1307793,27,2025-04-13,2027-07-02,Online,Pol-Property
2493,3071,Property,8780.0,1124404,42,2025-03-11,2028-08-22,Agent,Pol-Property
2494,1075,Health,6865.0,713798,17,2025-01-31,2026-06-25,Partnership,Pol-Health
2495,469,Health,9536.0,14259928,31,2024-02-12,2026-08-30,Agent,Pol-Health
2496,1916,Property,8456.0,12828037,26,2025-01-13,2027-03-04,Aggregator,Pol-Property
2497,4484,Health,7195.0,1817685,22,2023-05-21,2025-03-11,Agent,Pol-Health
2498,736,Crop,6942.0,1497490,41,2025-09-19,2029-01-31,Bancassurance,Pol-Crop
2499,4750,Health,4475.0,12772084,32,2025-02-13,2027-10-01,Bancassurance,Pol-Health
2500,2857,Crop,7385.0,1467028,22,2023-02-04,2024-11-25,Aggregator,Pol-Crop
2501,4478,Health,2710.0,4163561,28,2023-10-02,2026-01-19,Partnership,Pol-Health
2502,96,Health,8467.0,3285550,55,2024-09-01,2029-03-09,Online,Pol-Health
2503,912,Motor,10663.0,100676103,42,2024-11-04,2028-04-17,Agent,Pol-Motor
2504,4883,Motor,3553.0,4646284,47,2025-07-10,2029-05-20,Online,Pol-Motor
2505,4389,Crop,6384.0,16963785,1,2025-08-23,2025-09-22,Online,Pol-Crop
2506,3307,Health,14909.0,8156630,4,2024-07-18,2024-11-15,Aggregator,Pol-Health
2507,4437,Health,21838.0,3521328,16,2023-07-01,2024-10-23,Aggregator,Pol-Health
2508,719,Health,6986.0,3200191,43,2024-12-30,2028-07-12,Online,Pol-Health
2509,3005,Motor,7565.0,5781782,23,2024-09-02,2026-07-24,Partnership,Pol-Motor
2510,1374,Health,7075.0,5832459,38,2025-07-07,2028-08-20,Online,Pol-Health
2511,2429,Motor,7905.0,3419697,41,2023-07-10,2026-11-21,Aggregator,Pol-Motor
2512,3682,Crop,13600.0,8904503,48,2024-12-31,2028-12-10,Aggregator,Pol-Crop
2513,2810,Health,7344.0,5572439,36,2023-09-23,2026-09-07,Agent,Pol-Health
2514,3220,Crop,3693.0,2873221,14,2025-03-14,2026-05-08,Bancassurance,Pol-Crop
2515,2614,Health,8338.0,3895408,43,2025-09-16,2029-03-29,Agent,Pol-Health
2516,505,Motor,6049.0,8518426,43,2024-04-26,2027-11-07,Bancassurance,Pol-Motor
2517,2266,Crop,4188.0,2078947,3,2024-09-06,2024-12-05,Agent,Pol-Crop
2518,4061,Motor,4189.0,2077062,1,2025-07-17,2025-08-16,Agent,Pol-Motor
2519,2985,Health,6939.0,1704396,44,2024-04-01,2027-11-12,Agent,Pol-Health
2520,2797,Motor,10031.0,3892984,16,2024-03-18,2025-07-11,Online,Pol-Motor
2521,4932,Health,9755.0,4306997,8,2023-11-17,2024-07-14,Online,Pol-Health
2522,3927,Motor,13398.0,1982281,1,2024-09-30,2024-10-30,Aggregator,Pol-Motor
2523,3809,Property,5022.0,5385972,21,2024-11-03,2026-07-26,Agent,Pol-Property
2524,489,Travel,6094.0,5426094,2,2025-06-05,2025-08-04,Agent,Pol-Travel
2525,2259,Property,10074.0,12434681,12,2023-03-12,2024-03-06,Online,Pol-Property
2526,2714,Motor,10513.0,12082156,14,2025-08-26,2026-10-20,Online,Pol-Motor
2527,4355,Health,5651.0,890714,22,2023-07-08,2025-04-28,Aggregator,Pol-Health
2528,1251,Crop,5200.0,6984701,56,2025-06-30,2030-02-04,Bancassurance,Pol-Crop
2529,3961,Motor,9280.0,915169,20,2025-01-03,2026-08-26,Agent,Pol-Motor
2530,1415,Motor,11380.0,8993975,17,2023-07-29,2024-12-20,Agent,Pol-Motor
2531,992,Motor,6511.0,8829765,7,2023-07-11,2024-02-06,Agent,Pol-Motor
2532,400,Health,9225.0,2183514,21,2023-07-07,2025-03-28,Online,Pol-Health
2533,4405,Property,7342.0,7296964,34,2025-09-10,2028-06-26,Agent,Pol-Property
2534,4056,Health,5293.0,2124930,22,2023-04-25,2025-02-13,Aggregator,Pol-Health
2535,4100,Health,10589.0,4780475,22,2024-06-09,2026-03-31,Bancassurance,Pol-Health
2536,1568,Property,6544.0,5788577,21,2024-03-05,2025-11-25,Bancassurance,Pol-Property
2537,3818,Health,3437.0,4247742,13,2025-09-15,2026-10-10,Bancassurance,Pol-Health
2538,2274,Health,5276.0,10508169,45,2025-07-21,2029-04-01,Partnership,Pol-Health
2539,1126,Motor,2381.0,2660561,6,2024-04-30,2024-10-27,Online,Pol-Motor
2540,3324,Motor,28339.0,8461534,25,2023-07-30,2025-08-18,Aggregator,Pol-Motor
2541,2604,Motor,14039.0,1780624,44,2025-06-20,2029-01-30,Agent,Pol-Motor
2542,3500,Property,3790.0,807919,31,2024-08-03,2027-02-19,Agent,Pol-Property
2543,1566,Property,5459.0,1151780,25,2023-09-24,2025-10-13,Online,Pol-Property
2544,919,Motor,8205.0,2209770,32,2023-07-18,2026-03-04,Bancassurance,Pol-Motor
2545,4620,Motor,16314.0,9716262,55,2023-05-18,2027-11-23,Aggregator,Pol-Motor
2546,4622,Property,10531.0,8817621,29,2024-10-19,2027-03-08,Bancassurance,Pol-Property
2547,1316,Health,8188.0,4417897,48,2025-05-21,2029-04-30,Partnership,Pol-Health
2548,4120,Motor,5463.0,819739,35,2025-09-19,2028-08-04,Agent,Pol-Motor
2549,1655,Motor,9313.0,27783819,12,2023-07-26,2024-07-20,Partnership,Pol-Motor
2550,3459,Motor,9127.0,1366693,16,2024-09-26,2026-01-19,Online,Pol-Motor
2551,1614,Health,7459.0,7433338,9,2023-07-22,2024-04-17,Online,Pol-Health
2552,242,Motor,7046.0,3731006,13,2024-08-16,2025-09-10,Online,Pol-Motor
2553,4299,Health,5863.0,7739514,12,2025-01-02,2025-12-28,Online,Pol-Health
2554,4333,Travel,13953.0,17693313,26,2025-06-17,2027-08-06,Agent,Pol-Travel
2555,951,Motor,3147.0,6379104,55,2023-01-30,2027-08-07,Agent,Pol-Motor
2556,3070,Motor,8555.0,10210592,15,2023-11-03,2025-01-26,Partnership,Pol-Motor
2557,294,Motor,7394.0,85772172,4,2024-02-01,2024-05-31,Agent,Pol-Motor
2558,4306,Health,2740.0,13440435,49,2023-03-31,2027-04-09,Aggregator,Pol-Health
2559,788,Health,6069.0,1243482,10,2024-02-07,2024-12-03,Partnership,Pol-Health
2560,1633,Motor,4405.0,453118,48,2025-02-17,2029-01-27,Online,Pol-Motor
2561,3074,Motor,4375.0,8706829,44,2024-08-03,2028-03-15,Partnership,Pol-Motor
2562,4071,Property,4956.0,3549911,38,2024-06-20,2027-08-04,Aggregator,Pol-Property
2563,2277,Property,13664.0,11050465,48,2024-08-27,2028-08-06,Bancassurance,Pol-Property
2564,4506,Motor,7118.0,543974,12,2023-10-05,2024-09-29,Agent,Pol-Motor
2565,3315,Motor,10642.0,15391417,22,2023-06-22,2025-04-12,Aggregator,Pol-Motor
2566,1492,Health,4019.0,4918329,38,2023-08-05,2026-09-18,Aggregator,Pol-Health
2567,4554,Motor,5379.0,35342499,59,2024-02-20,2028-12-25,Agent,Pol-Motor
2568,2602,Motor,5927.0,5372804,30,2024-11-05,2027-04-24,Bancassurance,Pol-Motor
2569,2261,Property,7942.0,8725383,15,2025-04-04,2026-06-28,Bancassurance,Pol-Property
2570,1832,Motor,9565.0,3835596,36,2024-11-22,2027-11-07,Agent,Pol-Motor
2571,386,Property,8396.0,3578378,57,2023-02-24,2027-10-31,Online,Pol-Property
2572,528,Health,4896.0,7015982,5,2023-07-11,2023-12-08,Partnership,Pol-Health
2573,1412,Motor,10616.0,4081704,49,2025-09-03,2029-09-12,Aggregator,Pol-Motor
2574,3351,Health,5407.0,3164535,4,2024-08-24,2024-12-22,Bancassurance,Pol-Health
2575,4198,Health,8376.0,7517935,26,2024-10-04,2026-11-23,Online,Pol-Health
2576,390,Motor,3689.0,3209943,43,2023-02-05,2026-08-18,Bancassurance,Pol-Motor
2577,1226,Motor,6451.0,7741791,19,2024-07-25,2026-02-15,Agent,Pol-Motor
2578,3639,Health,9497.0,1310606,14,2023-04-30,2024-06-23,Bancassurance,Pol-Health
2579,3793,Health,7719.0,5434008,27,2024-04-25,2026-07-14,Aggregator,Pol-Health
2580,841,Health,4871.0,4542326,56,2024-02-19,2028-09-25,Agent,Pol-Health
2581,1378,Motor,9614.0,715570,38,2023-09-20,2026-11-03,Online,Pol-Motor
2582,235,Travel,4970.0,1785490,26,2024-08-18,2026-10-07,Agent,Pol-Travel
2583,114,Health,3060.0,536946,42,2023-08-26,2027-02-06,Aggregator,Pol-Health
2584,3139,Health,12290.0,5907462,23,2023-12-29,2025-11-18,Bancassurance,Pol-Health
2585,809,Health,4439.0,2630048,42,2024-08-17,2028-01-29,Bancassurance,Pol-Health
2586,2151,Motor,10880.0,4030705,50,2023-10-28,2027-12-06,Online,Pol-Motor
2587,411,Travel,6513.0,17859700,49,2023-02-09,2027-02-18,Online,Pol-Travel
2588,1319,Motor,10125.0,5386594,2,2023-11-21,2024-01-20,Agent,Pol-Motor
2589,4087,Property,4952.0,7009052,54,2025-06-04,2029-11-10,Online,Pol-Property
2590,4904,Health,11243.0,3487125,13,2025-03-10,2026-04-04,Agent,Pol-Health
2591,1588,Crop,5583.0,2782653,12,2025-01-23,2026-01-18,Aggregator,Pol-Crop
2592,1061,Property,6394.0,1479508,37,2024-03-05,2027-03-20,Aggregator,Pol-Property
2593,67,Health,2495.0,10318210,40,2025-07-01,2028-10-13,Aggregator,Pol-Health
2594,2254,Travel,3261.0,21633063,36,2023-08-24,2026-08-08,Bancassurance,Pol-Travel
2595,341,Crop,10711.0,15460065,3,2025-08-08,2025-11-06,Online,Pol-Crop
2596,3978,Motor,5254.0,1850675,4,2024-10-09,2025-02-06,Partnership,Pol-Motor
2597,2474,Motor,2750.0,16693645,31,2024-09-02,2027-03-21,Agent,Pol-Motor
2598,956,Health,5367.0,4659994,41,2024-10-07,2028-02-19,Agent,Pol-Health
2599,4305,Travel,9596.0,20262699,28,2024-07-28,2026-11-15,Aggregator,Pol-Travel
2600,2011,Health,4031.0,7624917,40,2023-02-13,2026-05-28,Online,Pol-Health
2601,1889,Motor,12309.0,7148745,11,2024-05-11,2025-04-06,Aggregator,Pol-Motor
2602,369,Health,5567.0,7323050,47,2023-07-15,2027-05-25,Online,Pol-Health
2603,1763,Motor,6048.0,1173504,56,2023-09-09,2028-04-15,Aggregator,Pol-Motor
2604,994,Health,4977.0,1728733,43,2025-03-12,2028-09-22,Bancassurance,Pol-Health
2605,82,Motor,2864.0,3067861,16,2024-05-27,2025-09-19,Bancassurance,Pol-Motor
2606,1188,Health,6277.0,3882549,38,2024-08-26,2027-10-10,Agent,Pol-Health
2607,377,Travel,6983.0,5988375,29,2023-04-25,2025-09-11,Bancassurance,Pol-Travel
2608,3,Health,8770.0,3554446,15,2023-08-07,2024-10-30,Agent,Pol-Health
2609,684,Motor,4952.0,3418516,21,2023-08-01,2025-04-22,Online,Pol-Motor
2610,3190,Health,3206.0,16449230,14,2023-08-05,2024-09-28,Aggregator,Pol-Health
2611,3728,Motor,17095.0,18188362,16,2023-08-04,2024-11-26,Online,Pol-Motor
2612,764,Property,7943.0,9293436,27,2024-06-23,2026-09-11,Online,Pol-Property
2613,266,Health,6977.0,2807645,56,2024-12-06,2029-07-13,Online,Pol-Health
2614,2483,Property,12262.0,7858517,28,2023-11-23,2026-03-12,Agent,Pol-Property
2615,2730,Crop,4450.0,17063022,14,2023-11-27,2025-01-20,Aggregator,Pol-Crop
2616,725,Motor,4100.0,4319578,36,2024-08-28,2027-08-13,Bancassurance,Pol-Motor
2617,2841,Travel,9934.0,18042719,10,2024-09-11,2025-07-08,Bancassurance,Pol-Travel
2618,2424,Motor,17771.0,30766993,47,2024-12-23,2028-11-02,Agent,Pol-Motor
2619,2414,Health,3570.0,12971369,54,2025-02-12,2029-07-21,Online,Pol-Health
2620,4863,Motor,7096.0,9416148,9,2023-07-07,2024-04-02,Online,Pol-Motor
2621,2476,Motor,8533.0,7365027,28,2024-11-11,2027-03-01,Online,Pol-Motor
2622,1065,Health,8979.0,9536019,14,2023-03-21,2024-05-14,Agent,Pol-Health
2623,2292,Motor,6132.0,7854499,19,2024-08-17,2026-03-10,Bancassurance,Pol-Motor
2624,2893,Motor,4518.0,1791140,57,2024-02-14,2028-10-20,Online,Pol-Motor
2625,4399,Motor,2537.0,17847407,13,2023-05-23,2024-06-16,Online,Pol-Motor
2626,4466,Health,19522.0,5821702,59,2023-02-03,2027-12-09,Online,Pol-Health
2627,4947,Motor,15881.0,48339551,56,2024-06-09,2029-01-14,Bancassurance,Pol-Motor
2628,2323,Health,5110.0,64986422,51,2025-01-23,2029-04-02,Bancassurance,Pol-Health
2629,47,Health,7176.0,4299926,55,2024-03-28,2028-10-03,Partnership,Pol-Health
2630,2165,Health,5240.0,6479689,37,2024-09-05,2027-09-20,Aggregator,Pol-Health
2631,3662,Motor,6116.0,3659146,39,2025-05-01,2028-07-14,Aggregator,Pol-Motor
2632,2565,Health,6609.0,2285405,52,2025-09-24,2030-01-01,Online,Pol-Health
2633,3326,Health,3867.0,5118024,3,2023-04-26,2023-07-25,Agent,Pol-Health
2634,4928,Health,6848.0,5550789,7,2025-02-18,2025-09-16,Aggregator,Pol-Health
2635,2667,Health,7515.0,1667047,28,2023-02-06,2025-05-26,Bancassurance,Pol-Health
2636,756,Motor,3128.0,1969510,14,2025-08-24,2026-10-18,Bancassurance,Pol-Motor
2637,3245,Health,4953.0,371069,54,2024-05-16,2028-10-22,Agent,Pol-Health
2638,1453,Motor,3516.0,1882609,37,2025-01-07,2028-01-22,Online,Pol-Motor
2639,905,Motor,4205.0,11532344,48,2024-02-20,2028-01-30,Online,Pol-Motor
2640,2455,Motor,6307.0,19754580,52,2023-05-17,2027-08-24,Aggregator,Pol-Motor
2641,3488,Property,6575.0,914275,22,2024-09-25,2026-07-17,Online,Pol-Property
2642,4061,Health,6600.0,1613451,31,2023-02-06,2025-08-24,Bancassurance,Pol-Health
2643,3764,Travel,20238.0,16259229,1,2024-10-01,2024-10-31,Bancassurance,Pol-Travel
2644,779,Travel,8319.0,2499862,47,2025-06-23,2029-05-03,Online,Pol-Travel
2645,1791,Travel,8636.0,3558720,12,2024-05-15,2025-05-10,Agent,Pol-Travel
2646,4928,Motor,7564.0,2902925,24,2025-07-03,2027-06-23,Aggregator,Pol-Motor
2647,1602,Health,3469.0,12301737,30,2025-05-20,2027-11-06,Bancassurance,Pol-Health
2648,4740,Health,6710.0,24307882,54,2025-08-29,2030-02-04,Agent,Pol-Health
2649,4509,Health,7156.0,5759077,46,2023-03-05,2026-12-14,Online,Pol-Health
2650,3844,Motor,10327.0,3630561,48,2023-09-21,2027-08-31,Aggregator,Pol-Motor
2651,3676,Motor,4103.0,4416827,27,2024-10-13,2027-01-01,Agent,Pol-Motor
2652,3858,Property,5380.0,12026959,16,2025-03-15,2026-07-08,Agent,Pol-Property
2653,1006,Travel,4150.0,8646379,21,2024-06-11,2026-03-03,Online,Pol-Travel
2654,2701,Health,5116.0,4301412,56,2024-09-08,2029-04-15,Bancassurance,Pol-Health
2655,232,Motor,6163.0,5181900,4,2024-01-22,2024-05-21,Agent,Pol-Motor
2656,3654,Travel,3928.0,2824710,2,2024-10-09,2024-12-08,Aggregator,Pol-Travel
2657,4587,Motor,10807.0,2952695,21,2024-01-30,2025-10-21,Online,Pol-Motor
2658,2134,Crop,4365.0,1530972,7,2023-03-23,2023-10-19,Agent,Pol-Crop
2659,3837,Crop,10093.0,15113019,37,2024-08-08,2027-08-23,Agent,Pol-Crop
2660,1691,Health,5722.0,702421,7,2024-04-25,2024-11-21,Online,Pol-Health
2661,1224,Health,5656.0,6927502,2,2025-06-29,2025-08-28,Aggregator,Pol-Health
2662,4971,Property,10985.0,5261656,12,2024-06-18,2025-06-13,Partnership,Pol-Property
2663,2204,Health,9858.0,4952512,1,2025-01-15,2025-02-14,Aggregator,Pol-Health
2664,898,Motor,9044.0,3106340,3,2023-01-12,2023-04-12,Online,Pol-Motor
2665,1870,Health,3035.0,4137065,1,2024-05-15,2024-06-14,Aggregator,Pol-Health
2666,152,Motor,13290.0,26271079,35,2023-08-08,2026-06-23,Bancassurance,Pol-Motor
2667,1352,Property,15028.0,5756303,16,2025-01-28,2026-05-23,Online,Pol-Property
2668,172,Health,6323.0,6233050,51,2025-01-24,2029-04-03,Partnership,Pol-Health
2669,1430,Motor,4454.0,6413309,8,2024-10-04,2025-06-01,Aggregator,Pol-Motor
2670,4858,Property,3935.0,2866618,21,2023-11-13,2025-08-04,Partnership,Pol-Property
2671,3434,Health,6200.0,3232690,51,2025-08-18,2029-10-26,Aggregator,Pol-Health
2672,3200,Health,4174.0,8662353,5,2024-06-30,2024-11-27,Aggregator,Pol-Health
2673,1899,Motor,6450.0,2529518,56,2023-05-09,2027-12-14,Aggregator,Pol-Motor
2674,1360,Health,5453.0,4940656,58,2025-05-17,2030-02-20,Bancassurance,Pol-Health
2675,693,Motor,3692.0,15331265,31,2025-09-16,2028-04-03,Bancassurance,Pol-Motor
2676,100,Motor,5141.0,2948135,59,2023-08-10,2028-06-14,Aggregator,Pol-Motor
2677,3443,Motor,7523.0,4882820,26,2024-01-13,2026-03-03,Agent,Pol-Motor
2678,3050,Motor,4566.0,4198402,1,2024-09-20,2024-10-20,Online,Pol-Motor
2679,1921,Health,6042.0,8471318,23,2023-07-21,2025-06-10,Agent,Pol-Health
2680,428,Health,11269.0,6142885,13,2024-09-14,2025-10-09,Bancassurance,Pol-Health
2681,587,Health,4949.0,2912317,32,2025-02-05,2027-09-23,Bancassurance,Pol-Health
2682,2968,Health,4531.0,3336502,5,2023-08-21,2024-01-18,Agent,Pol-Health
2683,3205,Crop,7657.0,3029248,20,2025-02-20,2026-10-13,Agent,Pol-Crop
2684,256,Motor,12891.0,2817272,51,2023-08-29,2027-11-06,Online,Pol-Motor
2685,1474,Health,8952.0,1111532,28,2024-12-28,2027-04-17,Aggregator,Pol-Health
2686,721,Crop,5155.0,6343539,7,2023-12-06,2024-07-03,Agent,Pol-Crop
2687,2001,Motor,5146.0,2951023,58,2024-08-18,2029-05-24,Bancassurance,Pol-Motor
2688,3008,Health,5650.0,8329141,13,2025-03-11,2026-04-05,Agent,Pol-Health
2689,2628,Health,6118.0,5815946,32,2024-04-04,2026-11-20,Online,Pol-Health
2690,4503,Motor,25128.0,3836868,46,2024-09-23,2028-07-04,Agent,Pol-Motor
2691,2290,Motor,7678.0,3564913,18,2025-06-03,2026-11-25,Aggregator,Pol-Motor
2692,4211,Property,17926.0,1642240,46,2023-06-28,2027-04-08,Agent,Pol-Property
2693,1732,Health,11046.0,6054862,45,2023-11-21,2027-08-02,Agent,Pol-Health
2694,4902,Motor,2068.0,5001052,8,2023-03-28,2023-11-23,Bancassurance,Pol-Motor
2695,2178,Property,5673.0,3075868,29,2024-06-11,2026-10-29,Aggregator,Pol-Property
2696,1581,Property,7071.0,904931,20,2025-03-19,2026-11-09,Partnership,Pol-Property
2697,3227,Motor,7953.0,4478464,26,2024-01-01,2026-02-19,Online,Pol-Motor
2698,994,Health,7569.0,4788397,18,2023-04-01,2024-09-22,Aggregator,Pol-Health
2699,1997,Health,3094.0,14531764,46,2025-04-20,2029-01-29,Aggregator,Pol-Health
2700,4591,Motor,3035.0,5574854,2,2023-01-14,2023-03-15,Online,Pol-Motor
2701,1853,Health,7160.0,15743278,43,2023-01-29,2026-08-11,Partnership,Pol-Health
2702,82,Motor,5976.0,3060688,47,2024-10-15,2028-08-25,Bancassurance,Pol-Motor
2703,3851,Motor,13838.0,4243703,42,2023-12-17,2027-05-30,Agent,Pol-Motor
2704,3013,Motor,7341.0,2175855,49,2023-05-15,2027-05-24,Online,Pol-Motor
2705,2717,Travel,10755.0,4245357,58,2024-03-03,2028-12-07,Online,Pol-Travel
2706,1456,Crop,10132.0,11342250,24,2025-02-15,2027-02-05,Online,Pol-Crop
2707,1198,Health,7074.0,11638025,43,2025-08-14,2029-02-24,Online,Pol-Health
2708,3113,Health,12719.0,6581486,8,2023-11-30,2024-07-27,Partnership,Pol-Health
2709,2917,Motor,5806.0,1605853,22,2024-03-19,2026-01-08,Aggregator,Pol-Motor
2710,1312,Health,7133.0,1521682,34,2025-04-30,2028-02-14,Online,Pol-Health
2711,561,Motor,7580.0,4309151,32,2024-07-18,2027-03-05,Partnership,Pol-Motor
2712,2105,Health,4799.0,2926393,35,2024-04-26,2027-03-12,Online,Pol-Health
2713,2054,Crop,4101.0,9789436,25,2023-11-26,2025-12-15,Agent,Pol-Crop
2714,1599,Motor,3846.0,8254666,7,2024-07-12,2025-02-07,Aggregator,Pol-Motor
2715,945,Health,4342.0,7350535,14,2024-02-04,2025-03-30,Bancassurance,Pol-Health
2716,579,Health,6844.0,3221881,44,2023-02-16,2026-09-28,Bancassurance,Pol-Health
2717,915,Motor,8541.0,6154773,29,2025-02-06,2027-06-26,Partnership,Pol-Motor
2718,162,Health,3905.0,7279605,37,2024-02-25,2027-03-11,Online,Pol-Health
2719,775,Health,7530.0,3957290,37,2025-03-01,2028-03-15,Agent,Pol-Health
2720,57,Property,6449.0,4344358,7,2025-09-23,2026-04-21,Aggregator,Pol-Property
2721,1190,Motor,11656.0,7081666,33,2023-06-08,2026-02-22,Bancassurance,Pol-Motor
2722,4045,Health,5695.0,2012070,17,2024-05-26,2025-10-18,Aggregator,Pol-Health
2723,546,Travel,16192.0,3202597,19,2023-11-10,2025-06-02,Online,Pol-Travel
2724,2981,Health,10730.0,2980591,25,2025-08-16,2027-09-05,Bancassurance,Pol-Health
2725,4907,Health,6207.0,13076144,8,2025-06-16,2026-02-11,Bancassurance,Pol-Health
2726,4143,Motor,5574.0,3338241,12,2023-12-08,2024-12-02,Online,Pol-Motor
2727,1414,Motor,11418.0,5525437,3,2024-01-16,2024-04-15,Online,Pol-Motor
2728,2416,Travel,6203.0,9637844,31,2025-02-10,2027-08-29,Partnership,Pol-Travel
2729,4084,Motor,7473.0,2722916,44,2023-04-07,2026-11-17,Agent,Pol-Motor
2730,3389,Travel,5678.0,11856271,8,2023-05-30,2024-01-25,Online,Pol-Travel
2731,3204,Motor,5551.0,12805917,4,2024-11-27,2025-03-27,Agent,Pol-Motor
2732,1413,Motor,3977.0,796901,32,2023-01-31,2025-09-17,Agent,Pol-Motor
2733,2630,Motor,14536.0,7427840,7,2024-12-16,2025-07-14,Aggregator,Pol-Motor
2734,572,Health,6017.0,13674109,14,2024-08-31,2025-10-25,Online,Pol-Health
2735,1741,Property,7842.0,3813393,34,2025-04-01,2028-01-16,Bancassurance,Pol-Property
2736,3928,Travel,9373.0,8763398,5,2024-09-27,2025-02-24,Agent,Pol-Travel
2737,348,Motor,14450.0,1636333,12,2025-07-04,2026-06-29,Agent,Pol-Motor
2738,845,Motor,5544.0,1294686,37,2023-06-18,2026-07-02,Agent,Pol-Motor
2739,2666,Health,2318.0,3679656,27,2023-01-09,2025-03-29,Online,Pol-Health
2740,4593,Property,7673.0,2239731,21,2023-06-25,2025-03-16,Aggregator,Pol-Property
2741,4792,Motor,9410.0,7427582,57,2025-03-01,2029-11-05,Online,Pol-Motor
2742,3591,Motor,5594.0,7214568,13,2024-02-21,2025-03-17,Agent,Pol-Motor
2743,2500,Motor,9644.0,26326696,25,2024-04-11,2026-05-01,Agent,Pol-Motor
2744,543,Health,7334.0,11049173,34,2023-10-16,2026-08-01,Online,Pol-Health
2745,216,Health,6151.0,3147171,42,2024-03-28,2027-09-09,Agent,Pol-Health
2746,2901,Property,14230.0,5614219,44,2024-03-22,2027-11-02,Online,Pol-Property
2747,4394,Motor,6246.0,6554765,57,2024-05-17,2029-01-21,Aggregator,Pol-Motor
2748,1370,Crop,16789.0,8667592,48,2023-11-05,2027-10-15,Agent,Pol-Crop
2749,286,Motor,7454.0,819640,17,2024-01-06,2025-05-30,Online,Pol-Motor
2750,3060,Motor,4837.0,3585046,21,2025-02-27,2026-11-19,Agent,Pol-Motor
2751,4222,Health,2827.0,13770111,15,2025-04-11,2026-07-05,Online,Pol-Health
2752,51,Property,13299.0,7688165,26,2023-10-15,2025-12-03,Online,Pol-Property
2753,1726,Motor,11817.0,5584804,33,2023-07-11,2026-03-27,Online,Pol-Motor
2754,4567,Travel,10914.0,3378086,35,2024-02-29,2027-01-14,Online,Pol-Travel
2755,1400,Property,13936.0,4787962,26,2024-04-11,2026-05-31,Partnership,Pol-Property
2756,3437,Motor,18007.0,5595639,12,2023-02-15,2024-02-10,Aggregator,Pol-Motor
2757,3304,Property,2516.0,2374793,22,2025-01-31,2026-11-22,Aggregator,Pol-Property
2758,2718,Health,3026.0,6856585,10,2024-02-10,2024-12-06,Partnership,Pol-Health
2759,1330,Property,6370.0,5741032,9,2025-02-24,2025-11-21,Online,Pol-Property
2760,4534,Crop,11960.0,3700174,36,2023-04-10,2026-03-25,Online,Pol-Crop
2761,3323,Property,8471.0,3691267,34,2025-06-05,2028-03-21,Aggregator,Pol-Property
2762,2899,Motor,8480.0,1756482,21,2023-06-02,2025-02-21,Aggregator,Pol-Motor
2763,2390,Property,5868.0,14619063,33,2024-04-28,2027-01-13,Bancassurance,Pol-Property
2764,749,Health,4803.0,8423471,10,2024-12-20,2025-10-16,Agent,Pol-Health
2765,524,Health,6984.0,6981933,45,2025-05-07,2029-01-16,Agent,Pol-Health
2766,655,Motor,6456.0,8746332,7,2023-03-18,2023-10-14,Agent,Pol-Motor
2767,4602,Travel,5857.0,448232,59,2023-04-06,2028-02-09,Online,Pol-Travel
2768,4495,Health,10042.0,24802863,28,2025-04-14,2027-08-02,Agent,Pol-Health
2769,2954,Health,7296.0,498013,18,2023-04-29,2024-10-20,Agent,Pol-Health
2770,3190,Health,9147.0,12005736,15,2023-08-30,2024-11-22,Bancassurance,Pol-Health
2771,2109,Property,6934.0,5863306,40,2025-09-22,2029-01-04,Agent,Pol-Property
2772,1939,Motor,10334.0,2066934,30,2025-01-10,2027-06-29,Aggregator,Pol-Motor
2773,1205,Property,4221.0,5920529,25,2023-01-19,2025-02-07,Agent,Pol-Property
2774,4040,Motor,3615.0,8348041,50,2023-03-19,2027-04-27,Online,Pol-Motor
2775,4083,Property,6196.0,3423775,50,2023-01-21,2027-03-01,Partnership,Pol-Property
2776,4063,Health,10746.0,15884677,45,2025-01-05,2028-09-16,Online,Pol-Health
2777,265,Health,6117.0,1385045,30,2023-02-19,2025-08-07,Online,Pol-Health
2778,3335,Health,20272.0,2070216,16,2024-10-25,2026-02-17,Online,Pol-Health
2779,712,Motor,4405.0,1725392,10,2023-03-02,2023-12-27,Online,Pol-Motor
2780,913,Health,6655.0,1485784,25,2023-12-02,2025-12-21,Online,Pol-Health
2781,1735,Travel,2927.0,6259460,12,2023-12-23,2024-12-17,Bancassurance,Pol-Travel
2782,1446,Property,15351.0,22835889,40,2023-03-13,2026-06-25,Online,Pol-Property
2783,2137,Motor,6903.0,11586024,55,2025-04-07,2029-10-13,Aggregator,Pol-Motor
2784,332,Travel,2260.0,4092950,1,2023-12-15,2024-01-14,Online,Pol-Travel
2785,3850,Property,6261.0,18814897,9,2024-03-10,2024-12-05,Bancassurance,Pol-Property
2786,3835,Motor,2025.0,13625052,20,2024-03-09,2025-10-30,Online,Pol-Motor
2787,152,Health,13490.0,2946062,38,2023-02-26,2026-04-11,Agent,Pol-Health
2788,708,Health,4650.0,4136098,18,2023-07-16,2025-01-06,Agent,Pol-Health
2789,421,Motor,7482.0,6994198,29,2025-06-28,2027-11-15,Online,Pol-Motor
2790,253,Property,5063.0,2666626,37,2024-06-19,2027-07-04,Agent,Pol-Property
2791,999,Motor,6634.0,2209032,59,2023-09-12,2028-07-17,Bancassurance,Pol-Motor
2792,3556,Health,10956.0,10471229,49,2025-02-16,2029-02-25,Agent,Pol-Health
2793,293,Property,5987.0,12903455,12,2024-12-09,2025-12-04,Partnership,Pol-Property
2794,1241,Travel,9688.0,2152263,37,2024-07-10,2027-07-25,Online,Pol-Travel
2795,169,Motor,1796.0,7478623,32,2023-07-01,2026-02-15,Online,Pol-Motor
2796,2782,Motor,3880.0,7368941,12,2025-01-17,2026-01-12,Agent,Pol-Motor
2797,37,Health,7526.0,1996450,56,2024-09-17,2029-04-24,Bancassurance,Pol-Health
2798,1445,Property,5119.0,7210241,37,2023-09-24,2026-10-08,Online,Pol-Property
2799,4392,Travel,13186.0,8587302,39,2023-08-13,2026-10-26,Agent,Pol-Travel
2800,2368,Motor,11142.0,8961645,12,2023-04-03,2024-03-28,Aggregator,Pol-Motor
2801,923,Health,14497.0,4135538,56,2023-04-08,2027-11-13,Bancassurance,Pol-Health
2802,1821,Motor,7702.0,6986376,33,2025-04-13,2027-12-29,Bancassurance,Pol-Motor
2803,2443,Property,5056.0,6284307,56,2025-01-18,2029-08-25,Partnership,Pol-Property
2804,4745,Motor,9959.0,5731646,59,2025-07-25,2030-05-30,Bancassurance,Pol-Motor
2805,4379,Crop,4327.0,11769317,43,2023-11-07,2027-05-20,Online,Pol-Crop
2806,1663,Motor,6341.0,2237652,32,2023-02-17,2025-10-04,Agent,Pol-Motor
2807,999,Property,8992.0,2468713,33,2025-03-26,2027-12-11,Bancassurance,Pol-Property
2808,4182,Motor,5153.0,2031326,24,2023-06-18,2025-06-07,Partnership,Pol-Motor
2809,4303,Health,24207.0,12893607,31,2024-04-16,2026-11-02,Online,Pol-Health
2810,3947,Health,10513.0,5217167,47,2024-07-23,2028-06-02,Agent,Pol-Health
2811,2525,Motor,4630.0,3024753,30,2024-02-27,2026-08-15,Aggregator,Pol-Motor
2812,131,Motor,11838.0,16532837,26,2023-08-01,2025-09-19,Agent,Pol-Motor
2813,4232,Motor,16589.0,4278237,2,2024-08-06,2024-10-05,Online,Pol-Motor
2814,3418,Motor,3449.0,744837,52,2024-01-29,2028-05-07,Bancassurance,Pol-Motor
2815,2218,Motor,13903.0,2952558,17,2023-11-05,2025-03-29,Agent,Pol-Motor
2816,3017,Health,3901.0,5754038,1,2023-04-19,2023-05-19,Online,Pol-Health
2817,1187,Property,7300.0,7369070,52,2024-08-09,2028-11-16,Agent,Pol-Property
2818,4295,Property,8002.0,2868683,31,2025-04-07,2027-10-24,Bancassurance,Pol-Property
2819,4835,Motor,5274.0,3596776,29,2024-05-15,2026-10-02,Agent,Pol-Motor
2820,2813,Motor,5266.0,3381783,11,2023-03-19,2024-02-12,Online,Pol-Motor
2821,1518,Property,4779.0,9298248,45,2024-08-03,2028-04-14,Agent,Pol-Property
2822,4199,Health,5596.0,17499637,4,2024-05-26,2024-09-23,Online,Pol-Health
2823,4644,Motor,4460.0,2711582,36,2023-02-19,2026-02-03,Online,Pol-Motor
2824,6,Motor,12791.0,18638992,8,2023-04-22,2023-12-18,Agent,Pol-Motor
2825,711,Motor,3515.0,6163382,36,2025-03-03,2028-02-16,Online,Pol-Motor
2826,12,Motor,18015.0,4547194,47,2024-06-21,2028-05-01,Aggregator,Pol-Motor
2827,2151,Property,6858.0,4013101,21,2024-07-03,2026-03-25,Agent,Pol-Property
2828,1714,Motor,2572.0,2182589,11,2024-07-09,2025-06-04,Agent,Pol-Motor
2829,4523,Travel,10790.0,2418577,12,2025-03-23,2026-03-18,Online,Pol-Travel
2830,4267,Crop,6038.0,2113332,26,2025-05-15,2027-07-04,Agent,Pol-Crop
2831,4185,Property,4038.0,1932769,27,2025-09-16,2027-12-05,Aggregator,Pol-Property
2832,3419,Motor,6182.0,7357363,34,2024-06-12,2027-03-29,Aggregator,Pol-Motor
2833,4951,Motor,4979.0,34128536,10,2024-01-07,2024-11-02,Partnership,Pol-Motor
2834,3283,Health,13957.0,2622655,59,2024-05-14,2029-03-19,Agent,Pol-Health
2835,3605,Motor,4963.0,4014584,58,2023-02-22,2027-11-28,Aggregator,Pol-Motor
2836,2648,Crop,3781.0,12532757,9,2024-11-06,2025-08-03,Online,Pol-Crop
2837,3597,Motor,5144.0,2086263,39,2025-01-06,2028-03-21,Aggregator,Pol-Motor
2838,3983,Property,4464.0,1465714,13,2024-08-29,2025-09-23,Agent,Pol-Property
2839,178,Health,12564.0,903903,12,2023-01-18,2024-01-13,Agent,Pol-Health
2840,2611,Property,8108.0,5430895,17,2023-09-25,2025-02-16,Online,Pol-Property
2841,4514,Health,3522.0,2915041,4,2024-03-29,2024-07-27,Agent,Pol-Health
2842,554,Health,4324.0,1575415,39,2024-01-30,2027-04-14,Online,Pol-Health
2843,3390,Travel,5869.0,2810833,28,2023-09-12,2025-12-30,Partnership,Pol-Travel
2844,242,Motor,2918.0,11203259,41,2025-03-04,2028-07-16,Online,Pol-Motor
2845,4000,Motor,4214.0,3491102,20,2023-06-18,2025-02-07,Online,Pol-Motor
2846,1380,Motor,8622.0,10815082,7,2025-06-22,2026-01-18,Agent,Pol-Motor
2847,1597,Health,18166.0,7538315,56,2025-05-13,2029-12-18,Partnership,Pol-Health
2848,3530,Motor,2925.0,5800350,8,2024-04-15,2024-12-11,Online,Pol-Motor
2849,2005,Motor,28662.0,4986459,35,2024-09-22,2027-08-08,Online,Pol-Motor
2850,1947,Motor,8844.0,9225407,29,2024-01-04,2026-05-23,Online,Pol-Motor
2851,1301,Property,4158.0,6539682,47,2023-05-13,2027-03-23,Agent,Pol-Property
2852,3090,Health,15735.0,5978067,15,2025-09-16,2026-12-10,Aggregator,Pol-Health
2853,3396,Crop,9038.0,875162,31,2023-07-15,2026-01-30,Agent,Pol-Crop
2854,1071,Motor,11192.0,3790194,12,2023-06-14,2024-06-08,Agent,Pol-Motor
2855,4918,Property,11078.0,1243844,21,2023-09-09,2025-05-31,Online,Pol-Property
2856,3785,Health,12552.0,1895681,48,2023-02-16,2027-01-26,Bancassurance,Pol-Health
2857,1789,Health,3923.0,12405663,16,2024-01-25,2025-05-19,Partnership,Pol-Health
2858,4288,Motor,10977.0,4348333,39,2023-01-22,2026-04-06,Agent,Pol-Motor
2859,1773,Motor,7530.0,22135917,32,2024-08-24,2027-04-11,Bancassurance,Pol-Motor
2860,3806,Travel,9803.0,9590069,6,2024-06-24,2024-12-21,Partnership,Pol-Travel
2861,2215,Crop,5231.0,2694178,24,2025-07-13,2027-07-03,Agent,Pol-Crop
2862,57,Motor,5306.0,3450773,32,2025-08-22,2028-04-08,Online,Pol-Motor
2863,238,Travel,5488.0,8919340,18,2025-01-18,2026-07-12,Agent,Pol-Travel
2864,733,Motor,10568.0,8148038,56,2023-05-27,2028-01-01,Aggregator,Pol-Motor
2865,3890,Health,7030.0,11872305,44,2025-02-09,2028-09-21,Agent,Pol-Health
2866,2825,Property,5599.0,699359,10,2024-07-05,2025-05-01,Agent,Pol-Property
2867,1228,Motor,6194.0,1212325,29,2023-07-25,2025-12-11,Online,Pol-Motor
2868,4238,Motor,13703.0,2894462,9,2023-02-16,2023-11-13,Partnership,Pol-Motor
2869,2455,Health,9387.0,9093477,13,2025-06-14,2026-07-09,Online,Pol-Health
2870,4912,Health,9220.0,10198167,51,2023-12-26,2028-03-04,Bancassurance,Pol-Health
2871,4306,Motor,8377.0,388238,27,2025-06-11,2027-08-30,Bancassurance,Pol-Motor
2872,768,Motor,12530.0,2261877,37,2024-11-30,2027-12-15,Bancassurance,Pol-Motor
2873,3384,Crop,4320.0,8262963,8,2024-02-28,2024-10-25,Partnership,Pol-Crop
2874,2425,Motor,11419.0,1991579,53,2025-01-18,2029-05-27,Bancassurance,Pol-Motor
2875,3425,Motor,7617.0,6451477,2,2025-02-01,2025-04-02,Agent,Pol-Motor
2876,4549,Property,4599.0,7634037,42,2025-05-04,2028-10-15,Online,Pol-Property
2877,714,Motor,7262.0,3235621,4,2024-02-15,2024-06-14,Agent,Pol-Motor
2878,86,Motor,6391.0,5427209,10,2024-04-29,2025-02-23,Online,Pol-Motor
2879,1579,Travel,8696.0,4507479,14,2024-12-04,2026-01-28,Partnership,Pol-Travel
2880,2017,Travel,11502.0,8045991,25,2024-06-08,2026-06-28,Bancassurance,Pol-Travel
2881,3487,Motor,4168.0,4167200,41,2024-05-06,2027-09-18,Bancassurance,Pol-Motor
2882,3428,Crop,17305.0,991937,14,2024-08-20,2025-10-14,Agent,Pol-Crop
2883,3715,Crop,3164.0,8533133,10,2023-09-11,2024-07-07,Online,Pol-Crop
2884,4740,Health,5063.0,5023350,8,2024-05-16,2025-01-11,Aggregator,Pol-Health
2885,1272,Health,19643.0,8478959,6,2025-02-17,2025-08-16,Aggregator,Pol-Health
2886,3814,Motor,3490.0,2415522,5,2023-07-26,2023-12-23,Bancassurance,Pol-Motor
2887,1625,Motor,5454.0,4066047,21,2025-05-10,2027-01-30,Agent,Pol-Motor
2888,2409,Health,4969.0,3279730,49,2023-12-01,2027-12-10,Online,Pol-Health
2889,4846,Crop,2187.0,11686639,23,2023-10-08,2025-08-28,Bancassurance,Pol-Crop
2890,2852,Health,6939.0,9487262,37,2023-03-26,2026-04-09,Aggregator,Pol-Health
2891,1398,Motor,9154.0,20109181,19,2024-03-02,2025-09-23,Partnership,Pol-Motor
2892,1966,Motor,9140.0,4678970,53,2023-02-24,2027-07-03,Online,Pol-Motor
2893,4157,Health,5445.0,1682207,49,2024-08-07,2028-08-16,Agent,Pol-Health
2894,3242,Health,2720.0,2030180,20,2024-04-17,2025-12-08,Aggregator,Pol-Health
2895,1531,Motor,5159.0,11823563,10,2023-08-29,2024-06-24,Partnership,Pol-Motor
2896,775,Health,4653.0,17097804,18,2023-01-28,2024-07-21,Bancassurance,Pol-Health
2897,2462,Property,8296.0,1579827,20,2025-05-04,2026-12-25,Agent,Pol-Property
2898,116,Motor,5490.0,3310896,48,2024-02-17,2028-01-27,Agent,Pol-Motor
2899,1350,Motor,8906.0,1908548,11,2024-08-28,2025-07-24,Agent,Pol-Motor
2900,2746,Motor,2771.0,31403866,15,2023-12-11,2025-03-05,Bancassurance,Pol-Motor
2901,3244,Travel,9935.0,7363821,32,2024-04-12,2026-11-28,Agent,Pol-Travel
2902,2848,Health,9343.0,2363086,11,2024-02-23,2025-01-18,Bancassurance,Pol-Health
2903,627,Health,4167.0,2250055,52,2024-01-20,2028-04-28,Agent,Pol-Health
2904,4619,Property,5036.0,19227314,29,2023-06-23,2025-11-09,Online,Pol-Property
2905,1640,Motor,6134.0,9285726,40,2023-12-25,2027-04-08,Agent,Pol-Motor
2906,2223,Motor,12377.0,5363483,39,2023-01-24,2026-04-08,Partnership,Pol-Motor
2907,2946,Health,6222.0,3536637,1,2025-01-02,2025-02-01,Aggregator,Pol-Health
2908,2422,Health,8526.0,3620089,47,2025-05-06,2029-03-16,Online,Pol-Health
2909,4728,Motor,7201.0,1493645,27,2024-02-07,2026-04-27,Online,Pol-Motor
2910,237,Motor,11372.0,2754613,35,2023-01-19,2025-12-04,Agent,Pol-Motor
2911,3058,Health,7846.0,3451668,8,2024-11-03,2025-07-01,Online,Pol-Health
2912,968,Property,3878.0,4606227,12,2023-02-22,2024-02-17,Online,Pol-Property
2913,4539,Motor,6338.0,4841585,28,2023-04-14,2025-08-01,Aggregator,Pol-Motor
2914,2832,Health,11930.0,12341139,48,2023-12-09,2027-11-18,Aggregator,Pol-Health
2915,3928,Travel,8507.0,2700491,19,2024-11-25,2026-06-18,Online,Pol-Travel
2916,1020,Motor,3924.0,18423566,29,2023-02-21,2025-07-10,Bancassurance,Pol-Motor
2917,2007,Health,17599.0,4678091,54,2024-01-04,2028-06-11,Online,Pol-Health
2918,2894,Health,5346.0,7205716,42,2025-01-12,2028-06-25,Aggregator,Pol-Health
2919,1563,Motor,11525.0,13400091,42,2024-09-02,2028-02-14,Aggregator,Pol-Motor
2920,842,Property,14709.0,8512570,18,2023-08-08,2025-01-29,Bancassurance,Pol-Property
2921,4731,Crop,12334.0,10258359,34,2024-09-15,2027-07-02,Aggregator,Pol-Crop
2922,2204,Property,4679.0,3080470,51,2023-12-23,2028-03-01,Online,Pol-Property
2923,813,Motor,12566.0,4556457,19,2024-02-29,2025-09-21,Online,Pol-Motor
2924,3900,Property,8218.0,10195649,24,2024-08-01,2026-07-22,Online,Pol-Property
2925,3762,Health,3770.0,10406500,34,2024-03-03,2026-12-18,Bancassurance,Pol-Health
2926,3198,Motor,7004.0,6200085,32,2025-01-23,2027-09-10,Agent,Pol-Motor
2927,1710,Motor,4438.0,10124225,2,2023-09-25,2023-11-24,Partnership,Pol-Motor
2928,1065,Crop,8898.0,2541948,32,2024-09-26,2027-05-14,Agent,Pol-Crop
2929,4282,Health,10857.0,9713609,8,2023-09-08,2024-05-05,Online,Pol-Health
2930,2509,Crop,12852.0,12237624,45,2024-03-31,2027-12-11,Agent,Pol-Crop
2931,1719,Motor,7047.0,5355892,53,2025-03-12,2029-07-19,Online,Pol-Motor
2932,3333,Property,4628.0,6264967,9,2025-08-23,2026-05-20,Bancassurance,Pol-Property
2933,2594,Motor,4011.0,857716,23,2024-03-06,2026-01-25,Online,Pol-Motor
2934,1473,Motor,10275.0,18604642,55,2023-07-13,2028-01-18,Online,Pol-Motor
2935,699,Travel,11913.0,7317048,29,2023-01-21,2025-06-09,Agent,Pol-Travel
2936,945,Motor,9627.0,9058523,7,2023-03-16,2023-10-12,Aggregator,Pol-Motor
2937,137,Health,4777.0,7241420,5,2023-02-02,2023-07-02,Agent,Pol-Health
2938,1226,Crop,5318.0,8122222,40,2024-06-08,2027-09-21,Aggregator,Pol-Crop
2939,4989,Property,5501.0,7616818,32,2025-03-21,2027-11-06,Online,Pol-Property
2940,2703,Health,3456.0,20274585,40,2023-07-26,2026-11-07,Online,Pol-Health
2941,4717,Health,9424.0,49981381,3,2025-02-18,2025-05-19,Online,Pol-Health
2942,2205,Health,6821.0,14312385,10,2024-06-18,2025-04-14,Bancassurance,Pol-Health
2943,3327,Motor,14986.0,16540754,40,2025-04-29,2028-08-11,Aggregator,Pol-Motor
2944,2229,Motor,4505.0,3593905,53,2025-01-17,2029-05-26,Online,Pol-Motor
2945,2457,Motor,6810.0,4421143,29,2024-05-24,2026-10-11,Online,Pol-Motor
2946,4949,Motor,3929.0,7481281,45,2025-09-11,2029-05-23,Online,Pol-Motor
2947,3803,Motor,6056.0,8728501,19,2023-05-07,2024-11-27,Online,Pol-Motor
2948,3100,Motor,10877.0,7547776,25,2025-01-02,2027-01-22,Aggregator,Pol-Motor
2949,3735,Motor,7539.0,2262675,20,2023-03-01,2024-10-21,Online,Pol-Motor
2950,4967,Motor,4521.0,3692776,47,2023-04-23,2027-03-03,Online,Pol-Motor
2951,4708,Health,3465.0,3870628,38,2023-01-20,2026-03-05,Agent,Pol-Health
2952,1539,Motor,6201.0,8169946,46,2025-04-01,2029-01-10,Agent,Pol-Motor
2953,1569,Property,8126.0,4037639,10,2024-04-11,2025-02-05,Online,Pol-Property
2954,3271,Crop,11049.0,4488343,51,2023-04-12,2027-06-20,Online,Pol-Crop
2955,4165,Motor,5048.0,4247768,11,2023-08-16,2024-07-11,Online,Pol-Motor
2956,602,Motor,4984.0,9471689,14,2025-05-29,2026-07-23,Online,Pol-Motor
2957,2065,Property,21198.0,15892967,51,2025-08-31,2029-11-08,Agent,Pol-Property
2958,4975,Travel,7244.0,2626881,31,2025-07-18,2028-02-03,Agent,Pol-Travel
2959,3907,Motor,11812.0,10698401,5,2025-03-20,2025-08-17,Online,Pol-Motor
2960,546,Motor,3894.0,2385913,43,2023-10-26,2027-05-08,Aggregator,Pol-Motor
2961,184,Motor,8612.0,9685054,28,2025-01-03,2027-04-23,Bancassurance,Pol-Motor
2962,838,Health,10606.0,1724296,19,2024-07-18,2026-02-08,Aggregator,Pol-Health
2963,1893,Travel,7547.0,18688424,33,2025-02-16,2027-11-03,Online,Pol-Travel
2964,1389,Property,3071.0,4213659,2,2025-05-29,2025-07-28,Online,Pol-Property
2965,1942,Health,4657.0,6544017,54,2025-01-17,2029-06-25,Partnership,Pol-Health
2966,1458,Property,8811.0,5972129,29,2024-03-31,2026-08-18,Agent,Pol-Property
2967,3271,Motor,3298.0,18310976,18,2023-07-13,2025-01-03,Bancassurance,Pol-Motor
2968,2801,Health,26016.0,2977869,46,2024-05-24,2028-03-04,Aggregator,Pol-Health
2969,3304,Motor,12963.0,5131820,10,2024-04-14,2025-02-08,Aggregator,Pol-Motor
2970,2771,Motor,3451.0,6202289,56,2025-03-02,2029-10-07,Online,Pol-Motor
2971,1454,Motor,8360.0,12952783,38,2023-03-11,2026-04-24,Aggregator,Pol-Motor
2972,3636,Health,7615.0,2718622,15,2025-06-19,2026-09-12,Agent,Pol-Health
2973,3287,Property,12638.0,788826,22,2024-04-22,2026-02-11,Agent,Pol-Property
2974,1173,Health,2104.0,1918420,27,2025-07-14,2027-10-02,Aggregator,Pol-Health
2975,1712,Motor,7981.0,10343446,27,2023-08-12,2025-10-30,Online,Pol-Motor
2976,781,Motor,4020.0,5770497,22,2024-10-04,2026-07-26,Online,Pol-Motor
2977,1029,Motor,9131.0,5061699,21,2024-09-23,2026-06-15,Online,Pol-Motor
2978,4724,Motor,4256.0,2516899,31,2024-08-10,2027-02-26,Agent,Pol-Motor
2979,2251,Health,14539.0,5737797,34,2023-10-09,2026-07-25,Aggregator,Pol-Health
2980,4150,Motor,8558.0,8522431,6,2023-07-23,2024-01-19,Online,Pol-Motor
2981,4384,Property,2978.0,4845131,13,2024-11-04,2025-11-29,Bancassurance,Pol-Property
2982,3670,Property,2047.0,17314844,40,2024-09-09,2027-12-23,Partnership,Pol-Property
2983,1069,Motor,9406.0,11520485,15,2024-12-13,2026-03-08,Online,Pol-Motor
2984,284,Health,5180.0,4786094,27,2023-07-19,2025-10-06,Agent,Pol-Health
2985,833,Motor,9768.0,10033376,59,2023-10-05,2028-08-09,Agent,Pol-Motor
2986,4678,Health,5272.0,5734443,31,2025-07-31,2028-02-16,Agent,Pol-Health
2987,3489,Crop,13383.0,7106319,48,2023-07-06,2027-06-15,Agent,Pol-Crop
2988,4368,Health,12144.0,4376184,42,2023-07-20,2026-12-31,Agent,Pol-Health
2989,3213,Motor,9100.0,6331983,23,2023-04-12,2025-03-02,Agent,Pol-Motor
2990,917,Crop,4677.0,1412990,46,2025-05-05,2029-02-13,Agent,Pol-Crop
2991,571,Health,5470.0,2628941,35,2023-07-23,2026-06-07,Online,Pol-Health
2992,2800,Health,6441.0,15605627,54,2024-08-10,2029-01-16,Agent,Pol-Health
2993,2095,Health,4338.0,4035360,8,2023-11-05,2024-07-02,Partnership,Pol-Health
2994,3239,Motor,10206.0,2088029,55,2023-02-15,2027-08-23,Agent,Pol-Motor
2995,4568,Health,6230.0,23957252,33,2023-07-02,2026-03-18,Agent,Pol-Health
2996,4907,Health,6695.0,4124788,28,2023-05-26,2025-09-12,Aggregator,Pol-Health
2997,621,Travel,5653.0,8723309,7,2023-09-30,2024-04-27,Bancassurance,Pol-Travel
2998,4773,Motor,7266.0,3400972,36,2025-07-24,2028-07-08,Aggregator,Pol-Motor
2999,771,Motor,8004.0,12380077,43,2024-11-07,2028-05-20,Agent,Pol-Motor
3000,4794,Travel,5575.0,5413935,13,2024-06-26,2025-07-21,Agent,Pol-Travel
3001,3348,Motor,6514.0,1193177,42,2025-02-15,2028-07-29,Agent,Pol-Motor
3002,1615,Property,5809.0,34848227,31,2024-09-06,2027-03-25,Online,Pol-Property
3003,65,Motor,5816.0,3185966,13,2024-05-25,2025-06-19,Agent,Pol-Motor
3004,3699,Motor,7408.0,4054480,35,2023-08-12,2026-06-27,Online,Pol-Motor
3005,202,Motor,2041.0,1814072,56,2025-06-02,2030-01-07,Aggregator,Pol-Motor
3006,4238,Property,14784.0,1069410,50,2025-09-23,2029-11-01,Aggregator,Pol-Property
3007,3170,Motor,10737.0,14455358,7,2023-01-19,2023-08-17,Agent,Pol-Motor
3008,2865,Motor,7945.0,6499377,22,2023-11-05,2025-08-26,Online,Pol-Motor
3009,1158,Motor,11144.0,944440,40,2023-06-19,2026-10-01,Bancassurance,Pol-Motor
3010,2310,Motor,3721.0,3838739,52,2024-04-28,2028-08-05,Online,Pol-Motor
3011,102,Health,3062.0,7574018,34,2025-02-09,2027-11-26,Online,Pol-Health
3012,377,Motor,2851.0,9275669,9,2024-12-28,2025-09-24,Online,Pol-Motor
3013,206,Motor,9103.0,2430103,32,2024-07-01,2027-02-16,Aggregator,Pol-Motor
3014,3725,Motor,7868.0,3397257,35,2023-12-12,2026-10-27,Agent,Pol-Motor
3015,4857,Property,8776.0,2931824,3,2023-07-31,2023-10-29,Online,Pol-Property
3016,2058,Motor,11706.0,3843646,21,2023-11-30,2025-08-21,Agent,Pol-Motor
3017,3664,Health,2237.0,6599570,57,2025-08-12,2030-04-18,Bancassurance,Pol-Health
3018,1635,Motor,4021.0,11197807,13,2025-05-13,2026-06-07,Agent,Pol-Motor
3019,1061,Motor,5289.0,6655557,33,2025-06-22,2028-03-08,Bancassurance,Pol-Motor
3020,2824,Crop,10227.0,6847395,36,2024-03-12,2027-02-25,Partnership,Pol-Crop
3021,890,Travel,7898.0,4531799,10,2023-02-06,2023-12-03,Online,Pol-Travel
3022,1563,Motor,27359.0,1877144,36,2023-08-17,2026-08-01,Agent,Pol-Motor
3023,3196,Health,4245.0,4728015,18,2023-03-16,2024-09-06,Bancassurance,Pol-Health
3024,4499,Health,9520.0,3676355,31,2024-08-04,2027-02-20,Aggregator,Pol-Health
3025,811,Crop,11791.0,2903227,45,2024-11-07,2028-07-19,Agent,Pol-Crop
3026,1059,Crop,15250.0,5472508,40,2024-02-20,2027-06-04,Agent,Pol-Crop
3027,1261,Health,6617.0,1320518,1,2024-02-21,2024-03-22,Aggregator,Pol-Health
3028,2547,Travel,3823.0,3547549,31,2024-03-05,2026-09-21,Online,Pol-Travel
3029,512,Travel,10178.0,2899865,26,2023-12-03,2026-01-21,Online,Pol-Travel
3030,1847,Health,8484.0,2531216,16,2025-04-08,2026-08-01,Online,Pol-Health
3031,4413,Health,9777.0,9079645,38,2025-08-07,2028-09-20,Aggregator,Pol-Health
3032,4399,Health,14404.0,6026169,55,2024-04-26,2028-11-01,Online,Pol-Health
3033,1126,Motor,6511.0,8220262,12,2025-01-08,2026-01-03,Agent,Pol-Motor
3034,3661,Health,4362.0,7922763,48,2024-02-26,2028-02-05,Bancassurance,Pol-Health
3035,4178,Health,9733.0,2218906,43,2025-08-03,2029-02-13,Bancassurance,Pol-Health
3036,658,Motor,8553.0,14421284,43,2025-07-06,2029-01-16,Partnership,Pol-Motor
3037,53,Crop,6256.0,3509849,51,2023-07-10,2027-09-17,Aggregator,Pol-Crop
3038,4441,Travel,4422.0,14892952,29,2023-08-24,2026-01-10,Online,Pol-Travel
3039,1109,Motor,8699.0,3821474,58,2025-09-24,2030-06-30,Aggregator,Pol-Motor
3040,987,Property,11251.0,1713871,12,2024-12-06,2025-12-01,Online,Pol-Property
3041,4737,Motor,3309.0,2095658,5,2025-08-11,2026-01-08,Online,Pol-Motor
3042,211,Health,7495.0,12658274,42,2024-04-24,2027-10-06,Partnership,Pol-Health
3043,4960,Health,9848.0,8796718,2,2024-09-17,2024-11-16,Online,Pol-Health
3044,776,Health,18036.0,2752067,12,2023-01-23,2024-01-18,Agent,Pol-Health
3045,915,Health,7581.0,6560238,14,2024-10-14,2025-12-08,Online,Pol-Health
3046,4279,Crop,15953.0,12924140,47,2025-02-05,2028-12-16,Online,Pol-Crop
3047,506,Health,11150.0,23356218,54,2023-10-11,2028-03-18,Agent,Pol-Health
3048,3299,Health,11264.0,6182592,30,2023-05-24,2025-11-09,Online,Pol-Health
3049,1858,Health,4901.0,7203238,35,2025-08-13,2028-06-28,Online,Pol-Health
3050,4189,Travel,25299.0,4655392,47,2024-06-08,2028-04-18,Agent,Pol-Travel
3051,4426,Motor,7565.0,5452406,17,2025-06-07,2026-10-30,Agent,Pol-Motor
3052,2238,Motor,8117.0,9042841,3,2024-01-18,2024-04-17,Bancassurance,Pol-Motor
3053,2914,Crop,7405.0,2030621,9,2024-05-11,2025-02-05,Agent,Pol-Crop
3054,3002,Property,13630.0,9674603,7,2023-06-01,2023-12-28,Agent,Pol-Property
3055,261,Travel,19522.0,3802748,20,2025-04-15,2026-12-06,Online,Pol-Travel
3056,710,Motor,10197.0,2773392,12,2024-04-30,2025-04-25,Aggregator,Pol-Motor
3057,1952,Crop,6052.0,2782509,7,2023-04-06,2023-11-02,Aggregator,Pol-Crop
3058,2371,Property,17140.0,29867985,29,2024-11-16,2027-04-05,Online,Pol-Property
3059,88,Property,3902.0,17324831,54,2023-11-03,2028-04-10,Online,Pol-Property
3060,3390,Health,5178.0,2477900,29,2025-03-23,2027-08-10,Bancassurance,Pol-Health
3061,3295,Motor,3663.0,6875609,58,2024-06-21,2029-03-27,Online,Pol-Motor
3062,2735,Health,6103.0,6628571,18,2024-03-02,2025-08-24,Agent,Pol-Health
3063,2257,Health,12113.0,25656208,2,2023-03-20,2023-05-19,Aggregator,Pol-Health
3064,1073,Health,6558.0,3628267,48,2023-03-21,2027-02-28,Aggregator,Pol-Health
3065,3608,Property,7551.0,729169,11,2023-01-01,2023-11-27,Agent,Pol-Property
3066,3922,Health,8797.0,4833424,26,2023-01-28,2025-03-18,Online,Pol-Health
3067,2970,Motor,6540.0,4218701,27,2025-04-28,2027-07-17,Aggregator,Pol-Motor
3068,2311,Health,4195.0,8128682,19,2024-06-11,2026-01-02,Agent,Pol-Health
3069,3278,Motor,3207.0,11673964,59,2023-08-11,2028-06-15,Agent,Pol-Motor
3070,3753,Motor,14090.0,15098233,38,2025-08-13,2028-09-26,Aggregator,Pol-Motor
3071,3569,Health,5337.0,14664082,20,2025-05-18,2027-01-08,Online,Pol-Health
3072,3970,Property,5204.0,9670460,24,2024-02-04,2026-01-24,Agent,Pol-Property
3073,2718,Crop,3473.0,13880849,39,2024-09-13,2027-11-27,Online,Pol-Crop
3074,1489,Health,6845.0,1575170,13,2024-12-08,2026-01-02,Agent,Pol-Health
3075,1659,Crop,9617.0,4275599,6,2023-02-12,2023-08-11,Agent,Pol-Crop
3076,2068,Motor,6111.0,5420356,40,2023-01-24,2026-05-08,Agent,Pol-Motor
3077,2616,Travel,8738.0,8118214,37,2025-03-05,2028-03-19,Agent,Pol-Travel
3078,3018,Travel,2730.0,3060699,57,2024-11-05,2029-07-12,Agent,Pol-Travel
3079,1132,Health,7985.0,2947197,1,2024-09-18,2024-10-18,Online,Pol-Health
3080,2188,Motor,5976.0,3917418,52,2025-03-12,2029-06-19,Online,Pol-Motor
3081,271,Health,3569.0,7977036,2,2023-02-26,2023-04-27,Agent,Pol-Health
3082,1597,Motor,3264.0,263052,38,2024-08-19,2027-10-03,Agent,Pol-Motor
3083,3527,Health,4771.0,5299241,41,2023-06-22,2026-11-03,Aggregator,Pol-Health
3084,4380,Motor,3995.0,2813263,30,2023-09-26,2026-03-14,Online,Pol-Motor
3085,366,Health,8722.0,2486829,24,2024-12-13,2026-12-03,Aggregator,Pol-Health
3086,2532,Motor,9114.0,7267474,41,2024-12-11,2028-04-24,Aggregator,Pol-Motor
3087,3,Motor,7990.0,6135143,38,2025-06-06,2028-07-20,Online,Pol-Motor
3088,3052,Motor,8850.0,6478673,27,2023-10-27,2026-01-14,Partnership,Pol-Motor
3089,784,Motor,3343.0,6277602,30,2024-06-24,2026-12-11,Online,Pol-Motor
3090,2212,Property,9452.0,19003757,9,2023-05-31,2024-02-25,Agent,Pol-Property
3091,4484,Motor,10233.0,15563732,54,2024-05-15,2028-10-21,Bancassurance,Pol-Motor
3092,1033,Health,8408.0,1538107,37,2024-12-02,2027-12-17,Online,Pol-Health
3093,2060,Health,6981.0,3472982,16,2024-08-16,2025-12-09,Online,Pol-Health
3094,4170,Motor,5058.0,3865561,35,2024-08-22,2027-07-08,Agent,Pol-Motor
3095,238,Motor,8685.0,1373159,28,2025-08-01,2027-11-19,Aggregator,Pol-Motor
3096,3884,Health,6056.0,62593734,12,2023-07-09,2024-07-03,Online,Pol-Health
3097,3180,Crop,11631.0,5913336,12,2025-06-19,2026-06-14,Online,Pol-Crop
3098,1986,Health,8423.0,1855173,51,2025-03-02,2029-05-10,Online,Pol-Health
3099,1463,Health,6741.0,14084755,57,2025-05-02,2030-01-06,Aggregator,Pol-Health
3100,872,Property,6177.0,6077781,9,2024-04-21,2025-01-16,Partnership,Pol-Property
3101,1222,Property,6773.0,2720925,29,2025-02-03,2027-06-23,Partnership,Pol-Property
3102,1667,Travel,6789.0,10092597,51,2023-06-10,2027-08-18,Bancassurance,Pol-Travel
3103,3437,Health,7052.0,12297781,51,2025-02-16,2029-04-26,Agent,Pol-Health
3104,1657,Motor,3843.0,10045412,21,2024-09-08,2026-05-31,Agent,Pol-Motor
3105,1132,Property,8261.0,8823502,17,2023-05-07,2024-09-28,Partnership,Pol-Property
3106,1972,Motor,7984.0,2853706,33,2024-06-16,2027-03-03,Bancassurance,Pol-Motor
3107,811,Health,4068.0,1228710,34,2025-07-02,2028-04-17,Online,Pol-Health
3108,56,Health,8227.0,1825982,26,2023-10-13,2025-12-01,Online,Pol-Health
3109,3524,Health,7290.0,3512444,54,2024-09-03,2029-02-09,Agent,Pol-Health
3110,2663,Property,4841.0,1131709,18,2024-11-03,2026-04-27,Online,Pol-Property
3111,3280,Motor,9928.0,27292109,34,2024-11-22,2027-09-08,Aggregator,Pol-Motor
3112,1534,Travel,14322.0,2200465,38,2024-02-01,2027-03-17,Aggregator,Pol-Travel
3113,4012,Motor,5506.0,4545097,25,2024-05-31,2026-06-20,Aggregator,Pol-Motor
3114,934,Motor,7727.0,6093491,52,2023-03-05,2027-06-12,Partnership,Pol-Motor
3115,663,Health,13690.0,14528557,51,2025-08-03,2029-10-11,Partnership,Pol-Health
3116,3846,Crop,2450.0,8364456,34,2024-10-07,2027-07-24,Agent,Pol-Crop
3117,3024,Health,18891.0,6434418,50,2025-09-06,2029-10-15,Online,Pol-Health
3118,2678,Health,7633.0,44139519,48,2023-06-14,2027-05-24,Online,Pol-Health
3119,144,Health,10708.0,22933264,45,2023-11-28,2027-08-09,Bancassurance,Pol-Health
3120,3276,Motor,3131.0,7691315,15,2023-09-25,2024-12-18,Online,Pol-Motor
3121,4325,Health,3705.0,6996518,2,2023-11-10,2024-01-09,Online,Pol-Health
3122,240,Motor,4526.0,4784720,23,2025-08-11,2027-07-02,Agent,Pol-Motor
3123,2005,Travel,4323.0,10368265,45,2025-02-19,2028-10-31,Agent,Pol-Travel
3124,3770,Motor,2286.0,3860225,6,2025-02-11,2025-08-10,Bancassurance,Pol-Motor
3125,4247,Motor,4042.0,2767942,39,2024-04-12,2027-06-26,Online,Pol-Motor
3126,3397,Health,4839.0,18890637,19,2023-04-04,2024-10-25,Agent,Pol-Health
3127,803,Health,3580.0,2708473,34,2025-07-01,2028-04-16,Aggregator,Pol-Health
3128,353,Health,15431.0,5218632,37,2025-09-07,2028-09-21,Bancassurance,Pol-Health
3129,1975,Motor,10084.0,3802170,59,2024-08-02,2029-06-07,Online,Pol-Motor
3130,1134,Motor,5075.0,5073789,58,2025-05-03,2030-02-06,Aggregator,Pol-Motor
3131,4562,Crop,9800.0,6463320,46,2024-01-26,2027-11-06,Aggregator,Pol-Crop
3132,1064,Health,8672.0,5419622,23,2024-01-18,2025-12-08,Online,Pol-Health
3133,1396,Health,3098.0,2449417,15,2024-11-06,2026-01-30,Agent,Pol-Health
3134,1549,Health,9090.0,3732270,2,2025-05-08,2025-07-07,Partnership,Pol-Health
3135,1531,Health,5952.0,9710611,38,2025-04-25,2028-06-08,Aggregator,Pol-Health
3136,53,Property,10356.0,6591612,25,2025-09-01,2027-09-21,Online,Pol-Property
3137,3152,Health,4268.0,7692143,44,2025-04-30,2028-12-10,Bancassurance,Pol-Health
3138,2787,Motor,9623.0,12161408,8,2023-05-06,2024-01-01,Partnership,Pol-Motor
3139,1145,Health,12403.0,8758413,11,2023-04-23,2024-03-18,Agent,Pol-Health
3140,2113,Motor,8948.0,3143046,29,2024-02-06,2026-06-25,Aggregator,Pol-Motor
3141,296,Health,2993.0,7221592,5,2025-01-06,2025-06-05,Aggregator,Pol-Health
3142,2990,Health,25068.0,7064199,37,2023-07-20,2026-08-03,Agent,Pol-Health
3143,4743,Motor,9872.0,1292278,20,2024-08-14,2026-04-06,Agent,Pol-Motor
3144,1581,Property,6506.0,1196442,12,2024-07-26,2025-07-21,Aggregator,Pol-Property
3145,2426,Motor,10013.0,8044450,16,2025-09-06,2026-12-30,Online,Pol-Motor
3146,2628,Travel,21081.0,3247941,21,2025-05-04,2027-01-24,Agent,Pol-Travel
3147,4806,Motor,3617.0,3557387,37,2024-07-03,2027-07-18,Agent,Pol-Motor
3148,4163,Travel,12664.0,6894557,58,2025-01-22,2029-10-28,Online,Pol-Travel
3149,1594,Health,6747.0,5463691,55,2023-03-05,2027-09-10,Online,Pol-Health
3150,510,Motor,6256.0,5120777,50,2024-09-13,2028-10-22,Agent,Pol-Motor
3151,1892,Motor,6446.0,20720476,21,2023-02-19,2024-11-10,Bancassurance,Pol-Motor
3152,1462,Motor,2577.0,4303609,28,2025-03-14,2027-07-02,Bancassurance,Pol-Motor
3153,2000,Motor,9323.0,6813005,34,2023-09-19,2026-07-05,Bancassurance,Pol-Motor
3154,1971,Motor,2178.0,3173183,53,2023-06-30,2027-11-06,Online,Pol-Motor
3155,1552,Motor,5646.0,13683483,8,2024-05-13,2025-01-08,Bancassurance,Pol-Motor
3156,3852,Motor,5702.0,7296220,46,2024-05-19,2028-02-28,Agent,Pol-Motor
3157,102,Health,6056.0,26303217,31,2024-01-17,2026-08-04,Partnership,Pol-Health
3158,1461,Motor,2493.0,6130413,21,2024-04-04,2025-12-25,Online,Pol-Motor
3159,2847,Health,11444.0,7119876,3,2024-01-02,2024-04-01,Agent,Pol-Health
3160,734,Motor,2921.0,5199618,59,2023-11-11,2028-09-15,Online,Pol-Motor
3161,3093,Crop,4614.0,22197687,47,2025-04-02,2029-02-10,Partnership,Pol-Crop
3162,2435,Health,5583.0,7509576,21,2024-02-10,2025-11-01,Aggregator,Pol-Health
3163,533,Health,6265.0,5007195,29,2024-02-25,2026-07-14,Agent,Pol-Health
3164,92,Motor,8871.0,2410702,32,2024-08-14,2027-04-01,Online,Pol-Motor
3165,1820,Health,7404.0,740212,58,2024-10-25,2029-07-31,Aggregator,Pol-Health
3166,1157,Motor,19255.0,5853038,49,2024-10-25,2028-11-03,Online,Pol-Motor
3167,4935,Travel,8725.0,4102896,26,2024-06-05,2026-07-25,Online,Pol-Travel
3168,505,Crop,8415.0,314112,13,2024-04-22,2025-05-17,Agent,Pol-Crop
3169,4937,Health,5498.0,3725765,15,2024-08-11,2025-11-04,Online,Pol-Health
3170,4783,Property,8532.0,2113107,2,2024-10-11,2024-12-10,Online,Pol-Property
3171,2196,Health,5743.0,24166174,49,2023-02-27,2027-03-08,Aggregator,Pol-Health
3172,934,Motor,5770.0,5093580,33,2024-04-18,2027-01-03,Agent,Pol-Motor
3173,1256,Property,35788.0,16415174,31,2023-09-18,2026-04-05,Online,Pol-Property
3174,884,Motor,15857.0,8085251,1,2024-11-19,2024-12-19,Online,Pol-Motor
3175,3237,Health,4749.0,13466079,15,2024-10-01,2025-12-25,Partnership,Pol-Health
3176,4410,Motor,10143.0,42747041,54,2023-05-27,2027-11-02,Online,Pol-Motor
3177,2705,Motor,8393.0,11246700,39,2025-08-05,2028-10-18,Agent,Pol-Motor
3178,4060,Health,5264.0,96840497,53,2024-08-15,2028-12-22,Agent,Pol-Health
3179,4319,Motor,20788.0,9453875,15,2025-08-18,2026-11-11,Agent,Pol-Motor
3180,4512,Health,6632.0,16159258,20,2024-01-07,2025-08-29,Bancassurance,Pol-Health
3181,2110,Health,14655.0,3989095,52,2024-08-30,2028-12-07,Aggregator,Pol-Health
3182,4720,Travel,5275.0,1491850,7,2023-04-26,2023-11-22,Aggregator,Pol-Travel
3183,2424,Motor,12707.0,566846,36,2024-02-27,2027-02-11,Agent,Pol-Motor
3184,2647,Property,14299.0,11940253,43,2023-05-03,2026-11-13,Agent,Pol-Property
3185,4501,Crop,4515.0,3480139,12,2025-05-19,2026-05-14,Online,Pol-Crop
3186,1279,Motor,6222.0,3969356,13,2023-01-01,2024-01-26,Online,Pol-Motor
3187,390,Property,7022.0,3915884,5,2024-12-15,2025-05-14,Bancassurance,Pol-Property
3188,1649,Motor,16600.0,2957615,43,2023-12-03,2027-06-15,Agent,Pol-Motor
3189,766,Motor,15939.0,23948953,6,2024-10-23,2025-04-21,Online,Pol-Motor
3190,348,Motor,6016.0,2436606,5,2025-08-31,2026-01-28,Online,Pol-Motor
3191,3574,Property,6052.0,8369423,45,2023-04-18,2026-12-28,Bancassurance,Pol-Property
3192,1346,Motor,8288.0,8368973,39,2025-03-01,2028-05-14,Online,Pol-Motor
3193,3006,Motor,3342.0,1417101,43,2024-12-22,2028-07-04,Agent,Pol-Motor
3194,2565,Health,13850.0,9057042,47,2024-02-07,2027-12-18,Aggregator,Pol-Health
3195,330,Motor,4762.0,1914892,6,2024-06-22,2024-12-19,Bancassurance,Pol-Motor
3196,3535,Health,7698.0,4969179,54,2025-02-24,2029-08-02,Bancassurance,Pol-Health
3197,3794,Motor,14775.0,3816398,6,2024-11-24,2025-05-23,Bancassurance,Pol-Motor
3198,974,Motor,9160.0,5655125,11,2023-05-25,2024-04-19,Online,Pol-Motor
3199,1246,Health,6010.0,9266498,27,2024-03-14,2026-06-02,Agent,Pol-Health
3200,2238,Health,4397.0,2439516,16,2025-05-07,2026-08-30,Aggregator,Pol-Health
3201,2620,Crop,7133.0,3187928,45,2024-10-31,2028-07-12,Bancassurance,Pol-Crop
3202,205,Health,6345.0,1246957,3,2025-09-20,2025-12-19,Agent,Pol-Health
3203,2260,Crop,27238.0,2025119,22,2025-09-02,2027-06-24,Aggregator,Pol-Crop
3204,4185,Motor,4902.0,10683314,32,2024-07-18,2027-03-05,Partnership,Pol-Motor
3205,3003,Health,5620.0,3860401,25,2023-03-22,2025-04-10,Partnership,Pol-Health
3206,363,Health,4442.0,12228095,18,2024-01-29,2025-07-22,Aggregator,Pol-Health
3207,3443,Property,6441.0,2290397,19,2023-04-04,2024-10-25,Agent,Pol-Property
3208,332,Travel,9519.0,2693509,48,2023-06-07,2027-05-17,Agent,Pol-Travel
3209,2969,Health,4568.0,14554290,30,2024-06-21,2026-12-08,Bancassurance,Pol-Health
3210,4804,Motor,8747.0,6624129,35,2025-08-24,2028-07-09,Aggregator,Pol-Motor
3211,422,Crop,3999.0,1408405,51,2024-03-28,2028-06-05,Online,Pol-Crop
3212,763,Motor,11687.0,3238439,46,2023-01-21,2026-11-01,Online,Pol-Motor
3213,2784,Motor,5834.0,11699420,54,2023-11-08,2028-04-15,Online,Pol-Motor
3214,2758,Health,6226.0,4631924,27,2023-09-21,2025-12-09,Agent,Pol-Health
3215,249,Motor,14816.0,16120702,18,2024-10-30,2026-04-23,Aggregator,Pol-Motor
3216,3547,Motor,5895.0,1682932,13,2023-06-09,2024-07-03,Online,Pol-Motor
3217,483,Travel,8943.0,16063875,44,2024-03-23,2027-11-03,Aggregator,Pol-Travel
3218,3476,Motor,10436.0,1859877,57,2025-09-10,2030-05-17,Agent,Pol-Motor
3219,3859,Property,14053.0,6719730,31,2024-03-03,2026-09-19,Online,Pol-Property
3220,3233,Motor,8640.0,12643326,53,2025-08-20,2029-12-27,Partnership,Pol-Motor
3221,2296,Motor,6257.0,6057275,3,2025-04-03,2025-07-02,Agent,Pol-Motor
3222,4415,Motor,5648.0,9017447,31,2025-01-26,2027-08-14,Agent,Pol-Motor
3223,3012,Health,8582.0,13554328,24,2023-12-19,2025-12-08,Agent,Pol-Health
3224,700,Motor,5017.0,8262166,55,2024-08-02,2029-02-07,Agent,Pol-Motor
3225,4627,Property,9606.0,4069285,37,2024-10-12,2027-10-27,Online,Pol-Property
3226,4092,Health,8107.0,4390490,22,2024-08-26,2026-06-17,Online,Pol-Health
3227,3828,Health,4091.0,2517975,33,2024-11-07,2027-07-25,Agent,Pol-Health
3228,1948,Motor,3967.0,1803133,45,2024-10-09,2028-06-20,Aggregator,Pol-Motor
3229,3862,Motor,7642.0,17625549,15,2024-03-17,2025-06-10,Agent,Pol-Motor
3230,1368,Health,6351.0,9361339,38,2024-10-03,2027-11-17,Partnership,Pol-Health
3231,123,Crop,11024.0,19820915,59,2023-01-06,2027-11-11,Aggregator,Pol-Crop
3232,750,Health,4635.0,9318820,42,2024-11-02,2028-04-15,Online,Pol-Health
3233,4415,Health,10571.0,3917589,14,2023-12-22,2025-02-14,Agent,Pol-Health
3234,1598,Crop,10722.0,1886189,48,2024-02-07,2028-01-17,Agent,Pol-Crop
3235,586,Motor,4060.0,3392977,15,2023-12-29,2025-03-23,Online,Pol-Motor
3236,544,Motor,6559.0,9890113,56,2025-05-18,2029-12-23,Online,Pol-Motor
3237,2201,Health,14518.0,2836863,29,2024-02-06,2026-06-25,Partnership,Pol-Health
3238,2704,Motor,8958.0,17648937,26,2025-05-16,2027-07-05,Aggregator,Pol-Motor
3239,15,Travel,6979.0,3893437,22,2024-08-23,2026-06-14,Aggregator,Pol-Travel
3240,1467,Health,11261.0,1821770,4,2025-07-24,2025-11-21,Agent,Pol-Health
3241,3376,Motor,5735.0,4061064,33,2023-03-01,2025-11-15,Bancassurance,Pol-Motor
3242,245,Motor,6223.0,6634063,57,2025-09-24,2030-05-31,Online,Pol-Motor
3243,2615,Health,7977.0,24901009,5,2023-06-17,2023-11-14,Bancassurance,Pol-Health
3244,899,Health,14920.0,5969051,28,2025-09-03,2027-12-22,Online,Pol-Health
3245,1479,Travel,4627.0,3079313,49,2024-07-31,2028-08-09,Partnership,Pol-Travel
3246,1383,Health,9277.0,19296652,35,2024-10-23,2027-09-08,Bancassurance,Pol-Health
3247,52,Health,6004.0,15162498,42,2023-02-06,2026-07-20,Online,Pol-Health
3248,2059,Motor,13648.0,4889977,32,2025-05-27,2028-01-12,Online,Pol-Motor
3249,4919,Motor,10752.0,1255775,29,2023-02-02,2025-06-21,Online,Pol-Motor
3250,2275,Health,7057.0,3191685,46,2023-10-03,2027-07-14,Aggregator,Pol-Health
3251,2162,Crop,9882.0,10363239,24,2024-02-28,2026-02-17,Aggregator,Pol-Crop
3252,3609,Health,5496.0,16580826,30,2023-05-20,2025-11-05,Online,Pol-Health
3253,604,Health,5341.0,6127204,9,2023-02-18,2023-11-15,Agent,Pol-Health
3254,4044,Health,25892.0,4994581,48,2024-11-04,2028-10-14,Online,Pol-Health
3255,4689,Health,6085.0,3396979,54,2025-05-16,2029-10-22,Agent,Pol-Health
3256,3493,Motor,8015.0,10549566,18,2023-12-25,2025-06-17,Online,Pol-Motor
3257,2999,Property,6025.0,2157868,11,2025-08-06,2026-07-02,Agent,Pol-Property
3258,3593,Health,3856.0,3290772,22,2023-03-01,2024-12-20,Aggregator,Pol-Health
3259,1005,Motor,4401.0,18529866,37,2023-03-07,2026-03-21,Online,Pol-Motor
3260,3129,Health,8684.0,12932421,23,2023-10-11,2025-08-31,Online,Pol-Health
3261,3135,Motor,3620.0,20515392,29,2024-04-11,2026-08-29,Agent,Pol-Motor
3262,1812,Health,5138.0,2997112,57,2024-11-26,2029-08-02,Partnership,Pol-Health
3263,4821,Health,10159.0,1747991,13,2024-03-11,2025-04-05,Aggregator,Pol-Health
3264,815,Motor,8211.0,20428393,32,2023-01-11,2025-08-28,Bancassurance,Pol-Motor
3265,532,Property,5966.0,10466623,58,2023-06-20,2028-03-25,Bancassurance,Pol-Property
3266,759,Health,5874.0,13582049,44,2025-02-02,2028-09-14,Agent,Pol-Health
3267,6,Crop,4381.0,10603129,10,2023-06-25,2024-04-20,Online,Pol-Crop
3268,585,Crop,22351.0,28637602,43,2024-11-28,2028-06-10,Online,Pol-Crop
3269,4715,Health,4485.0,10196604,48,2024-11-27,2028-11-06,Agent,Pol-Health
3270,3677,Motor,12152.0,6506812,6,2024-10-15,2025-04-13,Agent,Pol-Motor
3271,1535,Property,2428.0,7219807,21,2025-09-24,2027-06-16,Agent,Pol-Property
3272,4893,Health,11358.0,6641799,35,2025-05-05,2028-03-20,Agent,Pol-Health
3273,1485,Health,11952.0,22317746,3,2023-07-01,2023-09-29,Aggregator,Pol-Health
3274,4452,Motor,4600.0,16691826,21,2024-10-03,2026-06-25,Agent,Pol-Motor
3275,2267,Health,5385.0,22518122,20,2023-02-11,2024-10-03,Agent,Pol-Health
3276,2415,Motor,12507.0,889395,50,2025-01-29,2029-03-09,Agent,Pol-Motor
3277,4985,Motor,4143.0,4379086,43,2024-10-08,2028-04-20,Bancassurance,Pol-Motor
3278,561,Travel,9122.0,2416268,34,2023-09-01,2026-06-17,Aggregator,Pol-Travel
3279,4460,Health,5226.0,29246418,3,2024-09-05,2024-12-04,Bancassurance,Pol-Health
3280,1414,Health,11502.0,2815059,45,2024-10-10,2028-06-21,Agent,Pol-Health
3281,1319,Health,18606.0,9451467,45,2023-02-02,2026-10-14,Agent,Pol-Health
3282,2553,Motor,4434.0,32948097,40,2025-05-08,2028-08-20,Bancassurance,Pol-Motor
3283,2861,Property,9842.0,7427243,37,2024-01-12,2027-01-26,Online,Pol-Property
3284,1078,Motor,11958.0,3966936,53,2025-01-31,2029-06-09,Partnership,Pol-Motor
3285,2867,Property,2705.0,6643869,5,2023-11-20,2024-04-18,Agent,Pol-Property
3286,1835,Health,12115.0,1629300,50,2024-03-23,2028-05-01,Agent,Pol-Health
3287,2527,Motor,8736.0,1432679,11,2025-05-14,2026-04-09,Agent,Pol-Motor
3288,722,Motor,10103.0,9078023,54,2023-07-10,2027-12-16,Online,Pol-Motor
3289,1245,Property,2943.0,612570,48,2024-01-27,2028-01-06,Online,Pol-Property
3290,1346,Health,10635.0,5177591,17,2025-04-06,2026-08-29,Agent,Pol-Health
3291,4677,Health,6691.0,4860837,4,2023-12-26,2024-04-24,Aggregator,Pol-Health
3292,746,Motor,4148.0,32044168,8,2023-05-17,2024-01-12,Online,Pol-Motor
3293,878,Property,10411.0,8824839,41,2023-05-20,2026-10-01,Aggregator,Pol-Property
3294,134,Motor,10999.0,4246654,47,2023-02-27,2027-01-07,Aggregator,Pol-Motor
3295,4814,Health,7056.0,12805494,22,2025-03-27,2027-01-16,Agent,Pol-Health
3296,1048,Motor,8791.0,6464064,32,2023-10-27,2026-06-13,Online,Pol-Motor
3297,2425,Motor,6762.0,2048368,27,2024-10-12,2026-12-31,Agent,Pol-Motor
3298,2700,Health,3686.0,7131999,58,2024-10-17,2029-07-23,Online,Pol-Health
3299,1463,Motor,6822.0,6289565,6,2024-07-31,2025-01-27,Online,Pol-Motor
3300,1348,Crop,13359.0,5906418,31,2023-04-21,2025-11-06,Online,Pol-Crop
3301,1365,Health,13454.0,8202424,59,2023-06-15,2028-04-19,Online,Pol-Health
3302,1232,Crop,4853.0,14295911,4,2024-11-13,2025-03-13,Agent,Pol-Crop
3303,4262,Motor,8265.0,7609716,47,2023-12-23,2027-11-02,Aggregator,Pol-Motor
3304,3706,Motor,7619.0,1730926,39,2023-04-20,2026-07-03,Partnership,Pol-Motor
3305,4083,Health,9387.0,1398467,30,2024-01-03,2026-06-21,Online,Pol-Health
3306,1580,Motor,7525.0,3878937,43,2023-07-14,2027-01-24,Agent,Pol-Motor
3307,3420,Health,10521.0,3643814,53,2023-12-21,2028-04-28,Partnership,Pol-Health
3308,2018,Health,5961.0,7527983,33,2024-08-07,2027-04-24,Agent,Pol-Health
3309,4018,Property,12729.0,18023506,31,2023-07-06,2026-01-21,Agent,Pol-Property
3310,3038,Motor,5622.0,22312582,28,2025-01-09,2027-04-29,Online,Pol-Motor
3311,762,Property,8073.0,3047196,25,2024-01-26,2026-02-14,Agent,Pol-Property
3312,3973,Health,10227.0,1107160,56,2024-05-15,2028-12-20,Online,Pol-Health
3313,4745,Health,8174.0,5730829,58,2023-05-01,2028-02-04,Partnership,Pol-Health
3314,4647,Motor,2273.0,14594255,49,2024-02-14,2028-02-23,Agent,Pol-Motor
3315,599,Health,8515.0,3665458,17,2024-04-04,2025-08-27,Agent,Pol-Health
3316,2203,Property,10349.0,5701590,57,2024-04-08,2028-12-13,Aggregator,Pol-Property
3317,3744,Property,8510.0,4663700,31,2025-07-15,2028-01-31,Agent,Pol-Property
3318,417,Motor,11739.0,22542265,50,2024-10-25,2028-12-03,Bancassurance,Pol-Motor
3319,3434,Health,13173.0,43048121,36,2023-07-12,2026-06-26,Aggregator,Pol-Health
3320,3418,Motor,5180.0,9850895,46,2024-03-15,2027-12-25,Online,Pol-Motor
3321,2565,Crop,3112.0,10056800,43,2023-03-04,2026-09-14,Agent,Pol-Crop
3322,1083,Health,4025.0,1540553,17,2024-02-14,2025-07-08,Bancassurance,Pol-Health
3323,588,Property,7598.0,3697193,10,2023-11-10,2024-09-05,Partnership,Pol-Property
3324,4868,Health,9961.0,11963009,51,2023-01-27,2027-04-06,Agent,Pol-Health
3325,2808,Motor,6888.0,7774878,48,2023-11-21,2027-10-31,Online,Pol-Motor
3326,3659,Health,3672.0,8550873,22,2023-02-07,2024-11-28,Agent,Pol-Health
3327,2224,Motor,8505.0,1159148,31,2023-02-16,2025-09-03,Online,Pol-Motor
3328,4418,Motor,7374.0,794701,30,2024-05-11,2026-10-28,Online,Pol-Motor
3329,2184,Motor,7946.0,31352474,51,2023-08-28,2027-11-05,Aggregator,Pol-Motor
3330,2022,Property,18121.0,4715174,20,2025-06-09,2027-01-30,Bancassurance,Pol-Property
3331,4776,Motor,11039.0,1201591,14,2024-12-31,2026-02-24,Agent,Pol-Motor
3332,3614,Crop,6857.0,4827757,15,2024-06-16,2025-09-09,Bancassurance,Pol-Crop
3333,2370,Motor,3778.0,1482886,43,2024-08-13,2028-02-24,Online,Pol-Motor
3334,1360,Travel,14363.0,1912389,57,2024-05-21,2029-01-25,Online,Pol-Travel
3335,781,Travel,3031.0,2759913,19,2024-01-31,2025-08-23,Online,Pol-Travel
3336,1537,Motor,6369.0,1481322,53,2023-05-05,2027-09-11,Bancassurance,Pol-Motor
3337,171,Travel,4024.0,253657,40,2023-11-27,2027-03-11,Partnership,Pol-Travel
3338,4225,Crop,5979.0,10677662,31,2025-03-03,2027-09-19,Aggregator,Pol-Crop
3339,2728,Motor,7007.0,3184291,37,2024-12-08,2027-12-23,Aggregator,Pol-Motor
3340,4493,Travel,3798.0,12680879,23,2023-12-31,2025-11-20,Bancassurance,Pol-Travel
3341,2109,Motor,2155.0,5572947,44,2024-08-20,2028-04-01,Online,Pol-Motor
3342,1659,Motor,4523.0,1046501,58,2023-05-02,2028-02-05,Agent,Pol-Motor
3343,1796,Health,3726.0,5249164,14,2024-11-13,2026-01-07,Partnership,Pol-Health
3344,2786,Motor,4544.0,19249361,22,2024-11-21,2026-09-12,Agent,Pol-Motor
3345,397,Motor,6365.0,4927849,30,2025-09-13,2028-03-01,Partnership,Pol-Motor
3346,804,Travel,15690.0,2809820,48,2023-03-30,2027-03-09,Aggregator,Pol-Travel
3347,3005,Travel,5435.0,1472084,8,2024-06-19,2025-02-14,Aggregator,Pol-Travel
3348,3770,Property,5625.0,3203990,44,2023-01-09,2026-08-21,Online,Pol-Property
3349,3290,Health,6958.0,1892733,31,2025-05-23,2027-12-09,Online,Pol-Health
3350,655,Crop,10208.0,3507931,16,2025-02-28,2026-06-23,Online,Pol-Crop
3351,1877,Motor,9708.0,754364,54,2025-03-05,2029-08-11,Partnership,Pol-Motor
3352,268,Travel,2809.0,1802949,39,2023-11-13,2027-01-26,Aggregator,Pol-Travel
3353,1093,Motor,4348.0,9223048,24,2025-05-05,2027-04-25,Agent,Pol-Motor
3354,1469,Crop,12757.0,6141794,21,2025-04-12,2027-01-02,Agent,Pol-Crop
3355,1322,Health,5650.0,3993869,8,2023-11-17,2024-07-14,Online,Pol-Health
3356,1498,Travel,11867.0,1720418,18,2023-05-22,2024-11-12,Agent,Pol-Travel
3357,4994,Crop,10495.0,23648028,38,2025-01-21,2028-03-06,Online,Pol-Crop
3358,3080,Crop,2389.0,38188621,6,2024-05-04,2024-10-31,Online,Pol-Crop
3359,1755,Health,3203.0,1765204,14,2023-04-03,2024-05-27,Online,Pol-Health
3360,1509,Crop,6207.0,11710851,55,2023-01-20,2027-07-28,Agent,Pol-Crop
3361,822,Property,8958.0,1854706,30,2025-05-14,2027-10-31,Aggregator,Pol-Property
3362,3976,Motor,6414.0,8712938,14,2023-06-22,2024-08-15,Aggregator,Pol-Motor
3363,2136,Health,6651.0,614273,7,2024-11-09,2025-06-07,Agent,Pol-Health
3364,1165,Motor,7460.0,3093452,4,2023-12-06,2024-04-04,Aggregator,Pol-Motor
3365,2573,Crop,6971.0,6397105,57,2025-01-22,2029-09-28,Agent,Pol-Crop
3366,4922,Motor,7213.0,7648838,19,2025-04-28,2026-11-19,Bancassurance,Pol-Motor
3367,4671,Travel,2241.0,2152860,25,2023-06-07,2025-06-26,Agent,Pol-Travel
3368,687,Health,6274.0,9171942,25,2024-04-05,2026-04-25,Aggregator,Pol-Health
3369,975,Motor,6246.0,4991340,19,2024-04-14,2025-11-05,Online,Pol-Motor
3370,3288,Travel,4299.0,1438210,30,2025-08-17,2028-02-03,Agent,Pol-Travel
3371,506,Motor,4999.0,1948570,43,2024-09-05,2028-03-18,Agent,Pol-Motor
3372,1771,Health,3184.0,23666764,30,2025-05-19,2027-11-05,Online,Pol-Health
3373,74,Property,8893.0,6357769,15,2023-03-14,2024-06-06,Agent,Pol-Property
3374,4902,Motor,4120.0,3636989,48,2023-12-14,2027-11-23,Agent,Pol-Motor
3375,581,Health,6902.0,1372762,29,2023-01-23,2025-06-11,Agent,Pol-Health
3376,3141,Property,5737.0,3218088,35,2025-07-07,2028-05-22,Bancassurance,Pol-Property
3377,223,Travel,6684.0,6426036,33,2023-10-15,2026-07-01,Agent,Pol-Travel
3378,4008,Motor,11558.0,7633698,39,2023-12-03,2027-02-15,Online,Pol-Motor
3379,897,Motor,5081.0,6032899,40,2025-03-18,2028-06-30,Online,Pol-Motor
3380,2434,Health,6974.0,2916127,23,2024-11-08,2026-09-29,Agent,Pol-Health
3381,3953,Health,10087.0,970571,23,2023-03-03,2025-01-21,Online,Pol-Health
3382,2170,Health,7919.0,4946082,43,2024-07-08,2028-01-19,Bancassurance,Pol-Health
3383,733,Motor,4929.0,5207594,37,2025-09-14,2028-09-28,Partnership,Pol-Motor
3384,1465,Health,3377.0,2447692,55,2024-08-19,2029-02-24,Bancassurance,Pol-Health
3385,823,Crop,4825.0,4447932,42,2024-07-19,2027-12-31,Agent,Pol-Crop
3386,457,Motor,8028.0,5894914,52,2024-05-07,2028-08-14,Online,Pol-Motor
3387,2212,Motor,7166.0,7235383,30,2024-07-06,2026-12-23,Aggregator,Pol-Motor
3388,3335,Health,10085.0,11248113,16,2024-07-17,2025-11-09,Aggregator,Pol-Health
3389,2140,Motor,6212.0,593120,33,2024-11-25,2027-08-12,Online,Pol-Motor
3390,3850,Health,4978.0,8152236,27,2025-05-11,2027-07-30,Aggregator,Pol-Health
3391,2384,Motor,3489.0,1250342,10,2024-03-04,2024-12-29,Bancassurance,Pol-Motor
3392,4682,Motor,4000.0,2088284,20,2025-09-05,2027-04-28,Aggregator,Pol-Motor
3393,314,Health,4342.0,14290563,4,2024-03-05,2024-07-03,Aggregator,Pol-Health
3394,2650,Motor,14118.0,1765936,20,2025-08-03,2027-03-26,Aggregator,Pol-Motor
3395,1890,Crop,4060.0,11887862,15,2024-03-10,2025-06-03,Agent,Pol-Crop
3396,3880,Travel,4084.0,3153304,38,2023-08-03,2026-09-16,Aggregator,Pol-Travel
3397,1490,Health,5136.0,20848069,15,2023-11-22,2025-02-14,Aggregator,Pol-Health
3398,1665,Health,12284.0,1568523,47,2025-07-03,2029-05-13,Agent,Pol-Health
3399,2609,Motor,9282.0,4969924,17,2023-03-09,2024-07-31,Aggregator,Pol-Motor
3400,2533,Property,6452.0,425051,20,2024-07-14,2026-03-06,Agent,Pol-Property
3401,656,Health,3325.0,5856183,49,2023-01-23,2027-02-01,Aggregator,Pol-Health
3402,3719,Motor,6865.0,1208237,17,2025-06-19,2026-11-11,Online,Pol-Motor
3403,3983,Motor,10408.0,4281883,53,2024-03-23,2028-07-30,Bancassurance,Pol-Motor
3404,2675,Motor,13577.0,2443199,12,2023-10-16,2024-10-10,Bancassurance,Pol-Motor
3405,4016,Motor,2271.0,27320644,11,2024-08-10,2025-07-06,Agent,Pol-Motor
3406,201,Health,4582.0,3572019,30,2023-08-16,2026-02-01,Agent,Pol-Health
3407,4530,Travel,7072.0,24228517,26,2025-02-03,2027-03-25,Agent,Pol-Travel
3408,138,Property,12576.0,2177039,57,2024-07-24,2029-03-30,Online,Pol-Property
3409,3064,Health,3484.0,267704,48,2024-07-17,2028-06-26,Online,Pol-Health
3410,1076,Health,3881.0,10674740,25,2024-08-27,2026-09-16,Aggregator,Pol-Health
3411,1749,Motor,5321.0,1791813,45,2023-07-25,2027-04-05,Online,Pol-Motor
3412,1476,Health,3329.0,14689050,17,2024-06-02,2025-10-25,Agent,Pol-Health
3413,4958,Motor,2511.0,4737245,54,2024-07-08,2028-12-14,Agent,Pol-Motor
3414,3414,Motor,19369.0,9245478,41,2024-07-13,2027-11-25,Online,Pol-Motor
3415,3905,Health,5913.0,12028440,59,2024-09-21,2029-07-27,Agent,Pol-Health
3416,4232,Motor,4840.0,39679986,1,2025-07-26,2025-08-25,Agent,Pol-Motor
3417,3147,Motor,3708.0,14046644,50,2025-01-31,2029-03-11,Aggregator,Pol-Motor
3418,449,Motor,6582.0,6401813,26,2025-08-15,2027-10-04,Aggregator,Pol-Motor
3419,69,Motor,5093.0,11762227,3,2025-02-26,2025-05-27,Agent,Pol-Motor
3420,4909,Health,9934.0,10677454,53,2023-08-27,2028-01-03,Agent,Pol-Health
3421,3633,Motor,3916.0,8467520,59,2024-07-02,2029-05-07,Agent,Pol-Motor
3422,1191,Motor,6638.0,33379277,58,2024-04-06,2029-01-10,Aggregator,Pol-Motor
3423,1741,Motor,6497.0,4394374,43,2025-09-20,2029-04-02,Partnership,Pol-Motor
3424,3733,Motor,8755.0,6184840,56,2023-10-24,2028-05-30,Aggregator,Pol-Motor
3425,2020,Travel,6112.0,3199429,11,2024-11-11,2025-10-07,Bancassurance,Pol-Travel
3426,3193,Motor,8928.0,64945857,47,2025-05-04,2029-03-14,Aggregator,Pol-Motor
3427,3893,Motor,7764.0,4070090,28,2024-05-01,2026-08-19,Agent,Pol-Motor
3428,97,Health,10280.0,7410270,28,2025-01-13,2027-05-03,Bancassurance,Pol-Health
3429,4473,Motor,8991.0,2276645,30,2025-06-19,2027-12-06,Online,Pol-Motor
3430,1515,Health,6103.0,3711668,35,2024-11-03,2027-09-19,Bancassurance,Pol-Health
3431,1077,Motor,15333.0,13462934,7,2024-03-07,2024-10-03,Agent,Pol-Motor
3432,9,Travel,5183.0,4800105,33,2025-07-28,2028-04-13,Agent,Pol-Travel
3433,3053,Travel,14418.0,15600657,48,2024-04-02,2028-03-12,Agent,Pol-Travel
3434,251,Health,11529.0,11308181,27,2025-02-16,2027-05-07,Aggregator,Pol-Health
3435,360,Property,9421.0,4904961,29,2024-03-20,2026-08-07,Aggregator,Pol-Property
3436,2397,Health,6706.0,2424496,27,2023-09-24,2025-12-12,Aggregator,Pol-Health
3437,124,Travel,4943.0,7051988,42,2023-11-10,2027-04-23,Online,Pol-Travel
3438,4730,Health,7753.0,7058680,31,2023-07-30,2026-02-14,Aggregator,Pol-Health
3439,4295,Motor,7715.0,5468374,47,2024-11-21,2028-10-01,Aggregator,Pol-Motor
3440,829,Motor,6683.0,7071510,5,2025-02-03,2025-07-03,Online,Pol-Motor
3441,1435,Motor,9220.0,2865822,34,2025-01-08,2027-10-25,Online,Pol-Motor
3442,2078,Health,11056.0,9783158,37,2023-05-23,2026-06-06,Partnership,Pol-Health
3443,1116,Motor,4638.0,7901252,21,2025-09-13,2027-06-05,Aggregator,Pol-Motor
3444,596,Health,5055.0,2710610,26,2024-05-31,2026-07-20,Aggregator,Pol-Health
3445,3087,Motor,3732.0,3517043,54,2024-05-10,2028-10-16,Agent,Pol-Motor
3446,2703,Crop,8482.0,5130500,43,2023-12-31,2027-07-13,Online,Pol-Crop
3447,2508,Health,15422.0,3545163,5,2024-07-26,2024-12-23,Online,Pol-Health
3448,1745,Health,3646.0,2680216,33,2024-10-14,2027-07-01,Aggregator,Pol-Health
3449,23,Health,4822.0,13733957,42,2023-10-28,2027-04-10,Agent,Pol-Health
3450,326,Crop,3556.0,12033200,2,2025-03-01,2025-04-30,Partnership,Pol-Crop
3451,4973,Motor,5415.0,9311025,23,2023-09-29,2025-08-19,Aggregator,Pol-Motor
3452,263,Motor,2513.0,1874558,51,2023-10-19,2027-12-27,Agent,Pol-Motor
3453,3501,Property,12642.0,28540546,43,2025-01-29,2028-08-11,Bancassurance,Pol-Property
3454,1586,Property,10264.0,7176423,56,2025-06-24,2030-01-29,Aggregator,Pol-Property
3455,433,Health,8038.0,4816687,29,2025-06-04,2027-10-22,Aggregator,Pol-Health
3456,560,Motor,11494.0,11389942,18,2024-08-30,2026-02-21,Aggregator,Pol-Motor
3457,2556,Motor,11194.0,4853897,35,2023-02-14,2025-12-30,Online,Pol-Motor
3458,4145,Motor,7096.0,403365,10,2023-05-11,2024-03-06,Online,Pol-Motor
3459,1703,Crop,3735.0,6837149,39,2023-04-16,2026-06-29,Aggregator,Pol-Crop
3460,2489,Motor,5020.0,14402204,33,2024-02-25,2026-11-11,Bancassurance,Pol-Motor
3461,4690,Health,7017.0,7603472,32,2023-09-21,2026-05-08,Partnership,Pol-Health
3462,4324,Property,4971.0,1009118,42,2023-01-01,2026-06-14,Partnership,Pol-Property
3463,214,Motor,17401.0,11604191,37,2024-04-11,2027-04-26,Bancassurance,Pol-Motor
3464,1666,Motor,7931.0,6890449,23,2024-08-06,2026-06-27,Agent,Pol-Motor
3465,2656,Motor,7720.0,7327554,1,2025-09-09,2025-10-09,Aggregator,Pol-Motor
3466,3479,Health,11773.0,1367326,17,2025-08-18,2027-01-10,Aggregator,Pol-Health
3467,3816,Motor,8421.0,3273060,46,2023-01-30,2026-11-10,Agent,Pol-Motor
3468,2798,Motor,6422.0,2000207,36,2024-09-11,2027-08-27,Aggregator,Pol-Motor
3469,1042,Motor,15630.0,12154313,27,2024-03-27,2026-06-15,Online,Pol-Motor
3470,4563,Motor,9111.0,8240281,48,2024-01-18,2027-12-28,Online,Pol-Motor
3471,2392,Motor,5728.0,3053766,39,2025-09-07,2028-11-20,Partnership,Pol-Motor
3472,2372,Motor,8016.0,2744950,1,2025-06-10,2025-07-10,Bancassurance,Pol-Motor
3473,1084,Motor,5625.0,4060459,38,2023-03-26,2026-05-09,Bancassurance,Pol-Motor
3474,4958,Property,4865.0,6992480,14,2025-07-21,2026-09-14,Agent,Pol-Property
3475,2726,Motor,10882.0,11989524,4,2024-08-18,2024-12-16,Agent,Pol-Motor
3476,1951,Health,5706.0,2372358,32,2023-01-28,2025-09-14,Aggregator,Pol-Health
3477,848,Health,4996.0,7454055,21,2024-08-23,2026-05-15,Online,Pol-Health
3478,4672,Crop,8026.0,3874744,47,2024-08-31,2028-07-11,Online,Pol-Crop
3479,545,Motor,12387.0,380627,43,2023-07-02,2027-01-12,Online,Pol-Motor
3480,4154,Motor,2566.0,3336988,50,2023-11-14,2027-12-23,Agent,Pol-Motor
3481,3890,Crop,5104.0,7738298,2,2023-01-15,2023-03-16,Online,Pol-Crop
3482,2112,Crop,2399.0,2586166,58,2023-04-07,2028-01-11,Online,Pol-Crop
3483,4995,Motor,1350.0,7379890,25,2024-12-07,2026-12-27,Bancassurance,Pol-Motor
3484,2173,Motor,7509.0,10101428,38,2025-06-14,2028-07-28,Agent,Pol-Motor
3485,2109,Crop,3793.0,15223995,59,2024-10-17,2029-08-22,Aggregator,Pol-Crop
3486,380,Motor,10751.0,2070985,48,2025-07-27,2029-07-06,Online,Pol-Motor
3487,1162,Crop,4023.0,15523745,14,2025-05-28,2026-07-22,Online,Pol-Crop
3488,66,Travel,9835.0,5552364,13,2025-06-14,2026-07-09,Online,Pol-Travel
3489,798,Motor,8473.0,1310186,44,2024-08-24,2028-04-05,Online,Pol-Motor
3490,1817,Crop,4594.0,4337230,19,2023-12-15,2025-07-07,Bancassurance,Pol-Crop
3491,632,Health,5699.0,4129332,12,2025-07-05,2026-06-30,Bancassurance,Pol-Health
3492,1368,Property,7997.0,3317933,31,2025-05-12,2027-11-28,Aggregator,Pol-Property
3493,3776,Health,9558.0,1768609,34,2024-05-21,2027-03-07,Bancassurance,Pol-Health
3494,3259,Motor,14497.0,6679675,41,2024-08-30,2028-01-12,Online,Pol-Motor
3495,227,Property,8162.0,5100864,23,2024-08-06,2026-06-27,Online,Pol-Property
3496,192,Motor,7166.0,3283669,9,2023-02-12,2023-11-09,Aggregator,Pol-Motor
3497,2800,Travel,7418.0,2280782,16,2023-09-20,2025-01-12,Partnership,Pol-Travel
3498,1150,Health,6453.0,1037063,24,2023-05-15,2025-05-04,Aggregator,Pol-Health
3499,3004,Motor,5802.0,21691680,8,2025-03-31,2025-11-26,Online,Pol-Motor
3500,3546,Motor,4598.0,4239535,37,2024-11-28,2027-12-13,Online,Pol-Motor
3501,4195,Crop,8893.0,11010903,31,2023-04-29,2025-11-14,Online,Pol-Crop
3502,4440,Motor,4813.0,14714345,55,2023-08-08,2028-02-13,Agent,Pol-Motor
3503,20,Crop,7991.0,13721909,32,2023-08-22,2026-04-08,Online,Pol-Crop
3504,3701,Motor,7205.0,9858823,53,2024-02-07,2028-06-15,Online,Pol-Motor
3505,2407,Health,10107.0,6595887,42,2024-06-22,2027-12-04,Online,Pol-Health
3506,433,Crop,8253.0,1166275,23,2023-05-28,2025-04-17,Agent,Pol-Crop
3507,1000,Motor,4975.0,22269517,38,2025-05-17,2028-06-30,Online,Pol-Motor
3508,2659,Motor,4210.0,1929815,36,2024-09-13,2027-08-29,Online,Pol-Motor
3509,2535,Crop,12322.0,20651002,32,2023-06-08,2026-01-23,Partnership,Pol-Crop
3510,3963,Health,5940.0,4133897,23,2024-05-28,2026-04-18,Agent,Pol-Health
3511,4426,Property,14745.0,13104556,54,2023-08-01,2028-01-07,Bancassurance,Pol-Property
3512,1691,Crop,1977.0,11610402,23,2024-12-01,2026-10-22,Online,Pol-Crop
3513,335,Health,8027.0,7461504,58,2023-12-20,2028-09-24,Aggregator,Pol-Health
3514,2554,Crop,11246.0,7422585,33,2025-04-06,2027-12-22,Aggregator,Pol-Crop
3515,2511,Health,7659.0,4588963,41,2025-07-15,2028-11-26,Partnership,Pol-Health
3516,2051,Health,8152.0,5616752,26,2025-01-22,2027-03-13,Online,Pol-Health
3517,2717,Motor,9760.0,5579845,40,2023-11-26,2027-03-10,Aggregator,Pol-Motor
3518,2223,Travel,11087.0,6242322,3,2023-11-08,2024-02-06,Online,Pol-Travel
3519,1872,Property,9914.0,4782480,1,2024-12-09,2025-01-08,Agent,Pol-Property
3520,1605,Motor,13553.0,1626098,13,2023-06-13,2024-07-07,Aggregator,Pol-Motor
3521,1557,Health,5788.0,3699254,27,2025-07-14,2027-10-02,Partnership,Pol-Health
3522,2346,Motor,16906.0,7914513,50,2023-04-25,2027-06-03,Online,Pol-Motor
3523,2166,Health,4373.0,4781394,27,2024-06-18,2026-09-06,Agent,Pol-Health
3524,789,Travel,11837.0,5437727,44,2023-02-08,2026-09-20,Online,Pol-Travel
3525,642,Motor,8931.0,3121476,22,2024-08-07,2026-05-29,Online,Pol-Motor
3526,4302,Travel,22484.0,9027987,55,2024-08-18,2029-02-23,Aggregator,Pol-Travel
3527,3107,Motor,8513.0,9454566,11,2025-05-16,2026-04-11,Online,Pol-Motor
3528,1452,Health,10337.0,662298,15,2023-11-22,2025-02-14,Aggregator,Pol-Health
3529,2990,Health,3208.0,1324581,30,2025-06-14,2027-12-01,Online,Pol-Health
3530,4919,Motor,11239.0,4578051,18,2025-06-04,2026-11-26,Online,Pol-Motor
3531,2305,Health,8441.0,8470309,44,2023-06-14,2027-01-24,Agent,Pol-Health
3532,2230,Crop,10596.0,7057899,24,2024-09-12,2026-09-02,Online,Pol-Crop
3533,4304,Motor,4553.0,4756006,32,2023-04-19,2025-12-04,Agent,Pol-Motor
3534,879,Motor,5714.0,11404663,22,2023-07-13,2025-05-03,Online,Pol-Motor
3535,3713,Health,8028.0,9298548,5,2024-07-24,2024-12-21,Online,Pol-Health
3536,2390,Property,7076.0,4508371,5,2025-04-29,2025-09-26,Bancassurance,Pol-Property
3537,1613,Travel,8403.0,4751802,22,2023-07-16,2025-05-06,Aggregator,Pol-Travel
3538,4474,Motor,7964.0,1660259,48,2023-09-27,2027-09-06,Bancassurance,Pol-Motor
3539,4507,Crop,5721.0,5899889,49,2023-03-24,2027-04-02,Agent,Pol-Crop
3540,4479,Health,6506.0,8936599,51,2025-03-29,2029-06-06,Online,Pol-Health
3541,3465,Motor,5047.0,2815550,39,2023-12-31,2027-03-15,Aggregator,Pol-Motor
3542,571,Travel,29103.0,5580199,22,2024-10-11,2026-08-02,Bancassurance,Pol-Travel
3543,1175,Motor,8689.0,7296599,7,2023-09-05,2024-04-02,Agent,Pol-Motor
3544,280,Property,17643.0,11807068,50,2024-11-19,2028-12-28,Online,Pol-Property
3545,2671,Property,4358.0,4085431,54,2024-11-23,2029-05-01,Aggregator,Pol-Property
3546,2553,Health,7015.0,2482664,21,2024-07-18,2026-04-09,Online,Pol-Health
3547,2154,Health,5866.0,3979750,35,2023-04-06,2026-02-19,Agent,Pol-Health
3548,4110,Health,8937.0,7008000,10,2023-03-30,2024-01-24,Agent,Pol-Health
3549,2053,Motor,8120.0,6665970,50,2024-11-16,2028-12-25,Agent,Pol-Motor
3550,3067,Property,4153.0,1349899,12,2025-09-19,2026-09-14,Partnership,Pol-Property
3551,3711,Travel,9301.0,3975460,37,2025-08-12,2028-08-26,Bancassurance,Pol-Travel
3552,858,Health,8381.0,2145153,23,2024-07-30,2026-06-20,Agent,Pol-Health
3553,3801,Travel,8495.0,5549916,38,2024-09-02,2027-10-17,Partnership,Pol-Travel
3554,4562,Health,13045.0,7437674,59,2025-04-01,2030-02-04,Online,Pol-Health
3555,4842,Health,11777.0,13497490,13,2024-09-24,2025-10-19,Online,Pol-Health
3556,1857,Health,16524.0,16735599,3,2024-07-23,2024-10-21,Agent,Pol-Health
3557,4228,Motor,8686.0,8425892,6,2024-11-09,2025-05-08,Partnership,Pol-Motor
3558,777,Crop,11579.0,3714801,30,2023-12-13,2026-05-31,Bancassurance,Pol-Crop
3559,3763,Property,6666.0,3401306,41,2023-11-26,2027-04-09,Online,Pol-Property
3560,2464,Crop,8071.0,8177385,3,2024-07-22,2024-10-20,Partnership,Pol-Crop
3561,4440,Health,9804.0,10732278,2,2023-12-20,2024-02-18,Aggregator,Pol-Health
3562,3449,Crop,5727.0,1805435,57,2025-08-22,2030-04-28,Agent,Pol-Crop
3563,1556,Health,7562.0,46130221,59,2025-09-01,2030-07-07,Bancassurance,Pol-Health
3564,3368,Health,3863.0,7917208,30,2024-08-31,2027-02-17,Bancassurance,Pol-Health
3565,578,Travel,13588.0,11472206,28,2024-02-12,2026-06-01,Online,Pol-Travel
3566,4441,Health,13787.0,8177088,53,2023-06-28,2027-11-04,Online,Pol-Health
3567,2523,Health,3997.0,2099289,49,2023-03-28,2027-04-06,Aggregator,Pol-Health
3568,4621,Motor,13080.0,3622120,49,2024-09-29,2028-10-08,Aggregator,Pol-Motor
3569,46,Travel,11896.0,2682522,57,2023-09-14,2028-05-20,Online,Pol-Travel
3570,1935,Motor,8604.0,1178764,43,2024-04-06,2027-10-18,Online,Pol-Motor
3571,981,Motor,8614.0,1791087,40,2025-01-01,2028-04-15,Online,Pol-Motor
3572,3295,Motor,9762.0,26263602,34,2023-08-18,2026-06-03,Agent,Pol-Motor
3573,2071,Health,3801.0,4436507,31,2023-08-25,2026-03-12,Online,Pol-Health
3574,2115,Motor,23203.0,11783526,17,2023-09-24,2025-02-15,Aggregator,Pol-Motor
3575,626,Property,2478.0,3239519,58,2025-04-20,2030-01-24,Online,Pol-Property
3576,3555,Motor,3529.0,2829079,9,2025-09-07,2026-06-04,Bancassurance,Pol-Motor
3577,3650,Property,12466.0,20605285,20,2023-03-12,2024-11-01,Online,Pol-Property
3578,3725,Motor,11601.0,4568149,13,2025-04-18,2026-05-13,Aggregator,Pol-Motor
3579,258,Motor,17189.0,4405054,54,2025-06-06,2029-11-12,Bancassurance,Pol-Motor
3580,4044,Property,7725.0,6829757,27,2023-04-01,2025-06-19,Aggregator,Pol-Property
3581,2011,Motor,4622.0,9527372,36,2024-04-21,2027-04-06,Partnership,Pol-Motor
3582,2594,Motor,7575.0,3330468,58,2025-04-22,2030-01-26,Agent,Pol-Motor
3583,253,Travel,11227.0,754219,4,2025-06-19,2025-10-17,Online,Pol-Travel
3584,1213,Motor,5180.0,15261207,27,2024-09-10,2026-11-29,Agent,Pol-Motor
3585,2125,Motor,4301.0,7936126,8,2023-07-06,2024-03-02,Agent,Pol-Motor
3586,725,Motor,7449.0,2435120,9,2024-06-07,2025-03-04,Partnership,Pol-Motor
3587,2417,Motor,5110.0,4658997,21,2023-04-01,2024-12-21,Online,Pol-Motor
3588,4664,Motor,6721.0,17741018,35,2023-06-29,2026-05-14,Aggregator,Pol-Motor
3589,2672,Crop,5384.0,22317728,28,2023-03-06,2025-06-23,Online,Pol-Crop
3590,1178,Motor,9811.0,3998429,27,2025-06-22,2027-09-10,Online,Pol-Motor
3591,2203,Motor,5855.0,20727306,7,2023-02-23,2023-09-21,Online,Pol-Motor
3592,2842,Crop,5659.0,5392714,50,2025-07-17,2029-08-25,Agent,Pol-Crop
3593,271,Health,10432.0,2782907,45,2024-09-04,2028-05-16,Partnership,Pol-Health
3594,562,Motor,4209.0,3350384,34,2025-07-26,2028-05-11,Bancassurance,Pol-Motor
3595,3140,Health,4661.0,26646794,14,2024-12-06,2026-01-30,Agent,Pol-Health
3596,2180,Motor,8685.0,9079957,29,2025-01-27,2027-06-16,Bancassurance,Pol-Motor
3597,1694,Health,4734.0,2295487,46,2023-12-19,2027-09-29,Agent,Pol-Health
3598,845,Health,14051.0,13627926,29,2023-11-20,2026-04-08,Agent,Pol-Health
3599,3754,Travel,4330.0,14117468,57,2023-10-18,2028-06-23,Bancassurance,Pol-Travel
3600,3854,Motor,6907.0,3709064,54,2025-07-06,2029-12-12,Online,Pol-Motor
3601,4316,Property,4751.0,8205376,57,2024-07-04,2029-03-10,Bancassurance,Pol-Property
3602,3624,Motor,15236.0,19310445,21,2023-01-05,2024-09-26,Bancassurance,Pol-Motor
3603,4995,Health,4324.0,1896574,49,2023-01-08,2027-01-17,Online,Pol-Health
3604,1103,Motor,19127.0,1055762,2,2024-07-27,2024-09-25,Agent,Pol-Motor
3605,751,Health,7644.0,2938782,51,2025-09-21,2029-11-29,Bancassurance,Pol-Health
3606,2368,Health,6686.0,1107261,10,2023-02-20,2023-12-17,Agent,Pol-Health
3607,4414,Travel,2583.0,1757131,24,2023-02-03,2025-01-23,Aggregator,Pol-Travel
3608,1773,Crop,16865.0,15071743,27,2023-02-10,2025-04-30,Online,Pol-Crop
3609,4684,Health,9452.0,2516514,51,2023-10-03,2027-12-11,Agent,Pol-Health
3610,2087,Motor,3986.0,5070610,51,2024-08-16,2028-10-24,Agent,Pol-Motor
3611,3271,Health,5650.0,10350404,32,2024-09-06,2027-04-24,Online,Pol-Health
3612,4201,Property,3206.0,15661743,45,2023-06-04,2027-02-13,Agent,Pol-Property
3613,3866,Motor,4969.0,7375008,23,2025-06-06,2027-04-27,Aggregator,Pol-Motor
3614,507,Health,6924.0,786105,48,2025-04-30,2029-04-09,Online,Pol-Health
3615,4666,Motor,16621.0,5142777,57,2023-03-14,2027-11-18,Aggregator,Pol-Motor
3616,329,Motor,25485.0,10755569,52,2024-08-18,2028-11-25,Online,Pol-Motor
3617,1715,Motor,9572.0,6265559,44,2024-12-11,2028-07-23,Online,Pol-Motor
3618,222,Travel,3366.0,8824333,36,2023-01-16,2025-12-31,Aggregator,Pol-Travel
3619,2704,Motor,23498.0,2941501,57,2023-03-19,2027-11-23,Partnership,Pol-Motor
3620,3888,Motor,3023.0,5868254,21,2023-07-20,2025-04-10,Agent,Pol-Motor
3621,4247,Travel,11265.0,9769834,22,2023-09-20,2025-07-11,Aggregator,Pol-Travel
3622,2771,Health,7577.0,19437526,23,2024-10-22,2026-09-12,Aggregator,Pol-Health
3623,3940,Property,13581.0,3034886,54,2024-07-10,2028-12-16,Online,Pol-Property
3624,979,Motor,5025.0,2975436,12,2025-06-08,2026-06-03,Partnership,Pol-Motor
3625,3094,Health,12301.0,22399825,13,2024-08-28,2025-09-22,Agent,Pol-Health
3626,2925,Motor,15148.0,3977833,34,2024-12-18,2027-10-04,Agent,Pol-Motor
3627,621,Health,9001.0,6585888,25,2025-09-19,2027-10-09,Online,Pol-Health
3628,3466,Health,7380.0,6825723,2,2023-06-04,2023-08-03,Agent,Pol-Health
3629,1632,Health,12213.0,5367097,41,2025-08-30,2029-01-11,Bancassurance,Pol-Health
3630,3407,Health,14344.0,30958764,54,2024-10-03,2029-03-11,Agent,Pol-Health
3631,1838,Property,5809.0,4385191,21,2025-09-15,2027-06-07,Online,Pol-Property
3632,4936,Health,5338.0,10981454,56,2025-02-06,2029-09-13,Online,Pol-Health
3633,1561,Health,5311.0,3701628,31,2024-03-30,2026-10-16,Partnership,Pol-Health
3634,44,Motor,2383.0,28885115,18,2023-01-13,2024-07-06,Agent,Pol-Motor
3635,4693,Crop,11692.0,2573796,16,2024-09-20,2026-01-13,Partnership,Pol-Crop
3636,4118,Motor,7308.0,9402865,14,2023-09-12,2024-11-05,Agent,Pol-Motor
3637,4322,Health,6361.0,654496,33,2025-09-01,2028-05-18,Aggregator,Pol-Health
3638,4645,Motor,5874.0,4138158,46,2025-01-18,2028-10-29,Online,Pol-Motor
3639,4470,Crop,9126.0,8895588,7,2024-05-19,2024-12-15,Partnership,Pol-Crop
3640,1028,Crop,5264.0,1458074,38,2024-02-07,2027-03-23,Online,Pol-Crop
3641,1986,Motor,11485.0,3852315,20,2024-12-13,2026-08-05,Bancassurance,Pol-Motor
3642,1727,Property,6071.0,96168176,4,2023-12-28,2024-04-26,Aggregator,Pol-Property
3643,833,Motor,4131.0,2059842,11,2025-04-01,2026-02-25,Aggregator,Pol-Motor
3644,3394,Motor,9922.0,6886921,6,2023-08-26,2024-02-22,Agent,Pol-Motor
3645,2587,Crop,4748.0,1440412,39,2023-07-05,2026-09-17,Online,Pol-Crop
3646,4468,Motor,7077.0,2034384,50,2024-01-29,2028-03-08,Aggregator,Pol-Motor
3647,1389,Motor,11703.0,7921576,7,2025-06-17,2026-01-13,Bancassurance,Pol-Motor
3648,913,Health,7512.0,4409341,45,2025-07-01,2029-03-12,Online,Pol-Health
3649,1093,Property,7740.0,2591530,30,2023-05-18,2025-11-03,Bancassurance,Pol-Property
3650,1270,Motor,5888.0,3541394,42,2025-09-11,2029-02-22,Online,Pol-Motor
3651,758,Motor,7976.0,14617191,23,2023-10-26,2025-09-15,Online,Pol-Motor
3652,1789,Motor,5367.0,4382519,28,2023-02-20,2025-06-09,Online,Pol-Motor
3653,2834,Motor,9543.0,9054331,38,2024-03-09,2027-04-23,Agent,Pol-Motor
3654,3763,Motor,6199.0,1119025,35,2024-05-27,2027-04-12,Aggregator,Pol-Motor
3655,3062,Travel,6673.0,3300367,56,2024-06-15,2029-01-20,Agent,Pol-Travel
3656,2088,Motor,4432.0,3671092,1,2023-12-09,2024-01-08,Agent,Pol-Motor
3657,3111,Health,9496.0,2766959,24,2023-07-10,2025-06-29,Agent,Pol-Health
3658,2793,Travel,5587.0,4802402,48,2025-06-01,2029-05-11,Online,Pol-Travel
3659,4662,Health,4244.0,4090360,28,2024-12-20,2027-04-09,Agent,Pol-Health
3660,3244,Motor,5658.0,10385136,55,2025-03-20,2029-09-25,Agent,Pol-Motor
3661,4398,Health,11017.0,14591817,34,2023-11-06,2026-08-22,Agent,Pol-Health
3662,1725,Crop,9799.0,3079835,17,2024-09-02,2026-01-25,Bancassurance,Pol-Crop
3663,934,Motor,2396.0,15882935,24,2025-04-04,2027-03-25,Agent,Pol-Motor
3664,555,Motor,5181.0,2795845,31,2023-02-15,2025-09-02,Aggregator,Pol-Motor
3665,4,Motor,15052.0,6009658,20,2024-02-02,2025-09-24,Online,Pol-Motor
3666,1285,Health,13737.0,1627840,59,2023-03-17,2028-01-20,Online,Pol-Health
3667,4069,Motor,3918.0,4169390,29,2024-05-25,2026-10-12,Online,Pol-Motor
3668,4977,Property,11490.0,21335155,28,2024-05-17,2026-09-04,Agent,Pol-Property
3669,3621,Health,3572.0,6124714,14,2023-07-01,2024-08-24,Aggregator,Pol-Health
3670,4506,Health,4825.0,4277726,42,2023-05-12,2026-10-23,Online,Pol-Health
3671,88,Property,4292.0,890619,26,2023-12-22,2026-02-09,Online,Pol-Property
3672,4195,Motor,10604.0,5084537,41,2024-03-22,2027-08-04,Aggregator,Pol-Motor
3673,1641,Property,7455.0,5876615,44,2025-05-17,2028-12-27,Partnership,Pol-Property
3674,217,Health,9447.0,3517176,11,2023-10-04,2024-08-29,Partnership,Pol-Health
3675,191,Health,2752.0,3990675,16,2025-06-15,2026-10-08,Partnership,Pol-Health
3676,1734,Motor,11405.0,4903791,36,2024-07-25,2027-07-10,Online,Pol-Motor
3677,4713,Health,16613.0,5541808,29,2023-01-23,2025-06-11,Aggregator,Pol-Health
3678,1206,Health,8269.0,4581845,27,2024-06-11,2026-08-30,Agent,Pol-Health
3679,2643,Health,19796.0,15457815,29,2024-06-09,2026-10-27,Bancassurance,Pol-Health
3680,3231,Motor,11332.0,2122024,28,2024-09-08,2026-12-27,Online,Pol-Motor
3681,3307,Motor,18096.0,21664741,32,2023-04-28,2025-12-13,Bancassurance,Pol-Motor
3682,2848,Health,6536.0,4248453,27,2023-03-18,2025-06-05,Aggregator,Pol-Health
3683,3458,Health,8607.0,8726154,11,2024-01-21,2024-12-16,Online,Pol-Health
3684,4626,Health,5223.0,14067384,45,2024-08-11,2028-04-22,Partnership,Pol-Health
3685,3356,Health,3548.0,6402552,8,2024-10-08,2025-06-05,Bancassurance,Pol-Health
3686,4167,Motor,4883.0,5236072,56,2024-08-12,2029-03-19,Aggregator,Pol-Motor
3687,2165,Motor,8454.0,6148771,49,2024-04-11,2028-04-20,Agent,Pol-Motor
3688,100,Health,3905.0,939302,53,2023-03-11,2027-07-18,Agent,Pol-Health
3689,600,Health,7760.0,494550,43,2023-03-19,2026-09-29,Online,Pol-Health
3690,860,Health,2471.0,10639730,4,2025-09-12,2026-01-10,Aggregator,Pol-Health
3691,3892,Crop,6215.0,4008602,52,2023-05-20,2027-08-27,Partnership,Pol-Crop
3692,2682,Property,8351.0,2502100,57,2025-07-08,2030-03-14,Online,Pol-Property
3693,2105,Motor,5154.0,6572962,12,2024-10-23,2025-10-18,Agent,Pol-Motor
3694,2241,Health,6269.0,4679165,32,2025-03-24,2027-11-09,Bancassurance,Pol-Health
3695,994,Health,7260.0,1682726,59,2025-01-15,2029-11-20,Online,Pol-Health
3696,3911,Motor,6036.0,12640349,12,2025-05-02,2026-04-27,Agent,Pol-Motor
3697,3582,Travel,8458.0,14907588,51,2025-05-29,2029-08-06,Partnership,Pol-Travel
3698,1177,Health,3149.0,6513169,56,2025-01-20,2029-08-27,Aggregator,Pol-Health
3699,4126,Property,4051.0,6249582,25,2024-02-18,2026-03-09,Online,Pol-Property
3700,3441,Travel,4390.0,5337221,24,2024-05-30,2026-05-20,Agent,Pol-Travel
3701,3463,Motor,6594.0,6003516,20,2023-08-09,2025-03-31,Agent,Pol-Motor
3702,1377,Motor,18102.0,7379533,50,2023-08-20,2027-09-28,Aggregator,Pol-Motor
3703,572,Motor,9794.0,3531397,42,2024-02-26,2027-08-09,Online,Pol-Motor
3704,4162,Motor,3109.0,11099701,7,2024-12-15,2025-07-13,Online,Pol-Motor
3705,2214,Motor,8139.0,6281996,32,2024-05-02,2026-12-18,Bancassurance,Pol-Motor
3706,1516,Travel,5566.0,10810180,51,2023-02-13,2027-04-23,Online,Pol-Travel
3707,3725,Travel,5841.0,16772106,6,2025-09-02,2026-03-01,Agent,Pol-Travel
3708,4660,Health,5095.0,5568797,19,2023-10-08,2025-04-30,Aggregator,Pol-Health
3709,180,Property,6374.0,7272172,52,2025-08-21,2029-11-28,Agent,Pol-Property
3710,726,Motor,2999.0,9624039,18,2023-03-15,2024-09-05,Bancassurance,Pol-Motor
3711,4873,Health,6898.0,5742436,12,2023-04-08,2024-04-02,Agent,Pol-Health
3712,1041,Motor,8585.0,3954036,43,2024-05-17,2027-11-28,Online,Pol-Motor
3713,82,Motor,4910.0,6354984,47,2023-03-21,2027-01-29,Bancassurance,Pol-Motor
3714,3112,Motor,5626.0,17376187,37,2024-07-21,2027-08-05,Aggregator,Pol-Motor
3715,3019,Health,4034.0,610686,10,2023-09-17,2024-07-13,Online,Pol-Health
3716,1206,Motor,5985.0,10553741,23,2023-07-11,2025-05-31,Aggregator,Pol-Motor
3717,3968,Motor,7667.0,6199629,18,2024-12-22,2026-06-15,Agent,Pol-Motor
3718,3798,Health,6669.0,3369377,21,2024-03-04,2025-11-24,Agent,Pol-Health
3719,2982,Health,10168.0,11759006,54,2024-01-12,2028-06-19,Partnership,Pol-Health
3720,2782,Motor,11815.0,1823275,47,2024-08-17,2028-06-27,Online,Pol-Motor
3721,3846,Motor,5458.0,3757294,54,2024-08-30,2029-02-05,Online,Pol-Motor
3722,4653,Crop,6527.0,17549429,13,2023-01-13,2024-02-07,Aggregator,Pol-Crop
3723,3447,Motor,4222.0,980361,2,2023-10-02,2023-12-01,Online,Pol-Motor
3724,1491,Property,5760.0,8460955,2,2023-09-22,2023-11-21,Online,Pol-Property
3725,2289,Motor,7524.0,19671584,18,2025-09-18,2027-03-12,Aggregator,Pol-Motor
3726,2382,Health,10688.0,14552733,35,2025-09-10,2028-07-26,Bancassurance,Pol-Health
3727,48,Health,6979.0,7714841,48,2025-05-17,2029-04-26,Agent,Pol-Health
3728,4009,Property,8553.0,2272427,34,2023-08-06,2026-05-22,Online,Pol-Property
3729,463,Motor,3756.0,12046969,41,2024-12-08,2028-04-21,Online,Pol-Motor
3730,2365,Motor,8282.0,3063041,10,2025-04-07,2026-02-01,Bancassurance,Pol-Motor
3731,2420,Property,4748.0,4686809,37,2024-12-02,2027-12-17,Bancassurance,Pol-Property
3732,1794,Health,16070.0,5144351,32,2024-01-19,2026-09-05,Aggregator,Pol-Health
3733,3541,Crop,18167.0,1780192,25,2023-08-10,2025-08-29,Online,Pol-Crop
3734,1034,Property,15855.0,17268326,24,2023-06-10,2025-05-30,Agent,Pol-Property
3735,588,Health,4626.0,4962824,21,2023-09-10,2025-06-01,Agent,Pol-Health
3736,4519,Travel,10180.0,5050508,45,2024-04-25,2028-01-05,Online,Pol-Travel
3737,3010,Health,2109.0,3107651,39,2023-10-14,2026-12-27,Online,Pol-Health
3738,2775,Health,12520.0,2848955,34,2025-04-09,2028-01-24,Aggregator,Pol-Health
3739,476,Health,7202.0,9391153,26,2024-12-19,2027-02-07,Aggregator,Pol-Health
3740,4341,Health,2948.0,9614356,42,2023-07-23,2027-01-03,Online,Pol-Health
3741,2740,Health,9903.0,78216337,39,2023-07-22,2026-10-04,Agent,Pol-Health
3742,4584,Property,6167.0,4072617,5,2025-05-22,2025-10-19,Agent,Pol-Property
3743,2901,Health,6154.0,3681576,6,2025-07-29,2026-01-25,Online,Pol-Health
3744,1826,Health,9542.0,14598067,32,2024-01-04,2026-08-21,Bancassurance,Pol-Health
3745,4849,Health,12075.0,11493878,41,2023-06-27,2026-11-08,Agent,Pol-Health
3746,1898,Motor,8379.0,4153446,32,2024-12-27,2027-08-14,Online,Pol-Motor
3747,3757,Motor,2323.0,7405355,8,2025-02-19,2025-10-17,Bancassurance,Pol-Motor
3748,3567,Motor,8369.0,21956512,18,2025-01-07,2026-07-01,Aggregator,Pol-Motor
3749,1349,Health,4362.0,1845498,58,2025-05-08,2030-02-11,Agent,Pol-Health
3750,2358,Crop,9312.0,2763417,54,2025-03-14,2029-08-20,Online,Pol-Crop
3751,2086,Health,8610.0,7929391,1,2024-10-11,2024-11-10,Online,Pol-Health
3752,4609,Travel,6227.0,2932896,24,2024-07-15,2026-07-05,Online,Pol-Travel
3753,3543,Motor,6804.0,3066714,47,2024-07-11,2028-05-21,Online,Pol-Motor
3754,2447,Property,2899.0,16271163,17,2025-04-07,2026-08-30,Bancassurance,Pol-Property
3755,1601,Motor,15889.0,7817923,18,2024-09-15,2026-03-09,Partnership,Pol-Motor
3756,3078,Motor,8317.0,5130419,20,2023-08-31,2025-04-22,Agent,Pol-Motor
3757,2237,Crop,8016.0,2677907,26,2024-06-17,2026-08-06,Online,Pol-Crop
3758,1687,Motor,8205.0,7496486,50,2025-09-09,2029-10-18,Online,Pol-Motor
3759,4756,Motor,2858.0,15479264,30,2023-11-12,2026-04-30,Online,Pol-Motor
3760,4124,Motor,11481.0,1685414,37,2025-07-18,2028-08-01,Online,Pol-Motor
3761,2002,Property,5737.0,1795619,27,2023-07-20,2025-10-07,Online,Pol-Property
3762,135,Health,7434.0,9940148,39,2024-10-03,2027-12-17,Partnership,Pol-Health
3763,1790,Motor,5192.0,3260213,23,2024-08-18,2026-07-09,Aggregator,Pol-Motor
3764,4401,Motor,3799.0,2603165,26,2024-01-19,2026-03-09,Aggregator,Pol-Motor
3765,2543,Motor,5338.0,2920681,5,2025-08-06,2026-01-03,Online,Pol-Motor
3766,4820,Motor,6366.0,10648599,14,2024-12-12,2026-02-05,Agent,Pol-Motor
3767,3352,Crop,6956.0,10358603,35,2025-06-11,2028-04-26,Agent,Pol-Crop
3768,2908,Travel,5441.0,7696644,53,2024-06-23,2028-10-30,Bancassurance,Pol-Travel
3769,4988,Travel,6636.0,3665456,32,2023-11-13,2026-06-30,Aggregator,Pol-Travel
3770,2271,Crop,6012.0,2587378,45,2023-12-06,2027-08-17,Agent,Pol-Crop
3771,3675,Crop,3524.0,3131688,4,2025-03-22,2025-07-20,Aggregator,Pol-Crop
3772,2028,Property,6880.0,2422437,22,2023-05-15,2025-03-05,Online,Pol-Property
3773,828,Travel,6879.0,3785278,49,2024-12-13,2028-12-22,Online,Pol-Travel
3774,1344,Crop,4938.0,5567721,33,2023-08-12,2026-04-28,Online,Pol-Crop
3775,4295,Health,11134.0,10477233,13,2023-10-15,2024-11-08,Aggregator,Pol-Health
3776,3128,Motor,6962.0,5576460,8,2023-07-08,2024-03-04,Bancassurance,Pol-Motor
3777,407,Health,8497.0,4630776,38,2024-05-21,2027-07-05,Aggregator,Pol-Health
3778,1462,Health,4549.0,24921021,46,2025-01-18,2028-10-29,Aggregator,Pol-Health
3779,1775,Health,4997.0,235125,9,2023-05-04,2024-01-29,Agent,Pol-Health
3780,1371,Property,6102.0,9606277,58,2023-01-29,2027-11-04,Agent,Pol-Property
3781,486,Health,3824.0,8622248,44,2023-10-10,2027-05-22,Online,Pol-Health
3782,363,Motor,2792.0,8722525,28,2023-10-31,2026-02-17,Online,Pol-Motor
3783,3802,Motor,13884.0,12439601,1,2023-11-05,2023-12-05,Online,Pol-Motor
3784,212,Crop,5283.0,1851881,15,2025-03-05,2026-05-29,Agent,Pol-Crop
3785,4797,Health,6564.0,12722146,7,2023-09-28,2024-04-25,Agent,Pol-Health
3786,2662,Motor,8159.0,7613209,17,2023-12-18,2025-05-11,Aggregator,Pol-Motor
3787,916,Crop,6357.0,3773711,12,2023-01-02,2023-12-28,Online,Pol-Crop
3788,1461,Motor,4019.0,9501392,55,2023-09-28,2028-04-04,Agent,Pol-Motor
3789,4239,Health,11912.0,6326429,55,2023-06-21,2027-12-27,Online,Pol-Health
3790,3357,Motor,5580.0,2307698,29,2024-11-14,2027-04-03,Online,Pol-Motor
3791,1094,Crop,9747.0,872094,56,2023-09-24,2028-04-30,Online,Pol-Crop
3792,1734,Property,14722.0,1655065,14,2025-08-26,2026-10-20,Agent,Pol-Property
3793,1552,Health,3803.0,2833839,13,2024-03-26,2025-04-20,Bancassurance,Pol-Health
3794,1334,Travel,10966.0,7690270,53,2025-05-13,2029-09-19,Online,Pol-Travel
3795,865,Travel,7700.0,1475545,56,2023-06-11,2028-01-16,Agent,Pol-Travel
3796,1287,Property,4647.0,7797712,32,2024-03-11,2026-10-27,Aggregator,Pol-Property
3797,4156,Crop,9062.0,7139587,42,2023-11-20,2027-05-03,Partnership,Pol-Crop
3798,4618,Property,7723.0,34328071,53,2024-10-30,2029-03-08,Online,Pol-Property
3799,309,Health,5400.0,7457900,25,2025-03-26,2027-04-15,Aggregator,Pol-Health
3800,1544,Health,18991.0,836622,27,2024-10-16,2027-01-04,Online,Pol-Health
3801,1406,Motor,8877.0,15114057,24,2023-05-19,2025-05-08,Bancassurance,Pol-Motor
3802,1573,Motor,4244.0,2371203,13,2023-10-25,2024-11-18,Online,Pol-Motor
3803,2002,Property,8645.0,2260314,29,2023-12-23,2026-05-11,Aggregator,Pol-Property
3804,900,Motor,6693.0,4522968,30,2023-06-26,2025-12-12,Aggregator,Pol-Motor
3805,1108,Health,4160.0,8849800,27,2025-06-11,2027-08-30,Agent,Pol-Health
3806,3306,Motor,6525.0,4210520,7,2025-01-20,2025-08-18,Agent,Pol-Motor
3807,4858,Health,8899.0,5438237,13,2024-08-08,2025-09-02,Online,Pol-Health
3808,4336,Motor,4611.0,2368791,7,2025-02-21,2025-09-19,Online,Pol-Motor
3809,3795,Crop,3645.0,1883993,35,2023-01-11,2025-11-26,Aggregator,Pol-Crop
3810,4321,Travel,3686.0,6461362,6,2024-07-14,2025-01-10,Online,Pol-Travel
3811,4375,Travel,3781.0,1366462,22,2023-09-11,2025-07-02,Agent,Pol-Travel
3812,3885,Health,9577.0,2836402,59,2024-09-28,2029-08-03,Online,Pol-Health
3813,2477,Travel,8994.0,4002467,14,2024-10-11,2025-12-05,Agent,Pol-Travel
3814,402,Health,4626.0,6656675,21,2025-06-30,2027-03-22,Online,Pol-Health
3815,2094,Health,6582.0,4263540,18,2024-12-27,2026-06-20,Aggregator,Pol-Health
3816,3248,Motor,3804.0,4050429,48,2023-01-11,2026-12-21,Online,Pol-Motor
3817,3072,Crop,5303.0,1780851,29,2024-03-28,2026-08-15,Agent,Pol-Crop
3818,3857,Motor,5262.0,3712630,26,2024-08-12,2026-10-01,Aggregator,Pol-Motor
3819,3702,Health,8514.0,4305023,39,2025-01-15,2028-03-30,Aggregator,Pol-Health
3820,1808,Property,13213.0,7841012,37,2025-04-01,2028-04-15,Aggregator,Pol-Property
3821,1390,Health,4243.0,2623225,50,2024-04-15,2028-05-24,Aggregator,Pol-Health
3822,4400,Motor,4845.0,2410591,45,2025-02-06,2028-10-18,Bancassurance,Pol-Motor
3823,2399,Health,8404.0,1810156,36,2024-11-19,2027-11-04,Aggregator,Pol-Health
3824,4801,Property,3569.0,6178317,28,2025-07-05,2027-10-23,Aggregator,Pol-Property
3825,92,Motor,4641.0,3932401,11,2024-04-23,2025-03-19,Online,Pol-Motor
3826,3233,Property,11251.0,4776729,17,2023-05-21,2024-10-12,Online,Pol-Property
3827,2180,Crop,13517.0,3518336,12,2023-01-24,2024-01-19,Agent,Pol-Crop
3828,2817,Travel,4603.0,3646276,28,2024-08-17,2026-12-05,Agent,Pol-Travel
3829,1313,Health,4850.0,3119420,24,2024-11-20,2026-11-10,Agent,Pol-Health
3830,4554,Motor,10250.0,8459023,31,2024-07-15,2027-01-31,Aggregator,Pol-Motor
3831,4030,Health,11840.0,5593272,37,2025-08-21,2028-09-04,Agent,Pol-Health
3832,899,Health,6294.0,20196636,56,2025-08-24,2030-03-31,Bancassurance,Pol-Health
3833,3173,Crop,5149.0,4101700,49,2025-06-10,2029-06-19,Agent,Pol-Crop
3834,3093,Travel,9429.0,22263576,56,2023-01-18,2027-08-25,Agent,Pol-Travel
3835,249,Crop,8594.0,4172816,29,2024-03-22,2026-08-09,Agent,Pol-Crop
3836,2240,Health,7057.0,8531110,5,2024-07-19,2024-12-16,Agent,Pol-Health
3837,2633,Health,17999.0,3109867,55,2025-05-26,2029-12-01,Bancassurance,Pol-Health
3838,3385,Motor,8135.0,8334491,35,2023-08-19,2026-07-04,Online,Pol-Motor
3839,4264,Motor,4069.0,675458,13,2024-08-23,2025-09-17,Agent,Pol-Motor
3840,3705,Crop,8868.0,1753905,51,2024-03-19,2028-05-27,Bancassurance,Pol-Crop
3841,1198,Health,5105.0,2232026,45,2024-04-04,2027-12-15,Aggregator,Pol-Health
3842,1992,Health,6608.0,34195249,9,2025-04-02,2025-12-28,Agent,Pol-Health
3843,4504,Motor,10550.0,13913812,31,2024-10-18,2027-05-06,Bancassurance,Pol-Motor
3844,501,Motor,11066.0,6805924,23,2023-09-21,2025-08-11,Aggregator,Pol-Motor
3845,1162,Health,1646.0,3707230,59,2025-02-09,2029-12-15,Online,Pol-Health
3846,99,Crop,5409.0,3192896,16,2025-05-26,2026-09-18,Agent,Pol-Crop
3847,3129,Motor,5583.0,3123348,54,2025-07-23,2029-12-29,Aggregator,Pol-Motor
3848,2295,Motor,7176.0,9895061,20,2023-08-18,2025-04-09,Aggregator,Pol-Motor
3849,713,Health,4630.0,5846747,53,2025-02-02,2029-06-11,Agent,Pol-Health
3850,3915,Motor,6229.0,12104091,47,2024-02-19,2027-12-30,Agent,Pol-Motor
3851,107,Motor,6912.0,8927901,8,2024-09-02,2025-04-30,Agent,Pol-Motor
3852,46,Motor,3110.0,7821180,48,2025-04-10,2029-03-20,Agent,Pol-Motor
3853,2444,Health,6605.0,2660962,17,2025-01-23,2026-06-17,Aggregator,Pol-Health
3854,3132,Health,11707.0,2654338,50,2023-12-22,2028-01-30,Agent,Pol-Health
3855,2664,Crop,3880.0,6062577,19,2024-03-07,2025-09-28,Aggregator,Pol-Crop
3856,950,Health,7746.0,7587748,43,2023-04-06,2026-10-17,Agent,Pol-Health
3857,3569,Health,7526.0,4532323,37,2023-12-03,2026-12-17,Online,Pol-Health
3858,2722,Motor,2927.0,1758386,45,2025-08-27,2029-05-08,Bancassurance,Pol-Motor
3859,3799,Property,6073.0,6589889,27,2025-08-11,2027-10-30,Aggregator,Pol-Property
3860,3290,Health,6939.0,10649019,15,2023-10-28,2025-01-20,Online,Pol-Health
3861,4725,Motor,13549.0,1996913,24,2023-03-28,2025-03-17,Agent,Pol-Motor
3862,3335,Health,6043.0,4142170,5,2024-05-29,2024-10-26,Online,Pol-Health
3863,3222,Motor,8759.0,2299314,53,2024-12-17,2029-04-25,Agent,Pol-Motor
3864,3318,Health,5100.0,12748017,47,2025-07-18,2029-05-28,Agent,Pol-Health
3865,4597,Health,8441.0,32500878,38,2025-08-06,2028-09-19,Online,Pol-Health
3866,1818,Health,11255.0,17585950,57,2023-01-23,2027-09-29,Online,Pol-Health
3867,4045,Crop,3174.0,1297495,9,2025-08-02,2026-04-29,Online,Pol-Crop
3868,2222,Travel,7798.0,7359352,25,2024-04-20,2026-05-10,Aggregator,Pol-Travel
3869,4689,Property,9498.0,8842466,15,2024-11-01,2026-01-25,Agent,Pol-Property
3870,4268,Crop,6807.0,25677295,44,2024-04-18,2027-11-29,Agent,Pol-Crop
3871,958,Motor,8209.0,3202527,27,2023-03-13,2025-05-31,Online,Pol-Motor
3872,4905,Motor,10623.0,4818882,59,2025-02-27,2030-01-02,Bancassurance,Pol-Motor
3873,4719,Motor,3679.0,1864841,45,2023-07-03,2027-03-14,Aggregator,Pol-Motor
3874,4815,Motor,8848.0,1601284,53,2024-01-30,2028-06-07,Partnership,Pol-Motor
3875,2386,Motor,13206.0,5728729,6,2024-10-04,2025-04-02,Bancassurance,Pol-Motor
3876,1435,Crop,5888.0,20194036,39,2024-01-05,2027-03-20,Online,Pol-Crop
3877,3170,Health,5319.0,5530618,16,2023-01-07,2024-05-01,Aggregator,Pol-Health
3878,2985,Health,5311.0,5634856,51,2025-03-16,2029-05-24,Online,Pol-Health
3879,3257,Motor,8469.0,1725651,29,2025-04-15,2027-09-02,Agent,Pol-Motor
3880,1437,Health,14873.0,6142357,33,2024-11-25,2027-08-12,Aggregator,Pol-Health
3881,4474,Property,20650.0,3273444,18,2025-09-15,2027-03-09,Aggregator,Pol-Property
3882,1433,Motor,16071.0,3579628,36,2023-09-22,2026-09-06,Agent,Pol-Motor
3883,1775,Travel,6168.0,25075709,41,2024-04-01,2027-08-14,Agent,Pol-Travel
3884,418,Motor,4769.0,3631511,1,2023-11-19,2023-12-19,Partnership,Pol-Motor
3885,983,Crop,3393.0,3966988,13,2024-12-21,2026-01-15,Agent,Pol-Crop
3886,1139,Motor,9164.0,6561978,6,2024-04-28,2024-10-25,Online,Pol-Motor
3887,2929,Health,31855.0,224428,20,2024-06-05,2026-01-26,Agent,Pol-Health
3888,1234,Travel,8129.0,2675491,38,2025-03-23,2028-05-06,Bancassurance,Pol-Travel
3889,4543,Health,8702.0,1075766,34,2024-05-11,2027-02-25,Aggregator,Pol-Health
3890,831,Health,7175.0,3284025,18,2023-01-23,2024-07-16,Online,Pol-Health
3891,4094,Health,9682.0,29960695,7,2023-01-18,2023-08-16,Online,Pol-Health
3892,4289,Motor,5372.0,442894,37,2025-08-15,2028-08-29,Online,Pol-Motor
3893,2861,Motor,8624.0,1203916,54,2025-08-09,2030-01-15,Agent,Pol-Motor
3894,1969,Motor,6312.0,18229305,16,2023-05-13,2024-09-04,Agent,Pol-Motor
3895,2472,Motor,9308.0,4669957,14,2023-08-28,2024-10-21,Agent,Pol-Motor
3896,4802,Travel,7288.0,8007425,14,2023-12-12,2025-02-04,Agent,Pol-Travel
3897,4744,Crop,9506.0,5881596,4,2024-12-21,2025-04-20,Aggregator,Pol-Crop
3898,4891,Motor,4648.0,6043732,14,2025-04-29,2026-06-23,Agent,Pol-Motor
3899,4837,Crop,12644.0,3952823,1,2023-07-27,2023-08-26,Agent,Pol-Crop
3900,4338,Motor,11922.0,290663,56,2024-12-08,2029-07-15,Agent,Pol-Motor
3901,1510,Motor,6314.0,5285988,33,2024-08-17,2027-05-04,Aggregator,Pol-Motor
3902,773,Property,5530.0,14473358,8,2023-03-21,2023-11-16,Agent,Pol-Property
3903,3673,Motor,3898.0,13278570,27,2024-05-07,2026-07-26,Partnership,Pol-Motor
3904,3987,Motor,4095.0,9092105,33,2025-09-07,2028-05-24,Agent,Pol-Motor
3905,4197,Property,6028.0,4905188,58,2024-07-01,2029-04-06,Agent,Pol-Property
3906,2858,Travel,7919.0,6176876,58,2024-10-03,2029-07-09,Partnership,Pol-Travel
3907,2681,Health,8109.0,11653730,30,2023-10-12,2026-03-30,Online,Pol-Health
3908,1779,Motor,17526.0,1364037,20,2023-03-16,2024-11-05,Bancassurance,Pol-Motor
3909,2020,Motor,5676.0,27338788,6,2024-10-26,2025-04-24,Online,Pol-Motor
3910,2925,Health,5401.0,13345853,1,2024-06-18,2024-07-18,Aggregator,Pol-Health
3911,589,Property,6998.0,28455869,9,2023-11-05,2024-08-01,Bancassurance,Pol-Property
3912,273,Crop,4638.0,7140071,55,2024-05-06,2028-11-11,Online,Pol-Crop
3913,2930,Crop,15751.0,3361827,32,2024-12-04,2027-07-22,Partnership,Pol-Crop
3914,2035,Crop,17968.0,8178163,33,2023-03-19,2025-12-03,Agent,Pol-Crop
3915,1502,Health,10896.0,10637479,58,2025-08-29,2030-06-04,Agent,Pol-Health
3916,2106,Health,11677.0,30512294,18,2023-03-16,2024-09-06,Agent,Pol-Health
3917,3577,Health,6762.0,4139717,37,2024-10-05,2027-10-20,Agent,Pol-Health
3918,4483,Health,10264.0,3716159,19,2025-04-21,2026-11-12,Agent,Pol-Health
3919,4141,Motor,13686.0,13985497,33,2024-06-08,2027-02-23,Online,Pol-Motor
3920,1282,Health,6243.0,4366297,5,2024-02-17,2024-07-16,Agent,Pol-Health
3921,815,Motor,15009.0,3136264,56,2023-05-29,2028-01-03,Agent,Pol-Motor
3922,1270,Crop,7245.0,3324326,12,2024-09-01,2025-08-27,Online,Pol-Crop
3923,4336,Motor,6980.0,874641,1,2024-10-09,2024-11-08,Aggregator,Pol-Motor
3924,3485,Property,4728.0,2844468,6,2023-12-20,2024-06-17,Agent,Pol-Property
3925,1152,Motor,8187.0,7879037,17,2024-01-27,2025-06-20,Online,Pol-Motor
3926,1738,Property,12836.0,5364514,8,2025-09-15,2026-05-13,Bancassurance,Pol-Property
3927,4372,Motor,2369.0,8221948,5,2024-05-15,2024-10-12,Agent,Pol-Motor
3928,2466,Property,8704.0,17779897,35,2023-07-31,2026-06-15,Agent,Pol-Property
3929,2255,Motor,10540.0,46241365,28,2023-02-08,2025-05-28,Agent,Pol-Motor
3930,1576,Health,7782.0,4218184,15,2023-03-22,2024-06-14,Aggregator,Pol-Health
3931,833,Motor,2741.0,1935036,28,2024-02-27,2026-06-16,Online,Pol-Motor
3932,1370,Health,3716.0,3631429,24,2025-09-14,2027-09-04,Aggregator,Pol-Health
3933,3903,Crop,7045.0,10799869,26,2025-08-06,2027-09-25,Aggregator,Pol-Crop
3934,568,Property,3176.0,49637787,8,2025-04-17,2025-12-13,Agent,Pol-Property
3935,4256,Motor,28074.0,6231871,35,2023-10-20,2026-09-04,Partnership,Pol-Motor
3936,4192,Health,14029.0,8291601,16,2025-05-12,2026-09-04,Agent,Pol-Health
3937,3997,Crop,4366.0,4385232,7,2023-07-18,2024-02-13,Agent,Pol-Crop
3938,3188,Health,11346.0,6190084,17,2024-03-04,2025-07-27,Aggregator,Pol-Health
3939,3284,Motor,10250.0,16482060,51,2025-07-16,2029-09-23,Aggregator,Pol-Motor
3940,599,Motor,6116.0,11152907,55,2025-07-15,2030-01-20,Bancassurance,Pol-Motor
3941,44,Health,11986.0,5119058,35,2024-01-20,2026-12-05,Online,Pol-Health
3942,3530,Motor,2583.0,6764638,31,2025-06-16,2028-01-02,Aggregator,Pol-Motor
3943,1882,Health,6180.0,3869934,59,2023-11-06,2028-09-10,Online,Pol-Health
3944,3544,Health,5646.0,15721759,7,2024-02-19,2024-09-16,Aggregator,Pol-Health
3945,1884,Motor,18011.0,28675989,51,2025-06-28,2029-09-05,Partnership,Pol-Motor
3946,381,Health,4536.0,2464377,3,2023-04-29,2023-07-28,Aggregator,Pol-Health
3947,2163,Property,10329.0,2643636,18,2024-02-12,2025-08-05,Agent,Pol-Property
3948,1659,Motor,5199.0,3903815,53,2025-02-19,2029-06-28,Agent,Pol-Motor
3949,4484,Motor,12474.0,11647098,27,2025-05-01,2027-07-20,Partnership,Pol-Motor
3950,2893,Property,5909.0,3670649,17,2024-12-15,2026-05-09,Agent,Pol-Property
3951,2983,Motor,3995.0,12545249,32,2024-05-29,2027-01-14,Aggregator,Pol-Motor
3952,876,Crop,7223.0,1313592,11,2024-08-07,2025-07-03,Online,Pol-Crop
3953,3516,Travel,11180.0,5044683,12,2024-05-24,2025-05-19,Bancassurance,Pol-Travel
3954,28,Travel,9522.0,6076727,46,2024-06-29,2028-04-09,Online,Pol-Travel
3955,636,Health,3476.0,2326932,36,2023-01-10,2025-12-25,Partnership,Pol-Health
3956,2016,Health,3298.0,4748911,12,2025-04-26,2026-04-21,Online,Pol-Health
3957,2125,Crop,5315.0,14634233,12,2024-09-16,2025-09-11,Agent,Pol-Crop
3958,587,Motor,4481.0,4745914,59,2023-11-22,2028-09-26,Aggregator,Pol-Motor
3959,3623,Motor,4670.0,7850652,20,2023-01-11,2024-09-02,Aggregator,Pol-Motor
3960,4330,Motor,5822.0,19334229,42,2025-09-21,2029-03-04,Agent,Pol-Motor
3961,3471,Crop,9857.0,2375006,3,2025-09-25,2025-12-24,Agent,Pol-Crop
3962,4425,Health,6386.0,6805823,31,2025-06-11,2027-12-28,Online,Pol-Health
3963,3715,Health,4055.0,415994,5,2025-05-25,2025-10-22,Online,Pol-Health
3964,3077,Health,4635.0,1540831,20,2024-06-24,2026-02-14,Online,Pol-Health
3965,2396,Health,9153.0,10569091,40,2025-05-28,2028-09-09,Agent,Pol-Health
3966,4010,Motor,6935.0,3336830,43,2023-12-26,2027-07-08,Agent,Pol-Motor
3967,3471,Health,5136.0,6987976,47,2023-06-07,2027-04-17,Online,Pol-Health
3968,1283,Health,10054.0,1383230,56,2024-08-13,2029-03-20,Agent,Pol-Health
3969,391,Health,10977.0,470912,42,2023-09-15,2027-02-26,Bancassurance,Pol-Health
3970,1944,Property,10751.0,2862952,1,2024-12-27,2025-01-26,Agent,Pol-Property
3971,1951,Health,6971.0,3210371,56,2023-05-21,2027-12-26,Agent,Pol-Health
3972,2638,Crop,4676.0,3919564,11,2023-12-12,2024-11-06,Online,Pol-Crop
3973,4,Health,6550.0,20187709,45,2025-06-03,2029-02-12,Agent,Pol-Health
3974,2691,Health,5142.0,851213,41,2023-08-24,2027-01-05,Online,Pol-Health
3975,4105,Property,1965.0,2792425,36,2023-06-14,2026-05-29,Partnership,Pol-Property
3976,3539,Crop,6516.0,3875904,59,2023-05-29,2028-04-02,Agent,Pol-Crop
3977,2748,Health,2504.0,4741642,31,2025-02-27,2027-09-15,Online,Pol-Health
3978,1675,Motor,5100.0,13159466,24,2025-03-20,2027-03-10,Aggregator,Pol-Motor
3979,3535,Motor,5478.0,5107694,15,2024-03-28,2025-06-21,Aggregator,Pol-Motor
3980,932,Motor,15872.0,11031931,57,2024-03-21,2028-11-25,Bancassurance,Pol-Motor
3981,125,Motor,4053.0,15688655,2,2023-03-12,2023-05-11,Bancassurance,Pol-Motor
3982,2866,Health,8239.0,1541509,29,2023-05-03,2025-09-19,Online,Pol-Health
3983,259,Property,6261.0,14851412,59,2024-08-22,2029-06-27,Aggregator,Pol-Property
3984,3669,Health,9232.0,4518962,41,2025-08-12,2028-12-24,Bancassurance,Pol-Health
3985,3134,Motor,5263.0,5624633,22,2025-04-26,2027-02-15,Bancassurance,Pol-Motor
3986,972,Motor,3330.0,6149234,41,2024-08-02,2027-12-15,Agent,Pol-Motor
3987,4375,Health,7735.0,7840941,59,2024-06-18,2029-04-23,Aggregator,Pol-Health
3988,1147,Property,7395.0,1427212,11,2024-11-18,2025-10-14,Partnership,Pol-Property
3989,4685,Crop,8054.0,1317858,56,2023-12-11,2028-07-17,Aggregator,Pol-Crop
3990,2320,Travel,6311.0,3401759,31,2024-06-10,2026-12-27,Agent,Pol-Travel
3991,4049,Crop,6137.0,9317264,20,2023-10-28,2025-06-19,Online,Pol-Crop
3992,4598,Health,10962.0,17119352,43,2024-02-01,2027-08-14,Online,Pol-Health
3993,3341,Property,10470.0,2919763,39,2025-02-08,2028-04-23,Agent,Pol-Property
3994,893,Motor,4904.0,11657567,15,2024-03-16,2025-06-09,Aggregator,Pol-Motor
3995,2616,Motor,6808.0,4446962,35,2024-01-03,2026-11-18,Online,Pol-Motor
3996,4314,Motor,4020.0,7254986,17,2023-04-12,2024-09-03,Online,Pol-Motor
3997,3624,Motor,9740.0,3138507,4,2025-02-15,2025-06-15,Online,Pol-Motor
3998,2207,Motor,9238.0,6103547,52,2024-10-24,2029-01-31,Agent,Pol-Motor
3999,360,Crop,14881.0,2350473,31,2024-10-14,2027-05-02,Agent,Pol-Crop
4000,1489,Health,10598.0,5866199,29,2024-02-25,2026-07-14,Aggregator,Pol-Health
4001,291,Property,8017.0,11762207,30,2025-04-16,2027-10-03,Bancassurance,Pol-Property
4002,3027,Travel,26627.0,3748901,5,2024-06-12,2024-11-09,Agent,Pol-Travel
4003,4956,Travel,8723.0,6753943,29,2024-04-11,2026-08-29,Online,Pol-Travel
4004,2114,Travel,9680.0,7513347,20,2023-10-05,2025-05-27,Aggregator,Pol-Travel
4005,2205,Property,2966.0,14636427,9,2024-11-02,2025-07-30,Bancassurance,Pol-Property
4006,3859,Health,11005.0,1005613,53,2024-10-01,2029-02-07,Online,Pol-Health
4007,3548,Health,24546.0,10148633,37,2024-01-05,2027-01-19,Aggregator,Pol-Health
4008,1567,Property,8461.0,2023976,14,2024-11-29,2026-01-23,Bancassurance,Pol-Property
4009,2405,Crop,10850.0,1862890,56,2024-06-17,2029-01-22,Agent,Pol-Crop
4010,4627,Travel,12767.0,3014525,55,2024-02-03,2028-08-10,Agent,Pol-Travel
4011,480,Property,18053.0,2320460,44,2025-06-12,2029-01-22,Agent,Pol-Property
4012,4893,Health,9943.0,6481477,18,2023-04-11,2024-10-02,Online,Pol-Health
4013,1100,Travel,3324.0,2259592,49,2025-02-22,2029-03-03,Agent,Pol-Travel
4014,2236,Travel,8221.0,9052343,17,2023-02-02,2024-06-26,Bancassurance,Pol-Travel
4015,3763,Health,10813.0,786149,17,2023-02-04,2024-06-28,Online,Pol-Health
4016,476,Health,10392.0,14038980,58,2023-07-28,2028-05-02,Bancassurance,Pol-Health
4017,3378,Property,6794.0,1331743,6,2025-07-13,2026-01-09,Online,Pol-Property
4018,917,Health,6101.0,7760461,21,2024-01-10,2025-10-01,Agent,Pol-Health
4019,4745,Crop,6120.0,2612780,57,2024-08-09,2029-04-15,Online,Pol-Crop
4020,2210,Motor,6805.0,3679517,54,2023-12-25,2028-06-01,Aggregator,Pol-Motor
4021,4898,Health,7829.0,2452076,46,2025-04-28,2029-02-06,Online,Pol-Health
4022,2072,Health,9615.0,796708,42,2025-01-13,2028-06-26,Bancassurance,Pol-Health
4023,1360,Health,8848.0,3554121,10,2024-04-20,2025-02-14,Bancassurance,Pol-Health
4024,1308,Motor,5908.0,1790740,44,2023-08-03,2027-03-15,Agent,Pol-Motor
4025,2222,Motor,4047.0,1493715,28,2025-07-03,2027-10-21,Partnership,Pol-Motor
4026,4975,Crop,8859.0,3681041,37,2024-10-03,2027-10-18,Agent,Pol-Crop
4027,2822,Motor,6344.0,4185473,45,2025-03-03,2028-11-12,Agent,Pol-Motor
4028,4326,Motor,16378.0,5809813,55,2023-03-28,2027-10-03,Agent,Pol-Motor
4029,703,Property,11569.0,8413684,21,2024-06-17,2026-03-09,Agent,Pol-Property
4030,118,Health,8695.0,1820099,1,2023-06-30,2023-07-30,Bancassurance,Pol-Health
4031,2101,Crop,5025.0,1540724,41,2023-09-18,2027-01-30,Online,Pol-Crop
4032,3264,Health,3731.0,10641920,4,2024-08-17,2024-12-15,Agent,Pol-Health
4033,4668,Property,7341.0,4025449,37,2024-12-02,2027-12-17,Agent,Pol-Property
4034,1961,Health,7888.0,31589479,45,2024-09-20,2028-06-01,Online,Pol-Health
4035,4619,Travel,3077.0,849711,52,2024-02-02,2028-05-11,Aggregator,Pol-Travel
4036,772,Motor,9291.0,7280427,48,2023-04-02,2027-03-12,Online,Pol-Motor
4037,2830,Motor,7515.0,2590523,6,2023-09-21,2024-03-19,Online,Pol-Motor
4038,4209,Travel,1929.0,2677441,25,2024-12-22,2027-01-11,Partnership,Pol-Travel
4039,1288,Property,4779.0,3293437,1,2023-10-18,2023-11-17,Aggregator,Pol-Property
4040,1368,Property,4941.0,18000105,36,2023-11-19,2026-11-03,Aggregator,Pol-Property
4041,3595,Motor,3984.0,1192151,42,2024-02-04,2027-07-18,Agent,Pol-Motor
4042,99,Health,8899.0,1176398,35,2023-11-13,2026-09-28,Online,Pol-Health
4043,1047,Motor,17928.0,9383754,3,2025-04-17,2025-07-16,Agent,Pol-Motor
4044,4335,Motor,9245.0,24990459,44,2023-10-20,2027-06-01,Aggregator,Pol-Motor
4045,3804,Health,10058.0,2789153,40,2025-05-06,2028-08-18,Aggregator,Pol-Health
4046,3756,Travel,4974.0,14308641,24,2025-08-14,2027-08-04,Aggregator,Pol-Travel
4047,4483,Motor,9460.0,11821759,23,2023-04-21,2025-03-11,Online,Pol-Motor
4048,606,Motor,6690.0,6941497,26,2024-07-30,2026-09-18,Aggregator,Pol-Motor
4049,2170,Motor,7335.0,6352623,5,2024-05-16,2024-10-13,Online,Pol-Motor
4050,563,Property,5422.0,3837581,34,2025-08-08,2028-05-24,Bancassurance,Pol-Property
4051,4001,Health,3331.0,12173286,53,2024-11-01,2029-03-10,Bancassurance,Pol-Health
4052,20,Motor,11612.0,9803100,52,2025-01-06,2029-04-15,Online,Pol-Motor
4053,4638,Crop,7948.0,3217328,14,2023-05-20,2024-07-13,Online,Pol-Crop
4054,3961,Motor,6538.0,1293173,24,2025-04-10,2027-03-31,Agent,Pol-Motor
4055,1324,Motor,18265.0,2663967,38,2023-05-30,2026-07-13,Online,Pol-Motor
4056,3542,Motor,4455.0,2067355,33,2023-04-26,2026-01-10,Bancassurance,Pol-Motor
4057,3158,Motor,10098.0,5126279,53,2023-05-12,2027-09-18,Bancassurance,Pol-Motor
4058,3741,Motor,20466.0,8301817,56,2025-05-10,2029-12-15,Online,Pol-Motor
4059,2160,Motor,9040.0,7652250,17,2024-08-30,2026-01-22,Partnership,Pol-Motor
4060,1315,Health,4105.0,8156359,33,2023-10-05,2026-06-21,Aggregator,Pol-Health
4061,2427,Motor,11959.0,6413471,44,2023-09-07,2027-04-19,Agent,Pol-Motor
4062,3954,Motor,5582.0,5285080,44,2024-05-22,2028-01-02,Agent,Pol-Motor
4063,940,Motor,5393.0,5093995,15,2023-04-17,2024-07-10,Agent,Pol-Motor
4064,238,Motor,4669.0,16373881,35,2024-09-09,2027-07-26,Agent,Pol-Motor
4065,644,Motor,16551.0,3471311,14,2025-04-06,2026-05-31,Aggregator,Pol-Motor
4066,185,Motor,5988.0,4425403,1,2024-12-12,2025-01-11,Online,Pol-Motor
4067,1831,Travel,4629.0,770079,46,2024-04-08,2028-01-18,Agent,Pol-Travel
4068,1786,Health,13676.0,3304337,14,2024-05-06,2025-06-30,Online,Pol-Health
4069,1449,Property,3315.0,4110935,38,2023-12-21,2027-02-03,Aggregator,Pol-Property
4070,4578,Property,7571.0,15819110,45,2023-09-04,2027-05-16,Aggregator,Pol-Property
4071,1382,Health,5218.0,1618965,37,2023-10-28,2026-11-11,Bancassurance,Pol-Health
4072,362,Property,9928.0,4805353,12,2023-11-11,2024-11-05,Online,Pol-Property
4073,1060,Health,5933.0,4716611,53,2023-05-18,2027-09-24,Aggregator,Pol-Health
4074,516,Health,3620.0,9571816,35,2025-07-04,2028-05-19,Bancassurance,Pol-Health
4075,330,Travel,7879.0,3543370,32,2023-02-04,2025-09-21,Agent,Pol-Travel
4076,3142,Motor,5828.0,9318329,2,2024-03-10,2024-05-09,Aggregator,Pol-Motor
4077,3740,Motor,11170.0,6786960,33,2023-05-19,2026-02-02,Online,Pol-Motor
4078,293,Motor,7582.0,2717298,18,2024-04-14,2025-10-06,Aggregator,Pol-Motor
4079,360,Crop,21391.0,1982842,47,2025-04-22,2029-03-02,Online,Pol-Crop
4080,1610,Health,5551.0,35384055,58,2024-04-02,2029-01-06,Online,Pol-Health
4081,2572,Crop,13178.0,3310471,16,2025-08-09,2026-12-02,Agent,Pol-Crop
4082,1361,Health,6154.0,1174681,25,2023-11-30,2025-12-19,Agent,Pol-Health
4083,624,Health,6901.0,3577729,26,2025-02-23,2027-04-14,Agent,Pol-Health
4084,1566,Health,10701.0,2945682,5,2025-08-14,2026-01-11,Bancassurance,Pol-Health
4085,1921,Health,4579.0,1884382,16,2024-11-22,2026-03-17,Agent,Pol-Health
4086,1512,Property,13284.0,5192258,44,2024-08-15,2028-03-27,Partnership,Pol-Property
4087,4714,Motor,10366.0,6384939,16,2024-11-26,2026-03-21,Online,Pol-Motor
4088,575,Health,10891.0,877171,11,2023-07-09,2024-06-03,Aggregator,Pol-Health
4089,2002,Motor,11706.0,6035655,8,2023-08-17,2024-04-13,Aggregator,Pol-Motor
4090,397,Health,9792.0,10438780,3,2024-07-16,2024-10-14,Agent,Pol-Health
4091,2709,Health,10303.0,2260063,53,2025-03-18,2029-07-25,Agent,Pol-Health
4092,4498,Crop,14160.0,1613742,16,2024-04-01,2025-07-25,Bancassurance,Pol-Crop
4093,1512,Crop,7353.0,2126395,7,2025-01-26,2025-08-24,Aggregator,Pol-Crop
4094,2094,Health,6705.0,3375266,28,2023-10-12,2026-01-29,Agent,Pol-Health
4095,4783,Motor,9339.0,5090102,2,2025-08-02,2025-10-01,Agent,Pol-Motor
4096,4250,Crop,7708.0,1888120,51,2023-01-27,2027-04-06,Agent,Pol-Crop
4097,4357,Motor,11705.0,3609304,35,2025-06-09,2028-04-24,Bancassurance,Pol-Motor
4098,2693,Health,18632.0,4300767,31,2025-08-01,2028-02-17,Online,Pol-Health
4099,2033,Motor,4569.0,5948288,11,2025-08-07,2026-07-03,Agent,Pol-Motor
4100,1355,Motor,7701.0,1398646,41,2023-06-21,2026-11-02,Agent,Pol-Motor
4101,4735,Health,4309.0,2509866,11,2024-11-23,2025-10-19,Online,Pol-Health
4102,2753,Motor,6600.0,2653922,1,2025-09-14,2025-10-14,Online,Pol-Motor
4103,1293,Travel,6807.0,20961519,57,2025-02-04,2029-10-11,Online,Pol-Travel
4104,3736,Health,6033.0,12802619,30,2024-11-29,2027-05-18,Partnership,Pol-Health
4105,4253,Health,11526.0,4612588,30,2024-04-14,2026-10-01,Online,Pol-Health
4106,3740,Motor,8772.0,1269130,33,2025-02-19,2027-11-06,Online,Pol-Motor
4107,4710,Motor,5432.0,10716205,12,2023-09-29,2024-09-23,Online,Pol-Motor
4108,2477,Property,11537.0,14040728,10,2025-03-22,2026-01-16,Partnership,Pol-Property
4109,1909,Property,6926.0,4524426,55,2025-08-13,2030-02-18,Aggregator,Pol-Property
4110,2900,Health,5619.0,3145063,44,2025-08-21,2029-04-02,Agent,Pol-Health
4111,1276,Health,4406.0,2587635,46,2023-09-20,2027-07-01,Partnership,Pol-Health
4112,4363,Health,3524.0,8984959,43,2025-04-25,2028-11-05,Agent,Pol-Health
4113,59,Property,5811.0,8498133,4,2023-01-05,2023-05-05,Bancassurance,Pol-Property
4114,3924,Property,7550.0,1860424,42,2023-09-13,2027-02-24,Online,Pol-Property
4115,617,Health,11659.0,2261059,56,2023-09-20,2028-04-26,Partnership,Pol-Health
4116,3672,Crop,2639.0,1856501,49,2025-08-27,2029-09-05,Partnership,Pol-Crop
4117,2219,Health,18620.0,23806449,33,2023-01-18,2025-10-04,Bancassurance,Pol-Health
4118,1712,Motor,4991.0,6170271,38,2024-12-07,2028-01-21,Online,Pol-Motor
4119,1343,Health,6047.0,13010443,31,2024-02-01,2026-08-19,Online,Pol-Health
4120,4753,Health,6156.0,5369080,31,2023-11-29,2026-06-16,Bancassurance,Pol-Health
4121,4933,Motor,5347.0,6919941,5,2023-06-26,2023-11-23,Agent,Pol-Motor
4122,1024,Health,6296.0,3660792,21,2024-10-29,2026-07-21,Agent,Pol-Health
4123,734,Health,6508.0,17761924,18,2023-09-29,2025-03-22,Agent,Pol-Health
4124,398,Property,6795.0,6352324,18,2023-12-05,2025-05-28,Agent,Pol-Property
4125,3087,Crop,16198.0,4527131,4,2023-10-07,2024-02-04,Agent,Pol-Crop
4126,969,Crop,5077.0,900819,50,2023-11-05,2027-12-14,Agent,Pol-Crop
4127,462,Motor,18341.0,7686537,20,2024-11-11,2026-07-04,Aggregator,Pol-Motor
4128,138,Health,9630.0,7619528,53,2025-02-23,2029-07-02,Online,Pol-Health
4129,762,Health,3373.0,14981763,20,2024-09-20,2026-05-13,Online,Pol-Health
4130,2198,Motor,4839.0,3636425,48,2024-11-29,2028-11-08,Bancassurance,Pol-Motor
4131,863,Motor,4559.0,2523853,54,2024-04-19,2028-09-25,Online,Pol-Motor
4132,4877,Motor,7251.0,24839345,28,2025-07-02,2027-10-20,Agent,Pol-Motor
4133,593,Motor,14183.0,1368178,47,2024-06-03,2028-04-13,Online,Pol-Motor
4134,2348,Property,11015.0,2342384,13,2023-02-03,2024-02-28,Aggregator,Pol-Property
4135,1447,Motor,4409.0,19463942,35,2024-05-21,2027-04-06,Agent,Pol-Motor
4136,1443,Motor,13460.0,11511669,18,2024-03-23,2025-09-14,Aggregator,Pol-Motor
4137,2807,Motor,4352.0,3898270,33,2025-05-06,2028-01-21,Bancassurance,Pol-Motor
4138,3326,Property,4694.0,4023731,37,2023-06-25,2026-07-09,Aggregator,Pol-Property
4139,3757,Motor,12388.0,4267454,36,2024-12-10,2027-11-25,Agent,Pol-Motor
4140,1337,Motor,12258.0,10808024,9,2023-12-12,2024-09-07,Agent,Pol-Motor
4141,802,Motor,11021.0,10957555,26,2024-02-29,2026-04-19,Aggregator,Pol-Motor
4142,2358,Motor,7406.0,8798130,1,2024-06-13,2024-07-13,Aggregator,Pol-Motor
4143,3258,Motor,7062.0,10276903,25,2025-08-26,2027-09-15,Agent,Pol-Motor
4144,3940,Property,4083.0,8564167,24,2023-09-01,2025-08-21,Aggregator,Pol-Property
4145,4080,Motor,7287.0,591283,30,2023-09-13,2026-03-01,Online,Pol-Motor
4146,3296,Motor,5236.0,7216283,42,2023-01-29,2026-07-12,Bancassurance,Pol-Motor
4147,4670,Motor,6707.0,3815425,12,2024-09-02,2025-08-28,Agent,Pol-Motor
4148,596,Crop,23098.0,36930178,44,2023-10-19,2027-05-31,Agent,Pol-Crop
4149,2048,Motor,8619.0,1419269,59,2023-01-27,2027-12-02,Agent,Pol-Motor
4150,27,Travel,4212.0,1781051,15,2023-04-14,2024-07-07,Online,Pol-Travel
4151,2429,Property,13652.0,5924050,20,2024-07-29,2026-03-21,Partnership,Pol-Property
4152,131,Health,14348.0,1795058,27,2023-09-20,2025-12-08,Aggregator,Pol-Health
4153,3068,Property,15022.0,52757220,29,2024-05-16,2026-10-03,Aggregator,Pol-Property
4154,3352,Health,5777.0,8875294,2,2023-06-27,2023-08-26,Aggregator,Pol-Health
4155,2333,Health,6935.0,3166982,15,2023-06-03,2024-08-26,Agent,Pol-Health
4156,737,Health,3902.0,7638843,35,2023-04-21,2026-03-06,Aggregator,Pol-Health
4157,3848,Health,15989.0,6576774,10,2024-09-14,2025-07-11,Partnership,Pol-Health
4158,1299,Motor,7801.0,3000006,57,2023-09-21,2028-05-27,Agent,Pol-Motor
4159,1092,Health,3695.0,1692626,26,2023-09-02,2025-10-21,Agent,Pol-Health
4160,233,Property,16762.0,1954243,34,2024-02-25,2026-12-11,Agent,Pol-Property
4161,222,Motor,5222.0,3602794,8,2025-01-27,2025-09-24,Online,Pol-Motor
4162,453,Travel,6019.0,13050154,58,2025-01-24,2029-10-30,Online,Pol-Travel
4163,4400,Motor,4345.0,9366586,1,2024-10-19,2024-11-18,Online,Pol-Motor
4164,936,Crop,4010.0,38663238,15,2025-07-28,2026-10-21,Agent,Pol-Crop
4165,1344,Health,8909.0,2501746,4,2024-09-18,2025-01-16,Agent,Pol-Health
4166,2312,Health,5176.0,1829296,3,2024-02-17,2024-05-17,Online,Pol-Health
4167,365,Crop,3420.0,4651192,45,2023-06-30,2027-03-11,Agent,Pol-Crop
4168,2790,Crop,12034.0,7939120,42,2025-09-12,2029-02-23,Online,Pol-Crop
4169,1251,Motor,9429.0,8129915,2,2023-01-29,2023-03-30,Online,Pol-Motor
4170,456,Property,17924.0,7445650,19,2024-01-12,2025-08-04,Agent,Pol-Property
4171,1764,Motor,6085.0,6499941,19,2023-10-20,2025-05-12,Aggregator,Pol-Motor
4172,3893,Health,7480.0,3293290,46,2025-09-08,2029-06-19,Online,Pol-Health
4173,4424,Travel,8150.0,3704938,41,2023-01-16,2026-05-30,Aggregator,Pol-Travel
4174,3733,Motor,7862.0,22209931,19,2024-05-29,2025-12-20,Online,Pol-Motor
4175,819,Motor,8313.0,1842833,57,2024-04-29,2029-01-03,Bancassurance,Pol-Motor
4176,4093,Health,6245.0,6715897,20,2025-01-25,2026-09-17,Online,Pol-Health
4177,1966,Motor,2978.0,15330462,49,2023-10-06,2027-10-15,Online,Pol-Motor
4178,3392,Motor,8468.0,2161586,56,2025-04-03,2029-11-08,Online,Pol-Motor
4179,736,Health,9775.0,2154190,58,2023-09-25,2028-06-30,Aggregator,Pol-Health
4180,3607,Health,6197.0,6980952,37,2023-02-02,2026-02-16,Bancassurance,Pol-Health
4181,1468,Health,25415.0,7935637,2,2025-07-19,2025-09-17,Agent,Pol-Health
4182,3515,Health,5776.0,4055048,25,2024-07-06,2026-07-26,Aggregator,Pol-Health
4183,3776,Travel,5363.0,8085351,39,2024-02-02,2027-04-17,Bancassurance,Pol-Travel
4184,4662,Travel,9153.0,1225092,22,2024-07-14,2026-05-05,Aggregator,Pol-Travel
4185,820,Property,8246.0,3026378,34,2024-09-15,2027-07-02,Agent,Pol-Property
4186,1715,Motor,3338.0,15309526,22,2024-04-16,2026-02-05,Online,Pol-Motor
4187,516,Motor,10920.0,1021262,12,2025-03-28,2026-03-23,Agent,Pol-Motor
4188,1429,Crop,5836.0,34201043,46,2025-03-04,2028-12-13,Bancassurance,Pol-Crop
4189,3591,Health,13619.0,4787324,39,2023-07-21,2026-10-03,Online,Pol-Health
4190,844,Travel,8954.0,22888667,46,2023-10-27,2027-08-07,Partnership,Pol-Travel
4191,4131,Health,6519.0,15356270,12,2024-12-09,2025-12-04,Online,Pol-Health
4192,3474,Crop,13870.0,6601054,48,2024-09-18,2028-08-28,Online,Pol-Crop
4193,3136,Motor,5572.0,6823998,46,2023-05-31,2027-03-11,Aggregator,Pol-Motor
4194,2616,Health,3760.0,29627666,53,2025-07-02,2029-11-08,Agent,Pol-Health
4195,4325,Property,3709.0,2065234,31,2024-10-12,2027-04-30,Aggregator,Pol-Property
4196,3980,Crop,8278.0,4879318,53,2023-11-24,2028-04-01,Online,Pol-Crop
4197,1277,Health,18218.0,3159010,32,2023-08-13,2026-03-30,Online,Pol-Health
4198,1512,Motor,6827.0,2544534,36,2024-07-28,2027-07-13,Agent,Pol-Motor
4199,4901,Crop,10721.0,15154669,14,2023-05-14,2024-07-07,Partnership,Pol-Crop
4200,4660,Health,8567.0,7646638,26,2023-06-22,2025-08-10,Agent,Pol-Health
4201,2963,Motor,5964.0,7437644,28,2025-06-10,2027-09-28,Online,Pol-Motor
4202,895,Health,3201.0,7463080,1,2025-02-21,2025-03-23,Aggregator,Pol-Health
4203,854,Health,7968.0,10880647,10,2025-04-14,2026-02-08,Partnership,Pol-Health
4204,4436,Health,10962.0,4546589,23,2023-05-21,2025-04-10,Agent,Pol-Health
4205,2411,Crop,9206.0,14243740,35,2025-06-09,2028-04-24,Agent,Pol-Crop
4206,180,Health,6187.0,4948081,15,2025-02-23,2026-05-19,Partnership,Pol-Health
4207,589,Health,5629.0,5406371,53,2023-03-31,2027-08-07,Aggregator,Pol-Health
4208,2046,Motor,5341.0,3832059,45,2023-04-23,2027-01-02,Aggregator,Pol-Motor
4209,3226,Health,5274.0,4623574,8,2024-12-15,2025-08-12,Online,Pol-Health
4210,2400,Motor,7499.0,7069705,2,2025-05-25,2025-07-24,Agent,Pol-Motor
4211,3037,Motor,6780.0,5174117,20,2023-04-09,2024-11-29,Bancassurance,Pol-Motor
4212,565,Motor,9442.0,2567207,41,2023-03-11,2026-07-23,Aggregator,Pol-Motor
4213,4765,Motor,4514.0,4373623,43,2023-12-25,2027-07-07,Online,Pol-Motor
4214,4054,Motor,7236.0,3994161,29,2024-11-22,2027-04-11,Aggregator,Pol-Motor
4215,4465,Health,7205.0,4613989,2,2025-05-09,2025-07-08,Bancassurance,Pol-Health
4216,2707,Motor,5686.0,984229,40,2023-10-14,2027-01-26,Agent,Pol-Motor
4217,4790,Motor,8550.0,10264555,41,2024-02-23,2027-07-07,Aggregator,Pol-Motor
4218,3967,Travel,4693.0,4560401,44,2025-07-04,2029-02-13,Aggregator,Pol-Travel
4219,4455,Health,13310.0,7168280,51,2023-01-19,2027-03-29,Agent,Pol-Health
4220,3927,Health,9064.0,8400090,15,2025-02-19,2026-05-15,Aggregator,Pol-Health
4221,1641,Motor,9626.0,1983503,53,2024-05-30,2028-10-06,Aggregator,Pol-Motor
4222,1651,Health,7074.0,9236027,4,2024-06-01,2024-09-29,Agent,Pol-Health
4223,503,Health,6221.0,2062973,42,2025-07-28,2029-01-08,Agent,Pol-Health
4224,2406,Health,5110.0,7110399,13,2025-05-24,2026-06-18,Agent,Pol-Health
4225,62,Motor,4835.0,1036998,58,2024-05-19,2029-02-22,Online,Pol-Motor
4226,3450,Property,3414.0,711185,28,2024-05-23,2026-09-10,Aggregator,Pol-Property
4227,4548,Travel,7680.0,12000194,56,2025-02-01,2029-09-08,Online,Pol-Travel
4228,3287,Crop,10398.0,8479082,40,2024-12-14,2028-03-28,Online,Pol-Crop
4229,1693,Motor,3980.0,4397007,43,2023-12-28,2027-07-10,Partnership,Pol-Motor
4230,357,Health,14206.0,4977119,37,2025-09-25,2028-10-09,Online,Pol-Health
4231,596,Motor,3340.0,1219281,21,2025-01-28,2026-10-20,Agent,Pol-Motor
4232,1625,Health,11239.0,4972084,15,2024-11-25,2026-02-18,Partnership,Pol-Health
4233,1130,Health,4804.0,5543522,33,2023-03-10,2025-11-24,Aggregator,Pol-Health
4234,2442,Health,12575.0,3410704,53,2023-07-02,2027-11-08,Aggregator,Pol-Health
4235,4967,Health,10737.0,4334443,49,2023-06-21,2027-06-30,Bancassurance,Pol-Health
4236,2031,Property,27581.0,2078086,12,2024-11-26,2025-11-21,Online,Pol-Property
4237,3173,Property,5369.0,1322371,30,2023-12-17,2026-06-04,Bancassurance,Pol-Property
4238,1832,Motor,2396.0,5858595,4,2024-05-17,2024-09-14,Online,Pol-Motor
4239,3954,Property,2848.0,1638773,39,2024-10-01,2027-12-15,Online,Pol-Property
4240,3302,Crop,6614.0,7571386,11,2024-07-26,2025-06-21,Bancassurance,Pol-Crop
4241,2571,Motor,7960.0,6815373,44,2025-01-08,2028-08-20,Online,Pol-Motor
4242,93,Motor,5122.0,12677841,27,2023-12-17,2026-03-06,Online,Pol-Motor
4243,4900,Property,8796.0,6715027,48,2025-07-26,2029-07-05,Aggregator,Pol-Property
4244,2201,Health,11461.0,76103865,18,2023-05-01,2024-10-22,Online,Pol-Health
4245,4450,Health,9818.0,3760375,14,2023-04-16,2024-06-09,Online,Pol-Health
4246,879,Health,7188.0,6998030,15,2024-06-25,2025-09-18,Bancassurance,Pol-Health
4247,4704,Travel,4803.0,2829232,49,2025-09-24,2029-10-03,Agent,Pol-Travel
4248,1897,Travel,11115.0,12561601,34,2023-07-03,2026-04-18,Bancassurance,Pol-Travel
4249,983,Motor,14631.0,5707660,23,2025-09-01,2027-07-23,Aggregator,Pol-Motor
4250,2965,Motor,5428.0,1013598,35,2023-09-25,2026-08-10,Agent,Pol-Motor
4251,2963,Health,4082.0,2345706,5,2023-10-21,2024-03-19,Aggregator,Pol-Health
4252,1111,Motor,13059.0,4263591,1,2023-05-28,2023-06-27,Online,Pol-Motor
4253,383,Health,8610.0,1591582,26,2023-09-30,2025-11-18,Online,Pol-Health
4254,3811,Property,8525.0,8014378,10,2023-08-25,2024-06-20,Bancassurance,Pol-Property
4255,1548,Crop,17319.0,1377196,15,2024-05-24,2025-08-17,Agent,Pol-Crop
4256,2919,Crop,2991.0,4066834,32,2024-01-26,2026-09-12,Online,Pol-Crop
4257,2459,Motor,6595.0,3740373,42,2024-06-03,2027-11-15,Partnership,Pol-Motor
4258,3444,Property,8856.0,12072607,24,2024-02-17,2026-02-06,Aggregator,Pol-Property
4259,1107,Health,20079.0,4001960,36,2024-09-30,2027-09-15,Bancassurance,Pol-Health
4260,431,Motor,7154.0,10462916,45,2024-10-21,2028-07-02,Bancassurance,Pol-Motor
4261,3544,Health,5758.0,7062308,16,2023-02-01,2024-05-26,Aggregator,Pol-Health
4262,3434,Crop,8171.0,1740389,10,2023-08-20,2024-06-15,Agent,Pol-Crop
4263,2460,Health,10567.0,35658880,34,2024-07-09,2027-04-25,Online,Pol-Health
4264,2083,Travel,13309.0,12943787,40,2024-08-08,2027-11-21,Online,Pol-Travel
4265,3728,Health,15297.0,2067716,58,2023-07-24,2028-04-28,Agent,Pol-Health
4266,2123,Health,2817.0,1880551,14,2025-07-02,2026-08-26,Online,Pol-Health
4267,2859,Motor,4996.0,14595653,5,2025-07-10,2025-12-07,Aggregator,Pol-Motor
4268,284,Motor,11291.0,10976520,18,2023-08-23,2025-02-13,Agent,Pol-Motor
4269,727,Health,8353.0,8979026,57,2024-03-15,2028-11-19,Partnership,Pol-Health
4270,1782,Health,9115.0,2051140,54,2024-03-20,2028-08-26,Aggregator,Pol-Health
4271,337,Health,5363.0,2818872,8,2025-07-20,2026-03-17,Partnership,Pol-Health
4272,3603,Health,8270.0,15880927,31,2023-05-20,2025-12-05,Online,Pol-Health
4273,586,Crop,6530.0,8335538,44,2024-11-28,2028-07-10,Agent,Pol-Crop
4274,1915,Motor,9295.0,2526524,18,2024-05-08,2025-10-30,Agent,Pol-Motor
4275,567,Health,9455.0,17200928,13,2023-03-14,2024-04-07,Online,Pol-Health
4276,2366,Health,8624.0,29670471,37,2023-11-19,2026-12-03,Aggregator,Pol-Health
4277,4971,Motor,8413.0,3206007,11,2025-07-03,2026-05-29,Agent,Pol-Motor
4278,1652,Travel,6736.0,2691822,3,2025-03-17,2025-06-15,Agent,Pol-Travel
4279,1321,Property,16230.0,19039525,16,2023-04-30,2024-08-22,Agent,Pol-Property
4280,1791,Motor,12827.0,21586102,8,2023-05-07,2024-01-02,Bancassurance,Pol-Motor
4281,2882,Crop,7538.0,21193033,17,2023-04-12,2024-09-03,Online,Pol-Crop
4282,955,Travel,11268.0,7127191,57,2023-08-18,2028-04-23,Agent,Pol-Travel
4283,2067,Property,20209.0,3171273,38,2024-03-17,2027-05-01,Partnership,Pol-Property
4284,3952,Health,4667.0,11372580,13,2023-08-04,2024-08-28,Agent,Pol-Health
4285,2862,Travel,5172.0,3738638,49,2024-08-25,2028-09-03,Partnership,Pol-Travel
4286,2238,Motor,7654.0,3544524,35,2025-05-24,2028-04-08,Agent,Pol-Motor
4287,63,Health,8576.0,5922925,45,2023-05-18,2027-01-27,Agent,Pol-Health
4288,1014,Motor,5613.0,5146985,40,2024-04-04,2027-07-18,Agent,Pol-Motor
4289,1990,Health,10434.0,3198055,8,2025-05-23,2026-01-18,Bancassurance,Pol-Health
4290,1903,Travel,7039.0,1940477,19,2024-10-19,2026-05-12,Aggregator,Pol-Travel
4291,1805,Property,12663.0,4220433,42,2025-05-18,2028-10-29,Aggregator,Pol-Property
4292,3326,Property,5251.0,2871485,56,2023-12-30,2028-08-05,Partnership,Pol-Property
4293,3699,Motor,4771.0,1495629,15,2024-01-05,2025-03-30,Aggregator,Pol-Motor
4294,1026,Travel,6650.0,5965557,54,2024-01-16,2028-06-23,Agent,Pol-Travel
4295,878,Motor,6799.0,6105366,7,2024-11-17,2025-06-15,Aggregator,Pol-Motor
4296,3358,Motor,4685.0,10061533,50,2023-02-20,2027-03-31,Bancassurance,Pol-Motor
4297,132,Health,7731.0,5908453,1,2025-03-17,2025-04-16,Online,Pol-Health
4298,2653,Motor,5284.0,4903799,59,2025-04-12,2030-02-15,Agent,Pol-Motor
4299,993,Motor,18957.0,9959832,13,2023-02-05,2024-03-01,Aggregator,Pol-Motor
4300,1071,Travel,7117.0,5927906,49,2025-09-09,2029-09-18,Agent,Pol-Travel
4301,1760,Health,8815.0,6710873,19,2024-12-09,2026-07-02,Online,Pol-Health
4302,2597,Travel,3932.0,8531736,55,2024-05-24,2028-11-29,Partnership,Pol-Travel
4303,3100,Health,9654.0,3111068,57,2023-07-23,2028-03-28,Agent,Pol-Health
4304,2950,Motor,4901.0,12329289,2,2023-07-27,2023-09-25,Aggregator,Pol-Motor
4305,902,Motor,11579.0,5364852,22,2023-05-13,2025-03-03,Aggregator,Pol-Motor
4306,3485,Crop,3394.0,4713204,8,2023-07-27,2024-03-23,Online,Pol-Crop
4307,4438,Motor,7216.0,12196833,43,2023-05-11,2026-11-21,Online,Pol-Motor
4308,66,Health,12289.0,3380017,25,2024-02-28,2026-03-19,Bancassurance,Pol-Health
4309,4703,Motor,8005.0,3625731,26,2024-07-16,2026-09-04,Aggregator,Pol-Motor
4310,3765,Health,6836.0,8110460,12,2024-01-10,2025-01-04,Online,Pol-Health
4311,3142,Motor,14306.0,6329077,3,2025-02-23,2025-05-24,Aggregator,Pol-Motor
4312,2794,Motor,4863.0,104126561,21,2023-09-24,2025-06-15,Bancassurance,Pol-Motor
4313,3333,Property,4083.0,13288407,5,2023-02-15,2023-07-15,Online,Pol-Property
4314,2580,Motor,4351.0,625642,12,2025-09-21,2026-09-16,Online,Pol-Motor
4315,1420,Health,4434.0,6938729,27,2024-07-28,2026-10-16,Bancassurance,Pol-Health
4316,4454,Property,9025.0,1025573,56,2024-05-11,2028-12-16,Aggregator,Pol-Property
4317,1416,Property,6307.0,3710106,1,2025-07-20,2025-08-19,Partnership,Pol-Property
4318,376,Motor,11989.0,6314931,43,2025-07-03,2029-01-13,Aggregator,Pol-Motor
4319,178,Property,9230.0,3560289,3,2024-12-16,2025-03-16,Agent,Pol-Property
4320,235,Travel,8801.0,750027,54,2025-03-19,2029-08-25,Online,Pol-Travel
4321,2913,Health,3077.0,5685028,54,2024-10-03,2029-03-11,Aggregator,Pol-Health
4322,762,Property,9762.0,3248397,52,2023-01-27,2027-05-06,Online,Pol-Property
4323,3879,Crop,13694.0,9602332,53,2023-10-11,2028-02-17,Agent,Pol-Crop
4324,1283,Crop,7721.0,977551,10,2025-05-11,2026-03-07,Agent,Pol-Crop
4325,1264,Motor,4522.0,2800601,13,2023-03-02,2024-03-26,Aggregator,Pol-Motor
4326,3575,Travel,3374.0,11219607,19,2024-09-29,2026-04-22,Online,Pol-Travel
4327,3614,Motor,12064.0,724390,31,2024-02-25,2026-09-12,Online,Pol-Motor
4328,4447,Travel,7716.0,8274929,13,2024-12-14,2026-01-08,Online,Pol-Travel
4329,4637,Motor,3715.0,2673044,52,2023-02-04,2027-05-14,Agent,Pol-Motor
4330,3384,Health,8875.0,4366638,30,2023-10-02,2026-03-20,Bancassurance,Pol-Health
4331,3010,Crop,7253.0,1924751,14,2025-04-06,2026-05-31,Agent,Pol-Crop
4332,1623,Motor,16230.0,4062395,58,2023-11-05,2028-08-10,Bancassurance,Pol-Motor
4333,2879,Motor,4902.0,2102074,32,2023-07-29,2026-03-15,Aggregator,Pol-Motor
4334,30,Health,8834.0,1789573,42,2024-04-29,2027-10-11,Aggregator,Pol-Health
4335,309,Property,13268.0,11160617,49,2024-08-01,2028-08-10,Aggregator,Pol-Property
4336,1510,Motor,9235.0,4774656,38,2024-10-19,2027-12-03,Agent,Pol-Motor
4337,2094,Health,6778.0,6698335,37,2024-08-19,2027-09-03,Online,Pol-Health
4338,3431,Health,6194.0,5723064,14,2025-08-31,2026-10-25,Online,Pol-Health
4339,137,Motor,6273.0,17162242,46,2025-03-13,2028-12-22,Agent,Pol-Motor
4340,775,Health,5690.0,7600255,37,2025-05-21,2028-06-04,Agent,Pol-Health
4341,1599,Motor,5165.0,8572865,28,2024-11-20,2027-03-10,Aggregator,Pol-Motor
4342,1455,Motor,12945.0,10312592,20,2025-06-05,2027-01-26,Agent,Pol-Motor
4343,2604,Property,12387.0,2488237,25,2023-06-17,2025-07-06,Online,Pol-Property
4344,2481,Crop,10551.0,26693331,11,2025-05-20,2026-04-15,Agent,Pol-Crop
4345,847,Health,8191.0,1621988,27,2025-05-31,2027-08-19,Bancassurance,Pol-Health
4346,207,Motor,8054.0,7016448,57,2024-07-22,2029-03-28,Aggregator,Pol-Motor
4347,2494,Health,3353.0,6981516,29,2023-10-25,2026-03-13,Agent,Pol-Health
4348,3131,Crop,10387.0,45825162,5,2024-04-14,2024-09-11,Online,Pol-Crop
4349,1230,Health,7379.0,7733156,23,2023-04-15,2025-03-05,Agent,Pol-Health
4350,4692,Health,4030.0,2691406,51,2023-10-18,2027-12-26,Partnership,Pol-Health
4351,2797,Travel,12384.0,3043932,47,2024-12-13,2028-10-23,Agent,Pol-Travel
4352,3230,Health,6763.0,3605322,49,2025-04-27,2029-05-06,Bancassurance,Pol-Health
4353,1128,Property,10666.0,5944917,17,2024-08-17,2026-01-09,Aggregator,Pol-Property
4354,4948,Health,9133.0,6376855,3,2024-08-01,2024-10-30,Online,Pol-Health
4355,4651,Motor,4661.0,7714934,51,2023-04-04,2027-06-12,Aggregator,Pol-Motor
4356,1203,Motor,10649.0,5519402,5,2024-03-19,2024-08-16,Aggregator,Pol-Motor
4357,2406,Health,5251.0,8679954,56,2024-10-25,2029-06-01,Agent,Pol-Health
4358,1288,Health,3190.0,1928847,54,2024-01-09,2028-06-16,Partnership,Pol-Health
4359,4851,Health,10631.0,1268389,8,2025-02-07,2025-10-05,Agent,Pol-Health
4360,549,Motor,8105.0,14531857,55,2023-06-27,2028-01-02,Online,Pol-Motor
4361,3946,Crop,7756.0,1287266,33,2024-08-08,2027-04-25,Online,Pol-Crop
4362,3930,Crop,10702.0,4979723,14,2025-05-12,2026-07-06,Agent,Pol-Crop
4363,1388,Health,4132.0,2592400,42,2024-09-29,2028-03-12,Bancassurance,Pol-Health
4364,1274,Property,4555.0,26311658,31,2024-05-02,2026-11-18,Online,Pol-Property
4365,3264,Motor,4204.0,29403732,8,2023-02-24,2023-10-22,Aggregator,Pol-Motor
4366,807,Health,5790.0,5453178,1,2023-07-03,2023-08-02,Online,Pol-Health
4367,1928,Health,8663.0,4077104,5,2023-04-14,2023-09-11,Aggregator,Pol-Health
4368,3134,Health,20316.0,4295523,51,2023-05-30,2027-08-07,Agent,Pol-Health
4369,3982,Health,6494.0,6413611,39,2023-12-09,2027-02-21,Online,Pol-Health
4370,2100,Health,7956.0,11637468,5,2023-10-05,2024-03-03,Agent,Pol-Health
4371,1746,Motor,3592.0,111669821,34,2023-12-29,2026-10-14,Agent,Pol-Motor
4372,4409,Motor,5572.0,2078380,47,2024-03-24,2028-02-02,Agent,Pol-Motor
4373,3989,Crop,2622.0,6701144,1,2024-03-28,2024-04-27,Online,Pol-Crop
4374,4484,Motor,22914.0,4689258,10,2025-03-04,2025-12-29,Online,Pol-Motor
4375,1226,Motor,2847.0,3373661,38,2025-08-14,2028-09-27,Online,Pol-Motor
4376,2067,Health,5660.0,3643819,38,2023-07-28,2026-09-10,Agent,Pol-Health
4377,95,Motor,6824.0,4877900,14,2024-10-01,2025-11-25,Online,Pol-Motor
4378,130,Health,17752.0,6433265,8,2024-04-26,2024-12-22,Aggregator,Pol-Health
4379,3269,Health,8200.0,7556784,25,2025-08-06,2027-08-26,Bancassurance,Pol-Health
4380,1954,Motor,3632.0,8448798,29,2025-05-29,2027-10-16,Online,Pol-Motor
4381,2308,Motor,6305.0,1524351,50,2024-04-23,2028-06-01,Partnership,Pol-Motor
4382,987,Motor,7559.0,2939983,37,2024-02-22,2027-03-08,Online,Pol-Motor
4383,3111,Health,5309.0,8781413,21,2024-08-12,2026-05-04,Online,Pol-Health
4384,3573,Crop,5059.0,19684709,31,2024-10-01,2027-04-19,Agent,Pol-Crop
4385,817,Motor,4878.0,8279912,46,2025-06-26,2029-04-06,Online,Pol-Motor
4386,2601,Health,4949.0,4113716,42,2025-01-09,2028-06-22,Aggregator,Pol-Health
4387,2170,Property,4603.0,8251327,24,2023-12-01,2025-11-20,Online,Pol-Property
4388,1780,Motor,4684.0,6783127,41,2025-02-09,2028-06-23,Agent,Pol-Motor
4389,757,Health,6172.0,2098772,21,2025-04-20,2027-01-10,Online,Pol-Health
4390,1168,Health,10580.0,4599153,53,2024-06-05,2028-10-12,Bancassurance,Pol-Health
4391,2595,Property,3848.0,6292750,3,2025-04-16,2025-07-15,Agent,Pol-Property
4392,3105,Crop,4845.0,10300405,32,2024-10-03,2027-05-21,Aggregator,Pol-Crop
4393,406,Motor,7474.0,19376997,6,2024-12-30,2025-06-28,Aggregator,Pol-Motor
4394,1853,Motor,9439.0,26978393,7,2025-04-17,2025-11-13,Online,Pol-Motor
4395,2412,Health,15240.0,1197556,51,2023-08-25,2027-11-02,Agent,Pol-Health
4396,3028,Motor,10337.0,4549254,15,2023-05-14,2024-08-06,Online,Pol-Motor
4397,4088,Motor,7848.0,20712493,34,2023-11-21,2026-09-06,Agent,Pol-Motor
4398,163,Crop,7157.0,10810584,46,2024-03-05,2027-12-15,Aggregator,Pol-Crop
4399,2812,Health,6823.0,11295195,46,2023-12-14,2027-09-24,Online,Pol-Health
4400,4647,Health,4055.0,2797024,12,2023-03-24,2024-03-18,Agent,Pol-Health
4401,131,Motor,8840.0,2897470,18,2025-03-02,2026-08-24,Online,Pol-Motor
4402,3168,Motor,5835.0,9752478,25,2023-06-14,2025-07-03,Aggregator,Pol-Motor
4403,2701,Motor,7829.0,3504112,38,2024-12-30,2028-02-13,Aggregator,Pol-Motor
4404,3056,Crop,4548.0,1940157,2,2023-07-26,2023-09-24,Agent,Pol-Crop
4405,2318,Travel,6927.0,5906942,21,2024-10-17,2026-07-09,Agent,Pol-Travel
4406,2952,Health,4563.0,4529513,23,2025-08-05,2027-06-26,Agent,Pol-Health
4407,4883,Motor,9471.0,11779480,33,2024-08-29,2027-05-16,Partnership,Pol-Motor
4408,2413,Property,6377.0,7803720,27,2024-05-06,2026-07-25,Partnership,Pol-Property
4409,1934,Crop,7921.0,30736974,56,2023-04-26,2027-12-01,Agent,Pol-Crop
4410,3506,Travel,5825.0,2211890,43,2024-01-01,2027-07-14,Bancassurance,Pol-Travel
4411,2659,Health,10228.0,5604555,29,2025-08-03,2027-12-21,Agent,Pol-Health
4412,3133,Health,8665.0,8967642,47,2023-10-12,2027-08-22,Agent,Pol-Health
4413,2980,Health,4772.0,8670714,38,2025-01-24,2028-03-09,Online,Pol-Health
4414,1347,Motor,4585.0,6789814,17,2023-02-24,2024-07-18,Partnership,Pol-Motor
4415,3801,Health,11199.0,1123512,8,2024-04-14,2024-12-10,Aggregator,Pol-Health
4416,2637,Property,2304.0,921578,21,2023-11-07,2025-07-29,Bancassurance,Pol-Property
4417,45,Property,14437.0,2048507,23,2024-02-27,2026-01-17,Agent,Pol-Property
4418,347,Health,5041.0,8425730,58,2024-11-27,2029-09-02,Online,Pol-Health
4419,4810,Property,10015.0,975511,52,2023-01-19,2027-04-28,Agent,Pol-Property
4420,3794,Health,8742.0,9769360,18,2024-10-07,2026-03-31,Agent,Pol-Health
4421,4743,Motor,6043.0,4103598,44,2024-11-20,2028-07-02,Agent,Pol-Motor
4422,2417,Crop,8431.0,3983410,8,2024-06-30,2025-02-25,Online,Pol-Crop
4423,4454,Health,7470.0,30970001,52,2024-09-21,2028-12-29,Agent,Pol-Health
4424,2543,Property,10626.0,26943835,24,2024-05-26,2026-05-16,Online,Pol-Property
4425,60,Motor,4927.0,2939612,9,2025-02-05,2025-11-02,Online,Pol-Motor
4426,2346,Crop,10119.0,10825755,29,2025-07-27,2027-12-14,Bancassurance,Pol-Crop
4427,4327,Health,2752.0,5578676,11,2023-08-29,2024-07-24,Agent,Pol-Health
4428,2845,Health,9715.0,11639566,45,2023-02-25,2026-11-06,Agent,Pol-Health
4429,3767,Travel,7243.0,3789990,36,2023-10-19,2026-10-03,Agent,Pol-Travel
4430,448,Crop,9173.0,1621378,8,2024-06-10,2025-02-05,Aggregator,Pol-Crop
4431,2416,Health,9789.0,5190387,4,2025-03-15,2025-07-13,Online,Pol-Health
4432,4079,Motor,14996.0,11187635,46,2023-07-01,2027-04-11,Partnership,Pol-Motor
4433,4650,Travel,7688.0,4758935,24,2024-09-10,2026-08-31,Agent,Pol-Travel
4434,3036,Travel,4682.0,11326048,49,2024-12-21,2028-12-30,Agent,Pol-Travel
4435,2325,Motor,17893.0,16957944,2,2024-09-28,2024-11-27,Bancassurance,Pol-Motor
4436,4927,Health,8659.0,15569607,12,2023-01-08,2024-01-03,Agent,Pol-Health
4437,4058,Health,11139.0,8228407,12,2024-06-08,2025-06-03,Online,Pol-Health
4438,38,Motor,5964.0,1644541,26,2025-09-02,2027-10-22,Bancassurance,Pol-Motor
4439,1231,Motor,5936.0,912066,19,2023-11-21,2025-06-13,Agent,Pol-Motor
4440,289,Health,7756.0,9158302,50,2025-08-17,2029-09-25,Agent,Pol-Health
4441,4798,Travel,9594.0,10890418,26,2024-11-21,2027-01-10,Partnership,Pol-Travel
4442,2382,Motor,8406.0,5439589,24,2024-10-25,2026-10-15,Online,Pol-Motor
4443,204,Crop,4456.0,6829708,42,2024-04-18,2027-09-30,Online,Pol-Crop
4444,1044,Crop,15679.0,4948482,59,2024-08-17,2029-06-22,Bancassurance,Pol-Crop
4445,1621,Crop,4037.0,5734677,25,2023-03-08,2025-03-27,Agent,Pol-Crop
4446,2960,Motor,8644.0,7596747,41,2024-06-03,2027-10-16,Aggregator,Pol-Motor
4447,2444,Health,7423.0,12160810,16,2023-01-26,2024-05-20,Online,Pol-Health
4448,3837,Health,25942.0,5962019,1,2024-07-11,2024-08-10,Aggregator,Pol-Health
4449,3124,Travel,5901.0,5478606,32,2024-05-02,2026-12-18,Agent,Pol-Travel
4450,3732,Health,3972.0,4734407,48,2025-01-04,2028-12-14,Agent,Pol-Health
4451,3258,Motor,10149.0,6638893,57,2025-01-02,2029-09-08,Bancassurance,Pol-Motor
4452,3757,Motor,5704.0,888925,24,2023-12-17,2025-12-06,Agent,Pol-Motor
4453,4449,Health,12481.0,12263219,40,2023-03-24,2026-07-06,Agent,Pol-Health
4454,1138,Travel,11361.0,4537267,51,2023-06-24,2027-09-01,Online,Pol-Travel
4455,2562,Health,10437.0,2662871,56,2023-05-28,2028-01-02,Online,Pol-Health
4456,546,Health,4972.0,18613416,34,2023-02-14,2025-11-30,Online,Pol-Health
4457,4378,Motor,11298.0,4210837,50,2025-09-08,2029-10-17,Agent,Pol-Motor
4458,673,Crop,23218.0,2100959,20,2024-02-17,2025-10-09,Agent,Pol-Crop
4459,760,Health,6064.0,10511167,23,2024-11-15,2026-10-06,Partnership,Pol-Health
4460,1345,Travel,6646.0,3507749,28,2023-01-11,2025-04-30,Agent,Pol-Travel
4461,520,Health,6833.0,3844349,52,2024-05-27,2028-09-03,Agent,Pol-Health
4462,4206,Health,6301.0,11658568,18,2024-10-10,2026-04-03,Aggregator,Pol-Health
4463,3616,Health,7853.0,13075177,32,2024-12-22,2027-08-09,Aggregator,Pol-Health
4464,4776,Motor,7407.0,1604898,53,2023-09-14,2028-01-21,Partnership,Pol-Motor
4465,1602,Motor,7122.0,5014383,56,2024-03-28,2028-11-02,Partnership,Pol-Motor
4466,3615,Motor,4704.0,1462489,46,2023-02-24,2026-12-05,Bancassurance,Pol-Motor
4467,1823,Health,13295.0,3659182,39,2024-05-09,2027-07-23,Online,Pol-Health
4468,2025,Health,8843.0,2646214,39,2025-08-29,2028-11-11,Online,Pol-Health
4469,1185,Motor,11908.0,13898565,57,2025-09-14,2030-05-21,Agent,Pol-Motor
4470,3774,Health,9885.0,2014083,28,2024-06-19,2026-10-07,Bancassurance,Pol-Health
4471,380,Health,1942.0,8799280,37,2023-08-17,2026-08-31,Aggregator,Pol-Health
4472,2128,Health,11523.0,4123360,52,2023-04-30,2027-08-07,Aggregator,Pol-Health
4473,1295,Motor,10999.0,1280891,26,2023-10-13,2025-12-01,Online,Pol-Motor
4474,616,Health,8268.0,2565849,27,2023-07-30,2025-10-17,Partnership,Pol-Health
4475,436,Motor,21703.0,1675362,44,2023-06-16,2027-01-26,Bancassurance,Pol-Motor
4476,3150,Motor,12364.0,2579114,57,2023-02-09,2027-10-16,Bancassurance,Pol-Motor
4477,1548,Health,12138.0,2174274,59,2023-11-11,2028-09-15,Agent,Pol-Health
4478,4891,Motor,3135.0,4004601,27,2023-08-28,2025-11-15,Agent,Pol-Motor
4479,1135,Crop,14357.0,12770296,45,2023-11-05,2027-07-17,Aggregator,Pol-Crop
4480,452,Travel,10288.0,2504417,59,2023-03-26,2028-01-29,Aggregator,Pol-Travel
4481,4356,Health,3750.0,1945100,17,2023-10-06,2025-02-27,Partnership,Pol-Health
4482,2706,Motor,8604.0,3128232,15,2025-01-23,2026-04-18,Agent,Pol-Motor
4483,712,Health,3152.0,4106392,48,2025-02-09,2029-01-19,Bancassurance,Pol-Health
4484,3690,Health,10323.0,2674958,13,2023-07-20,2024-08-13,Agent,Pol-Health
4485,1979,Motor,8029.0,1680409,22,2023-05-22,2025-03-12,Online,Pol-Motor
4486,3961,Motor,5437.0,10612064,43,2024-06-26,2028-01-07,Agent,Pol-Motor
4487,3798,Motor,10433.0,9056093,35,2025-01-28,2027-12-14,Online,Pol-Motor
4488,2700,Motor,5021.0,4930925,54,2024-06-01,2028-11-07,Aggregator,Pol-Motor
4489,167,Health,7786.0,20951625,23,2025-06-15,2027-05-06,Bancassurance,Pol-Health
4490,4589,Crop,12754.0,49921955,1,2024-04-03,2024-05-03,Aggregator,Pol-Crop
4491,2120,Motor,6184.0,17800801,38,2024-11-25,2028-01-09,Agent,Pol-Motor
4492,2547,Motor,4559.0,811828,8,2023-08-24,2024-04-20,Bancassurance,Pol-Motor
4493,1109,Motor,12653.0,7135220,53,2024-04-13,2028-08-20,Agent,Pol-Motor
4494,1841,Health,7750.0,2661998,5,2024-09-21,2025-02-18,Agent,Pol-Health
4495,2939,Motor,20009.0,3905176,39,2023-10-01,2026-12-14,Online,Pol-Motor
4496,2855,Motor,9503.0,1274865,56,2023-12-10,2028-07-16,Online,Pol-Motor
4497,3215,Motor,10738.0,6827045,55,2023-05-02,2027-11-07,Aggregator,Pol-Motor
4498,891,Health,8793.0,25603163,35,2023-11-22,2026-10-07,Aggregator,Pol-Health
4499,1335,Health,9685.0,5083135,54,2025-01-20,2029-06-28,Partnership,Pol-Health
4500,3441,Crop,9943.0,13446664,41,2024-06-29,2027-11-11,Bancassurance,Pol-Crop
4501,1720,Health,10292.0,7345110,14,2023-07-19,2024-09-11,Aggregator,Pol-Health
4502,2861,Motor,4194.0,10711221,2,2024-10-18,2024-12-17,Aggregator,Pol-Motor
4503,971,Property,4772.0,698996,57,2023-10-14,2028-06-19,Agent,Pol-Property
4504,3513,Motor,10207.0,7948134,3,2024-08-28,2024-11-26,Agent,Pol-Motor
4505,67,Health,7680.0,11566616,19,2024-01-15,2025-08-07,Aggregator,Pol-Health
4506,3846,Motor,5006.0,24970159,10,2025-01-03,2025-10-30,Online,Pol-Motor
4507,838,Motor,8523.0,1475237,2,2023-09-15,2023-11-14,Aggregator,Pol-Motor
4508,927,Health,16429.0,23605030,45,2024-10-30,2028-07-11,Aggregator,Pol-Health
4509,3606,Motor,8068.0,4003691,14,2024-10-17,2025-12-11,Online,Pol-Motor
4510,341,Motor,9054.0,6387980,19,2025-04-16,2026-11-07,Agent,Pol-Motor
4511,3750,Motor,9201.0,12603133,45,2023-07-17,2027-03-28,Aggregator,Pol-Motor
4512,102,Property,5404.0,12391412,7,2023-03-23,2023-10-19,Online,Pol-Property
4513,3386,Motor,7149.0,1143234,3,2023-03-18,2023-06-16,Aggregator,Pol-Motor
4514,1134,Health,2580.0,5983033,1,2025-07-19,2025-08-18,Agent,Pol-Health
4515,2390,Property,4573.0,2077325,52,2024-03-17,2028-06-24,Online,Pol-Property
4516,828,Motor,7049.0,5659014,23,2025-06-18,2027-05-09,Bancassurance,Pol-Motor
4517,2727,Property,4041.0,3117787,13,2023-09-21,2024-10-15,Agent,Pol-Property
4518,2182,Crop,7258.0,1209427,38,2023-10-16,2026-11-29,Partnership,Pol-Crop
4519,385,Travel,6323.0,2165527,44,2024-03-13,2027-10-24,Aggregator,Pol-Travel
4520,598,Health,14211.0,8930751,10,2023-11-27,2024-09-22,Agent,Pol-Health
4521,9,Motor,20163.0,7365694,35,2023-05-15,2026-03-30,Online,Pol-Motor
4522,4232,Property,7130.0,2001761,31,2023-01-25,2025-08-12,Aggregator,Pol-Property
4523,1314,Motor,8852.0,3214114,33,2024-02-07,2026-10-24,Agent,Pol-Motor
4524,979,Motor,13426.0,6735656,24,2025-08-11,2027-08-01,Agent,Pol-Motor
4525,3724,Motor,7312.0,7004492,13,2023-11-12,2024-12-06,Agent,Pol-Motor
4526,2091,Property,9049.0,9906993,34,2024-12-07,2027-09-23,Online,Pol-Property
4527,3177,Motor,3653.0,6636618,53,2025-05-23,2029-09-29,Aggregator,Pol-Motor
4528,1848,Health,9492.0,9174660,19,2024-02-24,2025-09-16,Agent,Pol-Health
4529,3103,Motor,13882.0,5080591,20,2023-07-12,2025-03-03,Bancassurance,Pol-Motor
4530,3754,Health,4193.0,8450766,3,2023-04-13,2023-07-12,Partnership,Pol-Health
4531,3745,Health,3198.0,22846461,19,2024-07-24,2026-02-14,Agent,Pol-Health
4532,1789,Motor,14002.0,22176067,47,2024-05-04,2028-03-14,Aggregator,Pol-Motor
4533,1243,Motor,6258.0,5570782,31,2024-04-27,2026-11-13,Agent,Pol-Motor
4534,2008,Motor,4963.0,1879878,19,2025-01-26,2026-08-19,Online,Pol-Motor
4535,113,Motor,7696.0,18072902,42,2024-06-06,2027-11-18,Bancassurance,Pol-Motor
4536,3767,Health,5579.0,650367,27,2023-10-29,2026-01-16,Aggregator,Pol-Health
4537,3332,Travel,4370.0,8607447,11,2023-04-02,2024-02-26,Online,Pol-Travel
4538,3543,Health,3421.0,8339731,47,2023-03-12,2027-01-20,Partnership,Pol-Health
4539,1364,Crop,18071.0,5626677,40,2023-03-19,2026-07-01,Agent,Pol-Crop
4540,2920,Travel,16870.0,7699561,11,2023-12-07,2024-11-01,Aggregator,Pol-Travel
4541,3996,Health,6473.0,1642378,17,2023-09-19,2025-02-10,Partnership,Pol-Health
4542,2294,Motor,27145.0,2093265,34,2024-04-28,2027-02-12,Agent,Pol-Motor
4543,3376,Travel,14246.0,1702944,50,2025-09-19,2029-10-28,Agent,Pol-Travel
4544,3960,Health,7154.0,1902104,9,2024-10-08,2025-07-05,Online,Pol-Health
4545,3433,Travel,22814.0,2862134,39,2025-08-14,2028-10-27,Aggregator,Pol-Travel
4546,1350,Health,2638.0,4595453,42,2025-04-07,2028-09-18,Agent,Pol-Health
4547,308,Property,6606.0,13227032,23,2023-06-08,2025-04-28,Agent,Pol-Property
4548,1347,Crop,17677.0,31345498,8,2023-04-24,2023-12-20,Online,Pol-Crop
4549,867,Property,6183.0,2557761,13,2023-08-07,2024-08-31,Agent,Pol-Property
4550,4807,Health,13185.0,5036971,34,2023-01-23,2025-11-08,Partnership,Pol-Health
4551,1513,Health,4490.0,5889945,42,2025-06-15,2028-11-26,Agent,Pol-Health
4552,2284,Crop,5268.0,2420592,59,2024-11-11,2029-09-16,Online,Pol-Crop
4553,4025,Property,8903.0,3554530,17,2023-12-12,2025-05-05,Agent,Pol-Property
4554,3779,Motor,10209.0,24719606,48,2023-02-05,2027-01-15,Agent,Pol-Motor
4555,868,Health,8138.0,15830309,44,2023-07-04,2027-02-13,Agent,Pol-Health
4556,1383,Health,5963.0,17688110,38,2024-06-30,2027-08-14,Online,Pol-Health
4557,3615,Motor,4607.0,8867204,15,2023-02-19,2024-05-14,Bancassurance,Pol-Motor
4558,2073,Motor,23901.0,11564928,31,2025-05-28,2027-12-14,Aggregator,Pol-Motor
4559,2863,Motor,8736.0,7475483,47,2025-03-31,2029-02-08,Aggregator,Pol-Motor
4560,984,Crop,12745.0,22715385,48,2024-03-26,2028-03-05,Online,Pol-Crop
4561,1025,Motor,12018.0,389927,3,2023-09-03,2023-12-02,Agent,Pol-Motor
4562,2406,Health,5789.0,2012534,45,2024-12-24,2028-09-04,Agent,Pol-Health
4563,118,Crop,7519.0,1424612,50,2025-08-05,2029-09-13,Partnership,Pol-Crop
4564,2527,Motor,4992.0,2916430,35,2023-06-19,2026-05-04,Agent,Pol-Motor
4565,2161,Motor,10776.0,5652173,36,2023-05-29,2026-05-13,Partnership,Pol-Motor
4566,1219,Travel,6780.0,4734084,5,2023-06-07,2023-11-04,Aggregator,Pol-Travel
4567,1044,Property,16551.0,2500230,26,2025-02-03,2027-03-25,Online,Pol-Property
4568,2506,Motor,3281.0,6277391,26,2024-07-28,2026-09-16,Online,Pol-Motor
4569,3815,Property,9433.0,7358212,52,2023-02-07,2027-05-17,Agent,Pol-Property
4570,3520,Property,26200.0,8674055,24,2023-02-11,2025-01-31,Partnership,Pol-Property
4571,2688,Crop,5086.0,10699641,6,2025-06-08,2025-12-05,Agent,Pol-Crop
4572,3157,Motor,7951.0,3073806,7,2024-08-28,2025-03-26,Bancassurance,Pol-Motor
4573,576,Health,6158.0,13274249,52,2023-01-26,2027-05-05,Online,Pol-Health
4574,3346,Health,11489.0,5050033,28,2025-02-12,2027-06-02,Aggregator,Pol-Health
4575,2848,Motor,2696.0,10613898,45,2024-04-15,2027-12-26,Agent,Pol-Motor
4576,403,Motor,4021.0,3052864,14,2025-06-21,2026-08-15,Online,Pol-Motor
4577,253,Motor,4470.0,25260076,39,2025-06-13,2028-08-26,Online,Pol-Motor
4578,1630,Health,11397.0,8485926,21,2023-04-03,2024-12-23,Agent,Pol-Health
4579,2710,Motor,6704.0,5964491,11,2024-05-06,2025-04-01,Agent,Pol-Motor
4580,4765,Motor,5338.0,1809407,12,2024-02-08,2025-02-02,Online,Pol-Motor
4581,4824,Property,9000.0,14332463,50,2024-04-03,2028-05-12,Aggregator,Pol-Property
4582,3332,Health,8205.0,2030131,57,2023-05-14,2028-01-18,Bancassurance,Pol-Health
4583,4044,Motor,6655.0,39644833,50,2024-12-24,2029-02-01,Aggregator,Pol-Motor
4584,2660,Property,5720.0,10422417,34,2024-11-20,2027-09-06,Aggregator,Pol-Property
4585,979,Health,4666.0,1666018,35,2024-06-22,2027-05-08,Agent,Pol-Health
4586,3817,Health,14977.0,6529323,52,2023-08-10,2027-11-17,Bancassurance,Pol-Health
4587,2727,Motor,15491.0,31654172,7,2023-03-21,2023-10-17,Online,Pol-Motor
4588,569,Motor,3807.0,5324378,53,2025-08-01,2029-12-08,Bancassurance,Pol-Motor
4589,4639,Health,6037.0,3904268,23,2024-02-21,2026-01-11,Online,Pol-Health
4590,4615,Travel,9197.0,7129638,1,2023-07-26,2023-08-25,Aggregator,Pol-Travel
4591,4106,Motor,4677.0,2732742,20,2024-04-24,2025-12-15,Online,Pol-Motor
4592,4253,Health,10633.0,17907978,32,2023-12-07,2026-07-24,Agent,Pol-Health
4593,2773,Motor,8179.0,2493908,34,2025-09-21,2028-07-07,Agent,Pol-Motor
4594,4237,Motor,11124.0,7950471,54,2025-08-07,2030-01-13,Partnership,Pol-Motor
4595,4055,Motor,23374.0,16611799,50,2023-04-14,2027-05-23,Agent,Pol-Motor
4596,2687,Crop,3183.0,5669450,20,2024-10-02,2026-05-25,Aggregator,Pol-Crop
4597,3999,Motor,15250.0,17225228,14,2023-06-03,2024-07-27,Agent,Pol-Motor
4598,137,Motor,5644.0,4548203,5,2023-04-26,2023-09-23,Agent,Pol-Motor
4599,4787,Property,10428.0,1955727,24,2025-01-09,2026-12-30,Aggregator,Pol-Property
4600,1424,Motor,9712.0,10512120,21,2024-04-19,2026-01-09,Online,Pol-Motor
4601,1466,Motor,14876.0,7298249,12,2024-09-21,2025-09-16,Aggregator,Pol-Motor
4602,3339,Motor,7737.0,2274867,2,2024-08-15,2024-10-14,Agent,Pol-Motor
4603,4772,Travel,4978.0,4985614,10,2024-03-23,2025-01-17,Aggregator,Pol-Travel
4604,3833,Motor,8479.0,2241801,13,2023-11-12,2024-12-06,Aggregator,Pol-Motor
4605,1537,Travel,17440.0,5359712,31,2025-02-21,2027-09-09,Agent,Pol-Travel
4606,2325,Motor,8942.0,42039126,46,2025-01-20,2028-10-31,Agent,Pol-Motor
4607,3756,Motor,5642.0,12775724,24,2024-10-23,2026-10-13,Bancassurance,Pol-Motor
4608,1380,Crop,6951.0,9476109,56,2025-03-04,2029-10-09,Bancassurance,Pol-Crop
4609,933,Health,8515.0,6273637,26,2024-10-10,2026-11-29,Agent,Pol-Health
4610,3846,Motor,7965.0,13855713,33,2023-02-02,2025-10-19,Partnership,Pol-Motor
4611,1068,Health,7435.0,5779251,41,2024-07-25,2027-12-07,Partnership,Pol-Health
4612,2939,Motor,12278.0,1073753,24,2024-11-29,2026-11-19,Online,Pol-Motor
4613,211,Health,20681.0,1614909,1,2024-06-06,2024-07-06,Agent,Pol-Health
4614,2391,Health,12085.0,3289096,9,2025-07-03,2026-03-30,Bancassurance,Pol-Health
4615,2807,Motor,10262.0,3689185,31,2024-05-22,2026-12-08,Online,Pol-Motor
4616,4604,Crop,12600.0,5515560,59,2024-10-22,2029-08-27,Online,Pol-Crop
4617,232,Health,10385.0,15684825,57,2023-06-19,2028-02-23,Agent,Pol-Health
4618,804,Motor,8083.0,7653188,24,2025-02-08,2027-01-29,Online,Pol-Motor
4619,1194,Motor,5627.0,6326435,43,2023-01-11,2026-07-24,Agent,Pol-Motor
4620,3476,Crop,5626.0,1997947,26,2024-11-21,2027-01-10,Agent,Pol-Crop
4621,234,Motor,7472.0,4692306,39,2025-01-23,2028-04-07,Aggregator,Pol-Motor
4622,2568,Health,8701.0,3083898,54,2024-12-03,2029-05-11,Online,Pol-Health
4623,2148,Travel,13282.0,2147117,53,2024-01-23,2028-05-31,Aggregator,Pol-Travel
4624,2356,Health,7128.0,340647,22,2025-06-22,2027-04-13,Partnership,Pol-Health
4625,2851,Health,6315.0,1857657,33,2023-02-16,2025-11-02,Online,Pol-Health
4626,1724,Motor,8618.0,25919051,32,2023-09-22,2026-05-09,Online,Pol-Motor
4627,4483,Health,9316.0,15384881,33,2025-01-13,2027-09-30,Aggregator,Pol-Health
4628,1147,Motor,5626.0,2500162,9,2023-06-19,2024-03-15,Online,Pol-Motor
4629,132,Crop,5249.0,3488736,15,2023-06-19,2024-09-11,Agent,Pol-Crop
4630,2110,Motor,10376.0,51798846,22,2023-05-09,2025-02-27,Agent,Pol-Motor
4631,832,Motor,7073.0,45903435,16,2025-09-11,2027-01-04,Agent,Pol-Motor
4632,3762,Motor,13562.0,6543449,35,2023-05-13,2026-03-28,Agent,Pol-Motor
4633,732,Motor,8642.0,10567556,25,2023-04-22,2025-05-11,Agent,Pol-Motor
4634,403,Motor,7258.0,7050168,35,2024-12-18,2027-11-03,Bancassurance,Pol-Motor
4635,1618,Crop,4172.0,4062716,25,2023-04-08,2025-04-27,Agent,Pol-Crop
4636,4110,Travel,7554.0,6912186,46,2024-08-07,2028-05-18,Online,Pol-Travel
4637,270,Health,4603.0,9504680,37,2025-04-09,2028-04-23,Aggregator,Pol-Health
4638,1155,Motor,3963.0,13899974,49,2024-04-26,2028-05-05,Partnership,Pol-Motor
4639,2349,Motor,16009.0,7243321,59,2023-04-22,2028-02-25,Online,Pol-Motor
4640,2752,Travel,5898.0,7148382,53,2023-01-17,2027-05-26,Online,Pol-Travel
4641,1984,Motor,11750.0,1726406,10,2024-09-02,2025-06-29,Partnership,Pol-Motor
4642,4523,Health,4323.0,2564210,16,2023-12-24,2025-04-17,Online,Pol-Health
4643,2164,Motor,5272.0,1055732,18,2023-06-12,2024-12-03,Agent,Pol-Motor
4644,2284,Travel,5040.0,8252844,45,2023-04-12,2026-12-22,Online,Pol-Travel
4645,4164,Motor,10597.0,3223830,50,2025-06-01,2029-07-10,Agent,Pol-Motor
4646,2791,Motor,9403.0,4505007,29,2024-12-04,2027-04-23,Online,Pol-Motor
4647,4063,Property,3881.0,5823759,17,2023-04-21,2024-09-12,Partnership,Pol-Property
4648,4487,Motor,3706.0,7070258,58,2025-09-12,2030-06-18,Online,Pol-Motor
4649,2152,Health,9570.0,971218,4,2024-09-17,2025-01-15,Agent,Pol-Health
4650,2662,Motor,14473.0,7628348,4,2024-02-22,2024-06-21,Online,Pol-Motor
4651,773,Health,14118.0,3778411,53,2024-01-07,2028-05-15,Aggregator,Pol-Health
4652,1967,Motor,5100.0,11906344,15,2024-01-17,2025-04-11,Partnership,Pol-Motor
4653,2352,Health,6056.0,4041092,4,2023-08-31,2023-12-29,Online,Pol-Health
4654,2427,Crop,9532.0,3109471,13,2024-01-11,2025-02-04,Aggregator,Pol-Crop
4655,3247,Travel,9876.0,15039842,50,2024-11-19,2028-12-28,Online,Pol-Travel
4656,3477,Property,8310.0,2261463,53,2025-08-23,2029-12-30,Online,Pol-Property
4657,4184,Property,6113.0,3396084,56,2023-12-24,2028-07-30,Agent,Pol-Property
4658,2678,Health,9299.0,2342180,6,2023-07-16,2024-01-12,Partnership,Pol-Health
4659,4721,Motor,7959.0,3537455,5,2023-01-12,2023-06-11,Agent,Pol-Motor
4660,2925,Health,8108.0,24497133,55,2025-02-20,2029-08-28,Agent,Pol-Health
4661,3893,Motor,11460.0,1811547,33,2023-09-23,2026-06-09,Online,Pol-Motor
4662,2780,Motor,12787.0,4287814,6,2024-02-18,2024-08-16,Agent,Pol-Motor
4663,2463,Property,8729.0,10946738,34,2024-04-03,2027-01-18,Agent,Pol-Property
4664,455,Health,8502.0,4407381,5,2023-11-28,2024-04-26,Agent,Pol-Health
4665,3635,Motor,6781.0,7666450,48,2025-07-24,2029-07-03,Aggregator,Pol-Motor
4666,3247,Property,7832.0,3333668,58,2024-02-15,2028-11-20,Online,Pol-Property
4667,4305,Travel,10718.0,4895737,36,2025-08-18,2028-08-02,Bancassurance,Pol-Travel
4668,3385,Health,9387.0,4277436,13,2024-12-01,2025-12-26,Bancassurance,Pol-Health
4669,2419,Health,5590.0,4558446,28,2024-08-26,2026-12-14,Agent,Pol-Health
4670,2851,Motor,5443.0,15499501,7,2025-08-06,2026-03-04,Bancassurance,Pol-Motor
4671,2134,Travel,5359.0,3123012,57,2023-05-28,2028-02-01,Partnership,Pol-Travel
4672,4743,Motor,13023.0,7124081,9,2024-10-25,2025-07-22,Online,Pol-Motor
4673,2869,Crop,3197.0,12787344,26,2023-01-27,2025-03-17,Bancassurance,Pol-Crop
4674,3338,Travel,3723.0,8857283,33,2023-07-21,2026-04-06,Agent,Pol-Travel
4675,1722,Property,5392.0,4225698,55,2023-12-13,2028-06-19,Partnership,Pol-Property
4676,2027,Property,10688.0,18163254,23,2024-02-22,2026-01-12,Agent,Pol-Property
4677,1187,Health,6415.0,6232756,37,2023-12-28,2027-01-11,Bancassurance,Pol-Health
4678,1151,Crop,4850.0,11797227,56,2024-02-11,2028-09-17,Online,Pol-Crop
4679,2875,Property,8756.0,3350507,26,2023-01-16,2025-03-06,Partnership,Pol-Property
4680,4213,Motor,8984.0,9132562,52,2023-06-27,2027-10-04,Aggregator,Pol-Motor
4681,1430,Motor,10865.0,9873645,11,2024-06-19,2025-05-15,Online,Pol-Motor
4682,649,Health,14496.0,2704358,49,2023-11-16,2027-11-25,Aggregator,Pol-Health
4683,356,Crop,13572.0,18289662,13,2023-08-07,2024-08-31,Agent,Pol-Crop
4684,2824,Crop,9679.0,14889953,52,2024-11-29,2029-03-08,Bancassurance,Pol-Crop
4685,3386,Crop,7030.0,3317854,27,2025-03-15,2027-06-03,Online,Pol-Crop
4686,3967,Motor,9094.0,1508640,2,2023-03-17,2023-05-16,Agent,Pol-Motor
4687,3935,Health,5974.0,4594922,16,2024-09-01,2025-12-25,Aggregator,Pol-Health
4688,3935,Health,11447.0,4929478,51,2024-04-25,2028-07-03,Agent,Pol-Health
4689,1192,Health,5720.0,3135986,29,2024-11-27,2027-04-16,Agent,Pol-Health
4690,3484,Motor,5021.0,3531614,20,2023-12-20,2025-08-11,Online,Pol-Motor
4691,4165,Health,11792.0,11380014,32,2023-08-24,2026-04-10,Agent,Pol-Health
4692,267,Health,3567.0,22759788,23,2025-02-17,2027-01-08,Partnership,Pol-Health
4693,4911,Health,5438.0,10893521,9,2024-09-28,2025-06-25,Agent,Pol-Health
4694,1881,Health,9900.0,16626516,32,2023-08-13,2026-03-30,Partnership,Pol-Health
4695,1549,Health,7022.0,5414139,4,2024-06-23,2024-10-21,Agent,Pol-Health
4696,382,Motor,6879.0,1351524,50,2025-08-28,2029-10-06,Aggregator,Pol-Motor
4697,1636,Crop,4336.0,3281309,42,2025-01-12,2028-06-25,Online,Pol-Crop
4698,4470,Motor,4513.0,2810649,47,2023-04-05,2027-02-13,Online,Pol-Motor
4699,685,Property,6693.0,13075566,45,2023-08-10,2027-04-21,Agent,Pol-Property
4700,4602,Motor,3460.0,813655,48,2025-07-06,2029-06-15,Agent,Pol-Motor
4701,2285,Health,7298.0,6183424,10,2023-05-16,2024-03-11,Aggregator,Pol-Health
4702,3659,Crop,12941.0,4694564,4,2024-05-09,2024-09-06,Agent,Pol-Crop
4703,2373,Motor,12383.0,7461939,48,2023-07-05,2027-06-14,Online,Pol-Motor
4704,2638,Travel,9573.0,2283179,56,2023-09-16,2028-04-22,Aggregator,Pol-Travel
4705,4850,Motor,8069.0,15378953,11,2023-05-27,2024-04-21,Online,Pol-Motor
4706,1952,Motor,7036.0,6322647,2,2025-05-03,2025-07-02,Bancassurance,Pol-Motor
4707,1446,Crop,7542.0,1957435,28,2025-01-11,2027-05-01,Aggregator,Pol-Crop
4708,4828,Property,4795.0,2229330,12,2024-12-07,2025-12-02,Agent,Pol-Property
4709,21,Motor,5527.0,3660872,40,2025-02-28,2028-06-12,Online,Pol-Motor
4710,4401,Travel,3454.0,8718387,21,2023-09-26,2025-06-17,Aggregator,Pol-Travel
4711,3425,Health,11170.0,2719623,45,2024-09-16,2028-05-28,Online,Pol-Health
4712,4700,Motor,6961.0,9294093,34,2024-11-03,2027-08-20,Online,Pol-Motor
4713,1010,Crop,18073.0,5179927,56,2024-10-16,2029-05-23,Agent,Pol-Crop
4714,4541,Health,5618.0,20543436,34,2023-07-16,2026-05-01,Aggregator,Pol-Health
4715,1082,Motor,7304.0,3178565,36,2024-09-19,2027-09-04,Online,Pol-Motor
4716,2649,Crop,10081.0,5125745,50,2023-09-24,2027-11-02,Bancassurance,Pol-Crop
4717,4853,Property,8859.0,11873369,54,2025-03-12,2029-08-18,Online,Pol-Property
4718,4420,Health,7068.0,2526654,3,2023-12-16,2024-03-15,Online,Pol-Health
4719,2464,Crop,16304.0,2351306,39,2023-07-08,2026-09-20,Online,Pol-Crop
4720,3757,Crop,4825.0,1898474,6,2024-08-01,2025-01-28,Bancassurance,Pol-Crop
4721,2453,Motor,9762.0,9141096,1,2023-10-31,2023-11-30,Aggregator,Pol-Motor
4722,3995,Crop,6027.0,1467687,41,2024-05-21,2027-10-03,Aggregator,Pol-Crop
4723,3968,Motor,6889.0,6973961,12,2025-02-07,2026-02-02,Agent,Pol-Motor
4724,3742,Health,8236.0,2875098,39,2025-05-10,2028-07-23,Agent,Pol-Health
4725,3914,Travel,6928.0,2888860,1,2025-07-06,2025-08-05,Online,Pol-Travel
4726,3797,Property,6804.0,983742,20,2025-06-08,2027-01-29,Bancassurance,Pol-Property
4727,385,Motor,3674.0,4917834,36,2023-04-04,2026-03-19,Aggregator,Pol-Motor
4728,4105,Health,10970.0,2751715,38,2023-02-22,2026-04-07,Aggregator,Pol-Health
4729,2563,Health,3660.0,4434195,48,2023-06-19,2027-05-29,Partnership,Pol-Health
4730,2218,Motor,13945.0,4481728,47,2023-02-01,2026-12-12,Agent,Pol-Motor
4731,147,Crop,6993.0,25551352,3,2025-09-24,2025-12-23,Online,Pol-Crop
4732,3590,Crop,11117.0,2363482,50,2023-04-28,2027-06-06,Online,Pol-Crop
4733,1927,Property,2462.0,8483531,51,2025-07-18,2029-09-25,Online,Pol-Property
4734,3755,Health,7208.0,3951973,45,2025-06-25,2029-03-06,Partnership,Pol-Health
4735,80,Motor,7289.0,9110797,20,2023-08-26,2025-04-17,Online,Pol-Motor
4736,4900,Crop,4929.0,4563654,46,2024-10-09,2028-07-20,Online,Pol-Crop
4737,3538,Motor,10799.0,26674808,46,2024-04-07,2028-01-17,Agent,Pol-Motor
4738,1760,Motor,5545.0,5108224,8,2023-05-22,2024-01-17,Online,Pol-Motor
4739,978,Travel,4939.0,5903803,11,2023-02-07,2024-01-03,Aggregator,Pol-Travel
4740,4903,Crop,6236.0,15711811,44,2024-01-01,2027-08-13,Online,Pol-Crop
4741,2805,Health,11268.0,3900159,56,2023-07-09,2028-02-13,Bancassurance,Pol-Health
4742,1586,Motor,8285.0,13642670,1,2025-01-23,2025-02-22,Online,Pol-Motor
4743,4391,Motor,8738.0,15781775,30,2025-05-30,2027-11-16,Online,Pol-Motor
4744,1154,Health,10304.0,3272105,41,2024-02-17,2027-07-01,Aggregator,Pol-Health
4745,613,Health,6658.0,11124703,52,2025-08-26,2029-12-03,Online,Pol-Health
4746,2931,Property,11682.0,2271873,14,2023-10-03,2024-11-26,Online,Pol-Property
4747,1811,Property,8683.0,6512376,20,2023-10-28,2025-06-19,Online,Pol-Property
4748,3579,Health,10671.0,2987598,46,2024-01-16,2027-10-27,Agent,Pol-Health
4749,4165,Health,5167.0,5071807,30,2024-09-09,2027-02-26,Agent,Pol-Health
4750,4652,Property,7657.0,9989998,45,2024-07-29,2028-04-09,Agent,Pol-Property
4751,2957,Property,11230.0,14847773,12,2023-05-23,2024-05-17,Agent,Pol-Property
4752,4596,Travel,16673.0,659646,12,2024-08-09,2025-08-04,Agent,Pol-Travel
4753,3207,Crop,11765.0,2458862,52,2023-04-30,2027-08-07,Agent,Pol-Crop
4754,830,Motor,12013.0,18268044,39,2023-08-14,2026-10-27,Online,Pol-Motor
4755,4598,Travel,3639.0,5390340,2,2023-01-31,2023-04-01,Online,Pol-Travel
4756,974,Motor,6416.0,5238064,23,2025-05-10,2027-03-31,Agent,Pol-Motor
4757,3417,Travel,9696.0,13170535,58,2023-01-25,2027-10-31,Agent,Pol-Travel
4758,730,Property,3959.0,593961,11,2024-05-18,2025-04-13,Partnership,Pol-Property
4759,901,Health,8951.0,2199418,48,2024-12-15,2028-11-24,Aggregator,Pol-Health
4760,660,Motor,6222.0,13136842,13,2024-05-28,2025-06-22,Bancassurance,Pol-Motor
4761,761,Motor,6375.0,1187437,18,2024-07-06,2025-12-28,Agent,Pol-Motor
4762,332,Motor,7574.0,5566418,19,2025-04-19,2026-11-10,Agent,Pol-Motor
4763,959,Crop,8747.0,842911,27,2023-05-10,2025-07-28,Aggregator,Pol-Crop
4764,3492,Health,10565.0,3317802,11,2024-09-05,2025-08-01,Online,Pol-Health
4765,1759,Health,4278.0,14869031,53,2023-06-30,2027-11-06,Agent,Pol-Health
4766,4409,Travel,11760.0,1009968,30,2024-03-25,2026-09-11,Agent,Pol-Travel
4767,1856,Motor,10061.0,4042544,1,2024-12-12,2025-01-11,Agent,Pol-Motor
4768,3210,Property,6473.0,11976975,13,2023-08-11,2024-09-04,Online,Pol-Property
4769,355,Health,11805.0,2478457,59,2024-06-28,2029-05-03,Agent,Pol-Health
4770,2273,Motor,3184.0,7242304,8,2024-04-16,2024-12-12,Bancassurance,Pol-Motor
4771,4710,Crop,7963.0,27611975,22,2023-04-28,2025-02-16,Aggregator,Pol-Crop
4772,4195,Health,5550.0,10367284,20,2025-03-03,2026-10-24,Agent,Pol-Health
4773,4891,Motor,4348.0,6519405,14,2025-09-24,2026-11-18,Online,Pol-Motor
4774,2439,Health,3491.0,22849143,14,2024-01-20,2025-03-15,Online,Pol-Health
4775,3163,Crop,10055.0,6148204,16,2023-03-31,2024-07-23,Aggregator,Pol-Crop
4776,3881,Motor,9468.0,4778885,19,2024-01-01,2025-07-24,Aggregator,Pol-Motor
4777,204,Health,13351.0,2084971,39,2024-02-09,2027-04-24,Agent,Pol-Health
4778,3966,Property,10225.0,11578500,29,2024-12-27,2027-05-16,Partnership,Pol-Property
4779,1774,Crop,6330.0,33890783,38,2025-05-17,2028-06-30,Agent,Pol-Crop
4780,609,Property,28471.0,788284,9,2023-11-04,2024-07-31,Bancassurance,Pol-Property
4781,2681,Motor,12179.0,2528121,50,2023-03-01,2027-04-09,Agent,Pol-Motor
4782,1141,Health,4125.0,4995341,6,2024-07-13,2025-01-09,Online,Pol-Health
4783,4162,Property,6872.0,2453527,26,2025-04-14,2027-06-03,Online,Pol-Property
4784,2179,Motor,8212.0,11059010,49,2025-06-06,2029-06-15,Online,Pol-Motor
4785,4875,Health,6428.0,9402583,36,2024-05-31,2027-05-16,Aggregator,Pol-Health
4786,4997,Property,20471.0,7751418,20,2023-12-15,2025-08-06,Bancassurance,Pol-Property
4787,4924,Crop,6343.0,28150431,41,2023-01-27,2026-06-10,Agent,Pol-Crop
4788,739,Motor,6044.0,7212700,25,2024-06-23,2026-07-13,Bancassurance,Pol-Motor
4789,2701,Motor,10621.0,3322541,8,2025-06-28,2026-02-23,Agent,Pol-Motor
4790,3724,Health,7787.0,1915545,47,2023-12-30,2027-11-09,Online,Pol-Health
4791,658,Property,6561.0,8282944,40,2025-02-12,2028-05-27,Online,Pol-Property
4792,2727,Property,21653.0,1963019,27,2023-01-14,2025-04-03,Online,Pol-Property
4793,1110,Motor,15805.0,10507275,21,2023-10-02,2025-06-23,Bancassurance,Pol-Motor
4794,3213,Motor,3622.0,3503290,11,2024-01-20,2024-12-15,Online,Pol-Motor
4795,2165,Health,18704.0,857365,19,2023-09-05,2025-03-28,Aggregator,Pol-Health
4796,147,Crop,6705.0,13440943,13,2023-11-14,2024-12-08,Online,Pol-Crop
4797,4056,Property,12930.0,8999018,58,2023-01-29,2027-11-04,Aggregator,Pol-Property
4798,4632,Health,19754.0,11055597,47,2023-06-17,2027-04-27,Online,Pol-Health
4799,3230,Travel,10993.0,1331382,5,2023-09-04,2024-02-01,Partnership,Pol-Travel
4800,4515,Health,22941.0,17879759,26,2023-09-20,2025-11-08,Aggregator,Pol-Health
4801,2619,Health,11235.0,28678102,7,2023-03-25,2023-10-21,Aggregator,Pol-Health
4802,3601,Motor,10041.0,2236840,13,2024-11-14,2025-12-09,Aggregator,Pol-Motor
4803,3376,Travel,12145.0,7669105,48,2023-09-08,2027-08-18,Online,Pol-Travel
4804,3639,Health,3948.0,3790572,24,2023-11-26,2025-11-15,Agent,Pol-Health
4805,2318,Motor,6620.0,3722300,48,2025-05-19,2029-04-28,Bancassurance,Pol-Motor
4806,922,Motor,4292.0,6888098,24,2024-08-04,2026-07-25,Online,Pol-Motor
4807,4788,Motor,6707.0,3173987,34,2025-06-27,2028-04-12,Agent,Pol-Motor
4808,4908,Motor,9181.0,4616579,39,2024-08-11,2027-10-25,Agent,Pol-Motor
4809,3540,Motor,6812.0,32070527,4,2024-12-12,2025-04-11,Aggregator,Pol-Motor
4810,3891,Travel,6823.0,1692783,20,2023-12-17,2025-08-08,Agent,Pol-Travel
4811,4338,Motor,3721.0,7306795,13,2025-07-01,2026-07-26,Agent,Pol-Motor
4812,4030,Health,5641.0,42605678,57,2024-09-15,2029-05-22,Agent,Pol-Health
4813,2979,Motor,16883.0,5643088,55,2025-02-28,2029-09-05,Online,Pol-Motor
4814,1088,Property,5550.0,10287383,53,2024-08-16,2028-12-23,Agent,Pol-Property
4815,3167,Health,6172.0,2723984,30,2024-10-06,2027-03-25,Aggregator,Pol-Health
4816,2097,Motor,8239.0,2454519,37,2025-02-15,2028-03-01,Partnership,Pol-Motor
4817,2193,Crop,8827.0,1612871,23,2024-04-09,2026-02-28,Bancassurance,Pol-Crop
4818,917,Property,6847.0,5856546,44,2023-11-22,2027-07-04,Aggregator,Pol-Property
4819,4494,Travel,3648.0,28028827,13,2024-09-24,2025-10-19,Agent,Pol-Travel
4820,4867,Motor,9609.0,9562711,41,2025-08-06,2028-12-18,Agent,Pol-Motor
4821,4767,Health,19155.0,6285221,48,2023-03-10,2027-02-17,Agent,Pol-Health
4822,428,Travel,18359.0,3713505,38,2024-02-19,2027-04-04,Aggregator,Pol-Travel
4823,3089,Property,5122.0,3460542,58,2025-05-24,2030-02-27,Online,Pol-Property
4824,4177,Crop,8965.0,2541261,55,2024-11-16,2029-05-24,Aggregator,Pol-Crop
4825,2232,Health,25975.0,2831890,45,2023-05-11,2027-01-20,Online,Pol-Health
4826,709,Property,7318.0,8510727,14,2023-10-01,2024-11-24,Online,Pol-Property
4827,3664,Property,8328.0,48076901,36,2024-03-14,2027-02-27,Online,Pol-Property
4828,1982,Motor,3474.0,11727937,57,2025-05-28,2030-02-01,Agent,Pol-Motor
4829,1389,Health,12345.0,3393773,56,2023-01-19,2027-08-26,Agent,Pol-Health
4830,203,Property,8426.0,2705150,41,2023-07-09,2026-11-20,Agent,Pol-Property
4831,3303,Motor,4694.0,2543465,5,2023-09-27,2024-02-24,Agent,Pol-Motor
4832,4695,Motor,10370.0,42308467,11,2025-02-03,2025-12-30,Aggregator,Pol-Motor
4833,4102,Motor,11957.0,12256654,16,2023-12-05,2025-03-29,Online,Pol-Motor
4834,2405,Crop,5183.0,7807081,12,2024-10-19,2025-10-14,Online,Pol-Crop
4835,3521,Property,3195.0,15118281,17,2024-03-20,2025-08-12,Online,Pol-Property
4836,3218,Health,7860.0,10174450,31,2024-08-02,2027-02-18,Online,Pol-Health
4837,2103,Property,10366.0,763752,8,2025-03-18,2025-11-13,Online,Pol-Property
4838,147,Health,8379.0,2118722,12,2024-09-19,2025-09-14,Aggregator,Pol-Health
4839,4682,Crop,13082.0,15264968,8,2023-12-22,2024-08-18,Aggregator,Pol-Crop
4840,980,Motor,3115.0,38186442,13,2023-09-07,2024-10-01,Agent,Pol-Motor
4841,736,Property,4415.0,18015151,55,2024-05-20,2028-11-25,Agent,Pol-Property
4842,695,Motor,8191.0,5192797,23,2025-08-14,2027-07-05,Aggregator,Pol-Motor
4843,854,Motor,3365.0,8640273,5,2024-07-09,2024-12-06,Bancassurance,Pol-Motor
4844,248,Motor,5019.0,2302848,8,2023-06-15,2024-02-10,Bancassurance,Pol-Motor
4845,2180,Health,5633.0,7999530,3,2023-10-24,2024-01-22,Agent,Pol-Health
4846,4538,Crop,12189.0,6834444,43,2023-05-11,2026-11-21,Agent,Pol-Crop
4847,2304,Health,14090.0,5448436,5,2024-05-01,2024-09-28,Bancassurance,Pol-Health
4848,1410,Motor,10529.0,9952806,48,2024-06-09,2028-05-19,Online,Pol-Motor
4849,2553,Travel,18718.0,6264053,42,2023-10-03,2027-03-16,Partnership,Pol-Travel
4850,3772,Motor,14761.0,419806,42,2024-08-13,2028-01-25,Bancassurance,Pol-Motor
4851,2464,Travel,10884.0,3140645,25,2023-01-28,2025-02-16,Agent,Pol-Travel
4852,3738,Travel,10721.0,2940832,32,2023-03-17,2025-11-01,Agent,Pol-Travel
4853,986,Health,5469.0,4722556,16,2025-08-08,2026-12-01,Agent,Pol-Health
4854,4055,Motor,3650.0,7147545,11,2023-10-19,2024-09-13,Online,Pol-Motor
4855,3135,Health,5131.0,7899643,24,2025-01-11,2027-01-01,Online,Pol-Health
4856,4001,Crop,11168.0,4461113,41,2024-01-16,2027-05-30,Agent,Pol-Crop
4857,1933,Health,6269.0,4863949,24,2024-08-01,2026-07-22,Agent,Pol-Health
4858,1421,Motor,9953.0,649232,54,2025-07-20,2029-12-26,Bancassurance,Pol-Motor
4859,4897,Property,2939.0,14085196,39,2025-04-16,2028-06-29,Agent,Pol-Property
4860,123,Health,9537.0,6309504,46,2025-03-17,2028-12-26,Agent,Pol-Health
4861,2318,Motor,4781.0,4627223,46,2024-02-02,2027-11-13,Online,Pol-Motor
4862,686,Travel,5093.0,4116704,22,2025-06-10,2027-04-01,Agent,Pol-Travel
4863,1662,Travel,16866.0,1417916,18,2025-06-12,2026-12-04,Agent,Pol-Travel
4864,1921,Motor,21496.0,31859004,17,2023-05-25,2024-10-16,Agent,Pol-Motor
4865,2876,Motor,4286.0,3008847,1,2023-01-08,2023-02-07,Agent,Pol-Motor
4866,3633,Health,6533.0,1289292,12,2025-05-19,2026-05-14,Aggregator,Pol-Health
4867,4432,Motor,6892.0,4594253,23,2023-09-26,2025-08-16,Bancassurance,Pol-Motor
4868,4957,Motor,10600.0,5557284,8,2024-03-31,2024-11-26,Aggregator,Pol-Motor
4869,3901,Crop,5796.0,14858811,33,2025-04-03,2027-12-19,Agent,Pol-Crop
4870,2164,Travel,4902.0,4733499,12,2023-02-10,2024-02-05,Aggregator,Pol-Travel
4871,2839,Motor,8489.0,4279172,17,2025-08-05,2026-12-28,Aggregator,Pol-Motor
4872,3461,Property,7635.0,2705210,30,2024-03-10,2026-08-27,Aggregator,Pol-Property
4873,1920,Motor,11314.0,1401116,39,2023-11-29,2027-02-11,Aggregator,Pol-Motor
4874,2098,Motor,5212.0,1634357,43,2023-09-30,2027-04-12,Online,Pol-Motor
4875,1172,Motor,6618.0,8864833,13,2025-02-04,2026-03-01,Agent,Pol-Motor
4876,555,Motor,10814.0,8128589,21,2024-02-13,2025-11-04,Online,Pol-Motor
4877,3208,Health,7112.0,12851197,57,2023-03-16,2027-11-20,Aggregator,Pol-Health
4878,3290,Property,3167.0,4621245,9,2024-07-26,2025-04-22,Agent,Pol-Property
4879,4009,Health,16522.0,21008803,55,2023-08-28,2028-03-04,Partnership,Pol-Health
4880,4602,Health,7029.0,2347511,28,2023-02-03,2025-05-23,Aggregator,Pol-Health
4881,1817,Motor,7092.0,3636096,7,2024-05-19,2024-12-15,Online,Pol-Motor
4882,1878,Property,25942.0,4902823,18,2025-07-29,2027-01-20,Online,Pol-Property
4883,189,Motor,21085.0,4861484,50,2025-05-23,2029-07-01,Partnership,Pol-Motor
4884,1441,Motor,11790.0,2567762,42,2023-01-29,2026-07-12,Partnership,Pol-Motor
4885,1221,Motor,4259.0,2204306,59,2025-02-18,2029-12-24,Online,Pol-Motor
4886,2598,Motor,14583.0,649465,33,2023-02-09,2025-10-26,Agent,Pol-Motor
4887,2869,Health,3024.0,22100015,46,2024-07-06,2028-04-16,Agent,Pol-Health
4888,2062,Motor,7848.0,5469612,23,2024-03-25,2026-02-13,Online,Pol-Motor
4889,2908,Property,5813.0,3893313,53,2023-05-03,2027-09-09,Agent,Pol-Property
4890,1716,Crop,5163.0,2638886,1,2025-08-24,2025-09-23,Agent,Pol-Crop
4891,3536,Motor,8233.0,5854092,55,2024-03-14,2028-09-19,Aggregator,Pol-Motor
4892,612,Health,9962.0,4670117,39,2023-11-03,2027-01-16,Agent,Pol-Health
4893,2510,Health,10864.0,25587828,58,2025-04-23,2030-01-27,Bancassurance,Pol-Health
4894,2926,Travel,7039.0,3480313,19,2023-07-27,2025-02-16,Partnership,Pol-Travel
4895,284,Motor,6601.0,4062184,19,2024-11-01,2026-05-25,Agent,Pol-Motor
4896,2671,Health,11238.0,10719897,4,2024-04-12,2024-08-10,Agent,Pol-Health
4897,4095,Motor,11375.0,9788652,7,2024-04-07,2024-11-03,Aggregator,Pol-Motor
4898,1628,Health,7855.0,1822153,29,2025-06-28,2027-11-15,Bancassurance,Pol-Health
4899,1612,Motor,4756.0,8699025,48,2023-11-10,2027-10-20,Online,Pol-Motor
4900,717,Motor,3148.0,16027529,39,2025-06-23,2028-09-05,Aggregator,Pol-Motor
4901,4630,Motor,10196.0,19774005,11,2024-08-15,2025-07-11,Bancassurance,Pol-Motor
4902,682,Motor,11925.0,1779783,29,2025-02-04,2027-06-24,Aggregator,Pol-Motor
4903,3440,Motor,6625.0,5233003,8,2025-09-05,2026-05-03,Aggregator,Pol-Motor
4904,4257,Health,8836.0,2022636,45,2024-04-15,2027-12-26,Partnership,Pol-Health
4905,4270,Health,14186.0,11679283,9,2023-12-30,2024-09-25,Aggregator,Pol-Health
4906,1523,Health,20040.0,6192818,5,2025-07-30,2025-12-27,Agent,Pol-Health
4907,1360,Motor,6017.0,15897426,31,2023-10-14,2026-05-01,Bancassurance,Pol-Motor
4908,2074,Motor,7018.0,8721446,10,2025-06-09,2026-04-05,Agent,Pol-Motor
4909,1790,Crop,9201.0,2377927,43,2025-03-12,2028-09-22,Aggregator,Pol-Crop
4910,3576,Motor,3994.0,5802285,24,2023-06-20,2025-06-09,Aggregator,Pol-Motor
4911,3371,Crop,2510.0,2747721,17,2025-02-25,2026-07-20,Aggregator,Pol-Crop
4912,2485,Crop,3762.0,2050836,47,2023-02-05,2026-12-16,Aggregator,Pol-Crop
4913,1819,Motor,6390.0,3398167,11,2023-12-14,2024-11-08,Aggregator,Pol-Motor
4914,2059,Crop,5105.0,6406699,34,2023-09-14,2026-06-30,Agent,Pol-Crop
4915,2667,Health,4877.0,2256472,24,2024-03-23,2026-03-13,Bancassurance,Pol-Health
4916,1434,Health,7521.0,6019270,8,2023-12-11,2024-08-07,Aggregator,Pol-Health
4917,3406,Crop,7278.0,1600745,57,2023-09-28,2028-06-03,Agent,Pol-Crop
4918,3385,Health,5024.0,974446,44,2023-08-26,2027-04-07,Aggregator,Pol-Health
4919,3073,Property,3271.0,26865183,39,2025-05-22,2028-08-04,Agent,Pol-Property
4920,523,Health,8991.0,3734464,24,2025-09-05,2027-08-26,Partnership,Pol-Health
4921,1694,Property,12419.0,4492624,2,2024-09-10,2024-11-09,Agent,Pol-Property
4922,4184,Health,5382.0,3878726,8,2024-04-13,2024-12-09,Agent,Pol-Health
4923,2290,Motor,6049.0,8527498,31,2024-11-04,2027-05-23,Agent,Pol-Motor
4924,1156,Motor,11007.0,6236808,47,2025-04-03,2029-02-11,Agent,Pol-Motor
4925,598,Travel,12385.0,12020271,44,2023-02-06,2026-09-18,Partnership,Pol-Travel
4926,1646,Motor,5832.0,6939504,35,2023-07-29,2026-06-13,Partnership,Pol-Motor
4927,2159,Health,6961.0,5282521,58,2025-08-07,2030-05-13,Partnership,Pol-Health
4928,2337,Motor,15330.0,13385572,4,2024-11-18,2025-03-18,Agent,Pol-Motor
4929,1858,Motor,11368.0,3854153,12,2025-01-17,2026-01-12,Aggregator,Pol-Motor
4930,1715,Motor,4147.0,5134363,55,2024-01-25,2028-08-01,Online,Pol-Motor
4931,3739,Motor,3108.0,4296194,39,2025-06-25,2028-09-07,Aggregator,Pol-Motor
4932,4897,Health,6383.0,18471990,16,2024-04-29,2025-08-22,Online,Pol-Health
4933,2785,Crop,4524.0,7282634,22,2023-02-23,2024-12-14,Aggregator,Pol-Crop
4934,3177,Health,9264.0,5719435,17,2023-01-24,2024-06-17,Aggregator,Pol-Health
4935,203,Health,10475.0,759615,25,2025-02-01,2027-02-21,Partnership,Pol-Health
4936,2899,Health,8334.0,7436113,51,2023-09-18,2027-11-26,Aggregator,Pol-Health
4937,3573,Crop,4901.0,10137136,58,2023-04-23,2028-01-27,Agent,Pol-Crop
4938,1265,Health,3885.0,12294923,15,2023-08-30,2024-11-22,Agent,Pol-Health
4939,2460,Motor,10204.0,4494003,20,2024-04-01,2025-11-22,Online,Pol-Motor
4940,1238,Health,11097.0,9684251,31,2024-10-31,2027-05-19,Partnership,Pol-Health
4941,1555,Crop,12755.0,8125306,50,2025-04-22,2029-05-31,Online,Pol-Crop
4942,3743,Property,6342.0,867761,5,2023-08-20,2024-01-17,Online,Pol-Property
4943,53,Crop,7005.0,14794652,30,2024-12-16,2027-06-04,Agent,Pol-Crop
4944,3583,Motor,11000.0,4653143,54,2024-06-15,2028-11-21,Online,Pol-Motor
4945,3160,Travel,7375.0,6668467,59,2024-07-30,2029-06-04,Agent,Pol-Travel
4946,672,Motor,5507.0,3075591,54,2025-08-14,2030-01-20,Partnership,Pol-Motor
4947,4105,Motor,4820.0,10109729,27,2023-02-01,2025-04-21,Partnership,Pol-Motor
4948,691,Health,10501.0,7469282,46,2024-02-04,2027-11-15,Online,Pol-Health
4949,83,Motor,6336.0,1200385,14,2025-09-26,2026-11-20,Bancassurance,Pol-Motor
4950,4321,Health,5585.0,2908108,46,2023-08-29,2027-06-09,Bancassurance,Pol-Health
4951,3569,Crop,9183.0,19301540,17,2024-05-22,2025-10-14,Agent,Pol-Crop
4952,2478,Travel,5135.0,11048536,30,2023-02-10,2025-07-29,Agent,Pol-Travel
4953,1452,Health,5492.0,4004826,46,2024-04-02,2028-01-12,Online,Pol-Health
4954,2021,Health,7480.0,4049666,4,2023-01-09,2023-05-09,Online,Pol-Health
4955,2126,Travel,5807.0,2426652,42,2024-08-19,2028-01-31,Online,Pol-Travel
4956,1176,Health,14873.0,2550186,4,2023-06-12,2023-10-10,Agent,Pol-Health
4957,1080,Travel,9573.0,6458286,3,2024-04-25,2024-07-24,Agent,Pol-Travel
4958,2405,Crop,7812.0,23597423,7,2024-09-29,2025-04-27,Online,Pol-Crop
4959,1283,Motor,14798.0,4059836,52,2024-07-18,2028-10-25,Online,Pol-Motor
4960,535,Motor,7630.0,5542206,39,2025-08-03,2028-10-16,Agent,Pol-Motor
4961,3849,Health,12594.0,2795865,35,2024-12-01,2027-10-17,Bancassurance,Pol-Health
4962,4667,Crop,4459.0,4948668,13,2025-09-24,2026-10-19,Agent,Pol-Crop
4963,4674,Crop,5345.0,7333929,36,2025-01-01,2027-12-17,Aggregator,Pol-Crop
4964,2454,Health,4541.0,29728147,51,2025-05-25,2029-08-02,Agent,Pol-Health
4965,2163,Motor,9435.0,15500868,36,2024-02-15,2027-01-30,Agent,Pol-Motor
4966,1827,Motor,3386.0,15497311,47,2024-10-20,2028-08-30,Bancassurance,Pol-Motor
4967,3999,Travel,8594.0,3583974,28,2024-07-10,2026-10-28,Bancassurance,Pol-Travel
4968,3693,Health,5728.0,2366892,58,2024-01-10,2028-10-15,Online,Pol-Health
4969,1840,Health,7826.0,5391944,52,2023-12-12,2028-03-20,Bancassurance,Pol-Health
4970,4060,Crop,7261.0,3118439,32,2023-01-10,2025-08-27,Online,Pol-Crop
4971,331,Crop,9678.0,3621041,44,2024-02-13,2027-09-25,Online,Pol-Crop
4972,2773,Health,22428.0,6908950,14,2023-07-07,2024-08-30,Aggregator,Pol-Health
4973,1528,Health,20123.0,9598337,36,2025-06-15,2028-05-30,Online,Pol-Health
4974,4184,Property,11030.0,15936115,35,2024-11-21,2027-10-07,Online,Pol-Property
4975,574,Motor,6176.0,8560951,59,2023-12-14,2028-10-18,Aggregator,Pol-Motor
4976,3696,Health,8057.0,6161212,38,2023-08-10,2026-09-23,Agent,Pol-Health
4977,524,Motor,6010.0,2590110,47,2024-08-02,2028-06-12,Aggregator,Pol-Motor
4978,1172,Crop,5075.0,16026489,5,2023-07-01,2023-11-28,Online,Pol-Crop
4979,2554,Travel,2762.0,10877821,6,2025-07-19,2026-01-15,Agent,Pol-Travel
4980,4180,Travel,6542.0,3674948,12,2023-03-09,2024-03-03,Agent,Pol-Travel
4981,1422,Motor,8417.0,11577797,39,2024-09-10,2027-11-24,Online,Pol-Motor
4982,2232,Health,9954.0,5960404,52,2023-09-07,2027-12-15,Agent,Pol-Health
4983,2217,Motor,7757.0,14957146,43,2023-11-21,2027-06-03,Agent,Pol-Motor
4984,2156,Motor,5182.0,4350842,57,2024-07-12,2029-03-18,Partnership,Pol-Motor
4985,852,Health,5715.0,4494827,49,2023-03-09,2027-03-18,Bancassurance,Pol-Health
4986,1180,Property,11635.0,1292141,12,2025-02-03,2026-01-29,Bancassurance,Pol-Property
4987,3596,Motor,3119.0,3563626,8,2025-04-30,2025-12-26,Online,Pol-Motor
4988,4368,Motor,5683.0,24115275,45,2024-10-29,2028-07-10,Agent,Pol-Motor
4989,1860,Health,7418.0,59547654,18,2023-12-09,2025-06-01,Online,Pol-Health
4990,738,Motor,5972.0,8054064,51,2023-09-05,2027-11-13,Agent,Pol-Motor
4991,2813,Motor,3432.0,3458548,18,2023-11-18,2025-05-11,Online,Pol-Motor
4992,2793,Health,11702.0,4211885,10,2025-01-01,2025-10-28,Online,Pol-Health
4993,2819,Health,13122.0,5164587,6,2023-01-11,2023-07-10,Agent,Pol-Health
4994,4895,Health,4476.0,4003628,5,2023-04-21,2023-09-18,Aggregator,Pol-Health
4995,2164,Motor,1474.0,10979987,45,2025-05-11,2029-01-20,Agent,Pol-Motor
4996,3077,Motor,19929.0,1563985,23,2024-08-20,2026-07-11,Online,Pol-Motor
4997,4162,Motor,5956.0,5546046,25,2023-05-05,2025-05-24,Online,Pol-Motor
4998,527,Motor,4508.0,28034763,7,2024-04-09,2024-11-05,Bancassurance,Pol-Motor
4999,449,Motor,6935.0,13804178,43,2023-10-07,2027-04-19,Aggregator,Pol-Motor
5000,3221,Property,8607.0,33996883,57,2023-08-18,2028-04-23,Online,Pol-Property
5001,4162,Motor,5354.0,4793649,45,2023-12-22,2027-09-02,Online,Pol-Motor
5002,1852,Motor,7825.0,3030649,5,2025-09-08,2026-02-05,Aggregator,Pol-Motor
5003,120,Motor,6907.0,7177692,31,2024-04-05,2026-10-22,Aggregator,Pol-Motor
5004,4485,Health,5199.0,2712652,19,2023-03-31,2024-10-21,Aggregator,Pol-Health
5005,4383,Motor,3240.0,3393614,51,2023-12-27,2028-03-05,Online,Pol-Motor
5006,2848,Motor,14271.0,4465373,36,2024-03-12,2027-02-25,Aggregator,Pol-Motor
5007,1791,Motor,9724.0,16268910,44,2024-04-29,2027-12-10,Aggregator,Pol-Motor
5008,4514,Travel,4994.0,12569619,50,2023-03-24,2027-05-02,Aggregator,Pol-Travel
5009,3018,Crop,8981.0,8565221,35,2024-12-29,2027-11-14,Bancassurance,Pol-Crop
5010,351,Property,4747.0,5923517,43,2023-03-24,2026-10-04,Online,Pol-Property
5011,2203,Motor,7193.0,26428556,57,2024-09-20,2029-05-27,Online,Pol-Motor
5012,3333,Motor,9865.0,8018847,9,2023-08-11,2024-05-07,Online,Pol-Motor
5013,1553,Health,9246.0,2363305,24,2025-07-01,2027-06-21,Online,Pol-Health
5014,2251,Motor,5984.0,6308067,18,2023-03-31,2024-09-21,Aggregator,Pol-Motor
5015,3238,Health,11028.0,2313574,44,2024-05-01,2027-12-12,Online,Pol-Health
5016,3510,Health,7371.0,3381529,9,2024-09-23,2025-06-20,Agent,Pol-Health
5017,48,Health,5634.0,18727485,53,2024-11-14,2029-03-23,Bancassurance,Pol-Health
5018,2277,Health,16944.0,7126480,56,2023-08-28,2028-04-03,Bancassurance,Pol-Health
5019,3797,Motor,4180.0,5981245,38,2025-07-29,2028-09-11,Agent,Pol-Motor
5020,4025,Property,8954.0,6863199,34,2023-01-08,2025-10-24,Aggregator,Pol-Property
5021,3185,Property,14889.0,5048551,33,2024-05-24,2027-02-08,Online,Pol-Property
5022,1893,Health,3131.0,807604,4,2023-03-05,2023-07-03,Online,Pol-Health
5023,898,Motor,16620.0,10520041,20,2025-06-26,2027-02-16,Aggregator,Pol-Motor
5024,1739,Property,17066.0,9886705,23,2025-04-11,2027-03-02,Online,Pol-Property
5025,969,Travel,5801.0,6359326,50,2024-01-04,2028-02-12,Bancassurance,Pol-Travel
5026,3003,Health,8473.0,2902329,36,2023-09-07,2026-08-22,Agent,Pol-Health
5027,3161,Health,5074.0,26816883,26,2024-06-21,2026-08-10,Online,Pol-Health
5028,4742,Property,4853.0,3513878,43,2024-06-11,2027-12-23,Agent,Pol-Property
5029,4107,Health,4163.0,2642133,1,2024-09-15,2024-10-15,Partnership,Pol-Health
5030,3099,Crop,17106.0,5916066,39,2023-03-01,2026-05-14,Aggregator,Pol-Crop
5031,2504,Property,6528.0,10212186,43,2024-07-07,2028-01-18,Aggregator,Pol-Property
5032,1471,Property,3667.0,8449098,32,2024-06-28,2027-02-13,Agent,Pol-Property
5033,3500,Health,12324.0,9039268,48,2025-08-08,2029-07-18,Agent,Pol-Health
5034,3753,Motor,10267.0,15732413,51,2025-07-01,2029-09-08,Bancassurance,Pol-Motor
5035,3631,Health,8848.0,7032711,28,2023-11-21,2026-03-10,Online,Pol-Health
5036,2639,Motor,5276.0,18121863,24,2025-06-18,2027-06-08,Online,Pol-Motor
5037,2562,Health,5993.0,8481117,13,2024-12-07,2026-01-01,Aggregator,Pol-Health
5038,4495,Property,20667.0,5025516,33,2023-03-06,2025-11-20,Online,Pol-Property
5039,3604,Health,8889.0,3633420,12,2024-03-31,2025-03-26,Partnership,Pol-Health
5040,387,Motor,5629.0,18873437,33,2023-10-02,2026-06-18,Partnership,Pol-Motor
5041,3674,Motor,10633.0,9766018,14,2023-06-03,2024-07-27,Aggregator,Pol-Motor
5042,138,Motor,11180.0,4031172,13,2024-07-01,2025-07-26,Agent,Pol-Motor
5043,3752,Property,18154.0,3656829,48,2024-05-08,2028-04-17,Online,Pol-Property
5044,2701,Property,7576.0,2153959,57,2023-11-04,2028-07-10,Aggregator,Pol-Property
5045,4578,Property,10575.0,24916420,37,2023-05-09,2026-05-23,Online,Pol-Property
5046,300,Motor,9563.0,8333940,27,2025-04-28,2027-07-17,Bancassurance,Pol-Motor
5047,32,Motor,5130.0,20306023,4,2023-04-10,2023-08-08,Online,Pol-Motor
5048,2505,Crop,3704.0,35982371,4,2025-03-16,2025-07-14,Online,Pol-Crop
5049,542,Motor,10004.0,29204600,40,2025-06-09,2028-09-21,Aggregator,Pol-Motor
5050,3457,Health,10365.0,3757896,57,2025-05-09,2030-01-13,Online,Pol-Health
5051,3404,Property,2173.0,73850035,47,2025-02-06,2028-12-17,Agent,Pol-Property
5052,2092,Health,9556.0,10818838,16,2024-02-02,2025-05-27,Aggregator,Pol-Health
5053,547,Health,7048.0,1907344,39,2024-11-15,2028-01-29,Online,Pol-Health
5054,984,Motor,9116.0,6808403,40,2023-05-30,2026-09-11,Online,Pol-Motor
5055,4141,Travel,5764.0,5990670,18,2023-10-19,2025-04-11,Online,Pol-Travel
5056,380,Motor,15172.0,8001986,16,2023-09-03,2024-12-26,Agent,Pol-Motor
5057,497,Motor,12271.0,7119275,47,2025-02-17,2028-12-28,Aggregator,Pol-Motor
5058,1916,Health,3661.0,9537845,31,2024-12-22,2027-07-10,Bancassurance,Pol-Health
5059,2186,Motor,4493.0,2891230,26,2025-02-01,2027-03-23,Online,Pol-Motor
5060,4504,Health,7556.0,7247725,23,2023-04-22,2025-03-12,Agent,Pol-Health
5061,185,Health,5381.0,3713090,52,2024-01-23,2028-05-01,Bancassurance,Pol-Health
5062,489,Motor,12591.0,6500260,56,2023-06-29,2028-02-03,Online,Pol-Motor
5063,2066,Motor,4420.0,4675974,58,2023-10-25,2028-07-30,Online,Pol-Motor
5064,1721,Motor,12536.0,3755509,56,2023-12-18,2028-07-24,Online,Pol-Motor
5065,171,Motor,2178.0,10727903,48,2023-12-01,2027-11-10,Partnership,Pol-Motor
5066,400,Motor,5989.0,8578324,48,2024-04-23,2028-04-02,Agent,Pol-Motor
5067,3593,Crop,14680.0,7972929,58,2025-01-03,2029-10-09,Online,Pol-Crop
5068,3653,Motor,7125.0,3655896,2,2023-09-27,2023-11-26,Partnership,Pol-Motor
5069,239,Motor,7434.0,9162640,57,2023-01-14,2027-09-20,Partnership,Pol-Motor
5070,1341,Motor,10818.0,5269451,38,2024-07-12,2027-08-26,Agent,Pol-Motor
5071,4416,Health,9545.0,3745037,11,2024-08-19,2025-07-15,Online,Pol-Health
5072,3622,Property,6932.0,13393237,5,2023-12-03,2024-05-01,Aggregator,Pol-Property
5073,2570,Travel,14174.0,11336403,47,2024-09-18,2028-07-29,Online,Pol-Travel
5074,2576,Health,7821.0,362174,14,2024-03-26,2025-05-20,Aggregator,Pol-Health
5075,1349,Motor,9617.0,788864,16,2023-10-03,2025-01-25,Aggregator,Pol-Motor
5076,4855,Motor,11761.0,22185667,48,2025-09-21,2029-08-31,Online,Pol-Motor
5077,2090,Motor,2176.0,1753976,41,2023-01-30,2026-06-13,Partnership,Pol-Motor
5078,234,Property,5117.0,1655084,51,2024-07-19,2028-09-26,Partnership,Pol-Property
5079,556,Health,5460.0,4740805,37,2023-06-11,2026-06-25,Agent,Pol-Health
5080,2485,Motor,10192.0,6838431,21,2025-09-23,2027-06-15,Partnership,Pol-Motor
5081,1955,Crop,17529.0,3486318,8,2025-06-20,2026-02-15,Online,Pol-Crop
5082,4772,Crop,2884.0,345688,14,2023-05-04,2024-06-27,Bancassurance,Pol-Crop
5083,3734,Crop,5955.0,6199968,9,2023-04-06,2024-01-01,Aggregator,Pol-Crop
5084,3276,Motor,12672.0,27284516,12,2023-07-20,2024-07-14,Online,Pol-Motor
5085,803,Motor,3072.0,1562532,15,2024-05-04,2025-07-28,Online,Pol-Motor
5086,4947,Motor,8881.0,23765244,25,2023-12-19,2026-01-07,Agent,Pol-Motor
5087,997,Health,9208.0,4194056,21,2025-08-20,2027-05-12,Online,Pol-Health
5088,846,Health,9593.0,26849447,46,2025-05-08,2029-02-16,Partnership,Pol-Health
5089,1320,Crop,4179.0,9448512,34,2023-04-29,2026-02-12,Online,Pol-Crop
5090,4118,Motor,7185.0,3298080,26,2024-08-30,2026-10-19,Partnership,Pol-Motor
5091,1711,Health,4020.0,9501883,54,2023-02-25,2027-08-03,Agent,Pol-Health
5092,242,Property,12755.0,17550163,4,2024-04-29,2024-08-27,Online,Pol-Property
5093,2891,Motor,4306.0,1447010,25,2025-06-23,2027-07-13,Agent,Pol-Motor
5094,2626,Motor,7471.0,5950615,40,2024-05-20,2027-09-02,Aggregator,Pol-Motor
5095,3499,Health,20857.0,13682783,32,2024-05-26,2027-01-11,Agent,Pol-Health
5096,453,Property,12885.0,3958243,29,2023-12-10,2026-04-28,Agent,Pol-Property
5097,1630,Travel,3029.0,1649155,22,2024-03-24,2026-01-13,Bancassurance,Pol-Travel
5098,2261,Crop,6299.0,34065662,34,2023-03-22,2026-01-05,Partnership,Pol-Crop
5099,3313,Crop,7577.0,1060739,19,2025-05-21,2026-12-12,Online,Pol-Crop
5100,4718,Health,6668.0,4061304,50,2024-01-01,2028-02-09,Agent,Pol-Health
5101,559,Motor,8903.0,5051061,6,2023-07-27,2024-01-23,Agent,Pol-Motor
5102,4968,Property,9975.0,35484332,20,2025-08-26,2027-04-18,Aggregator,Pol-Property
5103,2716,Travel,18338.0,727588,16,2025-07-09,2026-11-01,Aggregator,Pol-Travel
5104,1069,Motor,5805.0,5316002,33,2023-09-29,2026-06-15,Online,Pol-Motor
5105,2755,Motor,10632.0,3036185,9,2023-02-17,2023-11-14,Aggregator,Pol-Motor
5106,1261,Health,6695.0,3019320,22,2025-06-30,2027-04-21,Aggregator,Pol-Health
5107,2771,Travel,16062.0,22029277,34,2025-03-05,2027-12-20,Aggregator,Pol-Travel
5108,4603,Motor,8916.0,2246435,47,2025-02-12,2028-12-23,Bancassurance,Pol-Motor
5109,450,Property,7483.0,1738852,19,2024-09-06,2026-03-30,Partnership,Pol-Property
5110,3640,Property,6434.0,1869381,56,2023-05-13,2027-12-18,Online,Pol-Property
5111,1914,Property,4745.0,6248717,41,2025-03-14,2028-07-26,Aggregator,Pol-Property
5112,2798,Health,11308.0,5269279,41,2024-03-05,2027-07-18,Agent,Pol-Health
5113,4634,Travel,4864.0,4235490,37,2024-04-16,2027-05-01,Bancassurance,Pol-Travel
5114,2546,Motor,2884.0,3336007,4,2024-09-10,2025-01-08,Online,Pol-Motor
5115,3255,Motor,4535.0,19362268,5,2023-10-22,2024-03-20,Agent,Pol-Motor
5116,4812,Motor,7915.0,915800,12,2025-03-16,2026-03-11,Agent,Pol-Motor
5117,4496,Motor,3980.0,16018153,33,2023-10-25,2026-07-11,Aggregator,Pol-Motor
5118,3462,Motor,4902.0,1530004,51,2024-12-28,2029-03-07,Agent,Pol-Motor
5119,1460,Motor,2849.0,14168868,59,2023-12-04,2028-10-08,Agent,Pol-Motor
5120,921,Property,4848.0,11175497,9,2023-03-10,2023-12-05,Agent,Pol-Property
5121,3219,Health,17256.0,9509736,44,2025-08-21,2029-04-02,Bancassurance,Pol-Health
5122,457,Property,5342.0,4967394,56,2023-10-18,2028-05-24,Agent,Pol-Property
5123,1885,Motor,6946.0,3663369,29,2025-02-28,2027-07-18,Agent,Pol-Motor
5124,645,Motor,22489.0,6391998,30,2024-03-28,2026-09-14,Bancassurance,Pol-Motor
5125,2330,Motor,8652.0,14846519,29,2024-09-02,2027-01-20,Online,Pol-Motor
5126,4510,Motor,8484.0,4047382,45,2023-04-20,2026-12-30,Agent,Pol-Motor
5127,2211,Motor,4549.0,3398442,52,2025-03-23,2029-06-30,Aggregator,Pol-Motor
5128,4939,Motor,8212.0,5185599,17,2024-10-07,2026-03-01,Online,Pol-Motor
5129,4257,Health,17430.0,4266342,35,2025-08-30,2028-07-15,Agent,Pol-Health
5130,4351,Motor,4007.0,4654130,13,2024-08-02,2025-08-27,Agent,Pol-Motor
5131,1094,Motor,6682.0,23917276,46,2024-05-17,2028-02-26,Aggregator,Pol-Motor
5132,2460,Motor,4076.0,2689398,36,2023-12-19,2026-12-03,Agent,Pol-Motor
5133,2762,Crop,16453.0,16771113,4,2025-05-18,2025-09-15,Online,Pol-Crop
5134,2043,Motor,4065.0,12377950,1,2023-06-22,2023-07-22,Online,Pol-Motor
5135,36,Motor,5157.0,1472940,38,2023-08-14,2026-09-27,Agent,Pol-Motor
5136,470,Motor,4106.0,2835946,43,2023-03-14,2026-09-24,Partnership,Pol-Motor
5137,309,Property,3673.0,5150687,27,2025-05-23,2027-08-11,Online,Pol-Property
5138,3269,Health,7678.0,5107329,28,2023-07-26,2025-11-12,Agent,Pol-Health
5139,481,Motor,6155.0,3335772,25,2023-11-01,2025-11-20,Partnership,Pol-Motor
5140,789,Health,8738.0,13415528,24,2024-11-22,2026-11-12,Online,Pol-Health
5141,291,Health,10003.0,6467893,2,2025-05-01,2025-06-30,Online,Pol-Health
5142,430,Motor,3163.0,5751769,23,2023-06-27,2025-05-17,Agent,Pol-Motor
5143,598,Motor,8527.0,17304518,51,2023-07-05,2027-09-12,Online,Pol-Motor
5144,4528,Travel,4645.0,2802597,22,2025-06-29,2027-04-20,Online,Pol-Travel
5145,1558,Health,7879.0,3206665,18,2024-05-27,2025-11-18,Agent,Pol-Health
5146,4601,Health,8663.0,3796468,56,2025-08-27,2030-04-03,Online,Pol-Health
5147,673,Motor,6442.0,1534022,52,2024-04-02,2028-07-10,Agent,Pol-Motor
5148,2855,Crop,14162.0,5283985,54,2023-11-21,2028-04-28,Online,Pol-Crop
5149,1579,Motor,3582.0,9458221,16,2024-07-24,2025-11-16,Agent,Pol-Motor
5150,1433,Motor,4176.0,1724552,32,2023-06-19,2026-02-03,Agent,Pol-Motor
5151,41,Health,8283.0,2096833,3,2023-07-28,2023-10-26,Agent,Pol-Health
5152,4480,Health,21077.0,5592427,1,2023-05-21,2023-06-20,Bancassurance,Pol-Health
5153,2934,Travel,4579.0,7336826,34,2024-09-13,2027-06-30,Agent,Pol-Travel
5154,1315,Motor,7097.0,4311367,45,2025-04-15,2028-12-25,Online,Pol-Motor
5155,1816,Health,13299.0,3785979,26,2024-01-07,2026-02-25,Agent,Pol-Health
5156,4279,Motor,11592.0,18155274,46,2025-02-26,2028-12-07,Online,Pol-Motor
5157,1896,Property,9972.0,3192628,40,2025-03-15,2028-06-27,Online,Pol-Property
5158,1064,Motor,5117.0,21036756,46,2023-03-20,2026-12-29,Online,Pol-Motor
5159,3297,Health,7239.0,3244495,6,2023-02-19,2023-08-18,Online,Pol-Health
5160,138,Motor,7441.0,8590095,44,2024-11-05,2028-06-17,Online,Pol-Motor
5161,335,Health,12352.0,3174189,36,2023-01-23,2026-01-07,Aggregator,Pol-Health
5162,4234,Health,6860.0,3661942,9,2023-12-17,2024-09-12,Online,Pol-Health
5163,4584,Motor,14443.0,3045429,7,2023-03-20,2023-10-16,Online,Pol-Motor
5164,4672,Health,7134.0,10382330,31,2023-05-23,2025-12-08,Bancassurance,Pol-Health
5165,2677,Motor,7861.0,23365205,33,2023-01-28,2025-10-14,Agent,Pol-Motor
5166,1634,Property,6877.0,5913748,54,2023-12-28,2028-06-04,Online,Pol-Property
5167,4994,Health,6710.0,2099901,4,2025-09-14,2026-01-12,Online,Pol-Health
5168,1534,Crop,7076.0,9483001,6,2023-09-25,2024-03-23,Agent,Pol-Crop
5169,1109,Motor,7459.0,20342106,11,2025-05-25,2026-04-20,Online,Pol-Motor
5170,1587,Motor,3260.0,11809550,40,2024-12-29,2028-04-12,Partnership,Pol-Motor
5171,3862,Motor,6375.0,1552386,13,2023-05-06,2024-05-30,Agent,Pol-Motor
5172,4955,Motor,17058.0,3112455,9,2023-10-15,2024-07-11,Agent,Pol-Motor
5173,1113,Motor,2961.0,2589581,51,2023-12-23,2028-03-01,Partnership,Pol-Motor
5174,1113,Motor,6487.0,5684002,18,2025-02-11,2026-08-05,Agent,Pol-Motor
5175,2267,Crop,5538.0,9037186,26,2024-07-22,2026-09-10,Online,Pol-Crop
5176,2890,Health,8633.0,14702044,23,2023-10-14,2025-09-03,Agent,Pol-Health
5177,350,Health,9463.0,7732062,23,2025-07-15,2027-06-05,Aggregator,Pol-Health
5178,3963,Property,7887.0,21067724,51,2025-01-13,2029-03-23,Agent,Pol-Property
5179,1924,Motor,2681.0,28467895,5,2025-03-06,2025-08-03,Bancassurance,Pol-Motor
5180,4501,Crop,2660.0,19614496,10,2025-04-24,2026-02-18,Partnership,Pol-Crop
5181,43,Health,1935.0,2938010,47,2025-09-15,2029-07-26,Online,Pol-Health
5182,3546,Motor,6851.0,10097974,40,2023-10-23,2027-02-04,Online,Pol-Motor
5183,2306,Property,3223.0,8841679,19,2023-11-05,2025-05-28,Bancassurance,Pol-Property
5184,852,Health,2266.0,29646836,8,2025-03-06,2025-11-01,Bancassurance,Pol-Health
5185,3393,Health,4629.0,90763975,15,2024-07-01,2025-09-24,Online,Pol-Health
5186,1287,Crop,5212.0,3845018,19,2023-11-29,2025-06-21,Agent,Pol-Crop
5187,2483,Crop,7037.0,6676985,4,2023-04-25,2023-08-23,Agent,Pol-Crop
5188,3780,Crop,7359.0,6158690,35,2024-01-13,2026-11-28,Agent,Pol-Crop
5189,4626,Health,7558.0,16561976,37,2024-09-09,2027-09-24,Online,Pol-Health
5190,3369,Property,11048.0,5056004,12,2024-02-24,2025-02-18,Aggregator,Pol-Property
5191,3691,Motor,6332.0,10560505,31,2024-09-18,2027-04-06,Agent,Pol-Motor
5192,2117,Crop,10662.0,5875929,16,2023-04-28,2024-08-20,Aggregator,Pol-Crop
5193,1049,Motor,6155.0,1460316,40,2024-04-11,2027-07-25,Online,Pol-Motor
5194,2616,Health,6009.0,5594207,21,2024-07-16,2026-04-07,Partnership,Pol-Health
5195,513,Crop,5510.0,6908573,55,2024-04-09,2028-10-15,Online,Pol-Crop
5196,183,Property,7200.0,7319277,20,2024-07-06,2026-02-26,Agent,Pol-Property
5197,2102,Travel,10198.0,14679752,58,2023-11-05,2028-08-10,Agent,Pol-Travel
5198,1105,Motor,10096.0,3997254,50,2023-08-28,2027-10-06,Agent,Pol-Motor
5199,160,Motor,9943.0,2255362,22,2023-11-11,2025-09-01,Online,Pol-Motor
5200,3458,Crop,8563.0,21030537,44,2023-12-28,2027-08-09,Agent,Pol-Crop
5201,738,Health,4121.0,3876042,5,2025-08-16,2026-01-13,Bancassurance,Pol-Health
5202,2312,Crop,29103.0,6972496,8,2023-03-19,2023-11-14,Agent,Pol-Crop
5203,2669,Property,3764.0,6232962,8,2024-08-13,2025-04-10,Online,Pol-Property
5204,3054,Crop,7794.0,1492139,33,2024-03-08,2026-11-23,Bancassurance,Pol-Crop
5205,3381,Health,32822.0,21987791,27,2023-07-07,2025-09-24,Agent,Pol-Health
5206,3116,Property,11398.0,7701878,30,2024-11-01,2027-04-20,Agent,Pol-Property
5207,201,Motor,5166.0,10301910,28,2025-09-06,2027-12-25,Partnership,Pol-Motor
5208,1308,Travel,13483.0,18477173,40,2023-01-03,2026-04-17,Aggregator,Pol-Travel
5209,2195,Motor,8083.0,5252670,51,2023-10-22,2027-12-30,Aggregator,Pol-Motor
5210,3476,Motor,4875.0,10177365,18,2024-02-26,2025-08-19,Agent,Pol-Motor
5211,4807,Health,8177.0,6969674,59,2023-06-17,2028-04-21,Agent,Pol-Health
5212,4090,Property,6116.0,12206043,58,2025-07-14,2030-04-19,Agent,Pol-Property
5213,1770,Property,6586.0,4299986,52,2025-08-25,2029-12-02,Agent,Pol-Property
5214,3256,Motor,7489.0,24771714,10,2023-01-24,2023-11-20,Online,Pol-Motor
5215,2595,Property,10402.0,2160454,40,2025-07-05,2028-10-17,Online,Pol-Property
5216,1939,Crop,11508.0,20777584,13,2023-11-16,2024-12-10,Partnership,Pol-Crop
5217,1233,Health,5094.0,22384313,37,2025-08-04,2028-08-18,Aggregator,Pol-Health
5218,4968,Motor,8779.0,7964610,43,2023-01-28,2026-08-10,Aggregator,Pol-Motor
5219,575,Health,6414.0,5639174,55,2024-11-22,2029-05-30,Agent,Pol-Health
5220,82,Crop,10760.0,20621718,40,2025-06-11,2028-09-23,Online,Pol-Crop
5221,263,Crop,4400.0,13995984,51,2024-08-21,2028-10-29,Aggregator,Pol-Crop
5222,3839,Motor,7256.0,2837280,23,2024-01-27,2025-12-17,Online,Pol-Motor
5223,2971,Motor,2938.0,9860566,55,2024-08-07,2029-02-12,Agent,Pol-Motor
5224,286,Motor,10427.0,4794173,57,2024-11-07,2029-07-14,Partnership,Pol-Motor
5225,23,Health,18048.0,8815134,19,2025-04-05,2026-10-27,Aggregator,Pol-Health
5226,3668,Health,15889.0,10290260,54,2024-12-18,2029-05-26,Partnership,Pol-Health
5227,3991,Health,11146.0,2908746,23,2025-03-30,2027-02-18,Bancassurance,Pol-Health
5228,3546,Health,9773.0,1684727,41,2025-01-15,2028-05-29,Online,Pol-Health
5229,4302,Motor,20599.0,3547297,16,2025-07-04,2026-10-27,Online,Pol-Motor
5230,1456,Motor,5551.0,18409748,12,2025-09-17,2026-09-12,Aggregator,Pol-Motor
5231,95,Motor,6460.0,6709059,36,2024-06-07,2027-05-23,Aggregator,Pol-Motor
5232,2523,Motor,14858.0,18832866,4,2024-04-11,2024-08-09,Agent,Pol-Motor
5233,137,Crop,6839.0,29278233,12,2024-04-28,2025-04-23,Online,Pol-Crop
5234,2038,Motor,4617.0,6749923,27,2024-08-22,2026-11-10,Aggregator,Pol-Motor
5235,2250,Health,3429.0,9299672,14,2025-06-22,2026-08-16,Online,Pol-Health
5236,3671,Motor,4818.0,12784931,16,2024-08-20,2025-12-13,Aggregator,Pol-Motor
5237,4170,Health,17660.0,958681,53,2023-10-11,2028-02-17,Online,Pol-Health
5238,1346,Health,6963.0,3351809,29,2023-08-20,2026-01-06,Online,Pol-Health
5239,4645,Motor,5013.0,5754389,58,2023-08-08,2028-05-13,Agent,Pol-Motor
5240,2685,Health,7015.0,16016511,12,2024-02-08,2025-02-02,Agent,Pol-Health
5241,1000,Motor,8627.0,1614242,53,2024-11-05,2029-03-14,Aggregator,Pol-Motor
5242,3238,Health,2895.0,11788517,15,2024-02-11,2025-05-06,Online,Pol-Health
5243,1025,Property,4697.0,3729824,1,2023-01-27,2023-02-26,Agent,Pol-Property
5244,4387,Health,3485.0,9767686,28,2024-12-10,2027-03-30,Online,Pol-Health
5245,4167,Property,15239.0,4256605,8,2025-05-31,2026-01-26,Partnership,Pol-Property
5246,4204,Motor,6912.0,4719787,32,2025-09-04,2028-04-21,Bancassurance,Pol-Motor
5247,2646,Motor,6717.0,3852421,56,2024-07-27,2029-03-03,Agent,Pol-Motor
5248,3097,Motor,6700.0,4277747,25,2024-11-28,2026-12-18,Agent,Pol-Motor
5249,1834,Motor,4188.0,17889219,35,2024-04-29,2027-03-15,Agent,Pol-Motor
5250,2251,Health,9500.0,2354472,12,2025-03-10,2026-03-05,Aggregator,Pol-Health
5251,3635,Health,18354.0,1707086,6,2023-08-15,2024-02-11,Agent,Pol-Health
5252,1499,Property,5384.0,2049816,31,2023-06-23,2026-01-08,Online,Pol-Property
5253,569,Crop,11432.0,3710939,59,2023-10-02,2028-08-06,Agent,Pol-Crop
5254,4260,Health,6934.0,5339795,58,2023-03-30,2028-01-03,Bancassurance,Pol-Health
5255,1293,Health,5005.0,6951746,9,2025-02-15,2025-11-12,Aggregator,Pol-Health
5256,4276,Motor,11530.0,5364769,52,2023-05-08,2027-08-15,Online,Pol-Motor
5257,2646,Health,3260.0,3373483,25,2025-08-18,2027-09-07,Agent,Pol-Health
5258,472,Motor,3600.0,34809323,54,2024-10-07,2029-03-15,Aggregator,Pol-Motor
5259,3622,Health,17744.0,10252488,20,2024-08-16,2026-04-08,Aggregator,Pol-Health
5260,532,Property,5993.0,2986729,38,2024-05-22,2027-07-06,Agent,Pol-Property
5261,1990,Health,13303.0,5895957,15,2023-06-14,2024-09-06,Aggregator,Pol-Health
5262,609,Motor,6913.0,15703543,54,2023-07-27,2028-01-02,Online,Pol-Motor
5263,1083,Travel,2062.0,3631141,36,2025-08-28,2028-08-12,Online,Pol-Travel
5264,975,Motor,10302.0,4873951,26,2024-08-16,2026-10-05,Online,Pol-Motor
5265,975,Crop,8813.0,4034253,37,2024-07-10,2027-07-25,Agent,Pol-Crop
5266,4320,Property,5045.0,16637461,49,2023-09-08,2027-09-17,Aggregator,Pol-Property
5267,3982,Health,12684.0,8692609,41,2023-10-05,2027-02-16,Agent,Pol-Health
5268,4285,Motor,11703.0,3297427,11,2023-03-18,2024-02-11,Agent,Pol-Motor
5269,4155,Travel,5027.0,40900371,27,2024-07-08,2026-09-26,Agent,Pol-Travel
5270,1508,Health,12599.0,2434182,39,2024-11-15,2028-01-29,Agent,Pol-Health
5271,4921,Motor,8184.0,5850898,21,2025-04-20,2027-01-10,Partnership,Pol-Motor
5272,4502,Health,7589.0,17596562,53,2024-07-20,2028-11-26,Online,Pol-Health
5273,614,Health,5072.0,5355557,6,2025-09-19,2026-03-18,Agent,Pol-Health
5274,3544,Motor,4638.0,4440920,11,2023-07-17,2024-06-11,Partnership,Pol-Motor
5275,384,Motor,14906.0,8825952,46,2025-09-15,2029-06-26,Partnership,Pol-Motor
5276,412,Motor,8881.0,6911997,31,2024-08-29,2027-03-17,Bancassurance,Pol-Motor
5277,3377,Motor,11756.0,2832035,56,2023-02-03,2027-09-10,Online,Pol-Motor
5278,2776,Motor,5769.0,11276125,11,2023-12-30,2024-11-24,Bancassurance,Pol-Motor
5279,2284,Motor,9433.0,2842883,51,2024-01-01,2028-03-10,Online,Pol-Motor
5280,663,Motor,6159.0,1715222,45,2024-07-24,2028-04-04,Online,Pol-Motor
5281,4142,Motor,10234.0,7204049,8,2024-04-10,2024-12-06,Online,Pol-Motor
5282,4036,Travel,3636.0,2767908,19,2023-09-11,2025-04-03,Agent,Pol-Travel
5283,222,Health,3668.0,6272906,32,2025-01-17,2027-09-04,Aggregator,Pol-Health
5284,752,Health,4218.0,8633930,26,2023-07-30,2025-09-17,Online,Pol-Health
5285,3167,Health,7288.0,7242213,46,2023-07-03,2027-04-13,Aggregator,Pol-Health
5286,4914,Motor,2418.0,102350903,37,2023-02-24,2026-03-10,Agent,Pol-Motor
5287,3155,Crop,9231.0,23015650,43,2023-03-21,2026-10-01,Partnership,Pol-Crop
5288,1269,Health,9962.0,10204624,53,2023-07-31,2027-12-07,Agent,Pol-Health
5289,4106,Health,3061.0,9689860,34,2023-07-25,2026-05-10,Aggregator,Pol-Health
5290,2137,Travel,5984.0,12897492,47,2024-11-21,2028-10-01,Online,Pol-Travel
5291,2374,Property,18552.0,6232574,16,2025-05-30,2026-09-22,Online,Pol-Property
5292,2334,Motor,5886.0,5757123,33,2023-10-25,2026-07-11,Aggregator,Pol-Motor
5293,215,Travel,4430.0,5967693,35,2024-12-08,2027-10-24,Online,Pol-Travel
5294,996,Crop,6077.0,4091930,10,2024-10-17,2025-08-13,Bancassurance,Pol-Crop
5295,1872,Travel,13173.0,38803131,36,2023-06-01,2026-05-16,Online,Pol-Travel
5296,3211,Motor,4128.0,2531470,23,2025-03-11,2027-01-30,Partnership,Pol-Motor
5297,3451,Travel,9664.0,14972902,55,2025-03-12,2029-09-17,Online,Pol-Travel
5298,1665,Health,9060.0,13081526,48,2023-07-24,2027-07-03,Aggregator,Pol-Health
5299,982,Health,7293.0,11776320,41,2023-02-11,2026-06-25,Bancassurance,Pol-Health
5300,402,Motor,6071.0,6661356,4,2024-08-16,2024-12-14,Agent,Pol-Motor
5301,612,Motor,11657.0,2835600,19,2023-12-11,2025-07-03,Aggregator,Pol-Motor
5302,4925,Motor,4147.0,9546567,19,2023-04-06,2024-10-27,Online,Pol-Motor
5303,906,Health,8971.0,9544471,42,2023-10-16,2027-03-29,Agent,Pol-Health
5304,4453,Motor,3377.0,53356763,42,2024-04-30,2027-10-12,Online,Pol-Motor
5305,1906,Motor,11877.0,11501494,14,2025-09-14,2026-11-08,Online,Pol-Motor
5306,4361,Travel,10706.0,8319956,33,2023-10-19,2026-07-05,Bancassurance,Pol-Travel
5307,4096,Property,5952.0,6521590,48,2023-08-25,2027-08-04,Aggregator,Pol-Property
5308,1107,Health,6525.0,4504265,54,2023-12-27,2028-06-03,Bancassurance,Pol-Health
5309,228,Property,9311.0,8135826,52,2025-06-30,2029-10-07,Agent,Pol-Property
5310,1989,Health,3722.0,11215238,37,2024-11-08,2027-11-23,Online,Pol-Health
5311,2179,Motor,6316.0,3246507,46,2025-06-07,2029-03-18,Bancassurance,Pol-Motor
5312,4008,Health,7324.0,4200388,18,2024-10-03,2026-03-27,Partnership,Pol-Health
5313,4641,Health,3124.0,2903468,8,2023-05-10,2024-01-05,Bancassurance,Pol-Health
5314,244,Motor,11486.0,9916789,10,2023-11-06,2024-09-01,Agent,Pol-Motor
5315,1250,Motor,20747.0,17598389,31,2024-06-08,2026-12-25,Agent,Pol-Motor
5316,444,Motor,24402.0,559714,35,2023-01-10,2025-11-25,Bancassurance,Pol-Motor
5317,615,Health,2763.0,4775370,55,2024-05-12,2028-11-17,Agent,Pol-Health
5318,3781,Motor,13098.0,32168517,25,2023-03-09,2025-03-28,Agent,Pol-Motor
5319,825,Property,5348.0,12508143,25,2024-02-17,2026-03-08,Agent,Pol-Property
5320,3533,Motor,6937.0,9079368,40,2024-05-14,2027-08-27,Online,Pol-Motor
5321,936,Health,4487.0,2184623,47,2025-02-20,2028-12-31,Bancassurance,Pol-Health
5322,1745,Travel,9933.0,14071092,46,2024-11-07,2028-08-18,Aggregator,Pol-Travel
5323,4478,Crop,2098.0,6014426,3,2024-08-29,2024-11-27,Agent,Pol-Crop
5324,2687,Property,4024.0,12674049,15,2025-07-28,2026-10-21,Online,Pol-Property
5325,522,Motor,2370.0,48293654,32,2025-07-12,2028-02-27,Online,Pol-Motor
5326,4938,Property,5491.0,1959659,21,2024-09-06,2026-05-29,Aggregator,Pol-Property
5327,1877,Health,6269.0,23464861,58,2023-12-15,2028-09-19,Partnership,Pol-Health
5328,4033,Property,3338.0,4892643,33,2024-08-08,2027-04-25,Agent,Pol-Property
5329,2206,Crop,9516.0,19494841,39,2025-03-05,2028-05-18,Agent,Pol-Crop
5330,547,Motor,9106.0,3728078,27,2023-07-10,2025-09-27,Aggregator,Pol-Motor
5331,2554,Health,11304.0,2623089,14,2023-01-01,2024-02-25,Bancassurance,Pol-Health
5332,2869,Motor,14811.0,12479962,36,2024-09-20,2027-09-05,Bancassurance,Pol-Motor
5333,167,Motor,6418.0,1418766,46,2023-08-19,2027-05-30,Aggregator,Pol-Motor
5334,2070,Health,8195.0,3171575,41,2024-05-29,2027-10-11,Online,Pol-Health
5335,4944,Health,4397.0,3177110,10,2023-01-12,2023-11-08,Online,Pol-Health
5336,2936,Health,7583.0,3433111,24,2024-12-02,2026-11-22,Online,Pol-Health
5337,17,Property,7758.0,11039375,10,2023-01-26,2023-11-22,Partnership,Pol-Property
5338,2707,Health,15719.0,10123768,31,2024-08-26,2027-03-14,Agent,Pol-Health
5339,2810,Travel,9586.0,5700516,39,2025-02-03,2028-04-18,Online,Pol-Travel
5340,4351,Property,9680.0,3130499,47,2024-02-07,2027-12-18,Online,Pol-Property
5341,3260,Travel,6304.0,5383047,58,2024-05-18,2029-02-21,Online,Pol-Travel
5342,328,Property,1432.0,1962205,28,2025-08-05,2027-11-23,Agent,Pol-Property
5343,3452,Health,7420.0,1951667,4,2024-09-01,2024-12-30,Bancassurance,Pol-Health
5344,1998,Health,5777.0,3210545,50,2024-10-23,2028-12-01,Partnership,Pol-Health
5345,346,Property,4206.0,1648873,48,2025-07-21,2029-06-30,Agent,Pol-Property
5346,2355,Health,10619.0,6871414,19,2025-03-09,2026-09-30,Agent,Pol-Health
5347,4272,Health,12012.0,10335626,40,2025-09-25,2029-01-07,Online,Pol-Health
5348,544,Property,4432.0,6116638,16,2025-03-07,2026-06-30,Online,Pol-Property
5349,2383,Crop,7473.0,2227844,32,2023-10-11,2026-05-28,Aggregator,Pol-Crop
5350,3451,Motor,6947.0,4000356,6,2024-07-02,2024-12-29,Partnership,Pol-Motor
5351,3706,Health,12939.0,13853745,51,2024-07-18,2028-09-25,Agent,Pol-Health
5352,2749,Health,9124.0,17367979,10,2024-03-19,2025-01-13,Online,Pol-Health
5353,1357,Motor,10471.0,2037571,59,2024-12-07,2029-10-12,Partnership,Pol-Motor
5354,1807,Travel,6097.0,9009992,45,2023-09-05,2027-05-17,Partnership,Pol-Travel
5355,1367,Property,9015.0,2883417,16,2023-12-09,2025-04-02,Bancassurance,Pol-Property
5356,2854,Motor,11340.0,17548678,2,2024-12-29,2025-02-27,Bancassurance,Pol-Motor
5357,186,Motor,23340.0,18432159,8,2025-01-31,2025-09-28,Aggregator,Pol-Motor
5358,4206,Property,5594.0,642628,41,2024-05-08,2027-09-20,Online,Pol-Property
5359,767,Motor,6109.0,2590249,39,2024-04-14,2027-06-28,Agent,Pol-Motor
5360,35,Health,5068.0,8795880,5,2025-07-21,2025-12-18,Aggregator,Pol-Health
5361,3916,Motor,5863.0,812541,30,2024-07-02,2026-12-19,Bancassurance,Pol-Motor
5362,1646,Crop,14633.0,22681418,8,2023-06-24,2024-02-19,Online,Pol-Crop
5363,3586,Property,4844.0,8601027,29,2024-10-14,2027-03-03,Aggregator,Pol-Property
5364,798,Motor,8909.0,1480651,3,2025-07-27,2025-10-25,Online,Pol-Motor
5365,4106,Crop,12076.0,14652856,13,2024-04-14,2025-05-09,Bancassurance,Pol-Crop
5366,3657,Crop,13354.0,14756058,52,2025-08-02,2029-11-09,Agent,Pol-Crop
5367,1660,Health,15172.0,10035420,27,2025-05-25,2027-08-13,Online,Pol-Health
5368,38,Motor,9277.0,8807590,51,2023-12-09,2028-02-16,Bancassurance,Pol-Motor
5369,1979,Property,8835.0,12746329,12,2024-06-29,2025-06-24,Online,Pol-Property
5370,887,Motor,5518.0,2173104,51,2023-12-05,2028-02-12,Agent,Pol-Motor
5371,2730,Health,2739.0,6869865,40,2024-02-09,2027-05-24,Online,Pol-Health
5372,3455,Motor,5444.0,2797470,51,2024-05-08,2028-07-16,Agent,Pol-Motor
5373,4675,Health,7939.0,15784086,6,2025-08-25,2026-02-21,Partnership,Pol-Health
5374,3361,Motor,12171.0,5563427,39,2023-11-14,2027-01-27,Aggregator,Pol-Motor
5375,2664,Health,15532.0,742113,49,2024-03-21,2028-03-30,Partnership,Pol-Health
5376,4237,Motor,7356.0,1433337,15,2025-08-26,2026-11-19,Agent,Pol-Motor
5377,4299,Health,12864.0,5308517,46,2023-01-25,2026-11-05,Bancassurance,Pol-Health
5378,3476,Property,7972.0,3307967,47,2023-11-01,2027-09-11,Bancassurance,Pol-Property
5379,2850,Motor,8136.0,3431057,59,2025-02-18,2029-12-24,Online,Pol-Motor
5380,3378,Property,6313.0,2739711,8,2024-06-13,2025-02-08,Partnership,Pol-Property
5381,2185,Motor,5780.0,2549651,40,2023-02-06,2026-05-21,Bancassurance,Pol-Motor
5382,4871,Health,5481.0,7537994,59,2023-01-27,2027-12-02,Aggregator,Pol-Health
5383,4714,Health,5568.0,10595815,52,2024-06-14,2028-09-21,Agent,Pol-Health
5384,2673,Health,5233.0,6833043,24,2023-02-07,2025-01-27,Agent,Pol-Health
5385,1140,Motor,11216.0,9799208,32,2024-11-21,2027-07-09,Agent,Pol-Motor
5386,4234,Motor,13828.0,5704678,31,2023-06-28,2026-01-13,Aggregator,Pol-Motor
5387,2463,Motor,5016.0,1341008,38,2024-03-20,2027-05-04,Aggregator,Pol-Motor
5388,3233,Crop,4693.0,20737980,55,2023-09-07,2028-03-14,Agent,Pol-Crop
5389,2668,Health,6680.0,19553832,3,2024-08-03,2024-11-01,Aggregator,Pol-Health
5390,248,Travel,4739.0,9444472,48,2023-10-14,2027-09-23,Online,Pol-Travel
5391,526,Crop,4408.0,1777891,35,2023-08-27,2026-07-12,Online,Pol-Crop
5392,4321,Crop,6159.0,1430557,13,2025-02-17,2026-03-14,Online,Pol-Crop
5393,1145,Health,8281.0,2780789,59,2024-04-02,2029-02-05,Aggregator,Pol-Health
5394,4831,Motor,8230.0,37366499,58,2025-06-26,2030-04-01,Bancassurance,Pol-Motor
5395,4817,Crop,6268.0,7541228,47,2023-07-18,2027-05-28,Online,Pol-Crop
5396,463,Motor,5641.0,5491950,42,2024-09-06,2028-02-18,Bancassurance,Pol-Motor
5397,2964,Health,9941.0,6036248,41,2025-01-29,2028-06-12,Agent,Pol-Health
5398,4117,Crop,8904.0,3800059,58,2025-08-01,2030-05-07,Aggregator,Pol-Crop
5399,1979,Health,7991.0,5107923,15,2024-04-26,2025-07-20,Online,Pol-Health
5400,3401,Motor,5529.0,5874210,26,2025-07-12,2027-08-31,Agent,Pol-Motor
5401,4544,Motor,14279.0,3208828,12,2023-01-16,2024-01-11,Agent,Pol-Motor
5402,1964,Travel,3807.0,1812030,25,2024-06-16,2026-07-06,Agent,Pol-Travel
5403,4351,Travel,5544.0,5943689,28,2025-03-06,2027-06-24,Bancassurance,Pol-Travel
5404,1186,Property,4477.0,2699945,19,2024-07-09,2026-01-30,Agent,Pol-Property
5405,303,Crop,7338.0,14261398,9,2023-07-29,2024-04-24,Agent,Pol-Crop
5406,777,Motor,5252.0,8389344,35,2024-09-05,2027-07-22,Aggregator,Pol-Motor
5407,3260,Motor,7685.0,4901690,45,2023-08-17,2027-04-28,Aggregator,Pol-Motor
5408,624,Motor,9526.0,2827185,36,2023-01-26,2026-01-10,Online,Pol-Motor
5409,3857,Motor,13800.0,9951455,32,2024-11-19,2027-07-07,Agent,Pol-Motor
5410,1460,Motor,8162.0,10319870,3,2024-11-14,2025-02-12,Aggregator,Pol-Motor
5411,3387,Motor,8100.0,3573832,5,2023-08-20,2024-01-17,Aggregator,Pol-Motor
5412,4776,Health,9092.0,7433760,52,2024-02-20,2028-05-29,Aggregator,Pol-Health
5413,480,Motor,2339.0,2489976,41,2024-02-27,2027-07-11,Agent,Pol-Motor
5414,4231,Motor,7546.0,6249715,18,2023-06-19,2024-12-10,Partnership,Pol-Motor
5415,1062,Crop,4215.0,2581485,42,2023-07-08,2026-12-19,Agent,Pol-Crop
5416,288,Motor,5300.0,3470496,56,2025-04-21,2029-11-26,Agent,Pol-Motor
5417,3640,Motor,6905.0,11720928,51,2025-02-07,2029-04-17,Bancassurance,Pol-Motor
5418,1144,Motor,11804.0,15607524,15,2024-06-23,2025-09-16,Aggregator,Pol-Motor
5419,1424,Crop,3030.0,1540488,25,2023-02-18,2025-03-09,Agent,Pol-Crop
5420,658,Health,8263.0,4692693,18,2023-03-05,2024-08-26,Online,Pol-Health
5421,3086,Health,7722.0,9918743,7,2023-09-14,2024-04-11,Partnership,Pol-Health
5422,1740,Motor,9096.0,2107397,22,2024-07-01,2026-04-22,Aggregator,Pol-Motor
5423,2517,Health,22435.0,3770471,24,2023-01-23,2025-01-12,Online,Pol-Health
5424,4989,Motor,15966.0,8810299,35,2024-11-26,2027-10-12,Online,Pol-Motor
5425,2202,Motor,8481.0,3318337,22,2025-06-28,2027-04-19,Online,Pol-Motor
5426,679,Health,9704.0,1628438,27,2025-01-14,2027-04-04,Online,Pol-Health
5427,3458,Crop,7199.0,3987409,2,2024-08-06,2024-10-05,Aggregator,Pol-Crop
5428,2745,Motor,10718.0,4456839,11,2025-07-20,2026-06-15,Agent,Pol-Motor
5429,2354,Property,7463.0,21885729,58,2023-07-07,2028-04-11,Online,Pol-Property
5430,1649,Motor,9078.0,44863438,47,2024-12-04,2028-10-14,Online,Pol-Motor
5431,1680,Motor,5260.0,7293053,26,2024-09-14,2026-11-03,Aggregator,Pol-Motor
5432,3967,Motor,8228.0,5870692,7,2023-02-20,2023-09-18,Online,Pol-Motor
5433,2742,Crop,14487.0,1983075,19,2023-01-07,2024-07-30,Online,Pol-Crop
5434,854,Motor,9739.0,1533775,37,2025-01-27,2028-02-11,Online,Pol-Motor
5435,593,Health,7772.0,15333708,19,2025-04-05,2026-10-27,Online,Pol-Health
5436,3407,Motor,1719.0,1433151,10,2024-08-08,2025-06-04,Agent,Pol-Motor
5437,2953,Health,8882.0,9766623,47,2024-04-21,2028-03-01,Aggregator,Pol-Health
5438,1020,Health,7019.0,46160576,31,2024-10-18,2027-05-06,Agent,Pol-Health
5439,4994,Motor,4288.0,2148443,1,2025-07-05,2025-08-04,Online,Pol-Motor
5440,1585,Crop,7090.0,960547,17,2024-05-16,2025-10-08,Agent,Pol-Crop
5441,4912,Property,7107.0,8303070,10,2023-11-28,2024-09-23,Agent,Pol-Property
5442,2615,Motor,7354.0,17141969,36,2024-03-11,2027-02-24,Bancassurance,Pol-Motor
5443,1872,Health,10641.0,2210613,21,2024-01-13,2025-10-04,Agent,Pol-Health
5444,1091,Motor,6597.0,12780459,17,2025-09-13,2027-02-05,Online,Pol-Motor
5445,627,Property,6486.0,16564998,42,2023-01-01,2026-06-14,Partnership,Pol-Property
5446,4208,Health,6145.0,7602600,44,2024-02-01,2027-09-13,Online,Pol-Health
5447,4767,Motor,8285.0,3767766,43,2025-08-05,2029-02-15,Agent,Pol-Motor
5448,3179,Crop,9613.0,11147279,3,2024-01-15,2024-04-14,Agent,Pol-Crop
5449,26,Motor,13968.0,3369583,51,2023-11-11,2028-01-19,Aggregator,Pol-Motor
5450,3049,Motor,9553.0,5175020,50,2025-08-05,2029-09-13,Online,Pol-Motor
5451,622,Property,12563.0,3883812,22,2024-09-30,2026-07-22,Agent,Pol-Property
5452,3486,Motor,11195.0,6940652,30,2024-08-27,2027-02-13,Agent,Pol-Motor
5453,717,Motor,7914.0,6316070,50,2025-08-03,2029-09-11,Aggregator,Pol-Motor
5454,2661,Motor,5100.0,5265881,36,2023-11-10,2026-10-25,Agent,Pol-Motor
5455,1742,Crop,8974.0,4334489,5,2024-11-10,2025-04-09,Online,Pol-Crop
5456,3073,Motor,15981.0,9207048,3,2025-08-26,2025-11-24,Aggregator,Pol-Motor
5457,3734,Motor,12623.0,2795565,1,2023-10-29,2023-11-28,Agent,Pol-Motor
5458,4465,Motor,13892.0,2597391,17,2025-02-11,2026-07-06,Online,Pol-Motor
5459,2775,Motor,2916.0,14981819,49,2023-12-22,2027-12-31,Agent,Pol-Motor
5460,1846,Property,2744.0,12442874,54,2025-05-17,2029-10-23,Agent,Pol-Property
5461,4238,Health,5754.0,2890770,52,2023-12-23,2028-03-31,Agent,Pol-Health
5462,14,Property,9296.0,2732524,22,2023-03-19,2025-01-07,Bancassurance,Pol-Property
5463,2759,Health,6080.0,2874637,27,2023-06-01,2025-08-19,Bancassurance,Pol-Health
5464,531,Motor,6635.0,1023465,33,2024-12-22,2027-09-08,Online,Pol-Motor
5465,2879,Health,3499.0,12612502,21,2025-03-30,2026-12-20,Agent,Pol-Health
5466,3405,Property,5412.0,7458344,1,2023-06-29,2023-07-29,Online,Pol-Property
5467,438,Health,4702.0,2403402,4,2024-08-11,2024-12-09,Online,Pol-Health
5468,383,Crop,4777.0,10189192,41,2025-07-17,2028-11-28,Online,Pol-Crop
5469,1290,Travel,5075.0,11946495,6,2023-06-30,2023-12-27,Partnership,Pol-Travel
5470,2853,Property,4238.0,5151963,28,2024-10-13,2027-01-31,Partnership,Pol-Property
5471,2038,Travel,2212.0,8096904,12,2025-02-27,2026-02-22,Aggregator,Pol-Travel
5472,3717,Health,14850.0,7942952,45,2023-08-20,2027-05-01,Agent,Pol-Health
5473,2453,Motor,6916.0,5319924,52,2023-10-14,2028-01-21,Online,Pol-Motor
5474,886,Health,5200.0,5534363,58,2024-06-27,2029-04-02,Online,Pol-Health
5475,3495,Motor,6825.0,7491819,23,2024-05-09,2026-03-30,Online,Pol-Motor
5476,3015,Motor,8660.0,6492608,43,2023-02-22,2026-09-04,Agent,Pol-Motor
5477,3983,Health,7760.0,3625026,12,2023-08-21,2024-08-15,Aggregator,Pol-Health
5478,4175,Motor,5077.0,3281121,42,2023-04-08,2026-09-19,Agent,Pol-Motor
5479,309,Motor,12048.0,22687482,48,2025-02-19,2029-01-29,Aggregator,Pol-Motor
5480,727,Health,5446.0,3842170,58,2025-03-07,2029-12-11,Agent,Pol-Health
5481,3105,Motor,6527.0,1701484,49,2025-01-03,2029-01-12,Agent,Pol-Motor
5482,2938,Motor,17357.0,15571237,45,2025-05-11,2029-01-20,Partnership,Pol-Motor
5483,1714,Property,20537.0,5187326,33,2024-10-10,2027-06-27,Agent,Pol-Property
5484,3872,Motor,13015.0,5039511,21,2023-07-17,2025-04-07,Bancassurance,Pol-Motor
5485,713,Crop,5248.0,5122584,55,2023-02-16,2027-08-24,Online,Pol-Crop
5486,951,Crop,5928.0,16684480,41,2025-01-28,2028-06-11,Bancassurance,Pol-Crop
5487,1436,Property,4966.0,2244762,57,2024-10-05,2029-06-11,Aggregator,Pol-Property
5488,4566,Motor,6511.0,14478605,58,2023-04-17,2028-01-21,Online,Pol-Motor
5489,1539,Property,9576.0,7267232,40,2024-08-13,2027-11-26,Online,Pol-Property
5490,2613,Motor,2864.0,12326706,27,2023-11-27,2026-02-14,Online,Pol-Motor
5491,2169,Health,4371.0,3581269,50,2024-09-22,2028-10-31,Agent,Pol-Health
5492,2198,Health,7744.0,60286811,32,2024-06-26,2027-02-11,Agent,Pol-Health
5493,2201,Health,6988.0,4875268,1,2023-03-03,2023-04-02,Agent,Pol-Health
5494,3052,Property,5860.0,5097561,32,2025-03-06,2027-10-22,Agent,Pol-Property
5495,1671,Health,3647.0,2376139,3,2023-10-21,2024-01-19,Bancassurance,Pol-Health
5496,4670,Health,5443.0,4802789,33,2025-03-26,2027-12-11,Online,Pol-Health
5497,3135,Motor,5755.0,2486550,1,2023-02-05,2023-03-07,Bancassurance,Pol-Motor
5498,3365,Health,3769.0,37806047,24,2023-11-04,2025-10-24,Bancassurance,Pol-Health
5499,2116,Health,4829.0,1068402,19,2024-08-08,2026-03-01,Online,Pol-Health
5500,225,Health,6653.0,667327,18,2024-08-28,2026-02-19,Agent,Pol-Health
5501,847,Health,9286.0,3260168,32,2023-12-28,2026-08-14,Aggregator,Pol-Health
5502,4070,Motor,11585.0,7497793,44,2023-05-23,2027-01-02,Partnership,Pol-Motor
5503,2957,Motor,4343.0,18267945,6,2023-09-14,2024-03-12,Bancassurance,Pol-Motor
5504,4388,Health,6154.0,6090127,17,2025-08-29,2027-01-21,Aggregator,Pol-Health
5505,2262,Health,6484.0,3995797,12,2024-11-23,2025-11-18,Partnership,Pol-Health
5506,1584,Motor,6641.0,5423389,34,2025-01-25,2027-11-11,Partnership,Pol-Motor
5507,971,Motor,6416.0,10800883,36,2025-05-11,2028-04-25,Bancassurance,Pol-Motor
5508,3973,Health,4083.0,1880903,39,2023-04-26,2026-07-09,Online,Pol-Health
5509,1217,Crop,9297.0,13080812,2,2024-08-03,2024-10-02,Aggregator,Pol-Crop
5510,1639,Motor,6266.0,1007880,20,2025-05-06,2026-12-27,Agent,Pol-Motor
5511,2122,Health,7454.0,4323417,20,2023-11-12,2025-07-04,Bancassurance,Pol-Health
5512,4721,Crop,7629.0,4931899,56,2024-06-19,2029-01-24,Online,Pol-Crop
5513,2712,Motor,5414.0,1491818,47,2025-09-09,2029-07-20,Bancassurance,Pol-Motor
5514,1287,Motor,10746.0,5557956,39,2023-06-08,2026-08-21,Online,Pol-Motor
5515,3158,Crop,5851.0,3633813,55,2025-03-23,2029-09-28,Aggregator,Pol-Crop
5516,58,Motor,7977.0,6705107,57,2024-02-15,2028-10-21,Online,Pol-Motor
5517,1685,Health,7689.0,6986484,51,2024-06-14,2028-08-22,Online,Pol-Health
5518,3489,Health,8338.0,7531808,32,2023-08-17,2026-04-03,Aggregator,Pol-Health
5519,1305,Motor,12553.0,3413449,3,2023-01-12,2023-04-12,Agent,Pol-Motor
5520,1631,Motor,5112.0,6178828,26,2023-12-09,2026-01-27,Bancassurance,Pol-Motor
5521,4081,Health,7293.0,16036704,41,2025-03-28,2028-08-09,Bancassurance,Pol-Health
5522,4304,Property,7180.0,11042326,12,2024-08-16,2025-08-11,Agent,Pol-Property
5523,1167,Motor,6335.0,7079487,50,2025-06-26,2029-08-04,Aggregator,Pol-Motor
5524,413,Health,9360.0,2258567,3,2023-01-21,2023-04-21,Online,Pol-Health
5525,1619,Health,4096.0,522977,28,2025-04-04,2027-07-23,Online,Pol-Health
5526,2778,Motor,14749.0,900964,9,2023-05-02,2024-01-27,Bancassurance,Pol-Motor
5527,740,Health,15100.0,9583251,26,2023-01-19,2025-03-09,Online,Pol-Health
5528,4900,Motor,5344.0,2617186,6,2023-01-17,2023-07-16,Agent,Pol-Motor
5529,4515,Health,6981.0,1703589,5,2025-08-12,2026-01-09,Agent,Pol-Health
5530,919,Health,2993.0,2990446,9,2025-07-23,2026-04-19,Agent,Pol-Health
5531,2249,Health,5287.0,4767628,55,2025-06-10,2029-12-16,Aggregator,Pol-Health
5532,4083,Motor,23278.0,5814236,46,2023-03-14,2026-12-23,Agent,Pol-Motor
5533,4176,Property,9899.0,2785533,34,2024-07-19,2027-05-05,Agent,Pol-Property
5534,1504,Health,10322.0,12279410,28,2023-07-09,2025-10-26,Aggregator,Pol-Health
5535,3228,Health,5724.0,4428025,26,2024-10-07,2026-11-26,Aggregator,Pol-Health
5536,828,Crop,6967.0,4294212,57,2025-07-04,2030-03-10,Aggregator,Pol-Crop
5537,3232,Travel,7116.0,2345179,59,2025-06-22,2030-04-27,Aggregator,Pol-Travel
5538,2874,Health,3639.0,31144862,54,2024-10-19,2029-03-27,Online,Pol-Health
5539,1618,Motor,7780.0,4646010,35,2024-09-27,2027-08-13,Online,Pol-Motor
5540,1186,Property,10670.0,8786267,1,2024-08-20,2024-09-19,Online,Pol-Property
5541,1685,Motor,17729.0,6298292,4,2025-04-05,2025-08-03,Bancassurance,Pol-Motor
5542,510,Health,8265.0,16509099,59,2024-11-25,2029-09-30,Agent,Pol-Health
5543,695,Health,6854.0,2512075,13,2024-04-10,2025-05-05,Agent,Pol-Health
5544,3280,Travel,6861.0,8650304,40,2023-10-04,2027-01-16,Aggregator,Pol-Travel
5545,4017,Travel,8815.0,4059186,53,2023-10-03,2028-02-09,Online,Pol-Travel
5546,2069,Property,10771.0,6390753,21,2023-07-12,2025-04-02,Aggregator,Pol-Property
5547,1247,Health,12499.0,3949907,18,2023-06-07,2024-11-28,Agent,Pol-Health
5548,400,Health,2535.0,30177862,20,2023-05-30,2025-01-19,Agent,Pol-Health
5549,2608,Motor,12488.0,4871206,4,2025-02-15,2025-06-15,Aggregator,Pol-Motor
5550,4585,Crop,4023.0,1329017,32,2023-11-05,2026-06-22,Online,Pol-Crop
5551,288,Property,4485.0,4797371,27,2024-08-27,2026-11-15,Online,Pol-Property
5552,1404,Property,6601.0,6076425,25,2025-04-29,2027-05-19,Agent,Pol-Property
5553,4533,Motor,9421.0,6063846,7,2023-08-20,2024-03-17,Online,Pol-Motor
5554,2178,Motor,3801.0,1714663,45,2025-01-01,2028-09-12,Agent,Pol-Motor
5555,441,Health,5446.0,1856835,30,2025-04-20,2027-10-07,Agent,Pol-Health
5556,4886,Motor,8461.0,28705299,23,2023-09-19,2025-08-09,Aggregator,Pol-Motor
5557,1269,Motor,9333.0,4398022,29,2025-06-14,2027-11-01,Online,Pol-Motor
5558,2513,Motor,9223.0,4829486,57,2024-12-26,2029-09-01,Aggregator,Pol-Motor
5559,186,Travel,11738.0,35322055,57,2023-10-21,2028-06-26,Online,Pol-Travel
5560,4258,Property,12989.0,11094159,21,2023-11-18,2025-08-09,Partnership,Pol-Property
5561,3271,Health,7737.0,5226653,33,2024-04-29,2027-01-14,Online,Pol-Health
5562,2449,Motor,7085.0,6663884,18,2023-05-15,2024-11-05,Agent,Pol-Motor
5563,3544,Motor,4931.0,32466108,27,2023-04-06,2025-06-24,Online,Pol-Motor
5564,1480,Motor,5491.0,3047944,14,2023-02-01,2024-03-27,Agent,Pol-Motor
5565,4887,Health,3710.0,11423263,40,2025-09-10,2028-12-23,Partnership,Pol-Health
5566,3063,Crop,14684.0,9950927,54,2025-07-31,2030-01-06,Online,Pol-Crop
5567,4641,Motor,7086.0,5690247,31,2024-08-06,2027-02-22,Bancassurance,Pol-Motor
5568,2461,Motor,10637.0,3297195,42,2024-02-19,2027-08-02,Agent,Pol-Motor
5569,2579,Motor,27960.0,7745906,8,2025-01-26,2025-09-23,Online,Pol-Motor
5570,1145,Property,22318.0,5376712,3,2024-11-07,2025-02-05,Aggregator,Pol-Property
5571,4165,Crop,12764.0,10294125,35,2023-11-06,2026-09-21,Agent,Pol-Crop
5572,635,Property,6073.0,1233123,38,2024-02-08,2027-03-24,Agent,Pol-Property
5573,1304,Health,10944.0,94564748,11,2025-08-25,2026-07-21,Aggregator,Pol-Health
5574,4662,Motor,7313.0,9202677,36,2025-02-06,2028-01-22,Bancassurance,Pol-Motor
5575,533,Property,4582.0,8331257,52,2024-03-30,2028-07-07,Agent,Pol-Property
5576,1882,Motor,4647.0,34267295,48,2025-03-07,2029-02-14,Aggregator,Pol-Motor
5577,2698,Motor,11226.0,3071406,43,2025-07-18,2029-01-28,Online,Pol-Motor
5578,4650,Motor,10595.0,2884590,52,2024-06-17,2028-09-24,Online,Pol-Motor
5579,953,Motor,13497.0,4016998,34,2024-03-29,2027-01-13,Online,Pol-Motor
5580,2806,Motor,6517.0,38075411,23,2023-03-17,2025-02-04,Online,Pol-Motor
5581,570,Property,5880.0,4958693,5,2024-01-07,2024-06-05,Agent,Pol-Property
5582,4524,Motor,4253.0,64490173,30,2023-02-23,2025-08-11,Agent,Pol-Motor
5583,2823,Crop,3201.0,3337686,37,2024-11-12,2027-11-27,Aggregator,Pol-Crop
5584,3216,Crop,4800.0,510269,16,2024-11-16,2026-03-11,Online,Pol-Crop
5585,980,Health,5292.0,1185859,14,2023-09-06,2024-10-30,Aggregator,Pol-Health
5586,4131,Motor,4152.0,9164848,7,2023-10-11,2024-05-08,Agent,Pol-Motor
5587,3542,Health,5673.0,9655077,53,2024-08-24,2028-12-31,Agent,Pol-Health
5588,2574,Crop,18921.0,7470314,33,2023-09-09,2026-05-26,Online,Pol-Crop
5589,3387,Motor,5197.0,2134714,2,2024-04-01,2024-05-31,Aggregator,Pol-Motor
5590,3556,Crop,2909.0,1841035,46,2024-07-14,2028-04-24,Bancassurance,Pol-Crop
5591,2878,Health,7911.0,1467374,5,2024-02-15,2024-07-14,Online,Pol-Health
5592,1738,Travel,10100.0,4062077,45,2023-06-16,2027-02-25,Agent,Pol-Travel
5593,2424,Crop,4708.0,7379250,45,2024-08-26,2028-05-07,Agent,Pol-Crop
5594,2882,Motor,10710.0,17128598,39,2024-09-19,2027-12-03,Bancassurance,Pol-Motor
5595,2704,Health,18077.0,12592326,15,2025-01-05,2026-03-31,Aggregator,Pol-Health
5596,2536,Motor,6525.0,6344866,42,2025-01-07,2028-06-20,Agent,Pol-Motor
5597,3568,Motor,10632.0,60368822,2,2024-07-21,2024-09-19,Online,Pol-Motor
5598,2401,Property,11640.0,5651415,24,2023-08-12,2025-08-01,Agent,Pol-Property
5599,4450,Crop,9004.0,705813,29,2025-08-27,2028-01-14,Agent,Pol-Crop
5600,3956,Travel,11548.0,1626293,29,2025-03-13,2027-07-31,Bancassurance,Pol-Travel
5601,3553,Motor,9568.0,5954558,21,2025-07-02,2027-03-24,Online,Pol-Motor
5602,979,Motor,4566.0,1621383,25,2025-01-30,2027-02-19,Aggregator,Pol-Motor
5603,403,Health,2393.0,17650437,22,2024-02-25,2025-12-16,Agent,Pol-Health
5604,2805,Motor,8050.0,6648832,19,2025-06-10,2027-01-01,Online,Pol-Motor
5605,1515,Motor,6531.0,18129469,13,2023-06-01,2024-06-25,Online,Pol-Motor
5606,1548,Crop,3251.0,6922541,38,2023-10-07,2026-11-20,Online,Pol-Crop
5607,394,Property,6584.0,608807,57,2024-06-25,2029-03-01,Agent,Pol-Property
5608,2631,Crop,6855.0,21077448,33,2023-06-04,2026-02-18,Aggregator,Pol-Crop
5609,104,Health,8514.0,5125122,33,2024-10-31,2027-07-18,Agent,Pol-Health
5610,1744,Health,12803.0,5365715,56,2025-06-18,2030-01-23,Agent,Pol-Health
5611,422,Property,4897.0,8283739,12,2025-03-05,2026-02-28,Aggregator,Pol-Property
5612,4714,Motor,2612.0,4765872,46,2023-04-19,2027-01-28,Aggregator,Pol-Motor
5613,3178,Crop,5997.0,8996037,23,2024-03-26,2026-02-14,Online,Pol-Crop
5614,3777,Motor,11015.0,6679192,59,2023-05-14,2028-03-18,Online,Pol-Motor
5615,4391,Property,14315.0,5189040,29,2024-06-02,2026-10-20,Online,Pol-Property
5616,276,Property,5424.0,1488839,29,2024-01-10,2026-05-29,Agent,Pol-Property
5617,194,Motor,9823.0,5609612,43,2023-12-07,2027-06-19,Agent,Pol-Motor
5618,4407,Property,4230.0,4851750,1,2024-03-30,2024-04-29,Partnership,Pol-Property
5619,4716,Motor,7357.0,10110146,24,2023-09-15,2025-09-04,Aggregator,Pol-Motor
5620,1127,Health,1764.0,11083659,5,2024-04-01,2024-08-29,Aggregator,Pol-Health
5621,4019,Property,6224.0,4556769,57,2023-07-14,2028-03-19,Online,Pol-Property
5622,250,Property,8603.0,4094816,35,2025-01-21,2027-12-07,Online,Pol-Property
5623,3468,Travel,5828.0,16098492,45,2023-05-23,2027-02-01,Online,Pol-Travel
5624,2830,Motor,3634.0,10410962,5,2025-08-02,2025-12-30,Agent,Pol-Motor
5625,4392,Health,7622.0,3005964,13,2023-02-04,2024-02-29,Aggregator,Pol-Health
5626,238,Crop,18155.0,1320972,32,2023-08-01,2026-03-18,Aggregator,Pol-Crop
5627,3721,Health,4839.0,27577262,55,2025-02-23,2029-08-31,Online,Pol-Health
5628,4010,Crop,5129.0,11280731,42,2025-04-17,2028-09-28,Aggregator,Pol-Crop
5629,4906,Health,6503.0,12599168,27,2023-05-23,2025-08-10,Agent,Pol-Health
5630,2337,Property,16846.0,1961199,24,2024-06-07,2026-05-28,Agent,Pol-Property
5631,2585,Crop,3765.0,11182832,3,2024-11-03,2025-02-01,Agent,Pol-Crop
5632,1766,Crop,4991.0,2255366,1,2025-06-11,2025-07-11,Online,Pol-Crop
5633,3918,Crop,10278.0,14101917,29,2025-06-24,2027-11-11,Bancassurance,Pol-Crop
5634,4617,Motor,3953.0,4824834,45,2024-12-10,2028-08-21,Aggregator,Pol-Motor
5635,1143,Health,4776.0,1628552,22,2024-11-12,2026-09-03,Aggregator,Pol-Health
5636,2167,Motor,17810.0,6386999,5,2024-11-03,2025-04-02,Agent,Pol-Motor
5637,1115,Motor,17552.0,8651046,43,2025-06-06,2028-12-17,Partnership,Pol-Motor
5638,2220,Health,9849.0,9329930,21,2023-01-13,2024-10-04,Online,Pol-Health
5639,4819,Travel,8640.0,5655580,59,2024-01-17,2028-11-21,Agent,Pol-Travel
5640,1140,Health,5466.0,872984,12,2024-12-06,2025-12-01,Online,Pol-Health
5641,4663,Crop,7348.0,20246311,28,2024-06-13,2026-10-01,Online,Pol-Crop
5642,4572,Travel,5007.0,9432679,11,2024-09-17,2025-08-13,Agent,Pol-Travel
5643,3517,Motor,15661.0,5698185,15,2024-12-21,2026-03-16,Aggregator,Pol-Motor
5644,1977,Motor,7890.0,17150321,38,2023-12-20,2027-02-02,Online,Pol-Motor
5645,1597,Motor,6784.0,1661071,35,2025-02-14,2027-12-31,Agent,Pol-Motor
5646,1146,Health,7534.0,3889926,48,2023-11-08,2027-10-18,Aggregator,Pol-Health
5647,1628,Motor,5336.0,13373549,45,2024-04-21,2028-01-01,Bancassurance,Pol-Motor
5648,1859,Property,9479.0,38228206,16,2025-06-20,2026-10-13,Online,Pol-Property
5649,1246,Motor,6567.0,3570601,37,2024-12-19,2028-01-03,Bancassurance,Pol-Motor
5650,1483,Motor,31367.0,1089853,15,2024-08-29,2025-11-22,Bancassurance,Pol-Motor
5651,1522,Motor,5893.0,10422077,32,2024-03-04,2026-10-20,Online,Pol-Motor
5652,370,Health,11133.0,18691592,58,2023-01-30,2027-11-05,Aggregator,Pol-Health
5653,4856,Crop,18450.0,1101159,59,2025-09-06,2030-07-12,Aggregator,Pol-Crop
5654,3193,Travel,1817.0,4745176,16,2024-10-27,2026-02-19,Partnership,Pol-Travel
5655,3233,Crop,5913.0,14820411,33,2024-10-21,2027-07-08,Online,Pol-Crop
5656,1786,Motor,15748.0,20403269,40,2024-03-15,2027-06-28,Online,Pol-Motor
5657,575,Health,2384.0,1306479,57,2023-01-24,2027-09-30,Agent,Pol-Health
5658,3704,Health,13323.0,4297884,20,2023-03-01,2024-10-21,Online,Pol-Health
5659,4473,Motor,8639.0,3430352,37,2025-03-18,2028-04-01,Online,Pol-Motor
5660,2573,Health,15847.0,2159336,39,2024-03-07,2027-05-21,Partnership,Pol-Health
5661,2116,Motor,6313.0,6492687,32,2024-06-11,2027-01-27,Aggregator,Pol-Motor
5662,1903,Motor,8370.0,7273367,10,2024-07-23,2025-05-19,Aggregator,Pol-Motor
5663,4080,Motor,4085.0,27157284,16,2023-03-09,2024-07-01,Partnership,Pol-Motor
5664,1157,Travel,6542.0,606690,5,2025-05-15,2025-10-12,Online,Pol-Travel
5665,1086,Property,4971.0,8703957,20,2023-03-08,2024-10-28,Agent,Pol-Property
5666,161,Motor,5472.0,2631351,56,2024-09-28,2029-05-05,Agent,Pol-Motor
5667,759,Crop,7897.0,1871821,27,2023-07-14,2025-10-01,Agent,Pol-Crop
5668,2749,Travel,4956.0,4224074,43,2025-04-10,2028-10-21,Agent,Pol-Travel
5669,830,Property,2402.0,6960179,54,2023-10-21,2028-03-28,Bancassurance,Pol-Property
5670,849,Health,8286.0,3180133,50,2025-05-30,2029-07-08,Agent,Pol-Health
5671,1977,Motor,8173.0,4248393,59,2023-11-17,2028-09-21,Online,Pol-Motor
5672,4345,Health,10631.0,5343414,20,2023-09-25,2025-05-17,Agent,Pol-Health
5673,1530,Health,7309.0,7862338,13,2023-07-30,2024-08-23,Online,Pol-Health
5674,2250,Travel,4266.0,15032491,19,2025-01-08,2026-08-01,Online,Pol-Travel
5675,2893,Property,15719.0,4509373,44,2023-08-30,2027-04-11,Agent,Pol-Property
5676,3625,Motor,6189.0,5896929,50,2023-07-16,2027-08-24,Online,Pol-Motor
5677,1678,Health,4515.0,5566527,15,2023-02-12,2024-05-07,Agent,Pol-Health
5678,4106,Health,15172.0,25596940,38,2025-03-29,2028-05-12,Aggregator,Pol-Health
5679,4811,Property,17172.0,8343419,27,2024-02-27,2026-05-17,Agent,Pol-Property
5680,4455,Motor,1840.0,7632670,42,2024-04-02,2027-09-14,Agent,Pol-Motor
5681,1300,Property,4611.0,5197708,17,2023-05-18,2024-10-09,Online,Pol-Property
5682,2172,Motor,6690.0,5515200,10,2023-08-17,2024-06-12,Agent,Pol-Motor
5683,630,Motor,8427.0,935828,36,2023-10-19,2026-10-03,Online,Pol-Motor
5684,4364,Property,10169.0,3675692,40,2024-01-05,2027-04-19,Agent,Pol-Property
5685,278,Motor,25824.0,8696820,5,2025-06-07,2025-11-04,Bancassurance,Pol-Motor
5686,1024,Property,4239.0,5436920,51,2023-08-15,2027-10-23,Bancassurance,Pol-Property
5687,4172,Motor,7931.0,4644091,50,2023-12-11,2028-01-19,Aggregator,Pol-Motor
5688,4622,Travel,3507.0,19451482,48,2024-11-19,2028-10-29,Online,Pol-Travel
5689,4714,Property,8213.0,7698271,27,2025-02-01,2027-04-22,Agent,Pol-Property
5690,1200,Motor,16795.0,1865758,59,2025-08-04,2030-06-09,Agent,Pol-Motor
5691,1718,Property,1812.0,1302337,54,2025-08-11,2030-01-17,Agent,Pol-Property
5692,1981,Motor,3574.0,12660572,28,2024-09-30,2027-01-18,Agent,Pol-Motor
5693,1591,Health,10847.0,2398894,4,2025-01-04,2025-05-04,Agent,Pol-Health
5694,270,Motor,10987.0,6897127,7,2024-01-14,2024-08-11,Online,Pol-Motor
5695,4098,Motor,4843.0,11052443,8,2023-12-22,2024-08-18,Online,Pol-Motor
5696,2621,Travel,11031.0,6869399,15,2023-07-30,2024-10-22,Agent,Pol-Travel
5697,1387,Motor,14077.0,22340640,41,2025-06-04,2028-10-16,Online,Pol-Motor
5698,535,Health,9660.0,4638318,29,2025-02-13,2027-07-03,Bancassurance,Pol-Health
5699,1609,Motor,15218.0,7096094,39,2024-01-28,2027-04-12,Bancassurance,Pol-Motor
5700,2399,Health,8621.0,3692064,9,2024-04-17,2025-01-12,Aggregator,Pol-Health
5701,4633,Motor,6431.0,4188468,20,2023-05-31,2025-01-20,Partnership,Pol-Motor
5702,2915,Motor,8454.0,11095167,1,2025-08-30,2025-09-29,Online,Pol-Motor
5703,464,Motor,11178.0,12396729,7,2024-05-20,2024-12-16,Agent,Pol-Motor
5704,23,Motor,3275.0,1331027,34,2025-06-05,2028-03-21,Partnership,Pol-Motor
5705,689,Travel,8392.0,2688176,47,2025-04-10,2029-02-18,Aggregator,Pol-Travel
5706,4067,Crop,6875.0,6512453,10,2024-07-07,2025-05-03,Partnership,Pol-Crop
5707,4224,Crop,5623.0,9136830,59,2024-06-06,2029-04-11,Online,Pol-Crop
5708,1287,Motor,4157.0,1792589,41,2023-12-21,2027-05-04,Agent,Pol-Motor
5709,3861,Motor,2863.0,3274825,48,2025-09-10,2029-08-20,Online,Pol-Motor
5710,2083,Health,5662.0,8767255,6,2024-02-22,2024-08-20,Bancassurance,Pol-Health
5711,2535,Travel,5444.0,10336403,25,2024-07-10,2026-07-30,Aggregator,Pol-Travel
5712,4197,Health,11743.0,7686186,12,2024-12-19,2025-12-14,Aggregator,Pol-Health
5713,737,Motor,12898.0,4669940,40,2023-09-24,2027-01-06,Aggregator,Pol-Motor
5714,4707,Property,4786.0,2192075,41,2025-03-30,2028-08-11,Aggregator,Pol-Property
5715,1341,Motor,4764.0,3850345,39,2024-08-17,2027-10-31,Agent,Pol-Motor
5716,2378,Crop,5536.0,13407531,14,2025-04-07,2026-06-01,Bancassurance,Pol-Crop
5717,196,Travel,12830.0,12295879,11,2025-03-26,2026-02-19,Online,Pol-Travel
5718,2462,Travel,5241.0,2485135,12,2025-03-06,2026-03-01,Aggregator,Pol-Travel
5719,1505,Motor,19570.0,22606171,19,2024-11-27,2026-06-20,Online,Pol-Motor
5720,2116,Health,7808.0,2704616,42,2024-02-26,2027-08-09,Agent,Pol-Health
5721,2919,Health,9148.0,6170815,28,2024-02-02,2026-05-22,Agent,Pol-Health
5722,4025,Motor,5795.0,2094984,53,2023-07-18,2027-11-24,Agent,Pol-Motor
5723,871,Health,16476.0,24745265,19,2025-01-27,2026-08-20,Bancassurance,Pol-Health
5724,185,Health,9111.0,11578445,29,2024-11-02,2027-03-22,Bancassurance,Pol-Health
5725,1690,Motor,5767.0,6378614,45,2024-11-26,2028-08-07,Bancassurance,Pol-Motor
5726,1213,Motor,3792.0,3682326,35,2025-02-07,2027-12-24,Partnership,Pol-Motor
5727,3646,Motor,10338.0,38199969,23,2023-03-02,2025-01-20,Online,Pol-Motor
5728,498,Travel,5323.0,8608546,16,2024-04-14,2025-08-07,Aggregator,Pol-Travel
5729,1566,Property,6709.0,33773994,54,2023-08-13,2028-01-19,Online,Pol-Property
5730,1663,Property,4591.0,6169845,37,2025-03-26,2028-04-09,Agent,Pol-Property
5731,218,Motor,4624.0,6336335,21,2023-05-20,2025-02-08,Agent,Pol-Motor
5732,4621,Health,5403.0,11444119,59,2025-03-07,2030-01-10,Online,Pol-Health
5733,1362,Motor,7098.0,6402263,40,2025-03-11,2028-06-23,Partnership,Pol-Motor
5734,4217,Health,4049.0,6864503,1,2025-03-11,2025-04-10,Partnership,Pol-Health
5735,1506,Health,6462.0,7599439,46,2023-10-05,2027-07-16,Agent,Pol-Health
5736,2159,Crop,5116.0,11843935,52,2023-05-04,2027-08-11,Agent,Pol-Crop
5737,2057,Motor,6900.0,2693035,37,2023-03-11,2026-03-25,Agent,Pol-Motor
5738,4318,Motor,11595.0,5553784,25,2024-08-29,2026-09-18,Agent,Pol-Motor
5739,797,Crop,8142.0,3436601,16,2024-05-07,2025-08-30,Agent,Pol-Crop
5740,4957,Crop,5409.0,9666386,33,2025-01-30,2027-10-17,Online,Pol-Crop
5741,4051,Health,7158.0,5500303,25,2024-12-24,2027-01-13,Partnership,Pol-Health
5742,3720,Motor,9883.0,3290249,22,2024-08-14,2026-06-05,Online,Pol-Motor
5743,2252,Health,10410.0,19778438,3,2025-07-17,2025-10-15,Agent,Pol-Health
5744,2501,Health,8135.0,15628226,3,2023-05-19,2023-08-17,Aggregator,Pol-Health
5745,2309,Crop,18012.0,15679468,11,2025-07-18,2026-06-13,Partnership,Pol-Crop
5746,4962,Property,4714.0,17521932,43,2023-08-17,2027-02-27,Aggregator,Pol-Property
5747,1033,Motor,9543.0,9155911,52,2024-03-14,2028-06-21,Agent,Pol-Motor
5748,3845,Property,7088.0,9882744,5,2023-08-17,2024-01-14,Agent,Pol-Property
5749,3185,Motor,12204.0,4620462,44,2023-04-02,2026-11-12,Aggregator,Pol-Motor
5750,340,Motor,7369.0,18116144,25,2023-07-10,2025-07-29,Aggregator,Pol-Motor
5751,2095,Motor,20782.0,6326710,38,2023-01-06,2026-02-19,Partnership,Pol-Motor
5752,4926,Motor,7666.0,3262277,53,2025-03-22,2029-07-29,Agent,Pol-Motor
5753,4909,Crop,10578.0,8002369,16,2024-01-20,2025-05-14,Online,Pol-Crop
5754,489,Health,6635.0,3919278,32,2023-02-06,2025-09-23,Agent,Pol-Health
5755,1346,Health,8703.0,12464143,29,2025-09-08,2028-01-26,Online,Pol-Health
5756,791,Health,5400.0,10842430,6,2024-04-25,2024-10-22,Online,Pol-Health
5757,3517,Travel,9087.0,11859924,22,2024-02-06,2025-11-27,Partnership,Pol-Travel
5758,4189,Crop,2747.0,1519698,9,2023-04-12,2024-01-07,Online,Pol-Crop
5759,1835,Crop,5602.0,1132155,10,2023-04-03,2024-01-28,Agent,Pol-Crop
5760,1187,Motor,5191.0,6512625,55,2024-05-01,2028-11-06,Agent,Pol-Motor
5761,4234,Motor,18996.0,6533920,14,2024-01-21,2025-03-16,Online,Pol-Motor
5762,3456,Health,5101.0,17951415,47,2024-12-05,2028-10-15,Agent,Pol-Health
5763,4408,Health,5756.0,3149832,39,2025-04-17,2028-06-30,Bancassurance,Pol-Health
5764,3270,Motor,5009.0,2297139,20,2025-01-21,2026-09-13,Bancassurance,Pol-Motor
5765,1707,Motor,9005.0,2800942,5,2024-05-25,2024-10-22,Agent,Pol-Motor
5766,3600,Health,6210.0,2080008,7,2024-10-28,2025-05-26,Online,Pol-Health
5767,703,Health,5839.0,3502077,40,2025-05-23,2028-09-04,Agent,Pol-Health
5768,1274,Health,21360.0,1898740,54,2023-09-28,2028-03-05,Online,Pol-Health
5769,539,Property,7915.0,5887387,56,2025-04-25,2029-11-30,Bancassurance,Pol-Property
5770,3754,Health,10291.0,5594546,14,2025-09-18,2026-11-12,Agent,Pol-Health
5771,4213,Motor,8986.0,2938209,57,2024-01-30,2028-10-05,Bancassurance,Pol-Motor
5772,2940,Health,4818.0,2241541,15,2023-01-05,2024-03-30,Online,Pol-Health
5773,2615,Travel,5491.0,1980832,17,2023-12-05,2025-04-28,Bancassurance,Pol-Travel
5774,486,Motor,4186.0,638356,20,2024-04-19,2025-12-10,Online,Pol-Motor
5775,1387,Health,3967.0,2892114,16,2023-04-20,2024-08-12,Partnership,Pol-Health
5776,1050,Motor,7459.0,3555545,41,2024-01-12,2027-05-26,Online,Pol-Motor
5777,784,Motor,7711.0,876670,21,2024-07-30,2026-04-21,Bancassurance,Pol-Motor
5778,3060,Health,6877.0,19026121,11,2023-04-21,2024-03-16,Agent,Pol-Health
5779,2925,Health,8849.0,12327903,4,2023-02-10,2023-06-10,Online,Pol-Health
5780,620,Health,6746.0,4618346,25,2023-12-19,2026-01-07,Agent,Pol-Health
5781,4510,Motor,13624.0,852775,2,2024-08-29,2024-10-28,Agent,Pol-Motor
5782,3533,Health,5710.0,14865448,2,2025-07-13,2025-09-11,Online,Pol-Health
5783,4525,Motor,11970.0,3577676,27,2024-09-06,2026-11-25,Aggregator,Pol-Motor
5784,4339,Motor,10697.0,1311925,31,2024-05-26,2026-12-12,Aggregator,Pol-Motor
5785,3475,Motor,2036.0,1751524,47,2025-08-18,2029-06-28,Online,Pol-Motor
5786,1805,Crop,3447.0,3354544,8,2025-02-03,2025-10-01,Aggregator,Pol-Crop
5787,1099,Motor,3095.0,2289199,48,2025-01-18,2028-12-28,Agent,Pol-Motor
5788,112,Motor,8528.0,2998354,8,2024-01-09,2024-09-05,Agent,Pol-Motor
5789,4878,Motor,4258.0,906147,5,2024-10-01,2025-02-28,Aggregator,Pol-Motor
5790,970,Health,12356.0,19477880,22,2025-03-05,2026-12-25,Agent,Pol-Health
5791,1634,Property,4242.0,12839192,43,2024-12-01,2028-06-13,Agent,Pol-Property
5792,360,Property,8009.0,2704636,5,2023-02-10,2023-07-10,Agent,Pol-Property
5793,4863,Property,4417.0,11700204,40,2025-08-24,2028-12-06,Online,Pol-Property
5794,919,Motor,9759.0,3533978,48,2023-03-01,2027-02-08,Agent,Pol-Motor
5795,168,Crop,6250.0,5532547,6,2023-03-05,2023-09-01,Bancassurance,Pol-Crop
5796,3322,Health,5850.0,1833790,38,2024-05-05,2027-06-19,Online,Pol-Health
5797,3904,Motor,5199.0,8656160,7,2024-04-23,2024-11-19,Online,Pol-Motor
5798,2806,Health,4213.0,11161729,18,2024-10-30,2026-04-23,Partnership,Pol-Health
5799,2261,Health,8782.0,6586156,25,2025-05-24,2027-06-13,Bancassurance,Pol-Health
5800,4884,Motor,5217.0,3350720,3,2023-12-24,2024-03-23,Online,Pol-Motor
5801,1870,Travel,24271.0,896223,25,2024-05-15,2026-06-04,Partnership,Pol-Travel
5802,2840,Health,16242.0,11707597,58,2023-04-19,2028-01-23,Online,Pol-Health
5803,4975,Health,6412.0,4492529,21,2023-07-14,2025-04-04,Agent,Pol-Health
5804,758,Motor,5967.0,2675327,31,2023-10-26,2026-05-13,Online,Pol-Motor
5805,4784,Motor,6652.0,3085248,46,2024-05-28,2028-03-08,Online,Pol-Motor
5806,4494,Travel,15521.0,6920162,49,2025-08-03,2029-08-12,Online,Pol-Travel
5807,3818,Property,20991.0,1795448,42,2024-06-04,2027-11-16,Aggregator,Pol-Property
5808,1974,Health,2742.0,7901747,16,2024-12-01,2026-03-26,Online,Pol-Health
5809,2709,Health,14306.0,4291502,52,2023-08-19,2027-11-26,Agent,Pol-Health
5810,98,Crop,6345.0,2837488,22,2025-09-16,2027-07-08,Agent,Pol-Crop
5811,3077,Health,4859.0,2635920,51,2024-04-06,2028-06-14,Online,Pol-Health
5812,1920,Motor,12826.0,7385833,29,2024-07-13,2026-11-30,Online,Pol-Motor
5813,2207,Health,7637.0,578617,12,2023-07-31,2024-07-25,Aggregator,Pol-Health
5814,87,Health,14531.0,3024888,54,2024-06-09,2028-11-15,Bancassurance,Pol-Health
5815,1767,Travel,11801.0,9633649,46,2024-01-10,2027-10-21,Agent,Pol-Travel
5816,3192,Property,8656.0,4901158,43,2023-03-27,2026-10-07,Aggregator,Pol-Property
5817,4539,Motor,16504.0,16050280,1,2023-10-10,2023-11-09,Aggregator,Pol-Motor
5818,3648,Motor,6795.0,6091011,26,2023-07-26,2025-09-13,Bancassurance,Pol-Motor
5819,3678,Health,4237.0,2973938,10,2023-10-09,2024-08-04,Aggregator,Pol-Health
5820,682,Health,19129.0,4340822,25,2023-09-28,2025-10-17,Online,Pol-Health
5821,4217,Motor,6513.0,6138296,25,2023-12-17,2026-01-05,Online,Pol-Motor
5822,4593,Health,7996.0,2600060,43,2025-06-25,2029-01-05,Bancassurance,Pol-Health
5823,4708,Crop,5534.0,9317338,4,2024-02-02,2024-06-01,Aggregator,Pol-Crop
5824,2470,Motor,7711.0,27692126,18,2025-02-10,2026-08-04,Aggregator,Pol-Motor
5825,135,Property,8603.0,1885356,43,2025-01-08,2028-07-21,Partnership,Pol-Property
5826,4411,Motor,4205.0,9456279,8,2025-08-12,2026-04-09,Aggregator,Pol-Motor
5827,2246,Motor,4251.0,2680381,7,2025-05-13,2025-12-09,Aggregator,Pol-Motor
5828,3790,Motor,4715.0,2905674,17,2025-03-14,2026-08-06,Bancassurance,Pol-Motor
5829,4107,Health,6879.0,3843301,6,2023-11-02,2024-04-30,Aggregator,Pol-Health
5830,4965,Travel,9105.0,3150476,42,2023-02-01,2026-07-15,Online,Pol-Travel
5831,3202,Property,14018.0,9604090,44,2024-09-26,2028-05-08,Agent,Pol-Property
5832,735,Motor,24961.0,5630235,21,2023-11-30,2025-08-21,Aggregator,Pol-Motor
5833,1134,Motor,8021.0,4534213,2,2024-09-01,2024-10-31,Online,Pol-Motor
5834,3099,Health,5851.0,7420106,13,2025-01-25,2026-02-19,Aggregator,Pol-Health
5835,3472,Motor,2230.0,7829934,32,2025-08-12,2028-03-29,Aggregator,Pol-Motor
5836,3266,Property,8346.0,5291325,13,2025-08-20,2026-09-14,Online,Pol-Property
5837,1969,Motor,6734.0,13274004,29,2023-10-20,2026-03-08,Online,Pol-Motor
5838,4112,Motor,6133.0,5884385,5,2025-08-02,2025-12-30,Partnership,Pol-Motor
5839,3145,Motor,5279.0,36086665,54,2025-03-01,2029-08-07,Agent,Pol-Motor
5840,1225,Property,5362.0,2368012,26,2024-02-24,2026-04-14,Online,Pol-Property
5841,1188,Motor,8641.0,1397805,38,2023-12-08,2027-01-21,Online,Pol-Motor
5842,7,Motor,10108.0,6402449,32,2025-08-03,2028-03-20,Aggregator,Pol-Motor
5843,2109,Health,7236.0,12244395,48,2025-01-25,2029-01-04,Aggregator,Pol-Health
5844,2533,Health,10867.0,3971996,18,2024-05-15,2025-11-06,Bancassurance,Pol-Health
5845,4728,Travel,13953.0,2573057,17,2025-06-04,2026-10-27,Aggregator,Pol-Travel
5846,3523,Motor,6999.0,5415081,20,2024-09-11,2026-05-04,Aggregator,Pol-Motor
5847,1438,Motor,13515.0,4296501,15,2024-05-27,2025-08-20,Aggregator,Pol-Motor
5848,936,Health,4554.0,4547819,15,2023-09-11,2024-12-04,Bancassurance,Pol-Health
5849,560,Motor,8475.0,2673876,47,2023-05-07,2027-03-17,Aggregator,Pol-Motor
5850,4187,Health,6054.0,3383030,4,2023-08-16,2023-12-14,Online,Pol-Health
5851,446,Motor,9374.0,12756904,9,2023-11-02,2024-07-29,Aggregator,Pol-Motor
5852,1309,Crop,2495.0,16944260,44,2025-02-20,2028-10-02,Partnership,Pol-Crop
5853,1417,Motor,13206.0,4648901,46,2024-07-23,2028-05-03,Online,Pol-Motor
5854,1906,Property,7157.0,2021060,33,2023-07-28,2026-04-13,Agent,Pol-Property
5855,3211,Travel,9110.0,2181483,59,2023-09-10,2028-07-15,Online,Pol-Travel
5856,330,Travel,4949.0,1733452,10,2025-02-04,2025-12-01,Partnership,Pol-Travel
5857,3398,Health,16894.0,12085950,47,2024-10-16,2028-08-26,Partnership,Pol-Health
5858,3679,Travel,8711.0,6286398,43,2023-11-11,2027-05-24,Aggregator,Pol-Travel
5859,1554,Health,6064.0,4524890,1,2024-08-25,2024-09-24,Agent,Pol-Health
5860,3003,Motor,2569.0,11982295,40,2023-09-13,2026-12-26,Online,Pol-Motor
5861,3530,Crop,6162.0,7798858,53,2023-05-01,2027-09-07,Partnership,Pol-Crop
5862,2566,Health,2299.0,599987,9,2023-08-27,2024-05-23,Partnership,Pol-Health
5863,2584,Motor,7815.0,2818567,22,2024-12-21,2026-10-12,Aggregator,Pol-Motor
5864,2273,Property,9852.0,5187216,26,2024-10-03,2026-11-22,Online,Pol-Property
5865,2620,Health,10450.0,26567930,35,2024-08-23,2027-07-09,Aggregator,Pol-Health
5866,1815,Crop,4774.0,23737730,33,2023-11-24,2026-08-10,Agent,Pol-Crop
5867,3919,Crop,5343.0,742835,10,2025-08-16,2026-06-12,Partnership,Pol-Crop
5868,3214,Motor,6999.0,1716936,38,2023-09-23,2026-11-06,Aggregator,Pol-Motor
5869,3888,Motor,5576.0,6139646,59,2023-06-05,2028-04-09,Partnership,Pol-Motor
5870,1223,Property,3197.0,9503539,19,2023-05-02,2024-11-22,Online,Pol-Property
5871,3108,Health,5377.0,2979983,4,2024-11-28,2025-03-28,Aggregator,Pol-Health
5872,2514,Motor,8952.0,8587141,19,2025-07-20,2027-02-10,Bancassurance,Pol-Motor
5873,4668,Motor,5827.0,2964977,7,2024-01-05,2024-08-02,Aggregator,Pol-Motor
5874,4534,Motor,6519.0,3162507,12,2024-05-02,2025-04-27,Agent,Pol-Motor
5875,4853,Health,5653.0,1975486,27,2025-07-19,2027-10-07,Aggregator,Pol-Health
5876,4687,Motor,23644.0,1573536,32,2023-09-07,2026-04-24,Bancassurance,Pol-Motor
5877,4977,Motor,7807.0,3420228,27,2023-03-21,2025-06-08,Aggregator,Pol-Motor
5878,2552,Health,8200.0,14902602,57,2024-12-21,2029-08-27,Aggregator,Pol-Health
5879,3439,Motor,5510.0,8308599,21,2023-04-24,2025-01-13,Agent,Pol-Motor
5880,4984,Motor,9289.0,6875863,54,2023-02-21,2027-07-30,Agent,Pol-Motor
5881,2198,Crop,7700.0,4171732,5,2024-07-30,2024-12-27,Online,Pol-Crop
5882,4139,Health,3070.0,7884145,19,2024-08-20,2026-03-13,Aggregator,Pol-Health
5883,1321,Motor,15493.0,3518787,51,2023-07-15,2027-09-22,Bancassurance,Pol-Motor
5884,2367,Crop,6940.0,2619414,52,2023-07-07,2027-10-14,Aggregator,Pol-Crop
5885,4314,Motor,9586.0,8691728,53,2024-06-22,2028-10-29,Agent,Pol-Motor
5886,3791,Health,5338.0,3233405,7,2023-04-12,2023-11-08,Partnership,Pol-Health
5887,2536,Motor,9168.0,2061454,14,2024-10-22,2025-12-16,Online,Pol-Motor
5888,2376,Property,10230.0,7949036,9,2023-03-16,2023-12-11,Agent,Pol-Property
5889,2307,Motor,3526.0,1587779,37,2024-06-26,2027-07-11,Partnership,Pol-Motor
5890,2614,Motor,9516.0,7647288,50,2024-03-27,2028-05-05,Agent,Pol-Motor
5891,4215,Health,6949.0,7767865,9,2023-12-09,2024-09-04,Aggregator,Pol-Health
5892,4386,Property,4385.0,1692669,5,2023-02-13,2023-07-13,Online,Pol-Property
5893,1663,Health,16923.0,1799811,54,2025-05-20,2029-10-26,Aggregator,Pol-Health
5894,225,Property,4598.0,17443251,48,2025-09-22,2029-09-01,Aggregator,Pol-Property
5895,4990,Health,8240.0,9433467,9,2024-05-14,2025-02-08,Aggregator,Pol-Health
5896,2801,Property,3943.0,8345684,52,2024-05-14,2028-08-21,Agent,Pol-Property
5897,1281,Health,4227.0,6547800,43,2024-06-19,2027-12-31,Partnership,Pol-Health
5898,4341,Motor,12451.0,10250591,30,2023-09-24,2026-03-12,Aggregator,Pol-Motor
5899,522,Crop,6151.0,10250392,14,2023-02-06,2024-04-01,Online,Pol-Crop
5900,1619,Crop,15082.0,2612061,3,2024-01-31,2024-04-30,Aggregator,Pol-Crop
5901,4215,Travel,5966.0,4542231,52,2023-07-09,2027-10-16,Agent,Pol-Travel
5902,3683,Health,5838.0,3632668,24,2024-07-18,2026-07-08,Agent,Pol-Health
5903,1602,Health,5011.0,9030024,28,2024-05-03,2026-08-21,Online,Pol-Health
5904,2307,Crop,5732.0,6274324,39,2023-01-10,2026-03-25,Aggregator,Pol-Crop
5905,4667,Motor,9990.0,16827303,55,2024-03-13,2028-09-18,Partnership,Pol-Motor
5906,3828,Crop,7657.0,6926414,11,2024-09-03,2025-07-30,Bancassurance,Pol-Crop
5907,1216,Motor,6288.0,5570976,17,2025-07-14,2026-12-06,Partnership,Pol-Motor
5908,943,Motor,10354.0,11233371,18,2023-05-23,2024-11-13,Partnership,Pol-Motor
5909,3932,Motor,9655.0,11332934,51,2024-08-05,2028-10-13,Online,Pol-Motor
5910,1154,Health,6376.0,16196892,17,2024-06-27,2025-11-19,Aggregator,Pol-Health
5911,2206,Motor,15712.0,6479607,25,2023-02-09,2025-02-28,Partnership,Pol-Motor
5912,3750,Motor,3392.0,34250426,41,2025-05-28,2028-10-09,Agent,Pol-Motor
5913,261,Health,8982.0,12391162,14,2024-03-30,2025-05-24,Aggregator,Pol-Health
5914,390,Health,6895.0,35537905,21,2024-10-07,2026-06-29,Agent,Pol-Health
5915,4741,Crop,9428.0,5821375,11,2025-03-22,2026-02-15,Bancassurance,Pol-Crop
5916,4228,Motor,7725.0,41523510,47,2024-08-28,2028-07-08,Online,Pol-Motor
5917,408,Motor,8361.0,10258271,27,2023-08-24,2025-11-11,Online,Pol-Motor
5918,2044,Motor,2998.0,2142684,4,2024-12-02,2025-04-01,Agent,Pol-Motor
5919,567,Health,8209.0,2287462,51,2024-04-07,2028-06-15,Online,Pol-Health
5920,4782,Motor,12348.0,4126778,41,2024-09-01,2028-01-14,Online,Pol-Motor
5921,3371,Motor,5421.0,4082652,34,2024-11-18,2027-09-04,Online,Pol-Motor
5922,1980,Health,12065.0,7320722,40,2024-04-29,2027-08-12,Online,Pol-Health
5923,1953,Crop,6145.0,26235240,7,2023-11-22,2024-06-19,Bancassurance,Pol-Crop
5924,2007,Motor,5451.0,7212804,18,2024-06-22,2025-12-14,Bancassurance,Pol-Motor
5925,3839,Health,5515.0,2178329,19,2023-05-04,2024-11-24,Online,Pol-Health
5926,2316,Motor,4401.0,7996792,18,2023-11-02,2025-04-25,Online,Pol-Motor
5927,101,Motor,7600.0,3752990,15,2025-07-25,2026-10-18,Agent,Pol-Motor
5928,4757,Motor,5367.0,3932337,11,2025-07-26,2026-06-21,Aggregator,Pol-Motor
5929,3445,Health,5576.0,4558221,12,2024-08-02,2025-07-28,Online,Pol-Health
5930,33,Health,5207.0,3872941,35,2023-05-23,2026-04-07,Agent,Pol-Health
5931,4332,Crop,8635.0,1679768,36,2024-12-20,2027-12-05,Partnership,Pol-Crop
5932,4603,Crop,3894.0,5873998,53,2024-12-19,2029-04-27,Bancassurance,Pol-Crop
5933,332,Health,9858.0,25822283,50,2023-03-26,2027-05-04,Online,Pol-Health
5934,3517,Motor,9424.0,11078856,12,2025-08-06,2026-08-01,Agent,Pol-Motor
5935,4582,Property,9454.0,1848228,16,2024-08-21,2025-12-14,Agent,Pol-Property
5936,4216,Property,4490.0,552364,28,2024-06-20,2026-10-08,Aggregator,Pol-Property
5937,158,Property,8261.0,7254128,44,2025-08-13,2029-03-25,Aggregator,Pol-Property
5938,3109,Motor,14069.0,9067932,39,2023-01-09,2026-03-24,Online,Pol-Motor
5939,4946,Property,4008.0,9049401,44,2025-04-01,2028-11-11,Partnership,Pol-Property
5940,2192,Crop,8027.0,5965515,36,2024-06-27,2027-06-12,Online,Pol-Crop
5941,3629,Health,4201.0,2122189,59,2024-05-19,2029-03-24,Online,Pol-Health
5942,3783,Property,6395.0,24065364,30,2024-09-19,2027-03-08,Online,Pol-Property
5943,3822,Property,7213.0,4814210,16,2024-07-28,2025-11-20,Agent,Pol-Property
5944,2689,Health,5342.0,3377283,16,2023-12-31,2025-04-24,Agent,Pol-Health
5945,693,Property,5038.0,8407015,49,2023-11-21,2027-11-30,Agent,Pol-Property
5946,1052,Property,8334.0,3422186,20,2025-07-21,2027-03-13,Bancassurance,Pol-Property
5947,3884,Crop,4425.0,1944498,9,2023-12-15,2024-09-10,Online,Pol-Crop
5948,2923,Travel,9492.0,3477002,46,2025-02-27,2028-12-08,Agent,Pol-Travel
5949,2099,Health,17515.0,6703295,5,2023-03-05,2023-08-02,Partnership,Pol-Health
5950,2157,Motor,3870.0,17507365,31,2023-09-14,2026-04-01,Online,Pol-Motor
5951,134,Motor,3756.0,1062512,18,2024-12-11,2026-06-04,Bancassurance,Pol-Motor
5952,3751,Travel,3437.0,7894118,44,2023-03-11,2026-10-21,Agent,Pol-Travel
5953,2128,Motor,5778.0,11488034,22,2023-12-05,2025-09-25,Bancassurance,Pol-Motor
5954,2386,Motor,11260.0,7774206,39,2025-02-02,2028-04-17,Aggregator,Pol-Motor
5955,4528,Health,11777.0,9546027,2,2023-10-23,2023-12-22,Bancassurance,Pol-Health
5956,4198,Motor,9051.0,19233814,58,2024-06-09,2029-03-15,Aggregator,Pol-Motor
5957,4427,Health,8105.0,12584946,50,2024-06-01,2028-07-10,Bancassurance,Pol-Health
5958,4472,Property,13876.0,3770539,58,2023-07-06,2028-04-10,Bancassurance,Pol-Property
5959,2279,Motor,5741.0,12748119,3,2024-06-04,2024-09-02,Online,Pol-Motor
5960,1475,Property,9695.0,6237455,47,2025-09-18,2029-07-29,Bancassurance,Pol-Property
5961,4860,Health,19785.0,10916052,28,2023-09-04,2025-12-22,Bancassurance,Pol-Health
5962,4520,Health,13588.0,1750859,11,2024-12-12,2025-11-07,Aggregator,Pol-Health
5963,1049,Motor,4186.0,4606064,10,2024-05-22,2025-03-18,Online,Pol-Motor
5964,416,Crop,5489.0,9276810,20,2023-04-15,2024-12-05,Online,Pol-Crop
5965,4398,Health,20270.0,4807940,31,2024-04-14,2026-10-31,Aggregator,Pol-Health
5966,2167,Motor,5498.0,8704138,53,2023-07-19,2027-11-25,Aggregator,Pol-Motor
5967,2379,Health,16305.0,18044971,51,2023-12-30,2028-03-08,Partnership,Pol-Health
5968,662,Travel,5909.0,4215558,45,2024-03-21,2027-12-01,Agent,Pol-Travel
5969,4455,Health,6638.0,11951829,48,2023-10-17,2027-09-26,Aggregator,Pol-Health
5970,289,Property,4634.0,2136275,52,2024-09-16,2028-12-24,Bancassurance,Pol-Property
5971,2601,Health,5046.0,10674188,55,2024-01-28,2028-08-04,Aggregator,Pol-Health
5972,1726,Motor,6649.0,1240203,22,2025-08-27,2027-06-18,Agent,Pol-Motor
5973,575,Motor,8041.0,6434870,18,2025-02-28,2026-08-22,Online,Pol-Motor
5974,717,Motor,5995.0,6252424,12,2024-09-30,2025-09-25,Online,Pol-Motor
5975,3413,Motor,10406.0,25364243,15,2024-08-11,2025-11-04,Aggregator,Pol-Motor
5976,4023,Health,6002.0,3481197,55,2024-03-01,2028-09-06,Agent,Pol-Health
5977,2394,Motor,2612.0,894357,34,2024-05-13,2027-02-27,Agent,Pol-Motor
5978,4081,Crop,6609.0,8644520,45,2024-04-27,2028-01-07,Partnership,Pol-Crop
5979,3063,Travel,5787.0,2166888,28,2024-12-12,2027-04-01,Online,Pol-Travel
5980,1013,Health,15424.0,5691692,44,2025-08-30,2029-04-11,Online,Pol-Health
5981,2361,Health,11475.0,2975619,15,2025-01-08,2026-04-03,Partnership,Pol-Health
5982,2134,Motor,12048.0,4476653,35,2023-12-15,2026-10-30,Agent,Pol-Motor
5983,1947,Health,10418.0,780677,17,2025-02-04,2026-06-29,Partnership,Pol-Health
5984,3513,Health,9132.0,1135922,38,2023-07-21,2026-09-03,Bancassurance,Pol-Health
5985,1352,Motor,9118.0,7600591,11,2025-07-14,2026-06-09,Aggregator,Pol-Motor
5986,2898,Motor,11632.0,4729986,26,2024-09-26,2026-11-15,Aggregator,Pol-Motor
5987,3076,Health,9799.0,1923557,29,2024-03-29,2026-08-16,Online,Pol-Health
5988,3905,Health,5634.0,3278518,52,2023-10-12,2028-01-19,Online,Pol-Health
5989,3256,Property,3613.0,8382895,25,2023-10-21,2025-11-09,Agent,Pol-Property
5990,2348,Travel,2855.0,4197625,4,2023-01-05,2023-05-05,Agent,Pol-Travel
5991,528,Property,4795.0,7969901,27,2023-09-20,2025-12-08,Agent,Pol-Property
5992,2654,Motor,5075.0,2450463,42,2025-06-25,2028-12-06,Agent,Pol-Motor
5993,2975,Property,6992.0,8830765,22,2024-12-24,2026-10-15,Bancassurance,Pol-Property
5994,2697,Health,6894.0,4346633,24,2023-01-27,2025-01-16,Partnership,Pol-Health
5995,1282,Property,17485.0,7600243,53,2024-07-28,2028-12-04,Bancassurance,Pol-Property
5996,4651,Crop,9709.0,7007939,19,2023-03-20,2024-10-10,Aggregator,Pol-Crop
5997,3280,Motor,5050.0,3747090,41,2023-12-15,2027-04-28,Aggregator,Pol-Motor
5998,4017,Motor,14556.0,3915177,27,2023-09-25,2025-12-13,Aggregator,Pol-Motor
5999,4827,Health,6536.0,4702807,19,2024-03-18,2025-10-09,Aggregator,Pol-Health
6000,3295,Motor,9733.0,9965378,47,2025-04-05,2029-02-13,Online,Pol-Motor
6001,3937,Health,9267.0,25519560,41,2023-10-21,2027-03-04,Online,Pol-Health
6002,1045,Property,7482.0,2649647,13,2025-03-11,2026-04-05,Online,Pol-Property
6003,3440,Motor,14869.0,12866625,31,2025-07-19,2028-02-04,Bancassurance,Pol-Motor
6004,313,Health,5475.0,4248887,2,2023-07-02,2023-08-31,Aggregator,Pol-Health
6005,316,Health,7819.0,4909133,27,2025-02-05,2027-04-26,Agent,Pol-Health
6006,2451,Motor,4671.0,6962108,8,2023-02-28,2023-10-26,Aggregator,Pol-Motor
6007,1891,Property,8736.0,3585903,12,2025-06-07,2026-06-02,Online,Pol-Property
6008,3619,Health,8989.0,3902736,29,2023-02-13,2025-07-02,Bancassurance,Pol-Health
6009,4222,Health,7654.0,29034799,29,2025-03-26,2027-08-13,Agent,Pol-Health
6010,4001,Property,7586.0,5814618,22,2025-05-14,2027-03-05,Aggregator,Pol-Property
6011,496,Health,6718.0,8420216,30,2025-06-29,2027-12-16,Partnership,Pol-Health
6012,981,Motor,8851.0,27725434,9,2025-01-09,2025-10-06,Online,Pol-Motor
6013,4840,Property,9988.0,26963703,5,2023-12-31,2024-05-29,Partnership,Pol-Property
6014,4796,Health,4001.0,4598524,36,2023-07-02,2026-06-16,Aggregator,Pol-Health
6015,2029,Property,6382.0,2681427,13,2025-05-12,2026-06-06,Agent,Pol-Property
6016,2093,Motor,6119.0,2049560,47,2023-08-24,2027-07-04,Online,Pol-Motor
6017,4932,Motor,10204.0,1869189,2,2023-02-11,2023-04-12,Online,Pol-Motor
6018,2908,Crop,13416.0,3668377,33,2024-02-13,2026-10-30,Agent,Pol-Crop
6019,3144,Motor,9080.0,1999559,4,2024-01-11,2024-05-10,Agent,Pol-Motor
6020,728,Health,7876.0,5088111,56,2025-02-08,2029-09-15,Agent,Pol-Health
6021,4194,Health,4993.0,2827858,10,2024-08-16,2025-06-12,Online,Pol-Health
6022,1468,Health,18600.0,3979999,57,2023-02-10,2027-10-17,Online,Pol-Health
6023,1115,Motor,4623.0,4927022,33,2025-07-28,2028-04-13,Aggregator,Pol-Motor
6024,1678,Motor,3915.0,4042184,2,2023-11-02,2024-01-01,Online,Pol-Motor
6025,2044,Motor,10507.0,2091506,12,2024-08-24,2025-08-19,Aggregator,Pol-Motor
6026,2165,Health,5677.0,7419717,16,2024-04-06,2025-07-30,Agent,Pol-Health
6027,3965,Crop,10746.0,16315346,35,2025-04-18,2028-03-03,Aggregator,Pol-Crop
6028,3115,Motor,15004.0,15967854,56,2024-07-09,2029-02-13,Aggregator,Pol-Motor
6029,4167,Property,6414.0,11658863,59,2023-03-31,2028-02-03,Online,Pol-Property
6030,4854,Motor,9209.0,4218333,9,2024-11-29,2025-08-26,Online,Pol-Motor
6031,2844,Crop,5866.0,3052410,3,2024-07-22,2024-10-20,Online,Pol-Crop
6032,2887,Health,7608.0,10169999,28,2023-02-09,2025-05-29,Partnership,Pol-Health
6033,4822,Motor,6877.0,7234709,52,2023-03-01,2027-06-08,Online,Pol-Motor
6034,107,Health,11849.0,10169813,16,2024-05-21,2025-09-13,Agent,Pol-Health
6035,4871,Health,5583.0,28408729,40,2023-05-23,2026-09-04,Agent,Pol-Health
6036,2342,Motor,5235.0,5283264,19,2025-04-22,2026-11-13,Agent,Pol-Motor
6037,4053,Motor,6643.0,2727343,11,2024-08-28,2025-07-24,Aggregator,Pol-Motor
6038,1131,Motor,10214.0,3349342,38,2023-03-01,2026-04-14,Aggregator,Pol-Motor
6039,1110,Property,4917.0,6115920,46,2023-04-27,2027-02-05,Aggregator,Pol-Property
6040,3582,Travel,4058.0,3222068,31,2023-03-07,2025-09-22,Agent,Pol-Travel
6041,1251,Motor,13194.0,10555001,1,2023-04-28,2023-05-28,Agent,Pol-Motor
6042,2642,Health,2413.0,10127873,44,2025-07-23,2029-03-04,Agent,Pol-Health
6043,3074,Motor,3824.0,17197877,55,2024-12-30,2029-07-07,Online,Pol-Motor
6044,2090,Motor,21655.0,17316337,30,2024-07-12,2026-12-29,Partnership,Pol-Motor
6045,81,Health,3054.0,556172,21,2024-02-01,2025-10-23,Online,Pol-Health
6046,2536,Property,5891.0,2659265,15,2023-04-06,2024-06-29,Online,Pol-Property
6047,916,Motor,5301.0,5946116,16,2023-12-31,2025-04-24,Aggregator,Pol-Motor
6048,262,Property,2328.0,1967358,4,2024-09-06,2025-01-04,Bancassurance,Pol-Property
6049,3320,Motor,4440.0,5118515,24,2025-02-27,2027-02-17,Aggregator,Pol-Motor
6050,3041,Property,8371.0,2686257,40,2024-05-04,2027-08-17,Aggregator,Pol-Property
6051,4904,Health,10694.0,3712919,23,2023-09-27,2025-08-17,Agent,Pol-Health
6052,4644,Motor,12730.0,24301049,17,2024-08-13,2026-01-05,Bancassurance,Pol-Motor
6053,2663,Property,6082.0,16316165,58,2025-01-30,2029-11-05,Partnership,Pol-Property
6054,2995,Motor,2908.0,5536155,54,2024-10-23,2029-03-31,Agent,Pol-Motor
6055,1973,Motor,7524.0,2445463,35,2023-12-28,2026-11-12,Online,Pol-Motor
6056,2175,Motor,14578.0,7356197,56,2025-08-26,2030-04-02,Online,Pol-Motor
6057,1328,Motor,15724.0,786456,26,2025-04-19,2027-06-08,Agent,Pol-Motor
6058,4891,Motor,11983.0,9921740,35,2023-03-15,2026-01-28,Agent,Pol-Motor
6059,3886,Health,3709.0,9118996,15,2025-06-30,2026-09-23,Aggregator,Pol-Health
6060,840,Motor,6652.0,1901405,15,2025-08-26,2026-11-19,Partnership,Pol-Motor
6061,3837,Motor,8225.0,18279237,27,2023-04-04,2025-06-22,Aggregator,Pol-Motor
6062,3314,Travel,8920.0,3208950,8,2025-02-07,2025-10-05,Bancassurance,Pol-Travel
6063,3649,Property,3013.0,2405310,53,2025-08-28,2030-01-04,Partnership,Pol-Property
6064,548,Motor,20499.0,6429138,15,2024-02-22,2025-05-17,Online,Pol-Motor
6065,4163,Property,14182.0,1675361,53,2025-08-25,2030-01-01,Agent,Pol-Property
6066,3667,Health,7322.0,2521221,8,2025-06-20,2026-02-15,Aggregator,Pol-Health
6067,4778,Motor,7816.0,7521844,51,2024-02-21,2028-04-30,Aggregator,Pol-Motor
6068,2627,Motor,5711.0,3654166,4,2024-04-03,2024-08-01,Agent,Pol-Motor
6069,4933,Crop,13603.0,19553631,1,2025-06-24,2025-07-24,Bancassurance,Pol-Crop
6070,3877,Property,4111.0,1353070,25,2024-05-11,2026-05-31,Partnership,Pol-Property
6071,1326,Property,7761.0,5975881,35,2023-04-01,2026-02-14,Agent,Pol-Property
6072,3792,Health,4824.0,13484643,8,2024-09-28,2025-05-26,Agent,Pol-Health
6073,2872,Health,7268.0,11196288,49,2024-04-09,2028-04-18,Online,Pol-Health
6074,575,Health,13154.0,2933056,17,2023-06-28,2024-11-19,Agent,Pol-Health
6075,1102,Property,5316.0,28299344,28,2024-02-13,2026-06-02,Aggregator,Pol-Property
6076,30,Property,8027.0,1015646,6,2024-12-10,2025-06-08,Online,Pol-Property
6077,1376,Motor,6878.0,5270375,43,2024-12-22,2028-07-04,Online,Pol-Motor
6078,2811,Health,5079.0,12476356,6,2024-09-23,2025-03-22,Online,Pol-Health
6079,4927,Health,5384.0,16269184,55,2025-03-21,2029-09-26,Bancassurance,Pol-Health
6080,3949,Motor,5414.0,2414174,1,2024-11-12,2024-12-12,Aggregator,Pol-Motor
6081,3805,Health,2973.0,6187853,3,2024-05-29,2024-08-27,Agent,Pol-Health
6082,4631,Crop,6780.0,11102536,52,2023-07-28,2027-11-04,Partnership,Pol-Crop
6083,4465,Travel,7623.0,4647532,9,2023-04-21,2024-01-16,Partnership,Pol-Travel
6084,3732,Property,3436.0,1850465,15,2024-12-04,2026-02-27,Online,Pol-Property
6085,4398,Motor,5846.0,1152754,40,2023-02-11,2026-05-26,Aggregator,Pol-Motor
6086,3523,Motor,6550.0,2998127,20,2024-03-13,2025-11-03,Agent,Pol-Motor
6087,2355,Motor,10983.0,3284654,16,2023-05-23,2024-09-14,Online,Pol-Motor
6088,3751,Health,17371.0,2728058,10,2023-01-16,2023-11-12,Agent,Pol-Health
6089,3135,Property,8926.0,28883582,14,2025-08-05,2026-09-29,Aggregator,Pol-Property
6090,4933,Crop,3683.0,8903687,55,2024-09-05,2029-03-13,Aggregator,Pol-Crop
6091,1300,Crop,4618.0,4169352,16,2025-04-10,2026-08-03,Partnership,Pol-Crop
6092,4607,Motor,7606.0,4419698,15,2024-07-09,2025-10-02,Aggregator,Pol-Motor
6093,3066,Motor,5847.0,4665444,41,2023-04-14,2026-08-26,Online,Pol-Motor
6094,887,Crop,7187.0,9213454,26,2024-03-05,2026-04-24,Aggregator,Pol-Crop
6095,1559,Crop,11094.0,2043177,10,2025-09-22,2026-07-19,Partnership,Pol-Crop
6096,3808,Health,6729.0,2280019,40,2025-07-04,2028-10-16,Bancassurance,Pol-Health
6097,2986,Health,24919.0,5267103,12,2025-04-06,2026-04-01,Online,Pol-Health
6098,3785,Health,3331.0,450429,37,2023-04-28,2026-05-12,Agent,Pol-Health
6099,2047,Health,9600.0,2605897,14,2023-11-18,2025-01-11,Online,Pol-Health
6100,4891,Motor,3184.0,12088252,25,2024-05-29,2026-06-18,Agent,Pol-Motor
6101,3458,Health,4787.0,10956591,30,2023-08-30,2026-02-15,Agent,Pol-Health
6102,3301,Health,11167.0,1266812,53,2023-06-07,2027-10-14,Agent,Pol-Health
6103,3299,Motor,2616.0,4879204,30,2025-07-28,2028-01-14,Bancassurance,Pol-Motor
6104,3399,Travel,8506.0,1638768,59,2023-11-13,2028-09-17,Aggregator,Pol-Travel
6105,4373,Motor,3937.0,2711099,35,2025-08-26,2028-07-11,Agent,Pol-Motor
6106,4326,Health,7080.0,3058512,15,2025-05-01,2026-07-25,Agent,Pol-Health
6107,2061,Health,5351.0,9717860,31,2024-12-16,2027-07-04,Online,Pol-Health
6108,1527,Health,7384.0,12502449,38,2024-02-01,2027-03-17,Agent,Pol-Health
6109,3695,Motor,8944.0,3396805,51,2023-07-14,2027-09-21,Bancassurance,Pol-Motor
6110,4711,Health,12449.0,1381108,18,2024-10-28,2026-04-21,Online,Pol-Health
6111,2151,Motor,7860.0,1060482,7,2024-06-13,2025-01-09,Aggregator,Pol-Motor
6112,2157,Motor,9974.0,14879265,3,2025-05-27,2025-08-25,Agent,Pol-Motor
6113,2424,Motor,7089.0,4161087,5,2025-03-27,2025-08-24,Bancassurance,Pol-Motor
6114,2795,Motor,3747.0,4428090,25,2024-02-22,2026-03-13,Agent,Pol-Motor
6115,4244,Travel,4148.0,1904006,16,2024-03-11,2025-07-04,Bancassurance,Pol-Travel
6116,3043,Health,15458.0,12233101,15,2025-04-22,2026-07-16,Aggregator,Pol-Health
6117,4092,Motor,3983.0,9269119,20,2024-04-04,2025-11-25,Agent,Pol-Motor
6118,3079,Travel,8065.0,3631039,41,2023-03-25,2026-08-06,Online,Pol-Travel
6119,3235,Motor,8000.0,2316994,22,2023-03-12,2024-12-31,Partnership,Pol-Motor
6120,436,Motor,7778.0,6300497,35,2025-07-30,2028-06-14,Online,Pol-Motor
6121,1458,Motor,12227.0,1007580,27,2024-05-24,2026-08-12,Aggregator,Pol-Motor
6122,2373,Property,5310.0,8304236,12,2023-03-21,2024-03-15,Aggregator,Pol-Property
6123,2205,Health,6596.0,4066444,33,2025-09-05,2028-05-22,Agent,Pol-Health
6124,112,Motor,6183.0,6312863,24,2025-08-31,2027-08-21,Aggregator,Pol-Motor
6125,3035,Motor,2361.0,5180627,26,2023-02-24,2025-04-14,Online,Pol-Motor
6126,1097,Health,5012.0,11507151,52,2024-06-23,2028-09-30,Online,Pol-Health
6127,1297,Health,12491.0,12185426,38,2024-07-01,2027-08-15,Aggregator,Pol-Health
6128,958,Crop,20170.0,13712610,34,2023-06-18,2026-04-03,Online,Pol-Crop
6129,4832,Health,11793.0,5880833,13,2024-03-22,2025-04-16,Bancassurance,Pol-Health
6130,4969,Health,8904.0,5006150,28,2023-05-15,2025-09-01,Agent,Pol-Health
6131,4087,Property,3686.0,2925834,20,2025-08-03,2027-03-26,Online,Pol-Property
6132,94,Health,8044.0,3179628,8,2024-05-03,2024-12-29,Aggregator,Pol-Health
6133,2767,Motor,7703.0,7377966,50,2023-03-04,2027-04-12,Agent,Pol-Motor
6134,668,Motor,23637.0,5462280,54,2023-11-13,2028-04-20,Online,Pol-Motor
6135,515,Health,3061.0,16087688,16,2025-08-26,2026-12-19,Agent,Pol-Health
6136,1244,Property,3923.0,4359676,34,2023-02-03,2025-11-19,Aggregator,Pol-Property
6137,3077,Motor,13440.0,1475472,56,2024-04-16,2028-11-21,Bancassurance,Pol-Motor
6138,4290,Health,15871.0,6148969,32,2023-09-04,2026-04-21,Agent,Pol-Health
6139,2102,Motor,8653.0,12405953,48,2024-04-09,2028-03-19,Aggregator,Pol-Motor
6140,3024,Motor,6109.0,8543133,30,2025-08-14,2028-01-31,Agent,Pol-Motor
6141,812,Motor,9765.0,8243484,35,2023-10-14,2026-08-29,Online,Pol-Motor
6142,1521,Motor,21784.0,13369638,16,2024-01-18,2025-05-12,Partnership,Pol-Motor
6143,1479,Health,5304.0,6507793,48,2024-02-03,2028-01-13,Online,Pol-Health
6144,3864,Motor,9253.0,1224077,9,2023-10-11,2024-07-07,Agent,Pol-Motor
6145,2002,Health,6628.0,11499746,54,2023-06-21,2027-11-27,Aggregator,Pol-Health
6146,1032,Motor,8820.0,6933728,31,2024-10-16,2027-05-04,Aggregator,Pol-Motor
6147,2139,Health,10822.0,4810531,19,2024-12-21,2026-07-14,Bancassurance,Pol-Health
6148,4442,Motor,5468.0,1788919,43,2023-01-24,2026-08-06,Agent,Pol-Motor
6149,3070,Motor,11972.0,2624489,34,2025-04-24,2028-02-08,Aggregator,Pol-Motor
6150,351,Health,5732.0,1023680,16,2023-02-11,2024-06-05,Aggregator,Pol-Health
6151,4306,Health,9762.0,3321035,24,2025-08-16,2027-08-06,Partnership,Pol-Health
6152,2306,Property,2776.0,3131024,16,2023-05-29,2024-09-20,Aggregator,Pol-Property
6153,4792,Motor,10738.0,4815644,15,2024-10-26,2026-01-19,Partnership,Pol-Motor
6154,1265,Health,4705.0,21975077,31,2023-10-02,2026-04-19,Online,Pol-Health
6155,1558,Motor,5711.0,12743300,52,2023-04-22,2027-07-30,Agent,Pol-Motor
6156,4961,Health,2372.0,5557327,56,2023-09-16,2028-04-22,Agent,Pol-Health
6157,786,Motor,6553.0,2728814,7,2024-03-05,2024-10-01,Bancassurance,Pol-Motor
6158,3907,Property,14245.0,1911519,44,2025-07-08,2029-02-17,Agent,Pol-Property
6159,4207,Health,3350.0,14095361,15,2023-01-21,2024-04-15,Agent,Pol-Health
6160,3434,Property,8081.0,1697342,2,2023-09-14,2023-11-13,Online,Pol-Property
6161,2308,Travel,2644.0,1882749,39,2023-05-01,2026-07-14,Online,Pol-Travel
6162,666,Crop,6802.0,54204716,52,2023-06-27,2027-10-04,Agent,Pol-Crop
6163,561,Health,11262.0,4507394,22,2024-02-19,2025-12-10,Online,Pol-Health
6164,3658,Crop,6945.0,34879798,24,2024-06-02,2026-05-23,Online,Pol-Crop
6165,4149,Motor,10832.0,3918232,25,2024-11-02,2026-11-22,Aggregator,Pol-Motor
6166,4998,Motor,5703.0,16558247,12,2023-02-12,2024-02-07,Online,Pol-Motor
6167,2192,Health,26693.0,6856688,52,2025-01-29,2029-05-08,Online,Pol-Health
6168,1543,Travel,12714.0,2876803,51,2023-04-10,2027-06-18,Online,Pol-Travel
6169,2851,Property,8142.0,2412277,14,2024-12-07,2026-01-31,Aggregator,Pol-Property
6170,718,Motor,17257.0,727834,34,2023-07-07,2026-04-22,Agent,Pol-Motor
6171,3140,Health,14725.0,2192697,46,2023-07-12,2027-04-22,Bancassurance,Pol-Health
6172,2921,Motor,5604.0,9994705,20,2024-06-07,2026-01-28,Online,Pol-Motor
6173,655,Health,9418.0,5030877,14,2025-02-16,2026-04-12,Agent,Pol-Health
6174,1132,Motor,6323.0,3223033,18,2024-01-10,2025-07-03,Bancassurance,Pol-Motor
6175,1776,Motor,11606.0,4844719,35,2025-08-24,2028-07-09,Aggregator,Pol-Motor
6176,3223,Motor,16090.0,12662584,17,2023-10-08,2025-03-01,Agent,Pol-Motor
6177,3812,Property,3498.0,1548066,48,2024-04-19,2028-03-29,Aggregator,Pol-Property
6178,1750,Health,7782.0,7332552,45,2023-12-13,2027-08-24,Aggregator,Pol-Health
6179,3211,Motor,15233.0,1395941,23,2023-03-02,2025-01-20,Bancassurance,Pol-Motor
6180,2728,Health,10724.0,438550,22,2025-04-17,2027-02-06,Partnership,Pol-Health
6181,2537,Property,9079.0,3086209,49,2023-12-06,2027-12-15,Agent,Pol-Property
6182,1082,Travel,12551.0,3473833,31,2024-07-14,2027-01-30,Online,Pol-Travel
6183,4184,Crop,3756.0,3991099,29,2023-05-30,2025-10-16,Agent,Pol-Crop
6184,3042,Motor,9741.0,4888739,25,2024-05-22,2026-06-11,Agent,Pol-Motor
6185,2342,Motor,13586.0,8609322,32,2025-03-04,2027-10-20,Agent,Pol-Motor
6186,3202,Motor,9747.0,2743538,31,2024-05-03,2026-11-19,Aggregator,Pol-Motor
6187,2088,Health,3985.0,1609784,6,2024-06-27,2024-12-24,Online,Pol-Health
6188,1080,Health,6073.0,14112493,37,2025-05-04,2028-05-18,Agent,Pol-Health
6189,2760,Motor,7373.0,16727823,17,2023-03-06,2024-07-28,Aggregator,Pol-Motor
6190,291,Crop,4868.0,6426364,47,2025-01-09,2028-11-19,Aggregator,Pol-Crop
6191,4803,Property,4672.0,8075666,31,2024-02-09,2026-08-27,Partnership,Pol-Property
6192,3424,Health,9373.0,13102791,58,2023-11-30,2028-09-04,Online,Pol-Health
6193,3167,Health,16709.0,13221437,21,2023-05-27,2025-02-15,Agent,Pol-Health
6194,3500,Health,2856.0,1802968,2,2025-07-09,2025-09-07,Bancassurance,Pol-Health
6195,4895,Health,5759.0,4319608,7,2024-01-28,2024-08-25,Online,Pol-Health
6196,844,Crop,5109.0,1195577,27,2025-03-19,2027-06-07,Partnership,Pol-Crop
6197,914,Motor,15530.0,6842427,22,2024-06-24,2026-04-15,Online,Pol-Motor
6198,4440,Health,10526.0,9178350,4,2023-10-30,2024-02-27,Aggregator,Pol-Health
6199,3991,Motor,14702.0,1553470,27,2025-08-19,2027-11-07,Online,Pol-Motor
6200,977,Health,11417.0,9677688,51,2024-09-14,2028-11-22,Agent,Pol-Health
6201,3327,Health,13235.0,12594599,45,2024-09-18,2028-05-30,Online,Pol-Health
6202,2093,Motor,8462.0,20609794,32,2023-08-11,2026-03-28,Agent,Pol-Motor
6203,1201,Motor,9301.0,4662599,21,2024-01-13,2025-10-04,Agent,Pol-Motor
6204,1649,Motor,9532.0,8258147,35,2024-11-01,2027-09-17,Online,Pol-Motor
6205,122,Motor,7455.0,17653591,9,2023-01-14,2023-10-11,Bancassurance,Pol-Motor
6206,4371,Health,7351.0,1855336,28,2024-10-24,2027-02-11,Online,Pol-Health
6207,960,Travel,9297.0,4740826,54,2023-08-11,2028-01-17,Agent,Pol-Travel
6208,3816,Motor,9180.0,1685467,10,2023-10-21,2024-08-16,Partnership,Pol-Motor
6209,4408,Motor,8149.0,5605265,50,2023-07-27,2027-09-04,Agent,Pol-Motor
6210,1353,Health,8025.0,4384264,23,2023-05-16,2025-04-05,Aggregator,Pol-Health
6211,688,Motor,10467.0,3025255,24,2024-04-04,2026-03-25,Aggregator,Pol-Motor
6212,2330,Motor,6879.0,9375439,57,2025-06-15,2030-02-19,Bancassurance,Pol-Motor
6213,856,Health,3982.0,2715245,48,2024-11-30,2028-11-09,Bancassurance,Pol-Health
6214,4437,Crop,8127.0,3763664,4,2024-10-01,2025-01-29,Agent,Pol-Crop
6215,22,Crop,4680.0,14728487,17,2024-11-10,2026-04-04,Bancassurance,Pol-Crop
6216,2005,Motor,12324.0,33144926,48,2023-01-14,2026-12-24,Online,Pol-Motor
6217,3953,Motor,5467.0,19543312,24,2025-01-01,2026-12-22,Agent,Pol-Motor
6218,3887,Health,5709.0,6826394,58,2023-07-12,2028-04-16,Aggregator,Pol-Health
6219,970,Motor,9022.0,10435113,1,2024-04-14,2024-05-14,Online,Pol-Motor
6220,3779,Property,7289.0,7022208,37,2024-05-07,2027-05-22,Agent,Pol-Property
6221,345,Health,13243.0,871994,2,2025-07-12,2025-09-10,Agent,Pol-Health
6222,1730,Motor,6604.0,1256534,40,2023-03-18,2026-06-30,Online,Pol-Motor
6223,3332,Motor,6329.0,4172012,48,2023-03-13,2027-02-20,Aggregator,Pol-Motor
6224,4296,Crop,5006.0,30370893,53,2025-01-31,2029-06-09,Aggregator,Pol-Crop
6225,3608,Health,4054.0,1844121,6,2025-08-08,2026-02-04,Partnership,Pol-Health
6226,3308,Property,5635.0,10391050,14,2023-06-28,2024-08-21,Online,Pol-Property
6227,540,Health,9007.0,1752684,55,2024-10-08,2029-04-15,Bancassurance,Pol-Health
6228,2294,Health,13930.0,12243460,36,2023-05-11,2026-04-25,Online,Pol-Health
6229,2061,Motor,11221.0,8909823,21,2023-04-01,2024-12-21,Bancassurance,Pol-Motor
6230,3639,Property,5513.0,1729112,25,2025-02-25,2027-03-17,Online,Pol-Property
6231,1489,Property,7951.0,5983159,54,2024-01-01,2028-06-08,Aggregator,Pol-Property
6232,286,Motor,7436.0,9717604,8,2023-10-04,2024-05-31,Aggregator,Pol-Motor
6233,1238,Motor,13087.0,6629843,52,2025-01-23,2029-05-02,Agent,Pol-Motor
6234,113,Health,14154.0,15781214,27,2025-03-22,2027-06-10,Online,Pol-Health
6235,4434,Health,2770.0,10277377,14,2023-07-11,2024-09-03,Online,Pol-Health
6236,90,Health,14716.0,28424900,4,2023-03-06,2023-07-04,Agent,Pol-Health
6237,2807,Health,3345.0,22429814,46,2025-05-11,2029-02-19,Aggregator,Pol-Health
6238,1500,Property,8405.0,8445623,8,2025-07-04,2026-03-01,Agent,Pol-Property
6239,1054,Health,2579.0,11322019,27,2025-08-30,2027-11-18,Online,Pol-Health
6240,1564,Health,12183.0,4454258,19,2023-05-12,2024-12-02,Online,Pol-Health
6241,357,Motor,6190.0,7841153,30,2023-12-14,2026-06-01,Online,Pol-Motor
6242,3727,Motor,10283.0,9868015,28,2025-09-12,2027-12-31,Aggregator,Pol-Motor
6243,4555,Health,6348.0,3298777,27,2024-09-25,2026-12-14,Online,Pol-Health
6244,471,Property,11917.0,21369119,37,2023-11-15,2026-11-29,Agent,Pol-Property
6245,2915,Property,3186.0,3823891,44,2024-09-08,2028-04-20,Aggregator,Pol-Property
6246,2987,Property,9946.0,7103102,3,2024-03-26,2024-06-24,Bancassurance,Pol-Property
6247,2621,Health,9031.0,4576342,49,2025-06-12,2029-06-21,Agent,Pol-Health
6248,3263,Motor,8844.0,20245893,28,2025-07-22,2027-11-09,Aggregator,Pol-Motor
6249,1142,Health,9478.0,1560109,19,2023-09-10,2025-04-02,Agent,Pol-Health
6250,4404,Motor,12932.0,1704660,38,2024-02-27,2027-04-12,Aggregator,Pol-Motor
6251,4660,Health,12009.0,3157438,27,2025-04-18,2027-07-07,Aggregator,Pol-Health
6252,1039,Motor,3620.0,3837447,54,2024-01-24,2028-07-01,Aggregator,Pol-Motor
6253,3868,Motor,7765.0,5662975,23,2025-04-29,2027-03-20,Aggregator,Pol-Motor
6254,3551,Health,8757.0,1706243,19,2023-01-02,2024-07-25,Bancassurance,Pol-Health
6255,4706,Motor,7093.0,6760309,57,2024-01-12,2028-09-17,Bancassurance,Pol-Motor
6256,55,Health,7922.0,1679217,13,2023-07-24,2024-08-17,Bancassurance,Pol-Health
6257,1302,Health,9311.0,6089012,58,2025-08-30,2030-06-05,Agent,Pol-Health
6258,4509,Property,10706.0,15739303,30,2023-10-30,2026-04-17,Bancassurance,Pol-Property
6259,3912,Motor,9751.0,11665118,41,2024-08-31,2028-01-13,Online,Pol-Motor
6260,3468,Motor,11293.0,3939816,50,2023-04-20,2027-05-29,Agent,Pol-Motor
6261,1495,Property,19627.0,3117070,46,2025-03-11,2028-12-20,Partnership,Pol-Property
6262,4134,Motor,6610.0,54443929,8,2023-06-24,2024-02-19,Agent,Pol-Motor
6263,3704,Crop,6856.0,10031842,29,2025-09-02,2028-01-20,Bancassurance,Pol-Crop
6264,4866,Motor,10421.0,9706860,43,2023-09-21,2027-04-03,Agent,Pol-Motor
6265,183,Health,7316.0,13389657,50,2023-11-07,2027-12-16,Online,Pol-Health
6266,1237,Motor,6190.0,9006573,50,2023-04-18,2027-05-27,Online,Pol-Motor
6267,4222,Health,5841.0,8947046,47,2023-12-27,2027-11-06,Aggregator,Pol-Health
6268,4236,Crop,10039.0,7432300,6,2025-03-26,2025-09-22,Online,Pol-Crop
6269,621,Health,9193.0,7225424,56,2024-10-13,2029-05-20,Agent,Pol-Health
6270,1545,Health,18634.0,4202771,17,2023-04-12,2024-09-03,Agent,Pol-Health
6271,4128,Motor,4393.0,5064706,29,2024-12-01,2027-04-20,Aggregator,Pol-Motor
6272,235,Travel,4446.0,21398683,56,2025-04-11,2029-11-16,Aggregator,Pol-Travel
6273,73,Health,7580.0,11672865,40,2023-06-21,2026-10-03,Aggregator,Pol-Health
6274,4568,Motor,4954.0,2594838,52,2024-11-05,2029-02-12,Agent,Pol-Motor
6275,1790,Motor,3009.0,12543170,48,2024-06-27,2028-06-06,Aggregator,Pol-Motor
6276,628,Motor,5938.0,5093634,54,2023-03-07,2027-08-13,Aggregator,Pol-Motor
6277,668,Motor,21625.0,2790173,2,2023-03-04,2023-05-03,Online,Pol-Motor
6278,4024,Crop,25423.0,7916688,33,2024-11-14,2027-08-01,Agent,Pol-Crop
6279,594,Motor,9614.0,2522512,59,2023-03-12,2028-01-15,Online,Pol-Motor
6280,2667,Motor,4202.0,2412963,45,2023-05-03,2027-01-12,Agent,Pol-Motor
6281,3813,Health,4960.0,17256560,39,2023-06-26,2026-09-08,Aggregator,Pol-Health
6282,2340,Health,7680.0,1811579,55,2023-08-20,2028-02-25,Online,Pol-Health
6283,3360,Motor,5698.0,6521859,51,2024-03-22,2028-05-30,Agent,Pol-Motor
6284,2261,Motor,7956.0,12024112,35,2024-09-23,2027-08-09,Online,Pol-Motor
6285,4263,Motor,7492.0,2600432,31,2024-05-19,2026-12-05,Agent,Pol-Motor
6286,969,Health,3975.0,14670640,12,2024-02-29,2025-02-23,Partnership,Pol-Health
6287,2028,Motor,7155.0,9542427,31,2024-05-19,2026-12-05,Agent,Pol-Motor
6288,179,Crop,9242.0,120850865,26,2023-11-23,2026-01-11,Agent,Pol-Crop
6289,2052,Health,6082.0,6277708,44,2024-06-30,2028-02-10,Online,Pol-Health
6290,4432,Health,11770.0,29724746,32,2025-04-26,2027-12-12,Aggregator,Pol-Health
6291,195,Travel,7539.0,1863121,49,2024-03-17,2028-03-26,Agent,Pol-Travel
6292,3536,Health,6870.0,2710130,49,2023-07-17,2027-07-26,Online,Pol-Health
6293,2941,Health,7563.0,14961066,50,2023-01-06,2027-02-14,Online,Pol-Health
6294,2818,Motor,5594.0,3353149,58,2023-09-25,2028-06-30,Bancassurance,Pol-Motor
6295,3629,Property,8981.0,3628833,3,2023-08-14,2023-11-12,Aggregator,Pol-Property
6296,1232,Motor,4776.0,30124999,20,2024-10-05,2026-05-28,Partnership,Pol-Motor
6297,3699,Health,24206.0,10204013,56,2024-06-29,2029-02-03,Agent,Pol-Health
6298,1960,Health,20220.0,9043208,53,2024-06-30,2028-11-06,Partnership,Pol-Health
6299,1527,Health,7055.0,7187018,47,2024-12-11,2028-10-21,Aggregator,Pol-Health
6300,2178,Crop,9747.0,7849861,2,2023-12-26,2024-02-24,Agent,Pol-Crop
6301,3073,Health,9908.0,1148391,39,2024-04-03,2027-06-17,Online,Pol-Health
6302,3520,Motor,9871.0,6431644,56,2023-12-19,2028-07-25,Online,Pol-Motor
6303,1696,Health,10326.0,2963773,45,2024-03-31,2027-12-11,Online,Pol-Health
6304,4120,Travel,10702.0,13836029,13,2025-01-18,2026-02-12,Bancassurance,Pol-Travel
6305,377,Health,10370.0,2928024,29,2025-06-09,2027-10-27,Aggregator,Pol-Health
6306,779,Motor,4950.0,3354383,51,2024-05-18,2028-07-26,Online,Pol-Motor
6307,3344,Travel,9159.0,1620692,6,2023-01-07,2023-07-06,Aggregator,Pol-Travel
6308,3596,Motor,5053.0,9756877,42,2024-04-15,2027-09-27,Bancassurance,Pol-Motor
6309,2500,Travel,9524.0,19961664,8,2025-08-20,2026-04-17,Online,Pol-Travel
6310,4996,Motor,11709.0,2460974,26,2025-06-23,2027-08-12,Bancassurance,Pol-Motor
6311,587,Travel,8844.0,3019561,54,2023-01-29,2027-07-07,Bancassurance,Pol-Travel
6312,1055,Motor,10660.0,13511307,10,2023-09-08,2024-07-04,Aggregator,Pol-Motor
6313,3000,Property,8184.0,5197990,38,2023-06-28,2026-08-11,Partnership,Pol-Property
6314,610,Property,18483.0,6660454,56,2023-09-20,2028-04-26,Partnership,Pol-Property
6315,2177,Health,9003.0,8798093,44,2024-09-23,2028-05-05,Aggregator,Pol-Health
6316,2501,Property,4632.0,4401487,1,2023-01-18,2023-02-17,Online,Pol-Property
6317,807,Health,5749.0,3926600,2,2024-12-24,2025-02-22,Online,Pol-Health
6318,2484,Motor,9111.0,2376749,43,2025-05-12,2028-11-22,Agent,Pol-Motor
6319,2700,Motor,14133.0,2174798,35,2025-02-26,2028-01-12,Agent,Pol-Motor
6320,1352,Health,8964.0,991536,55,2024-03-22,2028-09-27,Online,Pol-Health
6321,109,Health,8208.0,6245341,1,2025-03-01,2025-03-31,Online,Pol-Health
6322,526,Motor,4192.0,6242596,4,2024-12-26,2025-04-25,Online,Pol-Motor
6323,1499,Motor,18922.0,8204176,3,2025-04-05,2025-07-04,Online,Pol-Motor
6324,950,Health,3775.0,11978118,24,2025-03-25,2027-03-15,Partnership,Pol-Health
6325,1668,Property,3385.0,6628242,55,2023-01-22,2027-07-30,Partnership,Pol-Property
6326,3185,Crop,5796.0,1544061,17,2024-03-13,2025-08-05,Partnership,Pol-Crop
6327,4948,Motor,9861.0,2907826,27,2024-03-03,2026-05-22,Bancassurance,Pol-Motor
6328,606,Travel,6003.0,2213115,25,2024-11-11,2026-12-01,Aggregator,Pol-Travel
6329,2395,Travel,5388.0,2268508,59,2025-04-26,2030-03-01,Partnership,Pol-Travel
6330,1625,Motor,4860.0,8972417,20,2023-01-13,2024-09-04,Agent,Pol-Motor
6331,4918,Health,17745.0,5731558,39,2023-09-24,2026-12-07,Agent,Pol-Health
6332,4403,Health,8670.0,2427438,44,2023-07-31,2027-03-12,Agent,Pol-Health
6333,1058,Health,11476.0,10423093,54,2025-03-05,2029-08-11,Agent,Pol-Health
6334,1369,Health,20509.0,4476283,51,2024-04-18,2028-06-26,Agent,Pol-Health
6335,1672,Health,20183.0,2769450,30,2023-10-30,2026-04-17,Partnership,Pol-Health
6336,4634,Motor,4679.0,7820241,6,2023-01-18,2023-07-17,Agent,Pol-Motor
6337,3739,Motor,8307.0,18578602,7,2023-12-14,2024-07-11,Online,Pol-Motor
6338,928,Motor,10869.0,3046619,27,2024-10-03,2026-12-22,Aggregator,Pol-Motor
6339,3626,Property,7740.0,2318676,5,2024-06-07,2024-11-04,Bancassurance,Pol-Property
6340,2737,Motor,5230.0,8069783,26,2025-06-07,2027-07-27,Partnership,Pol-Motor
6341,705,Crop,1933.0,6327044,36,2024-05-30,2027-05-15,Bancassurance,Pol-Crop
6342,283,Health,14370.0,3663140,11,2024-12-14,2025-11-09,Agent,Pol-Health
6343,3830,Health,18476.0,3130884,54,2025-03-19,2029-08-25,Bancassurance,Pol-Health
6344,3684,Crop,10597.0,6164924,42,2024-01-01,2027-06-14,Aggregator,Pol-Crop
6345,971,Motor,7246.0,1893536,56,2025-02-22,2029-09-29,Agent,Pol-Motor
6346,4073,Motor,5561.0,3723596,23,2024-11-03,2026-09-24,Online,Pol-Motor
6347,489,Travel,7823.0,2888497,3,2025-07-28,2025-10-26,Bancassurance,Pol-Travel
6348,3107,Health,14299.0,2362597,50,2023-02-28,2027-04-08,Agent,Pol-Health
6349,2854,Motor,9660.0,6752091,15,2025-08-19,2026-11-12,Online,Pol-Motor
6350,2090,Motor,2469.0,28596181,58,2025-01-20,2029-10-26,Partnership,Pol-Motor
6351,170,Crop,16346.0,1338075,44,2023-09-12,2027-04-24,Partnership,Pol-Crop
6352,4017,Health,10293.0,11748190,53,2024-12-27,2029-05-05,Aggregator,Pol-Health
6353,1593,Motor,4290.0,5873397,25,2025-04-25,2027-05-15,Online,Pol-Motor
6354,4964,Crop,9856.0,154796,16,2023-01-28,2024-05-22,Aggregator,Pol-Crop
6355,566,Health,8135.0,3885702,59,2023-12-29,2028-11-02,Aggregator,Pol-Health
6356,1418,Travel,8120.0,118052114,32,2024-05-17,2027-01-02,Online,Pol-Travel
6357,3368,Motor,4429.0,853391,26,2023-09-09,2025-10-28,Agent,Pol-Motor
6358,385,Health,6434.0,15679751,5,2024-05-21,2024-10-18,Partnership,Pol-Health
6359,2646,Motor,3275.0,7864980,10,2023-04-07,2024-02-01,Online,Pol-Motor
6360,3136,Health,13535.0,2391633,11,2023-06-25,2024-05-20,Agent,Pol-Health
6361,4177,Motor,4777.0,8426589,33,2023-12-10,2026-08-26,Agent,Pol-Motor
6362,3257,Motor,12850.0,7907341,28,2025-07-12,2027-10-30,Bancassurance,Pol-Motor
6363,238,Motor,9969.0,5095627,57,2025-09-25,2030-06-01,Aggregator,Pol-Motor
6364,3441,Motor,6015.0,4068462,16,2024-02-15,2025-06-09,Online,Pol-Motor
6365,4833,Travel,5043.0,3786638,44,2023-01-13,2026-08-25,Agent,Pol-Travel
6366,4936,Motor,8141.0,7057561,2,2023-07-05,2023-09-03,Online,Pol-Motor
6367,1933,Health,12613.0,8606938,29,2023-01-02,2025-05-21,Partnership,Pol-Health
6368,3162,Health,11009.0,13024395,44,2024-01-15,2027-08-27,Aggregator,Pol-Health
6369,2577,Health,9727.0,4667561,2,2023-12-15,2024-02-13,Online,Pol-Health
6370,4184,Property,6758.0,7445859,22,2024-02-05,2025-11-26,Online,Pol-Property
6371,2072,Property,11027.0,1687988,11,2024-02-06,2025-01-01,Online,Pol-Property
6372,332,Travel,3390.0,1131702,35,2024-03-19,2027-02-02,Agent,Pol-Travel
6373,3130,Property,8292.0,3654150,32,2025-06-28,2028-02-13,Online,Pol-Property
6374,2512,Crop,7364.0,1896743,37,2023-12-12,2026-12-26,Partnership,Pol-Crop
6375,3050,Health,3977.0,5346248,47,2024-03-27,2028-02-05,Agent,Pol-Health
6376,4285,Health,6156.0,7814624,5,2023-09-19,2024-02-16,Partnership,Pol-Health
6377,3536,Health,17088.0,5815842,27,2024-02-04,2026-04-24,Bancassurance,Pol-Health
6378,353,Motor,9755.0,3384109,51,2025-05-02,2029-07-10,Bancassurance,Pol-Motor
6379,3123,Motor,11726.0,2511789,12,2024-03-02,2025-02-25,Agent,Pol-Motor
6380,2032,Motor,5867.0,10205271,8,2023-06-24,2024-02-19,Online,Pol-Motor
6381,860,Motor,3166.0,14282394,3,2023-07-19,2023-10-17,Bancassurance,Pol-Motor
6382,2927,Health,15530.0,5437207,32,2024-01-26,2026-09-12,Online,Pol-Health
6383,4263,Motor,5083.0,2698459,22,2025-02-01,2026-11-23,Agent,Pol-Motor
6384,4045,Health,6217.0,10587030,28,2025-08-31,2027-12-19,Online,Pol-Health
6385,4197,Crop,3735.0,1752346,26,2023-06-24,2025-08-12,Bancassurance,Pol-Crop
6386,4621,Health,14709.0,2068607,45,2025-04-18,2028-12-28,Bancassurance,Pol-Health
6387,1171,Motor,8650.0,9621461,21,2024-08-09,2026-05-01,Online,Pol-Motor
6388,4584,Motor,6864.0,1272735,11,2023-10-26,2024-09-20,Agent,Pol-Motor
6389,2129,Crop,9963.0,1711103,27,2024-04-12,2026-07-01,Online,Pol-Crop
6390,2628,Travel,6093.0,15972375,43,2025-09-11,2029-03-24,Agent,Pol-Travel
6391,4918,Crop,5419.0,1238575,7,2024-08-30,2025-03-28,Partnership,Pol-Crop
6392,3634,Motor,4062.0,4022710,38,2023-12-05,2027-01-18,Online,Pol-Motor
6393,1606,Motor,3810.0,26130638,43,2024-12-03,2028-06-15,Online,Pol-Motor
6394,2934,Travel,12525.0,9211632,9,2024-07-16,2025-04-12,Online,Pol-Travel
6395,72,Motor,13820.0,2130595,47,2024-08-19,2028-06-29,Partnership,Pol-Motor
6396,2293,Motor,3141.0,7404110,48,2023-07-21,2027-06-30,Online,Pol-Motor
6397,4675,Motor,7147.0,7887330,59,2023-09-16,2028-07-21,Online,Pol-Motor
6398,1234,Travel,7729.0,1998587,34,2023-04-15,2026-01-29,Online,Pol-Travel
6399,194,Health,5297.0,8649601,59,2024-05-10,2029-03-15,Bancassurance,Pol-Health
6400,4634,Travel,4878.0,17745589,43,2023-06-23,2027-01-03,Agent,Pol-Travel
6401,4428,Motor,7713.0,22222511,26,2023-08-29,2025-10-17,Agent,Pol-Motor
6402,3583,Property,5175.0,8083353,6,2023-04-05,2023-10-02,Aggregator,Pol-Property
6403,4389,Motor,7450.0,11223492,12,2024-11-08,2025-11-03,Online,Pol-Motor
6404,730,Motor,4272.0,2393153,58,2023-04-13,2028-01-17,Aggregator,Pol-Motor
6405,36,Health,5476.0,25502924,58,2023-05-09,2028-02-12,Agent,Pol-Health
6406,245,Health,6385.0,2439198,37,2023-03-26,2026-04-09,Bancassurance,Pol-Health
6407,3467,Health,6204.0,2933966,57,2025-09-11,2030-05-18,Aggregator,Pol-Health
6408,3768,Travel,13005.0,3693550,50,2023-09-27,2027-11-05,Bancassurance,Pol-Travel
6409,4286,Motor,5563.0,3360101,44,2023-08-24,2027-04-05,Online,Pol-Motor
6410,1782,Motor,11747.0,1888475,40,2024-07-03,2027-10-16,Online,Pol-Motor
6411,2855,Health,1656.0,4177474,55,2025-03-14,2029-09-19,Aggregator,Pol-Health
6412,1216,Crop,7340.0,21316553,1,2025-08-17,2025-09-16,Partnership,Pol-Crop
6413,616,Property,2572.0,3056958,35,2024-09-28,2027-08-14,Bancassurance,Pol-Property
6414,4164,Health,13584.0,3189146,4,2023-09-01,2023-12-30,Partnership,Pol-Health
6415,454,Property,20179.0,19174848,40,2024-08-28,2027-12-11,Online,Pol-Property
6416,3305,Motor,7201.0,897459,50,2025-06-11,2029-07-20,Online,Pol-Motor
6417,1532,Motor,17348.0,11217921,8,2023-08-01,2024-03-28,Aggregator,Pol-Motor
6418,4562,Health,4922.0,4434637,2,2023-02-06,2023-04-07,Agent,Pol-Health
6419,1776,Property,11983.0,8372602,12,2024-01-17,2025-01-11,Aggregator,Pol-Property
6420,2490,Health,11192.0,7086048,51,2024-08-20,2028-10-28,Online,Pol-Health
6421,1150,Health,6791.0,18808309,8,2023-07-07,2024-03-03,Aggregator,Pol-Health
6422,3707,Health,7299.0,1944508,59,2023-06-08,2028-04-12,Partnership,Pol-Health
6423,4229,Health,8657.0,1614581,41,2023-10-29,2027-03-12,Online,Pol-Health
6424,4988,Crop,8127.0,7455798,31,2023-05-11,2025-11-26,Aggregator,Pol-Crop
6425,4492,Health,8708.0,1958536,21,2024-05-09,2026-01-29,Agent,Pol-Health
6426,2138,Motor,21369.0,11199732,31,2025-03-30,2027-10-16,Agent,Pol-Motor
6427,83,Property,19979.0,7989263,32,2023-09-02,2026-04-19,Agent,Pol-Property
6428,1524,Health,11206.0,7314773,20,2024-08-16,2026-04-08,Agent,Pol-Health
6429,3381,Property,20620.0,2941890,47,2023-04-06,2027-02-14,Partnership,Pol-Property
6430,2580,Crop,4239.0,5234074,19,2024-01-31,2025-08-23,Online,Pol-Crop
6431,4937,Motor,11067.0,4363400,47,2025-01-31,2028-12-11,Aggregator,Pol-Motor
6432,1108,Health,11283.0,24873181,30,2023-05-28,2025-11-13,Online,Pol-Health
6433,2075,Health,5968.0,4201320,51,2024-02-11,2028-04-20,Bancassurance,Pol-Health
6434,4475,Motor,21552.0,2963476,9,2025-03-07,2025-12-02,Agent,Pol-Motor
6435,1925,Crop,16462.0,13507918,20,2024-06-11,2026-02-01,Online,Pol-Crop
6436,4313,Health,9585.0,2304140,18,2024-09-03,2026-02-25,Agent,Pol-Health
6437,381,Property,5145.0,27838311,48,2024-02-20,2028-01-30,Partnership,Pol-Property
6438,637,Property,3402.0,1286866,13,2023-02-25,2024-03-21,Online,Pol-Property
6439,800,Motor,4374.0,27011237,30,2023-09-14,2026-03-02,Aggregator,Pol-Motor
6440,3784,Property,16638.0,5432423,47,2025-07-25,2029-06-04,Agent,Pol-Property
6441,4013,Property,6397.0,3727355,29,2023-12-23,2026-05-11,Aggregator,Pol-Property
6442,2556,Crop,13050.0,25914040,52,2025-05-08,2029-08-15,Online,Pol-Crop
6443,283,Health,8802.0,4262074,51,2025-04-29,2029-07-07,Agent,Pol-Health
6444,4310,Health,2664.0,2126643,30,2025-08-21,2028-02-07,Bancassurance,Pol-Health
6445,1180,Motor,6436.0,5103121,47,2023-10-12,2027-08-22,Online,Pol-Motor
6446,2047,Crop,4542.0,9509635,5,2023-11-24,2024-04-22,Bancassurance,Pol-Crop
6447,855,Health,11119.0,5026653,4,2023-03-29,2023-07-27,Agent,Pol-Health
6448,617,Health,11430.0,4144207,50,2023-05-18,2027-06-26,Online,Pol-Health
6449,3231,Motor,6685.0,4069580,46,2023-08-19,2027-05-30,Aggregator,Pol-Motor
6450,2089,Health,15842.0,9098721,59,2025-02-02,2029-12-08,Agent,Pol-Health
6451,3874,Motor,12595.0,1890415,31,2025-01-01,2027-07-20,Partnership,Pol-Motor
6452,4615,Travel,5920.0,8075472,42,2025-08-20,2029-01-31,Online,Pol-Travel
6453,1029,Crop,9632.0,21264963,33,2025-03-30,2027-12-15,Aggregator,Pol-Crop
6454,1045,Motor,4935.0,19321320,49,2024-08-01,2028-08-10,Agent,Pol-Motor
6455,646,Health,6198.0,20378179,1,2025-01-22,2025-02-21,Agent,Pol-Health
6456,941,Health,9944.0,2470898,19,2024-06-18,2026-01-09,Agent,Pol-Health
6457,4338,Property,7550.0,24355611,15,2023-06-04,2024-08-27,Agent,Pol-Property
6458,343,Property,3611.0,4721645,2,2024-07-07,2024-09-05,Agent,Pol-Property
6459,1667,Travel,9029.0,7808902,4,2024-06-19,2024-10-17,Agent,Pol-Travel
6460,2465,Motor,6253.0,5462508,3,2023-11-15,2024-02-13,Aggregator,Pol-Motor
6461,38,Motor,4922.0,3022030,23,2025-05-24,2027-04-14,Aggregator,Pol-Motor
6462,4432,Health,4241.0,6214403,40,2023-01-08,2026-04-22,Aggregator,Pol-Health
6463,2161,Property,6657.0,10982203,43,2024-01-27,2027-08-09,Aggregator,Pol-Property
6464,251,Motor,8329.0,8996219,53,2024-03-06,2028-07-13,Agent,Pol-Motor
6465,3417,Motor,6532.0,7727624,6,2025-02-23,2025-08-22,Aggregator,Pol-Motor
6466,3946,Property,8545.0,2587366,30,2023-02-02,2025-07-21,Agent,Pol-Property
6467,264,Property,6432.0,4697084,23,2024-01-19,2025-12-09,Aggregator,Pol-Property
6468,4995,Motor,9854.0,6803262,41,2023-01-10,2026-05-24,Agent,Pol-Motor
6469,4677,Crop,6812.0,1278017,49,2024-01-03,2028-01-12,Online,Pol-Crop
6470,1415,Motor,3236.0,9274248,15,2025-01-10,2026-04-05,Aggregator,Pol-Motor
6471,1622,Motor,4025.0,7876385,45,2024-10-12,2028-06-23,Agent,Pol-Motor
6472,1754,Motor,5637.0,19592529,47,2024-04-18,2028-02-27,Aggregator,Pol-Motor
6473,562,Crop,13768.0,3646756,50,2024-05-22,2028-06-30,Aggregator,Pol-Crop
6474,3583,Health,4547.0,5077591,17,2023-02-20,2024-07-14,Partnership,Pol-Health
6475,1158,Motor,8924.0,5372861,9,2025-09-19,2026-06-16,Agent,Pol-Motor
6476,1766,Motor,8985.0,9975226,2,2024-05-05,2024-07-04,Aggregator,Pol-Motor
6477,4157,Property,3990.0,3616853,50,2024-09-17,2028-10-26,Aggregator,Pol-Property
6478,3836,Health,6407.0,16553368,53,2025-04-19,2029-08-26,Partnership,Pol-Health
6479,3542,Travel,7921.0,4405885,41,2024-10-30,2028-03-13,Agent,Pol-Travel
6480,3130,Property,6376.0,6629026,29,2024-04-06,2026-08-24,Aggregator,Pol-Property
6481,3257,Motor,9735.0,2833753,51,2024-08-18,2028-10-26,Aggregator,Pol-Motor
6482,3104,Property,9551.0,1912503,42,2023-10-17,2027-03-30,Partnership,Pol-Property
6483,4753,Motor,8151.0,4852774,46,2025-05-21,2029-03-01,Agent,Pol-Motor
6484,4265,Travel,11601.0,2498619,31,2024-09-21,2027-04-09,Online,Pol-Travel
6485,1046,Motor,7318.0,2153219,32,2024-01-30,2026-09-16,Aggregator,Pol-Motor
6486,2858,Motor,7759.0,5211992,56,2023-05-16,2027-12-21,Agent,Pol-Motor
6487,1103,Health,8445.0,1616250,58,2025-02-07,2029-11-13,Online,Pol-Health
6488,2736,Motor,4234.0,4032691,1,2025-03-05,2025-04-04,Agent,Pol-Motor
6489,387,Motor,9800.0,5519893,30,2023-07-26,2026-01-11,Aggregator,Pol-Motor
6490,1613,Health,5396.0,14128287,28,2025-06-01,2027-09-19,Agent,Pol-Health
6491,1566,Health,6591.0,4763483,26,2023-06-26,2025-08-14,Agent,Pol-Health
6492,3356,Health,9637.0,7663967,18,2025-02-26,2026-08-20,Aggregator,Pol-Health
6493,2377,Crop,9167.0,1718546,56,2023-08-10,2028-03-16,Agent,Pol-Crop
6494,2508,Health,3603.0,1751539,1,2025-06-03,2025-07-03,Online,Pol-Health
6495,2201,Travel,3619.0,11719926,41,2023-02-16,2026-06-30,Aggregator,Pol-Travel
6496,4005,Motor,4456.0,2861155,52,2023-10-05,2028-01-12,Online,Pol-Motor
6497,2773,Motor,8108.0,2217616,48,2024-04-05,2028-03-15,Aggregator,Pol-Motor
6498,807,Health,14091.0,2169172,19,2024-04-30,2025-11-21,Agent,Pol-Health
6499,3784,Motor,5763.0,3958624,35,2024-04-15,2027-03-01,Agent,Pol-Motor
6500,3030,Motor,4579.0,9573611,33,2023-01-22,2025-10-08,Online,Pol-Motor
6501,641,Crop,4589.0,755298,8,2023-07-14,2024-03-10,Online,Pol-Crop
6502,4087,Health,9123.0,57388306,52,2024-09-29,2029-01-06,Partnership,Pol-Health
6503,2996,Motor,12551.0,5718405,49,2023-12-01,2027-12-10,Agent,Pol-Motor
6504,2239,Property,12196.0,2464783,27,2023-08-30,2025-11-17,Bancassurance,Pol-Property
6505,2100,Motor,5232.0,4643569,37,2023-03-18,2026-04-01,Partnership,Pol-Motor
6506,2643,Health,3433.0,2248632,42,2023-03-20,2026-08-31,Online,Pol-Health
6507,2389,Motor,7645.0,6303804,8,2023-11-08,2024-07-05,Bancassurance,Pol-Motor
6508,4113,Motor,15381.0,2607081,56,2023-01-22,2027-08-29,Aggregator,Pol-Motor
6509,4086,Motor,9099.0,6106632,58,2024-12-16,2029-09-21,Agent,Pol-Motor
6510,242,Crop,3719.0,3476197,44,2024-09-15,2028-04-27,Agent,Pol-Crop
6511,3750,Motor,7090.0,9149374,48,2025-07-28,2029-07-07,Online,Pol-Motor
6512,4747,Health,4426.0,25329428,32,2023-03-22,2025-11-06,Agent,Pol-Health
6513,1435,Motor,8647.0,2840517,19,2024-05-20,2025-12-11,Aggregator,Pol-Motor
6514,4390,Motor,7176.0,5155150,30,2025-06-14,2027-12-01,Agent,Pol-Motor
6515,1434,Health,6397.0,9786617,36,2024-03-20,2027-03-05,Agent,Pol-Health
6516,4769,Health,5349.0,16169967,10,2025-06-08,2026-04-04,Agent,Pol-Health
6517,1440,Property,9072.0,7562982,36,2025-09-18,2028-09-02,Online,Pol-Property
6518,4278,Crop,13320.0,2742930,16,2024-03-04,2025-06-27,Aggregator,Pol-Crop
6519,2969,Motor,16467.0,1823033,3,2023-06-18,2023-09-16,Online,Pol-Motor
6520,4888,Motor,9015.0,6876801,22,2023-02-19,2024-12-10,Agent,Pol-Motor
6521,4763,Crop,13840.0,9868863,51,2023-11-26,2028-02-03,Bancassurance,Pol-Crop
6522,4822,Travel,4422.0,8602303,22,2025-01-18,2026-11-09,Aggregator,Pol-Travel
6523,4449,Health,6200.0,9653051,21,2024-11-13,2026-08-05,Online,Pol-Health
6524,4165,Health,4540.0,1711706,30,2025-06-03,2027-11-20,Online,Pol-Health
6525,477,Motor,5743.0,3224710,27,2025-07-02,2027-09-20,Agent,Pol-Motor
6526,4421,Health,4390.0,4677294,2,2023-06-18,2023-08-17,Online,Pol-Health
6527,3566,Motor,16554.0,6723397,8,2025-09-05,2026-05-03,Agent,Pol-Motor
6528,1319,Travel,6085.0,6914267,43,2024-09-10,2028-03-23,Bancassurance,Pol-Travel
6529,4179,Motor,6831.0,7320893,23,2025-01-23,2026-12-14,Agent,Pol-Motor
6530,3658,Motor,3385.0,918345,39,2023-04-01,2026-06-14,Bancassurance,Pol-Motor
6531,1289,Health,2687.0,1639811,38,2024-06-03,2027-07-18,Partnership,Pol-Health
6532,269,Motor,17151.0,5641349,41,2024-01-12,2027-05-26,Aggregator,Pol-Motor
6533,2936,Health,6506.0,6183862,36,2024-06-13,2027-05-29,Bancassurance,Pol-Health
6534,4397,Travel,23087.0,4678699,14,2025-05-27,2026-07-21,Bancassurance,Pol-Travel
6535,1022,Health,6801.0,7747176,53,2025-05-11,2029-09-17,Online,Pol-Health
6536,90,Crop,3936.0,9741789,31,2024-11-29,2027-06-17,Aggregator,Pol-Crop
6537,1926,Motor,7412.0,1984230,57,2023-06-02,2028-02-06,Aggregator,Pol-Motor
6538,4456,Motor,7608.0,1138750,47,2023-02-20,2026-12-31,Agent,Pol-Motor
6539,3074,Travel,7877.0,3771024,51,2024-10-02,2028-12-10,Bancassurance,Pol-Travel
6540,3248,Motor,7082.0,9826250,19,2023-12-24,2025-07-16,Aggregator,Pol-Motor
6541,1149,Property,3440.0,6781936,30,2024-12-22,2027-06-10,Aggregator,Pol-Property
6542,4823,Health,3404.0,4176871,16,2023-06-26,2024-10-18,Agent,Pol-Health
6543,1603,Health,13119.0,16314189,12,2024-04-06,2025-04-01,Bancassurance,Pol-Health
6544,1803,Health,19605.0,36539320,24,2024-10-14,2026-10-04,Agent,Pol-Health
6545,5,Property,6351.0,10373797,42,2023-12-11,2027-05-24,Online,Pol-Property
6546,2165,Travel,2937.0,22289360,38,2023-11-16,2026-12-30,Agent,Pol-Travel
6547,3062,Motor,13384.0,1396716,32,2024-06-03,2027-01-19,Agent,Pol-Motor
6548,431,Health,4799.0,6038119,50,2025-08-13,2029-09-21,Aggregator,Pol-Health
6549,390,Motor,8723.0,3353522,19,2023-05-27,2024-12-17,Online,Pol-Motor
6550,3551,Property,5641.0,10088118,40,2023-03-03,2026-06-15,Aggregator,Pol-Property
6551,3543,Motor,5727.0,1778902,47,2025-07-24,2029-06-03,Agent,Pol-Motor
6552,1374,Health,4762.0,5213928,5,2024-01-09,2024-06-07,Agent,Pol-Health
6553,4840,Motor,14741.0,3056752,45,2023-11-05,2027-07-17,Agent,Pol-Motor
6554,4180,Motor,9191.0,11137615,46,2024-09-16,2028-06-27,Aggregator,Pol-Motor
6555,2649,Property,8651.0,3437509,47,2023-12-27,2027-11-06,Aggregator,Pol-Property
6556,3299,Motor,7472.0,1327180,2,2025-05-31,2025-07-30,Online,Pol-Motor
6557,453,Health,8889.0,8203893,51,2025-05-22,2029-07-30,Online,Pol-Health
6558,323,Health,4055.0,11695111,32,2024-01-08,2026-08-25,Aggregator,Pol-Health
6559,4015,Motor,9522.0,2423615,27,2023-01-03,2025-03-23,Bancassurance,Pol-Motor
6560,1989,Motor,13422.0,9853788,2,2025-06-08,2025-08-07,Online,Pol-Motor
6561,1129,Crop,8184.0,5916726,37,2024-06-24,2027-07-09,Agent,Pol-Crop
6562,1110,Travel,11306.0,5884039,37,2023-03-21,2026-04-04,Online,Pol-Travel
6563,2551,Motor,5983.0,759197,57,2024-01-26,2028-10-01,Partnership,Pol-Motor
6564,506,Motor,8997.0,15160058,22,2024-07-27,2026-05-18,Aggregator,Pol-Motor
6565,1180,Motor,6042.0,7410407,34,2025-08-06,2028-05-22,Bancassurance,Pol-Motor
6566,496,Property,3218.0,6918666,27,2024-08-19,2026-11-07,Online,Pol-Property
6567,386,Health,6519.0,7850122,17,2023-08-26,2025-01-17,Agent,Pol-Health
6568,3535,Motor,12874.0,6717189,39,2024-11-13,2028-01-27,Online,Pol-Motor
6569,3615,Motor,3763.0,20536868,23,2025-02-20,2027-01-11,Aggregator,Pol-Motor
6570,4772,Property,16582.0,14547392,10,2025-07-23,2026-05-19,Partnership,Pol-Property
6571,1897,Health,5565.0,3590927,22,2023-10-07,2025-07-28,Agent,Pol-Health
6572,3855,Property,9714.0,63409987,15,2023-08-10,2024-11-02,Online,Pol-Property
6573,3518,Motor,15664.0,10780993,50,2023-09-05,2027-10-14,Online,Pol-Motor
6574,2335,Property,18286.0,31189595,40,2025-03-11,2028-06-23,Aggregator,Pol-Property
6575,4297,Health,16385.0,6597468,36,2024-01-07,2026-12-22,Online,Pol-Health
6576,811,Health,5018.0,6002427,43,2025-05-03,2028-11-13,Partnership,Pol-Health
6577,883,Health,12990.0,1763898,39,2025-08-27,2028-11-09,Aggregator,Pol-Health
6578,1403,Health,5449.0,1092197,16,2024-07-27,2025-11-19,Online,Pol-Health
6579,3795,Health,4584.0,5482404,56,2024-07-27,2029-03-03,Bancassurance,Pol-Health
6580,1289,Motor,5468.0,3969168,55,2024-04-03,2028-10-09,Online,Pol-Motor
6581,898,Travel,13798.0,7732445,28,2024-04-07,2026-07-26,Partnership,Pol-Travel
6582,2405,Crop,5797.0,2911193,35,2024-01-05,2026-11-20,Online,Pol-Crop
6583,1217,Health,4967.0,10321295,56,2024-01-03,2028-08-09,Online,Pol-Health
6584,2956,Motor,16329.0,12182816,32,2024-03-14,2026-10-30,Agent,Pol-Motor
6585,4023,Motor,6849.0,25740910,52,2025-09-16,2029-12-24,Agent,Pol-Motor
6586,2954,Crop,10166.0,45419791,47,2023-01-14,2026-11-24,Aggregator,Pol-Crop
6587,3571,Travel,4580.0,10622672,24,2024-08-30,2026-08-20,Online,Pol-Travel
6588,1089,Motor,6017.0,33192494,21,2024-07-27,2026-04-18,Agent,Pol-Motor
6589,317,Property,6627.0,8006540,41,2024-06-21,2027-11-03,Partnership,Pol-Property
6590,3819,Health,5490.0,6927977,19,2025-09-07,2027-03-31,Agent,Pol-Health
6591,4555,Motor,7040.0,2219398,32,2025-02-03,2027-09-21,Online,Pol-Motor
6592,395,Health,4701.0,5851842,46,2023-01-05,2026-10-16,Agent,Pol-Health
6593,1574,Health,7060.0,4044765,34,2025-07-31,2028-05-16,Online,Pol-Health
6594,3954,Motor,12964.0,2295325,52,2023-07-23,2027-10-30,Online,Pol-Motor
6595,1063,Motor,3177.0,1340108,18,2024-06-24,2025-12-16,Agent,Pol-Motor
6596,2197,Motor,6865.0,5289502,11,2025-07-05,2026-05-31,Agent,Pol-Motor
6597,2424,Crop,5765.0,2000140,11,2024-10-26,2025-09-21,Online,Pol-Crop
6598,2414,Health,5492.0,4739394,18,2024-03-12,2025-09-03,Online,Pol-Health
6599,4552,Health,19466.0,11103692,1,2023-03-21,2023-04-20,Aggregator,Pol-Health
6600,4372,Property,15111.0,2420114,40,2025-09-17,2028-12-30,Online,Pol-Property
6601,3582,Travel,5740.0,1774630,1,2023-12-06,2024-01-05,Bancassurance,Pol-Travel
6602,4259,Motor,3723.0,1628014,24,2024-04-23,2026-04-13,Agent,Pol-Motor
6603,1643,Motor,15685.0,2948700,41,2023-03-16,2026-07-28,Agent,Pol-Motor
6604,4896,Motor,8960.0,3066800,22,2024-07-21,2026-05-12,Online,Pol-Motor
6605,4276,Crop,4115.0,1632170,7,2025-06-02,2025-12-29,Online,Pol-Crop
6606,1543,Health,4651.0,12630158,54,2024-03-20,2028-08-26,Partnership,Pol-Health
6607,2900,Property,7728.0,8967784,17,2024-06-27,2025-11-19,Aggregator,Pol-Property
6608,2035,Motor,17632.0,1365821,49,2023-08-28,2027-09-06,Partnership,Pol-Motor
6609,1479,Health,6101.0,2079036,12,2024-10-09,2025-10-04,Online,Pol-Health
6610,1012,Motor,9200.0,11532020,1,2024-04-15,2024-05-15,Aggregator,Pol-Motor
6611,1432,Health,5456.0,1658881,3,2023-07-19,2023-10-17,Online,Pol-Health
6612,3257,Motor,9292.0,2280480,47,2024-01-21,2027-12-01,Aggregator,Pol-Motor
6613,457,Health,3245.0,4462075,30,2024-02-15,2026-08-03,Bancassurance,Pol-Health
6614,3065,Property,10090.0,2713453,23,2025-03-14,2027-02-02,Online,Pol-Property
6615,4052,Travel,8273.0,35438853,59,2025-05-16,2030-03-21,Agent,Pol-Travel
6616,3577,Motor,4854.0,8100433,8,2025-07-07,2026-03-04,Aggregator,Pol-Motor
6617,2293,Property,1372.0,6891705,44,2023-10-24,2027-06-05,Bancassurance,Pol-Property
6618,4880,Crop,16525.0,5166234,17,2024-01-03,2025-05-27,Online,Pol-Crop
6619,1139,Motor,3072.0,11740415,6,2024-02-01,2024-07-30,Agent,Pol-Motor
6620,2546,Health,13779.0,6944261,56,2024-04-23,2028-11-28,Online,Pol-Health
6621,1361,Health,4850.0,3466367,12,2024-09-12,2025-09-07,Agent,Pol-Health
6622,3191,Motor,8871.0,1230216,21,2024-04-22,2026-01-12,Agent,Pol-Motor
6623,56,Motor,9970.0,3045535,11,2025-06-20,2026-05-16,Aggregator,Pol-Motor
6624,4520,Motor,16776.0,3979461,2,2024-11-29,2025-01-28,Partnership,Pol-Motor
6625,3192,Health,4264.0,8277380,20,2023-05-28,2025-01-17,Agent,Pol-Health
6626,4146,Motor,7189.0,12453705,48,2025-05-07,2029-04-16,Agent,Pol-Motor
6627,3437,Motor,4528.0,5388374,20,2023-12-22,2025-08-13,Agent,Pol-Motor
6628,1960,Property,4350.0,5816098,31,2025-02-25,2027-09-13,Aggregator,Pol-Property
6629,2130,Motor,7682.0,1834458,36,2023-12-08,2026-11-22,Online,Pol-Motor
6630,4978,Motor,11160.0,2489279,24,2024-10-13,2026-10-03,Online,Pol-Motor
6631,238,Motor,25414.0,1058443,22,2024-05-29,2026-03-20,Agent,Pol-Motor
6632,3040,Travel,6568.0,3099106,9,2024-09-20,2025-06-17,Online,Pol-Travel
6633,389,Motor,7079.0,7227243,58,2024-01-24,2028-10-29,Agent,Pol-Motor
6634,3407,Motor,7313.0,9745580,49,2023-03-10,2027-03-19,Online,Pol-Motor
6635,685,Motor,7957.0,2938714,17,2024-03-02,2025-07-25,Online,Pol-Motor
6636,3984,Motor,8316.0,14067386,34,2025-09-09,2028-06-25,Online,Pol-Motor
6637,187,Health,4115.0,20231161,53,2024-04-06,2028-08-13,Agent,Pol-Health
6638,2744,Travel,1850.0,11765585,11,2024-07-18,2025-06-13,Agent,Pol-Travel
6639,3429,Health,6406.0,15739231,6,2024-05-11,2024-11-07,Bancassurance,Pol-Health
6640,2411,Health,19543.0,2353671,59,2023-06-16,2028-04-20,Online,Pol-Health
6641,3235,Motor,7603.0,1475591,51,2024-06-02,2028-08-10,Online,Pol-Motor
6642,3389,Motor,6861.0,12290067,49,2023-05-02,2027-05-11,Online,Pol-Motor
6643,2935,Motor,7252.0,18661314,23,2025-03-13,2027-02-01,Agent,Pol-Motor
6644,4372,Property,5170.0,24133876,48,2025-05-19,2029-04-28,Aggregator,Pol-Property
6645,4921,Health,6977.0,1198091,49,2023-07-25,2027-08-03,Agent,Pol-Health
6646,3970,Motor,7500.0,5645013,55,2024-03-12,2028-09-17,Agent,Pol-Motor
6647,3995,Motor,7480.0,1946821,57,2025-02-23,2029-10-30,Aggregator,Pol-Motor
6648,4573,Motor,7753.0,4598934,47,2025-08-24,2029-07-04,Agent,Pol-Motor
6649,3250,Property,7718.0,11569373,45,2025-02-26,2028-11-07,Bancassurance,Pol-Property
6650,2752,Health,7108.0,7542056,49,2024-06-29,2028-07-08,Online,Pol-Health
6651,1576,Property,12936.0,1438408,40,2024-09-29,2028-01-12,Online,Pol-Property
6652,1260,Health,18904.0,4560129,26,2023-10-13,2025-12-01,Aggregator,Pol-Health
6653,1057,Motor,3151.0,3359298,9,2024-09-17,2025-06-14,Partnership,Pol-Motor
6654,545,Travel,5553.0,12351480,8,2025-03-18,2025-11-13,Online,Pol-Travel
6655,330,Motor,2418.0,2795026,49,2024-02-01,2028-02-10,Aggregator,Pol-Motor
6656,2170,Motor,9405.0,6232756,52,2025-08-04,2029-11-11,Online,Pol-Motor
6657,1579,Property,13677.0,4039092,46,2025-06-20,2029-03-31,Online,Pol-Property
6658,3007,Motor,7752.0,26656716,26,2025-04-03,2027-05-23,Agent,Pol-Motor
6659,2524,Health,7794.0,10069999,52,2024-01-10,2028-04-18,Online,Pol-Health
6660,2790,Crop,5496.0,4827381,12,2024-01-06,2024-12-31,Agent,Pol-Crop
6661,4223,Health,8054.0,3869123,33,2024-05-19,2027-02-03,Partnership,Pol-Health
6662,2916,Motor,7062.0,5358329,45,2023-04-01,2026-12-11,Partnership,Pol-Motor
6663,1773,Health,12607.0,38672149,7,2024-09-28,2025-04-26,Agent,Pol-Health
6664,2139,Property,20332.0,9148443,55,2023-01-18,2027-07-26,Aggregator,Pol-Property
6665,1957,Health,15975.0,7143756,16,2023-03-29,2024-07-21,Online,Pol-Health
6666,2073,Health,22765.0,10020956,26,2025-01-05,2027-02-24,Agent,Pol-Health
6667,2397,Travel,10167.0,9059369,25,2023-12-25,2026-01-13,Aggregator,Pol-Travel
6668,2816,Travel,8679.0,9806884,56,2023-10-09,2028-05-15,Agent,Pol-Travel
6669,873,Health,7275.0,9991414,35,2023-06-11,2026-04-26,Online,Pol-Health
6670,4342,Motor,8831.0,2231044,43,2024-02-09,2027-08-22,Online,Pol-Motor
6671,257,Property,8683.0,1676438,29,2024-06-23,2026-11-10,Online,Pol-Property
6672,4918,Motor,14217.0,10094985,50,2023-09-18,2027-10-27,Online,Pol-Motor
6673,4033,Health,6710.0,7508456,42,2023-12-28,2027-06-10,Online,Pol-Health
6674,4886,Motor,4345.0,3302921,28,2025-04-29,2027-08-17,Agent,Pol-Motor
6675,3261,Property,7222.0,2908689,16,2025-02-14,2026-06-09,Online,Pol-Property
6676,694,Motor,4621.0,8551564,19,2025-01-16,2026-08-09,Bancassurance,Pol-Motor
6677,4835,Travel,6587.0,8517872,40,2025-05-29,2028-09-10,Bancassurance,Pol-Travel
6678,4038,Motor,3096.0,1397432,6,2023-06-11,2023-12-08,Bancassurance,Pol-Motor
6679,4815,Motor,7466.0,5614038,27,2024-07-20,2026-10-08,Bancassurance,Pol-Motor
6680,556,Property,4717.0,4809991,3,2025-02-28,2025-05-29,Agent,Pol-Property
6681,3957,Health,10644.0,4245699,34,2023-03-28,2026-01-11,Aggregator,Pol-Health
6682,1278,Health,6069.0,2025843,17,2025-04-20,2026-09-12,Agent,Pol-Health
6683,4210,Travel,2814.0,2891824,32,2024-07-18,2027-03-05,Online,Pol-Travel
6684,948,Health,5983.0,4055282,24,2023-11-07,2025-10-27,Agent,Pol-Health
6685,4581,Health,7032.0,1011600,35,2024-02-15,2026-12-31,Agent,Pol-Health
6686,4374,Motor,8658.0,13932659,35,2023-05-03,2026-03-18,Bancassurance,Pol-Motor
6687,398,Health,9561.0,5058682,32,2023-11-30,2026-07-17,Online,Pol-Health
6688,222,Motor,4900.0,3204160,53,2025-06-02,2029-10-09,Agent,Pol-Motor
6689,2366,Health,5010.0,2160664,15,2023-12-06,2025-02-28,Online,Pol-Health
6690,1778,Property,7227.0,6737717,37,2025-07-10,2028-07-24,Online,Pol-Property
6691,4061,Health,8536.0,1181590,25,2023-02-10,2025-03-01,Agent,Pol-Health
6692,3955,Travel,9287.0,10340096,21,2025-08-24,2027-05-16,Agent,Pol-Travel
6693,3523,Property,11798.0,11165971,14,2024-12-28,2026-02-21,Aggregator,Pol-Property
6694,4439,Property,3172.0,2980257,23,2023-03-14,2025-02-01,Aggregator,Pol-Property
6695,775,Health,11910.0,699737,55,2025-01-16,2029-07-24,Agent,Pol-Health
6696,340,Health,11041.0,3142507,7,2023-03-12,2023-10-08,Agent,Pol-Health
6697,7,Motor,11216.0,4077234,5,2025-01-10,2025-06-09,Online,Pol-Motor
6698,1297,Motor,6560.0,4805258,14,2023-07-15,2024-09-07,Agent,Pol-Motor
6699,288,Motor,8328.0,26884509,19,2024-03-22,2025-10-13,Agent,Pol-Motor
6700,893,Travel,9380.0,7305472,43,2023-11-27,2027-06-09,Aggregator,Pol-Travel
6701,717,Motor,6686.0,24876187,7,2024-12-08,2025-07-06,Online,Pol-Motor
6702,4280,Property,11798.0,11006377,8,2023-08-08,2024-04-04,Online,Pol-Property
6703,1854,Health,4061.0,7684895,4,2023-07-02,2023-10-30,Online,Pol-Health
6704,570,Health,10508.0,6041437,6,2023-06-26,2023-12-23,Partnership,Pol-Health
6705,4719,Health,9389.0,916577,37,2024-04-19,2027-05-04,Online,Pol-Health
6706,643,Motor,15674.0,842068,10,2025-04-28,2026-02-22,Aggregator,Pol-Motor
6707,3673,Crop,19328.0,10635873,50,2023-12-26,2028-02-03,Aggregator,Pol-Crop
6708,4081,Crop,6662.0,5030778,49,2024-10-07,2028-10-16,Bancassurance,Pol-Crop
6709,3329,Health,15820.0,13686666,14,2024-04-09,2025-06-03,Agent,Pol-Health
6710,2552,Crop,8533.0,1316785,13,2023-08-23,2024-09-16,Aggregator,Pol-Crop
6711,110,Motor,8654.0,7202356,38,2024-03-12,2027-04-26,Agent,Pol-Motor
6712,3651,Motor,8934.0,8155594,48,2023-05-20,2027-04-29,Online,Pol-Motor
6713,3220,Health,3755.0,3040033,42,2024-05-02,2027-10-14,Partnership,Pol-Health
6714,732,Crop,12934.0,2066408,54,2025-02-07,2029-07-16,Bancassurance,Pol-Crop
6715,4310,Motor,3663.0,2115516,7,2023-10-12,2024-05-09,Agent,Pol-Motor
6716,3044,Health,9435.0,2854480,21,2024-08-24,2026-05-16,Aggregator,Pol-Health
6717,568,Motor,2095.0,3451349,33,2023-11-24,2026-08-10,Partnership,Pol-Motor
6718,3049,Travel,6578.0,3094492,11,2023-02-20,2024-01-16,Agent,Pol-Travel
6719,2872,Property,7294.0,7141724,6,2024-11-28,2025-05-27,Bancassurance,Pol-Property
6720,1358,Motor,10093.0,4709816,36,2024-04-22,2027-04-07,Agent,Pol-Motor
6721,4943,Travel,15145.0,1748239,11,2023-10-13,2024-09-07,Bancassurance,Pol-Travel
6722,1072,Motor,7060.0,8824295,55,2023-11-16,2028-05-23,Agent,Pol-Motor
6723,2247,Health,3932.0,1853376,34,2024-09-25,2027-07-12,Agent,Pol-Health
6724,2556,Motor,5861.0,3933211,30,2023-06-28,2025-12-14,Aggregator,Pol-Motor
6725,2377,Motor,8251.0,2137322,9,2023-05-12,2024-02-06,Bancassurance,Pol-Motor
6726,1921,Motor,7921.0,2894994,7,2024-08-22,2025-03-20,Online,Pol-Motor
6727,124,Motor,3073.0,3410555,46,2024-12-30,2028-10-10,Aggregator,Pol-Motor
6728,75,Travel,5675.0,3558941,37,2023-07-19,2026-08-02,Partnership,Pol-Travel
6729,1989,Health,5616.0,4363127,18,2024-08-29,2026-02-20,Online,Pol-Health
6730,157,Motor,6609.0,5190131,49,2024-08-16,2028-08-25,Online,Pol-Motor
6731,3084,Health,9899.0,13700639,29,2024-03-20,2026-08-07,Agent,Pol-Health
6732,3819,Health,4942.0,2123416,21,2024-11-04,2026-07-27,Aggregator,Pol-Health
6733,4039,Travel,12499.0,399883,14,2023-11-11,2025-01-04,Agent,Pol-Travel
6734,3692,Health,10608.0,2031828,16,2025-03-11,2026-07-04,Partnership,Pol-Health
6735,3980,Property,2576.0,14238729,26,2025-03-18,2027-05-07,Agent,Pol-Property
6736,83,Motor,5949.0,9563461,53,2023-03-14,2027-07-21,Agent,Pol-Motor
6737,4789,Motor,8152.0,2613879,31,2025-05-01,2027-11-17,Agent,Pol-Motor
6738,3066,Health,15605.0,3841231,59,2025-03-18,2030-01-21,Bancassurance,Pol-Health
6739,2234,Health,4027.0,883309,51,2025-07-31,2029-10-08,Online,Pol-Health
6740,1785,Health,3096.0,2446222,57,2024-11-16,2029-07-23,Agent,Pol-Health
6741,2091,Health,8199.0,2624492,11,2023-01-02,2023-11-28,Agent,Pol-Health
6742,4169,Health,4431.0,10567032,32,2024-09-10,2027-04-28,Agent,Pol-Health
6743,4013,Travel,7069.0,4577004,26,2024-11-09,2026-12-29,Aggregator,Pol-Travel
6744,1878,Travel,5092.0,2005277,33,2023-01-21,2025-10-07,Agent,Pol-Travel
6745,2315,Health,11620.0,1498225,37,2024-04-06,2027-04-21,Online,Pol-Health
6746,1464,Health,10630.0,11389251,11,2023-12-16,2024-11-10,Online,Pol-Health
6747,3993,Health,5414.0,4687006,20,2024-07-07,2026-02-27,Online,Pol-Health
6748,2915,Motor,15606.0,2225138,13,2025-03-24,2026-04-18,Online,Pol-Motor
6749,3525,Travel,7569.0,12855778,34,2023-04-25,2026-02-08,Aggregator,Pol-Travel
6750,3373,Motor,8650.0,10371288,33,2024-01-06,2026-09-22,Aggregator,Pol-Motor
6751,1342,Health,5265.0,3385007,58,2023-01-17,2027-10-23,Aggregator,Pol-Health
6752,3935,Motor,5072.0,1793693,43,2023-10-16,2027-04-28,Agent,Pol-Motor
6753,2702,Property,15781.0,19733847,4,2023-11-27,2024-03-26,Aggregator,Pol-Property
6754,4045,Motor,7770.0,9275752,54,2024-05-18,2028-10-24,Aggregator,Pol-Motor
6755,34,Crop,8214.0,4671277,8,2023-02-11,2023-10-09,Aggregator,Pol-Crop
6756,2146,Motor,5678.0,1748807,58,2023-08-17,2028-05-22,Aggregator,Pol-Motor
6757,4806,Crop,8403.0,7842809,50,2025-02-14,2029-03-25,Online,Pol-Crop
6758,1280,Travel,7398.0,2087346,11,2023-05-12,2024-04-06,Online,Pol-Travel
6759,405,Property,7266.0,9250332,2,2024-05-01,2024-06-30,Aggregator,Pol-Property
6760,4712,Health,16736.0,8377620,22,2024-09-09,2026-07-01,Partnership,Pol-Health
6761,1925,Motor,7839.0,2807405,4,2023-05-19,2023-09-16,Aggregator,Pol-Motor
6762,1858,Travel,4163.0,8407484,42,2023-05-29,2026-11-09,Agent,Pol-Travel
6763,882,Property,9406.0,3439807,25,2024-01-23,2026-02-11,Agent,Pol-Property
6764,2882,Motor,6099.0,13133311,52,2023-08-27,2027-12-04,Online,Pol-Motor
6765,2903,Health,4416.0,3424034,44,2025-01-16,2028-08-28,Agent,Pol-Health
6766,1598,Motor,5128.0,9934375,50,2023-09-26,2027-11-04,Online,Pol-Motor
6767,1940,Health,12643.0,54841052,15,2023-10-14,2025-01-06,Partnership,Pol-Health
6768,1246,Motor,4386.0,2581455,12,2025-08-06,2026-08-01,Online,Pol-Motor
6769,440,Health,4497.0,1542156,33,2024-01-23,2026-10-09,Online,Pol-Health
6770,4628,Health,7566.0,5648514,32,2023-09-12,2026-04-29,Aggregator,Pol-Health
6771,2825,Motor,6222.0,8358757,6,2023-09-29,2024-03-27,Bancassurance,Pol-Motor
6772,116,Travel,4491.0,2426894,43,2025-06-01,2028-12-12,Online,Pol-Travel
6773,4501,Property,11614.0,4851785,1,2023-04-14,2023-05-14,Online,Pol-Property
6774,1279,Health,5936.0,2595290,38,2023-02-18,2026-04-03,Online,Pol-Health
6775,297,Crop,3837.0,1332289,40,2023-10-25,2027-02-06,Aggregator,Pol-Crop
6776,2949,Crop,8513.0,6655324,38,2023-12-08,2027-01-21,Bancassurance,Pol-Crop
6777,2606,Health,11018.0,5258489,20,2023-11-08,2025-06-30,Aggregator,Pol-Health
6778,1095,Motor,9276.0,2016070,44,2024-04-22,2027-12-03,Agent,Pol-Motor
6779,4812,Health,10190.0,2410215,50,2025-04-27,2029-06-05,Aggregator,Pol-Health
6780,1075,Crop,10105.0,3770869,5,2025-08-21,2026-01-18,Agent,Pol-Crop
6781,16,Health,6414.0,4722370,37,2025-05-31,2028-06-14,Agent,Pol-Health
6782,1528,Health,5814.0,1443609,40,2024-05-14,2027-08-27,Bancassurance,Pol-Health
6783,51,Travel,5241.0,2871308,51,2025-05-06,2029-07-14,Partnership,Pol-Travel
6784,3200,Motor,7307.0,14568503,2,2024-07-04,2024-09-02,Bancassurance,Pol-Motor
6785,3242,Motor,3236.0,9008085,14,2023-08-22,2024-10-15,Aggregator,Pol-Motor
6786,1604,Crop,4115.0,3868587,17,2024-11-15,2026-04-09,Agent,Pol-Crop
6787,3037,Motor,14246.0,14192723,50,2023-10-31,2027-12-09,Online,Pol-Motor
6788,2786,Motor,11481.0,4434571,18,2023-11-15,2025-05-08,Agent,Pol-Motor
6789,1993,Travel,7923.0,3782940,17,2024-06-18,2025-11-10,Bancassurance,Pol-Travel
6790,2954,Health,15738.0,6651948,40,2024-01-01,2027-04-15,Online,Pol-Health
6791,932,Health,8877.0,6285479,31,2023-10-28,2026-05-15,Agent,Pol-Health
6792,2016,Health,7434.0,18056773,56,2025-06-16,2030-01-21,Agent,Pol-Health
6793,4614,Motor,3725.0,2038733,42,2025-09-18,2029-03-01,Online,Pol-Motor
6794,2139,Health,6382.0,9963545,31,2023-01-03,2025-07-21,Online,Pol-Health
6795,4290,Health,11964.0,4198190,36,2023-09-04,2026-08-19,Aggregator,Pol-Health
6796,3401,Motor,9703.0,1634606,19,2025-02-27,2026-09-20,Partnership,Pol-Motor
6797,1088,Property,19510.0,7137013,32,2023-09-21,2026-05-08,Aggregator,Pol-Property
6798,4037,Motor,7421.0,3593861,17,2024-05-01,2025-09-23,Online,Pol-Motor
6799,226,Motor,2039.0,17033679,24,2024-05-30,2026-05-20,Online,Pol-Motor
6800,445,Motor,8888.0,2509130,45,2023-08-07,2027-04-18,Aggregator,Pol-Motor
6801,2382,Health,2155.0,3027391,40,2024-07-01,2027-10-14,Partnership,Pol-Health
6802,4042,Crop,5771.0,5886519,4,2025-04-03,2025-08-01,Aggregator,Pol-Crop
6803,3135,Health,11460.0,1105924,5,2025-01-21,2025-06-20,Online,Pol-Health
6804,1903,Motor,17016.0,13109257,52,2024-09-15,2028-12-23,Online,Pol-Motor
6805,4593,Motor,4371.0,14624956,53,2023-11-25,2028-04-02,Aggregator,Pol-Motor
6806,3655,Health,8950.0,9816732,47,2025-04-19,2029-02-27,Aggregator,Pol-Health
6807,3604,Motor,16120.0,5983520,59,2024-08-12,2029-06-17,Online,Pol-Motor
6808,1483,Motor,7693.0,9243603,52,2025-03-31,2029-07-08,Agent,Pol-Motor
6809,245,Property,5389.0,6723524,41,2023-04-23,2026-09-04,Bancassurance,Pol-Property
6810,2112,Property,18462.0,11523448,1,2023-08-18,2023-09-17,Online,Pol-Property
6811,4049,Crop,12039.0,26197415,26,2024-12-07,2027-01-26,Aggregator,Pol-Crop
6812,805,Crop,7581.0,4831565,42,2025-08-05,2029-01-16,Agent,Pol-Crop
6813,932,Motor,3414.0,4205659,3,2025-01-18,2025-04-18,Aggregator,Pol-Motor
6814,1761,Property,6135.0,4522544,23,2024-01-29,2025-12-19,Agent,Pol-Property
6815,3117,Health,5090.0,1822278,13,2023-08-13,2024-09-06,Partnership,Pol-Health
6816,25,Motor,3106.0,5848193,22,2025-08-06,2027-05-28,Online,Pol-Motor
6817,4396,Health,14395.0,1255592,31,2024-01-11,2026-07-29,Online,Pol-Health
6818,74,Motor,9765.0,15810322,8,2023-05-26,2024-01-21,Online,Pol-Motor
6819,4248,Motor,5141.0,17107579,30,2025-07-22,2028-01-08,Aggregator,Pol-Motor
6820,4071,Motor,5472.0,2474290,46,2023-10-10,2027-07-21,Online,Pol-Motor
6821,3163,Travel,5830.0,2047335,12,2025-07-14,2026-07-09,Agent,Pol-Travel
6822,4188,Crop,4451.0,11875273,22,2023-03-15,2025-01-03,Bancassurance,Pol-Crop
6823,2920,Health,30445.0,1347100,43,2023-10-23,2027-05-05,Online,Pol-Health
6824,2795,Motor,5126.0,2361294,15,2023-04-14,2024-07-07,Online,Pol-Motor
6825,1411,Motor,6241.0,2059346,30,2024-10-15,2027-04-03,Agent,Pol-Motor
6826,3487,Health,5198.0,7420882,24,2024-11-17,2026-11-07,Aggregator,Pol-Health
6827,3613,Health,2992.0,7517602,49,2024-12-03,2028-12-12,Agent,Pol-Health
6828,4781,Property,3959.0,6405972,25,2025-06-21,2027-07-11,Agent,Pol-Property
6829,4468,Motor,12455.0,4618670,53,2024-10-12,2029-02-18,Online,Pol-Motor
6830,1066,Health,6229.0,9143349,58,2024-11-01,2029-08-07,Online,Pol-Health
6831,3996,Travel,9021.0,5268124,2,2024-11-27,2025-01-26,Aggregator,Pol-Travel
6832,3759,Motor,9214.0,19855503,1,2023-05-08,2023-06-07,Bancassurance,Pol-Motor
6833,611,Health,9225.0,12299639,20,2024-10-27,2026-06-19,Agent,Pol-Health
6834,4216,Motor,5183.0,2496952,45,2025-04-07,2028-12-17,Aggregator,Pol-Motor
6835,1839,Motor,17064.0,3631497,44,2025-07-06,2029-02-15,Online,Pol-Motor
6836,2096,Crop,11621.0,4160734,26,2025-04-17,2027-06-06,Online,Pol-Crop
6837,3574,Health,9303.0,2101508,8,2023-12-06,2024-08-02,Online,Pol-Health
6838,473,Health,8313.0,13351531,19,2024-11-30,2026-06-23,Online,Pol-Health
6839,1157,Motor,3682.0,10159660,31,2025-03-21,2027-10-07,Aggregator,Pol-Motor
6840,3191,Crop,11100.0,3902694,15,2025-06-12,2026-09-05,Online,Pol-Crop
6841,4420,Motor,6864.0,7583996,42,2024-04-07,2027-09-19,Online,Pol-Motor
6842,52,Motor,4890.0,3368520,52,2024-05-12,2028-08-19,Aggregator,Pol-Motor
6843,2184,Crop,4400.0,11689938,2,2024-02-17,2024-04-17,Agent,Pol-Crop
6844,1428,Property,11983.0,4307362,2,2025-07-15,2025-09-13,Aggregator,Pol-Property
6845,2217,Property,3647.0,839909,50,2024-01-29,2028-03-08,Agent,Pol-Property
6846,1824,Health,6005.0,1592861,58,2023-02-19,2027-11-25,Agent,Pol-Health
6847,4456,Motor,7943.0,15775913,29,2025-04-25,2027-09-12,Partnership,Pol-Motor
6848,68,Travel,6809.0,4312142,33,2023-09-11,2026-05-28,Bancassurance,Pol-Travel
6849,3815,Health,9029.0,7047836,10,2024-06-04,2025-03-31,Aggregator,Pol-Health
6850,1174,Motor,13191.0,4382347,48,2023-12-10,2027-11-19,Agent,Pol-Motor
6851,4577,Motor,9990.0,1393486,46,2023-08-17,2027-05-28,Online,Pol-Motor
6852,4317,Motor,7573.0,1900932,58,2024-08-26,2029-06-01,Agent,Pol-Motor
6853,261,Motor,5865.0,13343865,21,2023-07-30,2025-04-20,Agent,Pol-Motor
6854,2314,Motor,3580.0,12820141,21,2024-06-24,2026-03-16,Partnership,Pol-Motor
6855,3531,Motor,7100.0,1475959,43,2025-07-04,2029-01-14,Agent,Pol-Motor
6856,1650,Motor,6079.0,14910224,13,2023-02-20,2024-03-16,Aggregator,Pol-Motor
6857,677,Motor,9548.0,3237044,51,2025-02-21,2029-05-01,Bancassurance,Pol-Motor
6858,3940,Motor,6850.0,6114793,16,2023-11-05,2025-02-27,Online,Pol-Motor
6859,4339,Motor,12330.0,5099496,19,2023-06-17,2025-01-07,Agent,Pol-Motor
6860,1936,Motor,5883.0,9182032,24,2024-03-23,2026-03-13,Agent,Pol-Motor
6861,1679,Motor,5543.0,10891063,58,2024-11-21,2029-08-27,Online,Pol-Motor
6862,1193,Health,9058.0,3681266,23,2023-11-11,2025-10-01,Bancassurance,Pol-Health
6863,2623,Health,7737.0,13878791,4,2025-09-22,2026-01-20,Aggregator,Pol-Health
6864,666,Motor,8866.0,17989093,31,2023-04-06,2025-10-22,Partnership,Pol-Motor
6865,4863,Motor,6864.0,7302993,8,2024-01-12,2024-09-08,Bancassurance,Pol-Motor
6866,1602,Travel,7428.0,2058125,42,2025-07-04,2028-12-15,Bancassurance,Pol-Travel
6867,1910,Health,6322.0,7917407,25,2025-02-27,2027-03-19,Online,Pol-Health
6868,188,Property,7836.0,3376468,54,2023-08-16,2028-01-22,Online,Pol-Property
6869,705,Health,13604.0,3877282,23,2025-03-06,2027-01-25,Aggregator,Pol-Health
6870,3368,Motor,5684.0,2318341,11,2025-02-02,2025-12-29,Aggregator,Pol-Motor
6871,4788,Health,5415.0,18950361,28,2023-02-07,2025-05-27,Online,Pol-Health
6872,3454,Health,8602.0,4897052,45,2023-07-01,2027-03-12,Online,Pol-Health
6873,1367,Motor,6683.0,17959195,23,2024-10-07,2026-08-28,Agent,Pol-Motor
6874,2650,Health,14858.0,10266604,45,2025-04-16,2028-12-26,Aggregator,Pol-Health
6875,335,Property,10403.0,2630370,53,2025-08-24,2029-12-31,Aggregator,Pol-Property
6876,4834,Motor,11245.0,2679010,45,2023-12-31,2027-09-11,Agent,Pol-Motor
6877,2385,Motor,11762.0,4599819,43,2024-09-14,2028-03-27,Agent,Pol-Motor
6878,356,Motor,5281.0,5181963,48,2024-05-13,2028-04-22,Aggregator,Pol-Motor
6879,1923,Motor,7757.0,3667739,47,2025-03-02,2029-01-10,Agent,Pol-Motor
6880,4328,Motor,10287.0,14345377,36,2024-06-30,2027-06-15,Aggregator,Pol-Motor
6881,3339,Motor,7349.0,5812441,34,2025-03-07,2027-12-22,Bancassurance,Pol-Motor
6882,796,Motor,4682.0,6858470,48,2025-05-29,2029-05-08,Online,Pol-Motor
6883,190,Travel,11663.0,2042117,11,2025-08-31,2026-07-27,Agent,Pol-Travel
6884,4144,Health,6719.0,1073217,49,2023-08-15,2027-08-24,Agent,Pol-Health
6885,814,Health,8528.0,11759111,8,2025-08-21,2026-04-18,Agent,Pol-Health
6886,2103,Motor,9810.0,2190410,34,2023-12-04,2026-09-19,Online,Pol-Motor
6887,3411,Motor,15620.0,4178318,8,2024-11-18,2025-07-16,Aggregator,Pol-Motor
6888,2167,Property,8120.0,4983413,57,2024-10-23,2029-06-29,Aggregator,Pol-Property
6889,2251,Motor,2676.0,6036014,52,2025-01-13,2029-04-22,Bancassurance,Pol-Motor
6890,1680,Motor,8031.0,3443763,17,2025-07-14,2026-12-06,Online,Pol-Motor
6891,2059,Crop,8440.0,2546169,22,2023-11-14,2025-09-04,Agent,Pol-Crop
6892,4355,Motor,3184.0,3354080,8,2023-02-11,2023-10-09,Online,Pol-Motor
6893,4394,Motor,15310.0,1139674,1,2023-08-23,2023-09-22,Aggregator,Pol-Motor
6894,1221,Travel,1951.0,7781174,14,2023-05-23,2024-07-16,Aggregator,Pol-Travel
6895,1628,Motor,9796.0,8587616,5,2024-11-13,2025-04-12,Agent,Pol-Motor
6896,2381,Property,3410.0,7785439,27,2025-02-15,2027-05-06,Online,Pol-Property
6897,1400,Travel,12511.0,5900118,48,2024-06-15,2028-05-25,Aggregator,Pol-Travel
6898,134,Motor,9723.0,14170897,49,2025-04-15,2029-04-24,Online,Pol-Motor
6899,2164,Crop,15328.0,15565619,23,2025-04-12,2027-03-03,Agent,Pol-Crop
6900,2710,Health,9501.0,13606633,54,2023-07-04,2027-12-10,Aggregator,Pol-Health
6901,1280,Crop,8752.0,5068198,12,2024-02-06,2025-01-31,Partnership,Pol-Crop
6902,553,Motor,6224.0,4750124,52,2023-11-20,2028-02-27,Aggregator,Pol-Motor
6903,4789,Travel,3079.0,5693711,30,2023-01-28,2025-07-16,Aggregator,Pol-Travel
6904,2087,Health,21812.0,2960910,8,2024-12-11,2025-08-08,Aggregator,Pol-Health
6905,3895,Health,5756.0,6300977,40,2023-09-27,2027-01-09,Online,Pol-Health
6906,4576,Property,8680.0,5660801,2,2023-09-10,2023-11-09,Aggregator,Pol-Property
6907,2974,Health,4858.0,11899804,5,2025-03-18,2025-08-15,Online,Pol-Health
6908,1154,Motor,4288.0,18556596,13,2025-02-02,2026-02-27,Aggregator,Pol-Motor
6909,4159,Motor,7553.0,6836590,17,2023-09-07,2025-01-29,Bancassurance,Pol-Motor
6910,955,Motor,9028.0,9856452,35,2024-01-05,2026-11-20,Agent,Pol-Motor
6911,2578,Health,17654.0,5328143,15,2023-10-21,2025-01-13,Online,Pol-Health
6912,3789,Crop,12125.0,10714604,12,2025-07-01,2026-06-26,Agent,Pol-Crop
6913,3069,Health,8439.0,11548781,35,2025-04-05,2028-02-19,Agent,Pol-Health
6914,236,Health,7115.0,19081232,42,2023-12-25,2027-06-07,Agent,Pol-Health
6915,3752,Property,8711.0,958922,48,2025-08-03,2029-07-13,Agent,Pol-Property
6916,3644,Motor,6434.0,9025099,51,2023-07-17,2027-09-24,Aggregator,Pol-Motor
6917,1109,Health,8346.0,4234832,3,2023-07-08,2023-10-06,Agent,Pol-Health
6918,1797,Motor,4925.0,8231078,10,2023-06-03,2024-03-29,Agent,Pol-Motor
6919,3474,Motor,5558.0,8421470,2,2024-09-18,2024-11-17,Online,Pol-Motor
6920,1391,Health,7146.0,2631667,15,2025-04-06,2026-06-30,Online,Pol-Health
6921,3132,Motor,8620.0,1195329,55,2024-11-11,2029-05-19,Agent,Pol-Motor
6922,2212,Motor,6910.0,7243799,7,2024-12-08,2025-07-06,Online,Pol-Motor
6923,4978,Health,8075.0,3775469,20,2023-08-08,2025-03-30,Online,Pol-Health
6924,2642,Health,4646.0,9984669,8,2024-04-05,2024-12-01,Aggregator,Pol-Health
6925,3229,Health,4022.0,4626849,47,2024-09-01,2028-07-12,Agent,Pol-Health
6926,927,Travel,7151.0,10424846,26,2023-06-23,2025-08-11,Online,Pol-Travel
6927,2922,Health,3155.0,7266999,58,2023-07-29,2028-05-03,Online,Pol-Health
6928,2957,Health,11271.0,1504463,8,2023-06-01,2024-01-27,Aggregator,Pol-Health
6929,3828,Motor,3687.0,5434465,30,2023-12-16,2026-06-03,Online,Pol-Motor
6930,3446,Health,6031.0,5388618,45,2024-09-17,2028-05-29,Aggregator,Pol-Health
6931,4039,Motor,9429.0,4018048,20,2023-05-18,2025-01-07,Online,Pol-Motor
6932,121,Health,11591.0,8872627,54,2025-08-19,2030-01-25,Partnership,Pol-Health
6933,966,Motor,10107.0,2442719,54,2025-07-27,2030-01-02,Agent,Pol-Motor
6934,2050,Motor,9345.0,21569079,31,2025-04-02,2027-10-19,Online,Pol-Motor
6935,4214,Health,26535.0,1559639,29,2025-01-02,2027-05-22,Online,Pol-Health
6936,3720,Health,4330.0,1521267,53,2024-07-30,2028-12-06,Online,Pol-Health
6937,3914,Motor,8577.0,9138186,30,2025-09-03,2028-02-20,Aggregator,Pol-Motor
6938,4735,Health,10061.0,37342202,31,2025-02-28,2027-09-16,Online,Pol-Health
6939,3825,Health,8763.0,3077434,4,2023-07-06,2023-11-03,Partnership,Pol-Health
6940,4470,Property,5813.0,8136578,29,2025-05-07,2027-09-24,Agent,Pol-Property
6941,3180,Motor,9628.0,14304165,44,2024-01-11,2027-08-23,Online,Pol-Motor
6942,3371,Health,9298.0,4403865,30,2025-04-21,2027-10-08,Online,Pol-Health
6943,3505,Motor,13659.0,3364870,57,2024-01-27,2028-10-02,Agent,Pol-Motor
6944,4042,Motor,9290.0,17175313,22,2023-09-04,2025-06-25,Online,Pol-Motor
6945,1924,Health,2835.0,7312500,55,2024-08-18,2029-02-23,Bancassurance,Pol-Health
6946,3817,Motor,10879.0,8855766,32,2024-06-17,2027-02-02,Partnership,Pol-Motor
6947,3092,Health,5999.0,1731796,12,2024-03-16,2025-03-11,Aggregator,Pol-Health
6948,1777,Travel,6667.0,8033259,30,2024-03-11,2026-08-28,Aggregator,Pol-Travel
6949,772,Health,4139.0,12758594,5,2023-10-31,2024-03-29,Aggregator,Pol-Health
6950,4657,Property,7849.0,8361702,2,2023-04-30,2023-06-29,Online,Pol-Property
6951,3578,Health,19673.0,8666767,59,2023-03-29,2028-02-01,Agent,Pol-Health
6952,1539,Crop,12500.0,23182178,6,2024-02-10,2024-08-08,Online,Pol-Crop
6953,2868,Motor,4055.0,8952320,43,2025-09-09,2029-03-22,Agent,Pol-Motor
6954,3550,Health,6635.0,15719502,43,2024-03-08,2027-09-19,Online,Pol-Health
6955,804,Health,12141.0,11036319,35,2024-04-20,2027-03-06,Bancassurance,Pol-Health
6956,4777,Crop,6703.0,3256415,10,2024-10-03,2025-07-30,Bancassurance,Pol-Crop
6957,3270,Motor,2634.0,6793846,16,2025-08-11,2026-12-04,Agent,Pol-Motor
6958,179,Motor,5580.0,9078859,48,2025-07-26,2029-07-05,Aggregator,Pol-Motor
6959,615,Travel,14621.0,688488,22,2025-09-23,2027-07-15,Agent,Pol-Travel
6960,1755,Motor,15577.0,6386504,51,2025-04-15,2029-06-23,Online,Pol-Motor
6961,47,Motor,6712.0,16009474,14,2024-07-02,2025-08-26,Online,Pol-Motor
6962,3684,Health,6392.0,2352947,40,2023-05-29,2026-09-10,Agent,Pol-Health
6963,2535,Health,2328.0,2008781,16,2024-05-22,2025-09-14,Online,Pol-Health
6964,216,Crop,6988.0,7334551,48,2023-10-09,2027-09-18,Aggregator,Pol-Crop
6965,2940,Health,5511.0,1920278,39,2024-10-16,2027-12-30,Agent,Pol-Health
6966,2900,Health,2845.0,14949867,1,2024-04-27,2024-05-27,Online,Pol-Health
6967,2877,Motor,4552.0,3390083,16,2024-07-12,2025-11-04,Aggregator,Pol-Motor
6968,1237,Health,3807.0,9921535,20,2023-09-28,2025-05-20,Aggregator,Pol-Health
6969,1008,Motor,7548.0,2371599,32,2024-08-20,2027-04-07,Online,Pol-Motor
6970,4830,Motor,15922.0,33173924,2,2024-01-20,2024-03-20,Online,Pol-Motor
6971,2139,Travel,6794.0,39326233,59,2024-03-11,2029-01-14,Agent,Pol-Travel
6972,4411,Motor,8356.0,14866936,59,2024-04-18,2029-02-21,Aggregator,Pol-Motor
6973,2160,Health,25117.0,2915253,59,2024-05-23,2029-03-28,Agent,Pol-Health
6974,3185,Crop,2829.0,5061595,22,2024-01-29,2025-11-19,Partnership,Pol-Crop
6975,374,Motor,8070.0,909332,5,2023-05-06,2023-10-03,Agent,Pol-Motor
6976,1287,Motor,12993.0,17462489,2,2024-10-21,2024-12-20,Agent,Pol-Motor
6977,368,Health,8573.0,5991990,49,2025-08-13,2029-08-22,Aggregator,Pol-Health
6978,4474,Motor,3251.0,4974412,39,2023-06-25,2026-09-07,Partnership,Pol-Motor
6979,4925,Property,19232.0,2393326,44,2023-09-06,2027-04-18,Bancassurance,Pol-Property
6980,4921,Motor,11153.0,13091917,41,2024-05-27,2027-10-09,Agent,Pol-Motor
6981,3926,Travel,8386.0,8753725,32,2023-11-28,2026-07-15,Aggregator,Pol-Travel
6982,4770,Crop,3674.0,5614131,57,2024-01-17,2028-09-22,Online,Pol-Crop
6983,3117,Crop,23054.0,7937845,11,2025-03-19,2026-02-12,Aggregator,Pol-Crop
6984,1295,Motor,9832.0,30656628,26,2023-01-24,2025-03-14,Agent,Pol-Motor
6985,3977,Motor,9163.0,2376429,51,2025-09-12,2029-11-20,Online,Pol-Motor
6986,174,Motor,9826.0,1737314,31,2024-12-04,2027-06-22,Online,Pol-Motor
6987,4132,Health,11837.0,2668824,15,2024-05-05,2025-07-29,Online,Pol-Health
6988,4398,Motor,7763.0,15898546,12,2024-01-05,2024-12-30,Agent,Pol-Motor
6989,4982,Property,6912.0,6934267,54,2024-03-21,2028-08-27,Bancassurance,Pol-Property
6990,2081,Health,2390.0,2693566,26,2025-08-17,2027-10-06,Online,Pol-Health
6991,3835,Health,4952.0,8659347,47,2025-02-08,2028-12-19,Online,Pol-Health
6992,2430,Health,19738.0,3447095,49,2025-07-04,2029-07-13,Aggregator,Pol-Health
6993,2774,Health,4840.0,6305802,11,2024-03-13,2025-02-06,Aggregator,Pol-Health
6994,693,Motor,6320.0,8258323,49,2025-07-03,2029-07-12,Online,Pol-Motor
6995,4691,Motor,4120.0,3116920,22,2023-01-25,2024-11-15,Online,Pol-Motor
6996,3030,Health,9460.0,1051441,28,2024-09-06,2026-12-25,Online,Pol-Health
6997,874,Health,6451.0,6698764,22,2023-01-01,2024-10-22,Agent,Pol-Health
6998,4415,Motor,6338.0,4527044,21,2024-08-29,2026-05-21,Online,Pol-Motor
6999,3097,Property,4913.0,3085650,44,2023-02-27,2026-10-09,Aggregator,Pol-Property
7000,758,Property,9033.0,6730864,54,2024-08-02,2029-01-08,Aggregator,Pol-Property
7001,3625,Motor,15305.0,9440285,10,2025-02-09,2025-12-06,Aggregator,Pol-Motor
7002,2107,Health,3146.0,758008,53,2024-02-24,2028-07-02,Agent,Pol-Health
7003,4273,Motor,6300.0,5935204,38,2024-12-15,2028-01-29,Agent,Pol-Motor
7004,1566,Motor,6761.0,4848326,25,2024-05-16,2026-06-05,Aggregator,Pol-Motor
7005,3117,Property,5005.0,3848782,39,2023-10-02,2026-12-15,Agent,Pol-Property
7006,3524,Travel,13074.0,9689144,14,2023-07-20,2024-09-12,Online,Pol-Travel
7007,309,Health,13156.0,1003168,48,2023-06-19,2027-05-29,Agent,Pol-Health
7008,154,Crop,8224.0,381869,35,2023-10-24,2026-09-08,Partnership,Pol-Crop
7009,967,Health,5222.0,1261364,9,2023-01-20,2023-10-17,Agent,Pol-Health
7010,1164,Health,13016.0,10204129,38,2024-04-01,2027-05-16,Agent,Pol-Health
7011,2817,Health,6326.0,3502263,37,2025-07-02,2028-07-16,Bancassurance,Pol-Health
7012,385,Motor,11959.0,4318956,4,2024-05-07,2024-09-04,Aggregator,Pol-Motor
7013,3720,Motor,24872.0,24985772,15,2024-03-16,2025-06-09,Agent,Pol-Motor
7014,2796,Health,7334.0,7960047,29,2023-08-16,2026-01-02,Agent,Pol-Health
7015,4720,Health,7935.0,13484127,10,2024-07-07,2025-05-03,Agent,Pol-Health
7016,1057,Health,5172.0,5074218,33,2025-01-05,2027-09-22,Bancassurance,Pol-Health
7017,1732,Health,12203.0,774322,7,2024-08-02,2025-02-28,Aggregator,Pol-Health
7018,3443,Motor,8149.0,4401694,53,2025-09-16,2030-01-23,Online,Pol-Motor
7019,1670,Motor,3910.0,2553167,17,2024-06-06,2025-10-29,Agent,Pol-Motor
7020,4077,Health,5131.0,2609433,4,2024-07-07,2024-11-04,Online,Pol-Health
7021,4028,Motor,19520.0,7664991,10,2025-09-05,2026-07-02,Aggregator,Pol-Motor
7022,3775,Crop,6485.0,734968,1,2025-07-02,2025-08-01,Online,Pol-Crop
7023,1460,Health,4239.0,2876605,42,2024-05-07,2027-10-19,Agent,Pol-Health
7024,6,Motor,8053.0,3624080,20,2024-01-11,2025-09-02,Bancassurance,Pol-Motor
7025,4787,Property,5622.0,9632255,7,2023-09-18,2024-04-15,Partnership,Pol-Property
7026,1642,Health,6684.0,35057834,9,2025-06-08,2026-03-05,Agent,Pol-Health
7027,3830,Health,9611.0,811044,32,2024-05-05,2026-12-21,Online,Pol-Health
7028,4881,Travel,8683.0,5889424,28,2023-08-18,2025-12-05,Partnership,Pol-Travel
7029,617,Health,7459.0,3954624,28,2025-04-30,2027-08-18,Online,Pol-Health
7030,886,Crop,5397.0,6735926,2,2024-10-21,2024-12-20,Online,Pol-Crop
7031,2071,Crop,3010.0,56617581,4,2025-08-19,2025-12-17,Partnership,Pol-Crop
7032,161,Motor,19156.0,1522203,17,2025-09-05,2027-01-28,Partnership,Pol-Motor
7033,1218,Motor,18590.0,3136835,6,2023-07-05,2024-01-01,Agent,Pol-Motor
7034,4179,Health,7421.0,16982348,8,2023-08-17,2024-04-13,Aggregator,Pol-Health
7035,168,Property,11129.0,8032091,46,2023-12-29,2027-10-09,Agent,Pol-Property
7036,3913,Crop,7214.0,11033094,12,2023-11-27,2024-11-21,Partnership,Pol-Crop
7037,2703,Property,4983.0,3656605,19,2024-10-14,2026-05-07,Bancassurance,Pol-Property
7038,2603,Health,7607.0,12902954,59,2023-03-05,2028-01-08,Agent,Pol-Health
7039,4440,Property,7867.0,12073427,29,2024-01-17,2026-06-05,Agent,Pol-Property
7040,4108,Property,15440.0,7415128,32,2025-09-06,2028-04-23,Aggregator,Pol-Property
7041,3606,Motor,7689.0,31974165,28,2025-07-26,2027-11-13,Aggregator,Pol-Motor
7042,1554,Motor,17194.0,6883790,5,2024-09-09,2025-02-06,Online,Pol-Motor
7043,450,Health,6766.0,7902563,43,2024-01-21,2027-08-03,Online,Pol-Health
7044,4670,Health,5522.0,3623598,49,2024-03-09,2028-03-18,Agent,Pol-Health
7045,4028,Health,15440.0,8007517,12,2023-09-03,2024-08-28,Agent,Pol-Health
7046,2538,Motor,14726.0,7004708,5,2023-09-22,2024-02-19,Online,Pol-Motor
7047,2710,Motor,7620.0,9853432,33,2024-03-04,2026-11-19,Agent,Pol-Motor
7048,4561,Property,8701.0,7545028,53,2023-11-23,2028-03-31,Agent,Pol-Property
7049,2958,Travel,8456.0,7642829,31,2023-04-30,2025-11-15,Bancassurance,Pol-Travel
7050,2665,Travel,8149.0,3699999,25,2024-05-25,2026-06-14,Agent,Pol-Travel
7051,1790,Health,6089.0,9932654,7,2024-05-30,2024-12-26,Online,Pol-Health
7052,4103,Crop,24294.0,6357628,39,2023-07-08,2026-09-20,Bancassurance,Pol-Crop
7053,3235,Motor,6003.0,4023216,25,2023-08-28,2025-09-16,Online,Pol-Motor
7054,319,Crop,9682.0,2662607,29,2023-11-18,2026-04-06,Aggregator,Pol-Crop
7055,2178,Health,8064.0,11449157,11,2023-03-28,2024-02-21,Agent,Pol-Health
7056,2157,Property,2082.0,11394666,21,2025-02-07,2026-10-30,Bancassurance,Pol-Property
7057,2554,Motor,7777.0,4857260,56,2024-01-04,2028-08-10,Aggregator,Pol-Motor
7058,429,Crop,6369.0,1706825,23,2023-11-21,2025-10-11,Bancassurance,Pol-Crop
7059,4340,Health,5551.0,20660365,6,2024-02-20,2024-08-18,Aggregator,Pol-Health
7060,2486,Motor,4361.0,17756963,38,2023-10-02,2026-11-15,Agent,Pol-Motor
7061,4403,Motor,18059.0,46363386,23,2023-10-14,2025-09-03,Agent,Pol-Motor
7062,901,Motor,4203.0,995704,10,2025-04-01,2026-01-26,Aggregator,Pol-Motor
7063,1621,Health,6663.0,4203423,35,2023-01-04,2025-11-19,Aggregator,Pol-Health
7064,3399,Motor,5646.0,2777733,59,2025-06-21,2030-04-26,Agent,Pol-Motor
7065,749,Health,4321.0,1080560,5,2023-02-01,2023-07-01,Aggregator,Pol-Health
7066,4873,Property,10762.0,5677884,18,2023-12-19,2025-06-11,Agent,Pol-Property
7067,4290,Travel,9158.0,6746403,21,2023-01-06,2024-09-27,Online,Pol-Travel
7068,2412,Motor,5716.0,5041479,15,2023-12-20,2025-03-14,Agent,Pol-Motor
7069,1028,Motor,4628.0,1256434,12,2025-06-13,2026-06-08,Online,Pol-Motor
7070,4245,Motor,9528.0,9370775,40,2023-02-20,2026-06-04,Agent,Pol-Motor
7071,3133,Motor,9118.0,1848868,7,2024-06-10,2025-01-06,Bancassurance,Pol-Motor
7072,2842,Crop,6818.0,13805780,28,2025-02-05,2027-05-26,Online,Pol-Crop
7073,1141,Health,15039.0,13164615,35,2024-06-23,2027-05-09,Agent,Pol-Health
7074,238,Health,16079.0,7669658,7,2023-03-21,2023-10-17,Online,Pol-Health
7075,4826,Motor,5686.0,3736625,18,2023-01-21,2024-07-14,Online,Pol-Motor
7076,4554,Property,20831.0,6132453,48,2024-08-20,2028-07-30,Online,Pol-Property
7077,2533,Travel,6389.0,3101170,20,2023-04-07,2024-11-27,Online,Pol-Travel
7078,1755,Health,6431.0,9512662,26,2024-09-20,2026-11-09,Bancassurance,Pol-Health
7079,4810,Travel,10473.0,19220800,34,2025-05-16,2028-03-01,Agent,Pol-Travel
7080,1611,Motor,8725.0,17331244,39,2024-02-13,2027-04-28,Online,Pol-Motor
7081,3119,Motor,7453.0,5522573,37,2024-11-10,2027-11-25,Aggregator,Pol-Motor
7082,4440,Travel,2814.0,19198534,14,2025-03-04,2026-04-28,Bancassurance,Pol-Travel
7083,1488,Property,3301.0,7308404,15,2023-05-27,2024-08-19,Agent,Pol-Property
7084,4759,Motor,3859.0,663149,16,2024-02-08,2025-06-02,Bancassurance,Pol-Motor
7085,3195,Motor,7371.0,17375266,57,2023-04-04,2027-12-09,Bancassurance,Pol-Motor
7086,246,Health,5658.0,6366611,23,2024-03-01,2026-01-20,Aggregator,Pol-Health
7087,1278,Property,6071.0,8200943,34,2024-01-02,2026-10-18,Online,Pol-Property
7088,2329,Crop,6323.0,3771777,20,2024-09-03,2026-04-26,Agent,Pol-Crop
7089,1557,Motor,11954.0,18012092,19,2024-01-12,2025-08-04,Online,Pol-Motor
7090,1558,Health,10797.0,2773342,10,2024-02-08,2024-12-04,Partnership,Pol-Health
7091,2223,Health,5955.0,16598388,50,2025-06-12,2029-07-21,Aggregator,Pol-Health
7092,2333,Health,6297.0,2225155,34,2024-02-29,2026-12-15,Online,Pol-Health
7093,305,Health,4762.0,6860596,40,2024-01-07,2027-04-21,Aggregator,Pol-Health
7094,2923,Health,6197.0,18686478,38,2024-07-10,2027-08-24,Online,Pol-Health
7095,793,Motor,14040.0,20537602,51,2025-09-08,2029-11-16,Aggregator,Pol-Motor
7096,407,Health,11609.0,11637538,8,2024-02-25,2024-10-22,Agent,Pol-Health
7097,4428,Motor,8880.0,14734735,51,2023-06-04,2027-08-12,Online,Pol-Motor
7098,2353,Motor,4288.0,12401123,21,2025-05-13,2027-02-02,Aggregator,Pol-Motor
7099,2038,Motor,7140.0,3708854,1,2025-03-24,2025-04-23,Partnership,Pol-Motor
7100,2967,Motor,6049.0,8603134,45,2023-08-02,2027-04-13,Aggregator,Pol-Motor
7101,2717,Health,6789.0,6970186,49,2024-06-03,2028-06-12,Bancassurance,Pol-Health
7102,2821,Motor,10885.0,14434714,42,2025-02-18,2028-08-01,Bancassurance,Pol-Motor
7103,4647,Health,12567.0,15336559,18,2025-05-06,2026-10-28,Agent,Pol-Health
7104,3043,Travel,24916.0,5673143,59,2025-09-04,2030-07-10,Aggregator,Pol-Travel
7105,4003,Motor,4680.0,4954553,55,2024-07-30,2029-02-04,Agent,Pol-Motor
7106,1361,Motor,13563.0,13880458,49,2025-04-11,2029-04-20,Agent,Pol-Motor
7107,1054,Health,6848.0,4577605,23,2025-06-11,2027-05-02,Online,Pol-Health
7108,440,Motor,5131.0,15076818,16,2024-02-20,2025-06-14,Bancassurance,Pol-Motor
7109,4354,Health,21734.0,6132672,47,2023-10-29,2027-09-08,Online,Pol-Health
7110,783,Motor,17689.0,3300078,42,2024-07-31,2028-01-12,Agent,Pol-Motor
7111,2611,Motor,6371.0,3825922,25,2024-07-01,2026-07-21,Online,Pol-Motor
7112,1815,Crop,5109.0,421211,5,2024-03-05,2024-08-02,Agent,Pol-Crop
7113,234,Motor,3042.0,5101233,11,2024-02-10,2025-01-05,Online,Pol-Motor
7114,2074,Motor,13729.0,9581492,43,2024-02-04,2027-08-17,Aggregator,Pol-Motor
7115,2432,Motor,2635.0,53602248,46,2024-01-16,2027-10-27,Agent,Pol-Motor
7116,4489,Motor,6817.0,3092862,6,2023-04-22,2023-10-19,Aggregator,Pol-Motor
7117,462,Motor,4690.0,3963636,47,2023-01-28,2026-12-08,Agent,Pol-Motor
7118,1752,Motor,14719.0,2954868,14,2023-04-27,2024-06-20,Aggregator,Pol-Motor
7119,839,Health,18442.0,2702460,44,2024-03-07,2027-10-18,Agent,Pol-Health
7120,3210,Property,3128.0,9095193,26,2024-11-06,2026-12-26,Agent,Pol-Property
7121,2785,Health,7637.0,3791982,27,2024-09-23,2026-12-12,Agent,Pol-Health
7122,4206,Health,8391.0,2811346,55,2025-02-03,2029-08-11,Agent,Pol-Health
7123,1352,Property,6348.0,7750246,14,2024-04-08,2025-06-02,Agent,Pol-Property
7124,206,Travel,5321.0,8849544,56,2025-09-21,2030-04-28,Agent,Pol-Travel
7125,1095,Health,16030.0,2873194,43,2025-01-06,2028-07-19,Online,Pol-Health
7126,4306,Travel,5645.0,14371504,29,2023-08-05,2025-12-22,Aggregator,Pol-Travel
7127,185,Health,19757.0,24176136,18,2025-03-17,2026-09-08,Partnership,Pol-Health
7128,2793,Property,5266.0,10216935,18,2023-07-23,2025-01-13,Aggregator,Pol-Property
7129,4987,Health,10786.0,8769860,14,2024-12-20,2026-02-13,Agent,Pol-Health
7130,4495,Crop,11133.0,687148,57,2025-07-20,2030-03-26,Bancassurance,Pol-Crop
7131,2730,Health,5263.0,2512672,54,2023-09-07,2028-02-13,Aggregator,Pol-Health
7132,314,Health,3014.0,1555260,7,2023-07-05,2024-01-31,Online,Pol-Health
7133,228,Health,4771.0,12446347,28,2024-08-31,2026-12-19,Aggregator,Pol-Health
7134,3094,Crop,4066.0,13012375,5,2023-02-17,2023-07-17,Aggregator,Pol-Crop
7135,3958,Travel,11070.0,8036827,49,2024-07-06,2028-07-15,Aggregator,Pol-Travel
7136,4096,Motor,6066.0,4297608,40,2023-11-03,2027-02-15,Online,Pol-Motor
7137,2740,Health,14574.0,4245409,49,2024-11-06,2028-11-15,Aggregator,Pol-Health
7138,927,Motor,9764.0,173374952,15,2024-04-28,2025-07-22,Aggregator,Pol-Motor
7139,3337,Motor,6659.0,11063328,49,2023-11-01,2027-11-10,Online,Pol-Motor
7140,3122,Travel,7646.0,4955076,34,2025-06-02,2028-03-18,Bancassurance,Pol-Travel
7141,2109,Health,3776.0,8375564,5,2023-02-27,2023-07-27,Aggregator,Pol-Health
7142,2356,Motor,6653.0,1702264,52,2025-07-12,2029-10-19,Aggregator,Pol-Motor
7143,537,Health,7877.0,9022217,4,2025-01-07,2025-05-07,Aggregator,Pol-Health
7144,4171,Health,6050.0,4299096,17,2024-10-17,2026-03-11,Online,Pol-Health
7145,1442,Motor,5534.0,8492510,1,2025-09-15,2025-10-15,Online,Pol-Motor
7146,3400,Motor,12122.0,2295963,10,2024-09-19,2025-07-16,Online,Pol-Motor
7147,3353,Health,4575.0,27794682,34,2025-09-15,2028-07-01,Agent,Pol-Health
7148,3147,Motor,9822.0,2431295,50,2023-04-29,2027-06-07,Agent,Pol-Motor
7149,609,Motor,12709.0,3961346,33,2023-08-04,2026-04-20,Online,Pol-Motor
7150,612,Motor,9390.0,1999920,42,2024-06-18,2027-11-30,Agent,Pol-Motor
7151,1021,Crop,4015.0,2803302,27,2025-09-03,2027-11-22,Online,Pol-Crop
7152,4881,Motor,7762.0,4759494,24,2023-07-15,2025-07-04,Bancassurance,Pol-Motor
7153,241,Crop,11461.0,5635276,51,2025-05-04,2029-07-12,Agent,Pol-Crop
7154,2053,Health,6346.0,4337376,56,2024-08-20,2029-03-27,Online,Pol-Health
7155,1603,Motor,4785.0,8518088,53,2025-03-16,2029-07-23,Agent,Pol-Motor
7156,2405,Health,4702.0,44812819,43,2024-06-22,2028-01-03,Online,Pol-Health
7157,4490,Health,8612.0,4523768,28,2023-06-07,2025-09-24,Agent,Pol-Health
7158,1415,Crop,6209.0,3434184,19,2024-01-09,2025-08-01,Bancassurance,Pol-Crop
7159,369,Crop,5383.0,18615465,54,2024-07-29,2029-01-04,Agent,Pol-Crop
7160,2077,Motor,2567.0,2297034,2,2023-05-30,2023-07-29,Online,Pol-Motor
7161,1447,Property,18063.0,23792135,59,2024-12-10,2029-10-15,Bancassurance,Pol-Property
7162,9,Motor,6266.0,1033757,1,2025-05-08,2025-06-07,Partnership,Pol-Motor
7163,3517,Motor,11015.0,13272982,45,2023-10-05,2027-06-16,Online,Pol-Motor
7164,4430,Motor,14317.0,2298715,25,2025-04-24,2027-05-14,Online,Pol-Motor
7165,2278,Health,40248.0,2234231,3,2023-03-04,2023-06-02,Online,Pol-Health
7166,393,Motor,10311.0,7685436,7,2024-02-12,2024-09-09,Aggregator,Pol-Motor
7167,1852,Health,8670.0,12269986,25,2023-06-27,2025-07-16,Aggregator,Pol-Health
7168,779,Property,3378.0,10063107,15,2023-08-13,2024-11-05,Aggregator,Pol-Property
7169,3432,Property,2661.0,2904298,52,2024-02-18,2028-05-27,Online,Pol-Property
7170,1699,Crop,2223.0,11737461,57,2023-03-27,2027-12-01,Partnership,Pol-Crop
7171,3255,Motor,6737.0,2545683,4,2024-01-26,2024-05-25,Online,Pol-Motor
7172,4483,Health,4451.0,4292029,2,2024-03-17,2024-05-16,Online,Pol-Health
7173,3272,Crop,5751.0,3206824,6,2024-04-01,2024-09-28,Agent,Pol-Crop
7174,3253,Motor,15043.0,4708987,57,2023-06-09,2028-02-13,Agent,Pol-Motor
7175,3612,Property,9494.0,3310623,35,2025-07-19,2028-06-03,Agent,Pol-Property
7176,2613,Motor,7281.0,6334274,34,2023-07-28,2026-05-13,Agent,Pol-Motor
7177,1846,Health,8085.0,1594816,21,2024-10-23,2026-07-15,Agent,Pol-Health
7178,3509,Property,5175.0,9161378,55,2024-02-14,2028-08-21,Online,Pol-Property
7179,3893,Travel,5771.0,3427896,59,2025-09-18,2030-07-24,Bancassurance,Pol-Travel
7180,3112,Health,3672.0,2086461,22,2025-09-15,2027-07-07,Online,Pol-Health
7181,4318,Crop,10815.0,13647128,52,2023-02-06,2027-05-16,Partnership,Pol-Crop
7182,1867,Motor,17771.0,28764404,41,2023-06-13,2026-10-25,Partnership,Pol-Motor
7183,1053,Health,14484.0,8891169,29,2024-11-16,2027-04-05,Agent,Pol-Health
7184,927,Health,7424.0,6686591,49,2025-05-23,2029-06-01,Agent,Pol-Health
7185,3773,Health,11830.0,3798311,14,2024-10-11,2025-12-05,Partnership,Pol-Health
7186,3043,Health,9625.0,1626111,46,2024-04-15,2028-01-25,Agent,Pol-Health
7187,4226,Travel,7994.0,9057121,42,2024-01-24,2027-07-07,Aggregator,Pol-Travel
7188,2096,Motor,8743.0,1318865,49,2024-05-26,2028-06-04,Agent,Pol-Motor
7189,3841,Motor,3793.0,8178743,7,2024-12-15,2025-07-13,Agent,Pol-Motor
7190,827,Travel,5767.0,1135963,5,2024-07-26,2024-12-23,Agent,Pol-Travel
7191,3488,Health,5213.0,6469157,15,2023-05-20,2024-08-12,Agent,Pol-Health
7192,4696,Health,3443.0,17158685,52,2023-01-20,2027-04-29,Online,Pol-Health
7193,770,Motor,9783.0,7483037,48,2025-06-24,2029-06-03,Partnership,Pol-Motor
7194,3971,Motor,10417.0,14599054,14,2024-10-27,2025-12-21,Bancassurance,Pol-Motor
7195,457,Motor,2065.0,20274314,37,2023-09-25,2026-10-09,Bancassurance,Pol-Motor
7196,1073,Motor,7278.0,5585105,35,2023-04-16,2026-03-01,Aggregator,Pol-Motor
7197,2776,Health,6189.0,28592544,49,2024-04-17,2028-04-26,Online,Pol-Health
7198,4631,Property,5366.0,4182434,57,2024-10-09,2029-06-15,Online,Pol-Property
7199,2484,Crop,3217.0,2231031,28,2024-01-07,2026-04-26,Online,Pol-Crop
7200,2299,Motor,7558.0,2213710,37,2023-10-03,2026-10-17,Aggregator,Pol-Motor
7201,2972,Motor,7401.0,12711979,26,2025-08-27,2027-10-16,Bancassurance,Pol-Motor
7202,3930,Health,6072.0,4326105,6,2024-04-17,2024-10-14,Aggregator,Pol-Health
7203,4401,Motor,10985.0,3644982,48,2023-08-28,2027-08-07,Bancassurance,Pol-Motor
7204,1643,Property,10748.0,10493583,47,2024-07-12,2028-05-22,Bancassurance,Pol-Property
7205,1018,Health,2888.0,1323631,8,2023-12-16,2024-08-12,Online,Pol-Health
7206,4043,Travel,10736.0,57219924,10,2024-12-16,2025-10-12,Agent,Pol-Travel
7207,1464,Motor,4546.0,1883307,46,2023-01-08,2026-10-19,Online,Pol-Motor
7208,1512,Motor,6397.0,9376842,22,2024-04-15,2026-02-04,Agent,Pol-Motor
7209,3474,Motor,16717.0,8784821,10,2023-03-22,2024-01-16,Agent,Pol-Motor
7210,4472,Motor,7175.0,4734022,19,2024-10-05,2026-04-28,Aggregator,Pol-Motor
7211,3639,Health,12256.0,14633963,32,2024-12-05,2027-07-23,Aggregator,Pol-Health
7212,1722,Travel,6458.0,11307643,14,2023-10-20,2024-12-13,Partnership,Pol-Travel
7213,687,Motor,11710.0,4883157,24,2023-06-29,2025-06-18,Online,Pol-Motor
7214,4467,Motor,7135.0,9470205,18,2025-09-25,2027-03-19,Online,Pol-Motor
7215,3484,Motor,6409.0,742376,55,2023-09-21,2028-03-28,Aggregator,Pol-Motor
7216,4251,Health,7796.0,3753644,54,2024-02-21,2028-07-29,Aggregator,Pol-Health
7217,3633,Health,4191.0,8862594,27,2024-09-04,2026-11-23,Online,Pol-Health
7218,4778,Property,5666.0,2973147,18,2023-05-07,2024-10-28,Bancassurance,Pol-Property
7219,3278,Property,9952.0,5004433,4,2023-05-02,2023-08-30,Agent,Pol-Property
7220,3940,Health,11148.0,4560747,29,2025-09-25,2028-02-12,Agent,Pol-Health
7221,2945,Health,4648.0,1157714,31,2024-02-23,2026-09-10,Aggregator,Pol-Health
7222,3500,Crop,17353.0,12231879,3,2023-06-02,2023-08-31,Aggregator,Pol-Crop
7223,2919,Motor,18103.0,6054051,17,2023-07-10,2024-12-01,Aggregator,Pol-Motor
7224,1445,Motor,4618.0,1867067,3,2025-05-10,2025-08-08,Online,Pol-Motor
7225,88,Motor,5837.0,28438632,7,2023-10-23,2024-05-20,Online,Pol-Motor
7226,1530,Motor,7221.0,6390415,31,2025-04-09,2027-10-26,Bancassurance,Pol-Motor
7227,3240,Motor,13457.0,6685987,27,2024-10-29,2027-01-17,Partnership,Pol-Motor
7228,3186,Motor,9765.0,4943207,38,2023-02-22,2026-04-07,Agent,Pol-Motor
7229,13,Motor,6291.0,29958867,3,2025-05-16,2025-08-14,Partnership,Pol-Motor
7230,2929,Property,3898.0,12474752,13,2023-11-03,2024-11-27,Partnership,Pol-Property
7231,320,Health,2756.0,2864727,18,2024-05-10,2025-11-01,Bancassurance,Pol-Health
7232,4388,Motor,8458.0,831408,22,2024-08-01,2026-05-23,Aggregator,Pol-Motor
7233,4869,Property,18219.0,9932800,45,2023-11-18,2027-07-30,Agent,Pol-Property
7234,1684,Health,7346.0,4808818,12,2025-04-27,2026-04-22,Online,Pol-Health
7235,2450,Motor,9024.0,3912304,39,2024-01-17,2027-04-01,Online,Pol-Motor
7236,4254,Travel,8147.0,4712794,50,2023-08-29,2027-10-07,Online,Pol-Travel
7237,384,Motor,3231.0,1065753,55,2025-01-20,2029-07-28,Bancassurance,Pol-Motor
7238,4494,Property,16085.0,6096035,19,2023-08-26,2025-03-18,Online,Pol-Property
7239,1097,Travel,4944.0,4306027,46,2025-02-02,2028-11-13,Online,Pol-Travel
7240,970,Property,4915.0,3606399,30,2023-12-19,2026-06-06,Aggregator,Pol-Property
7241,2521,Health,9258.0,5721823,54,2024-03-16,2028-08-22,Partnership,Pol-Health
7242,3252,Crop,5119.0,21937080,53,2025-02-13,2029-06-22,Online,Pol-Crop
7243,3675,Motor,3821.0,3977553,44,2025-03-01,2028-10-11,Online,Pol-Motor
7244,194,Motor,11896.0,16628323,31,2023-05-02,2025-11-17,Online,Pol-Motor
7245,2845,Health,7816.0,6237724,17,2023-04-05,2024-08-27,Online,Pol-Health
7246,4856,Crop,11845.0,17994632,28,2025-07-28,2027-11-15,Bancassurance,Pol-Crop
7247,1253,Health,6100.0,5104783,41,2023-03-03,2026-07-15,Online,Pol-Health
7248,795,Travel,5841.0,2458441,4,2025-04-29,2025-08-27,Online,Pol-Travel
7249,2723,Motor,8319.0,36639485,5,2025-09-06,2026-02-03,Online,Pol-Motor
7250,1627,Crop,8741.0,13462947,35,2025-06-22,2028-05-07,Online,Pol-Crop
7251,2842,Travel,5318.0,19560603,7,2023-04-04,2023-10-31,Agent,Pol-Travel
7252,91,Health,5010.0,9270104,16,2023-09-26,2025-01-18,Bancassurance,Pol-Health
7253,3678,Travel,11538.0,5710805,26,2025-01-11,2027-03-02,Agent,Pol-Travel
7254,4173,Motor,8664.0,13147703,20,2025-07-14,2027-03-06,Agent,Pol-Motor
7255,3520,Travel,8412.0,9151972,4,2024-10-21,2025-02-18,Agent,Pol-Travel
7256,1321,Crop,2731.0,3345886,32,2023-03-15,2025-10-30,Agent,Pol-Crop
7257,3460,Motor,8342.0,8232685,9,2023-12-31,2024-09-26,Agent,Pol-Motor
7258,2370,Health,8832.0,3960040,3,2024-10-29,2025-01-27,Aggregator,Pol-Health
7259,2469,Health,6248.0,1700359,53,2024-02-07,2028-06-15,Agent,Pol-Health
7260,2594,Motor,9723.0,5104670,51,2024-10-03,2028-12-11,Online,Pol-Motor
7261,1658,Motor,5185.0,3130692,32,2024-07-10,2027-02-25,Bancassurance,Pol-Motor
7262,3378,Motor,8702.0,35757967,45,2023-04-01,2026-12-11,Agent,Pol-Motor
7263,4038,Health,3420.0,2086893,50,2024-07-10,2028-08-18,Bancassurance,Pol-Health
7264,346,Health,11524.0,3642780,54,2023-11-14,2028-04-21,Agent,Pol-Health
7265,3882,Travel,4984.0,3227771,56,2025-08-05,2030-03-12,Aggregator,Pol-Travel
7266,1665,Motor,9111.0,10902032,53,2024-03-11,2028-07-18,Bancassurance,Pol-Motor
7267,3874,Health,13652.0,6767151,2,2024-03-04,2024-05-03,Aggregator,Pol-Health
7268,2773,Motor,12012.0,30012911,28,2025-08-30,2027-12-18,Agent,Pol-Motor
7269,650,Health,9093.0,20954900,5,2025-02-18,2025-07-18,Agent,Pol-Health
7270,2707,Crop,11058.0,5927194,14,2024-05-25,2025-07-19,Online,Pol-Crop
7271,1913,Motor,15478.0,2032786,45,2023-06-09,2027-02-18,Agent,Pol-Motor
7272,3686,Motor,7786.0,7554107,10,2025-02-05,2025-12-02,Partnership,Pol-Motor
7273,4862,Health,11910.0,6653090,44,2024-10-18,2028-05-30,Online,Pol-Health
7274,1810,Motor,4067.0,1406978,32,2025-04-03,2027-11-19,Aggregator,Pol-Motor
7275,3261,Health,5113.0,4496002,38,2024-09-07,2027-10-22,Agent,Pol-Health
7276,2113,Motor,15573.0,6453073,47,2025-09-24,2029-08-04,Bancassurance,Pol-Motor
7277,1483,Motor,6477.0,5605538,28,2023-10-04,2026-01-21,Agent,Pol-Motor
7278,676,Health,5641.0,2235350,1,2023-06-10,2023-07-10,Aggregator,Pol-Health
7279,476,Travel,6356.0,5331445,3,2025-05-05,2025-08-03,Bancassurance,Pol-Travel
7280,326,Health,5136.0,4850880,39,2024-07-20,2027-10-03,Agent,Pol-Health
7281,3264,Motor,6733.0,8364279,25,2024-01-15,2026-02-03,Aggregator,Pol-Motor
7282,2136,Motor,4340.0,2376130,30,2023-09-08,2026-02-24,Online,Pol-Motor
7283,4254,Travel,5519.0,15473539,56,2024-08-14,2029-03-21,Online,Pol-Travel
7284,1297,Crop,7626.0,8427025,36,2023-01-03,2025-12-18,Agent,Pol-Crop
7285,282,Motor,16094.0,1638984,38,2023-03-28,2026-05-11,Agent,Pol-Motor
7286,657,Crop,7170.0,6872066,58,2024-03-14,2028-12-18,Aggregator,Pol-Crop
7287,2211,Travel,3094.0,5598618,30,2024-10-19,2027-04-07,Agent,Pol-Travel
7288,3246,Motor,12125.0,4992913,15,2023-01-10,2024-04-04,Bancassurance,Pol-Motor
7289,901,Property,10970.0,1436470,31,2024-06-27,2027-01-13,Online,Pol-Property
7290,4427,Health,4929.0,4049163,43,2023-08-24,2027-03-06,Online,Pol-Health
7291,144,Motor,10880.0,3043722,25,2023-11-29,2025-12-18,Agent,Pol-Motor
7292,3370,Motor,6865.0,3598217,23,2024-04-11,2026-03-02,Online,Pol-Motor
7293,3934,Motor,15095.0,12196446,46,2025-03-10,2028-12-19,Agent,Pol-Motor
7294,2488,Travel,24195.0,2942498,26,2023-10-22,2025-12-10,Agent,Pol-Travel
7295,2536,Property,8948.0,38768582,59,2025-04-24,2030-02-27,Aggregator,Pol-Property
7296,1414,Motor,10763.0,50095252,50,2025-01-20,2029-02-28,Aggregator,Pol-Motor
7297,1044,Health,16342.0,7450676,22,2023-01-09,2024-10-30,Online,Pol-Health
7298,2584,Health,11857.0,1696538,16,2023-09-25,2025-01-17,Agent,Pol-Health
7299,3675,Health,9204.0,1695880,56,2023-01-06,2027-08-13,Online,Pol-Health
7300,650,Property,6942.0,8260338,17,2024-07-23,2025-12-15,Aggregator,Pol-Property
7301,4761,Health,4158.0,4376919,27,2024-04-12,2026-07-01,Bancassurance,Pol-Health
7302,3292,Motor,6383.0,2803741,17,2023-04-16,2024-09-07,Partnership,Pol-Motor
7303,2922,Motor,6516.0,5451631,17,2025-09-06,2027-01-29,Partnership,Pol-Motor
7304,173,Health,7411.0,1674356,20,2024-03-03,2025-10-24,Aggregator,Pol-Health
7305,3022,Health,2932.0,46035219,2,2025-08-09,2025-10-08,Aggregator,Pol-Health
7306,2049,Health,6123.0,9045725,55,2023-05-16,2027-11-21,Online,Pol-Health
7307,4079,Health,6441.0,23527310,36,2024-11-28,2027-11-13,Agent,Pol-Health
7308,3097,Property,3654.0,12820318,23,2023-07-20,2025-06-09,Agent,Pol-Property
7309,2928,Health,8983.0,10697699,28,2025-08-13,2027-12-01,Online,Pol-Health
7310,1895,Travel,11653.0,2420601,26,2025-02-01,2027-03-23,Agent,Pol-Travel
7311,3977,Motor,7317.0,504389,43,2024-10-05,2028-04-17,Agent,Pol-Motor
7312,3263,Crop,3941.0,13769281,50,2023-10-04,2027-11-12,Online,Pol-Crop
7313,409,Motor,6963.0,5481742,45,2024-06-03,2028-02-13,Partnership,Pol-Motor
7314,3550,Health,10580.0,39291415,51,2024-07-21,2028-09-28,Partnership,Pol-Health
7315,3376,Health,10397.0,3663079,12,2023-10-18,2024-10-12,Agent,Pol-Health
7316,4023,Motor,7163.0,5502934,17,2024-10-22,2026-03-16,Partnership,Pol-Motor
7317,578,Travel,9000.0,3986464,41,2024-05-04,2027-09-16,Online,Pol-Travel
7318,3608,Motor,5337.0,17918216,28,2023-01-26,2025-05-15,Aggregator,Pol-Motor
7319,4178,Health,10642.0,612057,11,2023-02-19,2024-01-15,Partnership,Pol-Health
7320,603,Property,5976.0,7703612,38,2024-01-19,2027-03-04,Agent,Pol-Property
7321,3756,Motor,5003.0,2996764,45,2025-02-12,2028-10-24,Agent,Pol-Motor
7322,4070,Travel,11801.0,5767925,11,2024-10-06,2025-09-01,Aggregator,Pol-Travel
7323,988,Health,7838.0,21877852,15,2024-02-14,2025-05-09,Agent,Pol-Health
7324,4237,Crop,7640.0,2054997,26,2025-07-11,2027-08-30,Agent,Pol-Crop
7325,2316,Health,9575.0,2022125,29,2025-04-03,2027-08-21,Aggregator,Pol-Health
7326,4235,Health,7088.0,29339286,26,2024-12-03,2027-01-22,Online,Pol-Health
7327,3119,Motor,4601.0,3928988,23,2025-09-04,2027-07-26,Aggregator,Pol-Motor
7328,1084,Property,6553.0,3341586,11,2024-09-22,2025-08-18,Agent,Pol-Property
7329,2609,Motor,3482.0,3390068,4,2024-03-19,2024-07-17,Online,Pol-Motor
7330,1588,Health,13177.0,1237850,52,2025-07-21,2029-10-28,Partnership,Pol-Health
7331,1085,Motor,4211.0,21932711,10,2023-01-21,2023-11-17,Online,Pol-Motor
7332,1750,Motor,19376.0,19759789,42,2024-07-18,2027-12-30,Agent,Pol-Motor
7333,3167,Motor,4942.0,1135414,40,2023-06-30,2026-10-12,Aggregator,Pol-Motor
7334,1656,Crop,9978.0,3963921,33,2023-07-27,2026-04-12,Online,Pol-Crop
7335,3547,Health,18750.0,1315846,59,2024-06-28,2029-05-03,Online,Pol-Health
7336,40,Health,8355.0,11153281,55,2023-04-14,2027-10-20,Aggregator,Pol-Health
7337,1351,Crop,6241.0,9248946,4,2025-06-16,2025-10-14,Agent,Pol-Crop
7338,1995,Property,7452.0,2202669,36,2025-01-01,2027-12-17,Aggregator,Pol-Property
7339,2454,Motor,4757.0,3620798,8,2024-11-16,2025-07-14,Agent,Pol-Motor
7340,744,Health,2662.0,18234321,22,2023-02-24,2024-12-15,Bancassurance,Pol-Health
7341,3283,Travel,9878.0,4756676,21,2025-08-06,2027-04-28,Agent,Pol-Travel
7342,4134,Motor,2662.0,3080882,30,2025-04-15,2027-10-02,Online,Pol-Motor
7343,2365,Health,3699.0,12905891,57,2024-07-15,2029-03-21,Bancassurance,Pol-Health
7344,1107,Health,7546.0,5789123,30,2023-02-12,2025-07-31,Agent,Pol-Health
7345,3428,Motor,5272.0,17172210,16,2023-05-28,2024-09-19,Aggregator,Pol-Motor
7346,630,Travel,9370.0,12777719,46,2023-05-30,2027-03-10,Online,Pol-Travel
7347,4911,Motor,16310.0,9701026,2,2023-09-06,2023-11-05,Agent,Pol-Motor
7348,4635,Motor,6451.0,2437644,23,2023-06-30,2025-05-20,Online,Pol-Motor
7349,2257,Travel,5410.0,17907154,34,2024-12-23,2027-10-09,Online,Pol-Travel
7350,3986,Property,17751.0,5426682,30,2025-09-16,2028-03-04,Agent,Pol-Property
7351,492,Motor,10319.0,5785330,28,2024-01-02,2026-04-21,Agent,Pol-Motor
7352,4680,Motor,11637.0,1394689,5,2024-02-23,2024-07-22,Partnership,Pol-Motor
7353,4154,Travel,11185.0,2929280,35,2023-10-28,2026-09-12,Online,Pol-Travel
7354,1483,Motor,6482.0,2356198,9,2023-09-18,2024-06-14,Agent,Pol-Motor
7355,1950,Health,6076.0,8541545,54,2023-01-04,2027-06-12,Aggregator,Pol-Health
7356,2444,Motor,4558.0,12170559,38,2023-05-23,2026-07-06,Agent,Pol-Motor
7357,3134,Travel,10544.0,4216293,46,2025-02-03,2028-11-14,Aggregator,Pol-Travel
7358,3518,Property,8890.0,6138102,19,2023-12-10,2025-07-02,Partnership,Pol-Property
7359,2135,Health,10127.0,5077244,41,2024-08-31,2028-01-13,Agent,Pol-Health
7360,1862,Property,2876.0,26426123,7,2025-08-27,2026-03-25,Online,Pol-Property
7361,611,Crop,11677.0,665543,53,2025-05-16,2029-09-22,Agent,Pol-Crop
7362,1148,Travel,5827.0,2026732,26,2025-01-10,2027-03-01,Agent,Pol-Travel
7363,4742,Property,2566.0,4145920,14,2023-09-01,2024-10-25,Online,Pol-Property
7364,2331,Crop,3829.0,7175371,32,2023-04-06,2025-11-21,Aggregator,Pol-Crop
7365,2562,Motor,5707.0,3449934,39,2024-04-08,2027-06-22,Aggregator,Pol-Motor
7366,829,Motor,5124.0,1242519,30,2023-03-18,2025-09-03,Bancassurance,Pol-Motor
7367,1696,Property,7379.0,9780055,10,2023-03-22,2024-01-16,Bancassurance,Pol-Property
7368,2205,Property,9221.0,24706655,2,2023-03-10,2023-05-09,Agent,Pol-Property
7369,2274,Crop,6924.0,1314655,38,2023-06-22,2026-08-05,Online,Pol-Crop
7370,2881,Motor,5789.0,7691332,5,2023-03-13,2023-08-10,Agent,Pol-Motor
7371,3466,Health,7871.0,14934783,6,2023-10-30,2024-04-27,Agent,Pol-Health
7372,266,Health,7926.0,8128159,59,2024-08-24,2029-06-29,Aggregator,Pol-Health
7373,1290,Property,13827.0,13992517,28,2023-09-25,2026-01-12,Bancassurance,Pol-Property
7374,3621,Motor,5402.0,3846823,15,2024-02-26,2025-05-21,Aggregator,Pol-Motor
7375,3392,Crop,6936.0,2436285,29,2024-07-04,2026-11-21,Online,Pol-Crop
7376,473,Motor,16713.0,17507410,30,2025-09-11,2028-02-28,Aggregator,Pol-Motor
7377,2576,Health,3985.0,7567947,44,2025-07-29,2029-03-10,Online,Pol-Health
7378,1897,Health,6109.0,6411542,56,2023-05-03,2027-12-08,Agent,Pol-Health
7379,3155,Health,4641.0,6701971,44,2024-05-18,2027-12-29,Online,Pol-Health
7380,890,Property,3916.0,1454777,31,2024-05-11,2026-11-27,Agent,Pol-Property
7381,3500,Travel,8206.0,3012225,31,2023-02-19,2025-09-06,Aggregator,Pol-Travel
7382,1612,Motor,14260.0,6341786,35,2025-05-31,2028-04-15,Online,Pol-Motor
7383,4477,Property,20928.0,25544142,26,2024-06-30,2026-08-19,Online,Pol-Property
7384,186,Motor,7179.0,2049781,56,2025-04-08,2029-11-13,Partnership,Pol-Motor
7385,4006,Crop,9437.0,2810984,9,2024-01-24,2024-10-20,Agent,Pol-Crop
7386,3334,Health,9612.0,9130454,53,2025-04-24,2029-08-31,Aggregator,Pol-Health
7387,2227,Health,6614.0,618122,48,2024-11-15,2028-10-25,Bancassurance,Pol-Health
7388,3214,Property,13909.0,4504419,53,2025-03-16,2029-07-23,Agent,Pol-Property
7389,4016,Health,6753.0,1789373,7,2024-02-18,2024-09-15,Agent,Pol-Health
7390,1292,Motor,12619.0,37371688,13,2025-02-19,2026-03-16,Bancassurance,Pol-Motor
7391,2674,Travel,6135.0,10995492,20,2024-02-03,2025-09-25,Agent,Pol-Travel
7392,2518,Health,4119.0,2343401,51,2023-12-05,2028-02-12,Online,Pol-Health
7393,3764,Health,4250.0,5787971,28,2023-04-12,2025-07-30,Agent,Pol-Health
7394,3049,Health,3264.0,2252025,47,2023-10-21,2027-08-31,Partnership,Pol-Health
7395,2155,Crop,13791.0,2114761,30,2023-08-22,2026-02-07,Partnership,Pol-Crop
7396,3103,Motor,13885.0,1697370,51,2024-08-30,2028-11-07,Bancassurance,Pol-Motor
7397,3619,Motor,5130.0,2864024,41,2025-05-16,2028-09-27,Aggregator,Pol-Motor
7398,3844,Motor,4299.0,7666889,27,2023-07-31,2025-10-18,Bancassurance,Pol-Motor
7399,521,Health,4973.0,15794291,58,2023-12-06,2028-09-10,Agent,Pol-Health
7400,1645,Motor,8014.0,2058652,49,2024-01-04,2028-01-13,Agent,Pol-Motor
7401,655,Health,4592.0,2320880,30,2023-03-18,2025-09-03,Partnership,Pol-Health
7402,42,Motor,9652.0,40963690,41,2023-03-31,2026-08-12,Bancassurance,Pol-Motor
7403,2912,Property,6298.0,6077791,24,2025-03-26,2027-03-16,Online,Pol-Property
7404,3785,Property,12605.0,4108966,30,2024-08-15,2027-02-01,Bancassurance,Pol-Property
7405,3952,Motor,10273.0,2547952,1,2023-04-04,2023-05-04,Online,Pol-Motor
7406,1824,Motor,4184.0,2978102,24,2023-09-17,2025-09-06,Agent,Pol-Motor
7407,4944,Property,3904.0,5626276,20,2024-10-09,2026-06-01,Online,Pol-Property
7408,2309,Property,8134.0,15151971,54,2024-08-07,2029-01-13,Agent,Pol-Property
7409,1514,Property,6695.0,1970020,8,2023-03-27,2023-11-22,Bancassurance,Pol-Property
7410,4767,Motor,13864.0,4330739,17,2025-05-25,2026-10-17,Online,Pol-Motor
7411,3737,Travel,8910.0,26916771,31,2024-01-31,2026-08-18,Agent,Pol-Travel
7412,1281,Property,5832.0,1355616,4,2023-01-19,2023-05-19,Online,Pol-Property
7413,4925,Motor,16996.0,16824267,34,2025-05-14,2028-02-28,Online,Pol-Motor
7414,3139,Health,5917.0,35626167,33,2024-12-04,2027-08-21,Partnership,Pol-Health
7415,220,Health,3755.0,5592055,29,2024-10-05,2027-02-22,Agent,Pol-Health
7416,3395,Motor,6615.0,17615975,52,2024-01-21,2028-04-29,Online,Pol-Motor
7417,4010,Crop,4901.0,960688,19,2024-12-04,2026-06-27,Aggregator,Pol-Crop
7418,4960,Property,12012.0,4235123,14,2024-09-27,2025-11-21,Agent,Pol-Property
7419,3808,Motor,4169.0,14233154,25,2025-06-13,2027-07-03,Bancassurance,Pol-Motor
7420,2033,Crop,11210.0,1471597,1,2024-01-18,2024-02-17,Agent,Pol-Crop
7421,1630,Health,6437.0,17485771,59,2024-12-11,2029-10-16,Bancassurance,Pol-Health
7422,3250,Health,3320.0,52243924,22,2023-09-16,2025-07-07,Online,Pol-Health
7423,461,Property,9074.0,2798355,46,2024-12-12,2028-09-22,Agent,Pol-Property
7424,290,Health,13270.0,10514581,4,2025-06-23,2025-10-21,Agent,Pol-Health
7425,1136,Health,7717.0,12826263,52,2023-04-26,2027-08-03,Online,Pol-Health
7426,2514,Motor,6665.0,22849553,35,2023-01-21,2025-12-06,Online,Pol-Motor
7427,224,Health,18571.0,1927619,50,2024-12-25,2029-02-02,Online,Pol-Health
7428,2446,Health,13359.0,2993072,52,2024-11-26,2029-03-05,Agent,Pol-Health
7429,454,Health,10782.0,9639263,55,2023-04-06,2027-10-12,Online,Pol-Health
7430,4459,Health,2683.0,5849530,39,2025-06-10,2028-08-23,Online,Pol-Health
7431,2047,Health,5172.0,27782666,33,2024-03-24,2026-12-09,Online,Pol-Health
7432,2723,Health,6589.0,4093242,16,2023-03-27,2024-07-19,Partnership,Pol-Health
7433,4099,Health,9242.0,3677803,58,2023-04-17,2028-01-21,Agent,Pol-Health
7434,4689,Motor,11476.0,7515785,45,2023-07-13,2027-03-24,Online,Pol-Motor
7435,3876,Motor,4356.0,7361116,35,2024-03-21,2027-02-04,Partnership,Pol-Motor
7436,691,Health,9796.0,4835075,12,2024-08-07,2025-08-02,Agent,Pol-Health
7437,849,Motor,4096.0,2351979,36,2024-05-01,2027-04-16,Online,Pol-Motor
7438,3387,Motor,10461.0,6124556,51,2025-08-12,2029-10-20,Agent,Pol-Motor
7439,4702,Motor,4224.0,8179929,46,2024-12-19,2028-09-29,Agent,Pol-Motor
7440,4825,Motor,13647.0,2507574,54,2025-09-02,2030-02-08,Aggregator,Pol-Motor
7441,2469,Motor,8326.0,1937842,7,2023-10-27,2024-05-24,Aggregator,Pol-Motor
7442,1429,Motor,6051.0,7523983,4,2023-11-26,2024-03-25,Agent,Pol-Motor
7443,2316,Motor,8534.0,87319084,12,2025-06-23,2026-06-18,Online,Pol-Motor
7444,3926,Motor,5286.0,16839126,7,2025-09-02,2026-03-31,Agent,Pol-Motor
7445,2616,Motor,7415.0,4560291,46,2023-05-20,2027-02-28,Agent,Pol-Motor
7446,739,Motor,4451.0,4481775,15,2023-02-11,2024-05-06,Agent,Pol-Motor
7447,4752,Property,8504.0,6302702,6,2023-04-26,2023-10-23,Online,Pol-Property
7448,2219,Motor,6462.0,3203484,17,2024-04-13,2025-09-05,Aggregator,Pol-Motor
7449,2353,Health,6613.0,7823721,17,2023-01-30,2024-06-23,Agent,Pol-Health
7450,3240,Motor,7180.0,1447951,44,2025-05-26,2029-01-05,Online,Pol-Motor
7451,875,Motor,4700.0,3612905,4,2024-10-28,2025-02-25,Online,Pol-Motor
7452,335,Health,20722.0,18546250,7,2023-11-10,2024-06-07,Agent,Pol-Health
7453,1179,Health,6620.0,10385696,36,2024-08-11,2027-07-27,Agent,Pol-Health
7454,630,Motor,12700.0,10166935,7,2023-07-02,2024-01-28,Agent,Pol-Motor
7455,81,Motor,4096.0,15048615,38,2024-04-20,2027-06-04,Aggregator,Pol-Motor
7456,910,Motor,2375.0,4046111,36,2025-06-01,2028-05-16,Online,Pol-Motor
7457,450,Property,8338.0,1552298,42,2023-12-31,2027-06-13,Bancassurance,Pol-Property
7458,3071,Motor,12494.0,6553098,56,2025-04-03,2029-11-08,Online,Pol-Motor
7459,2971,Motor,13461.0,8294808,33,2024-10-24,2027-07-11,Agent,Pol-Motor
7460,4079,Property,11694.0,25973914,23,2023-10-10,2025-08-30,Aggregator,Pol-Property
7461,1980,Motor,6597.0,2911699,28,2023-08-02,2025-11-19,Online,Pol-Motor
7462,4776,Motor,9779.0,4319578,28,2023-09-05,2025-12-23,Bancassurance,Pol-Motor
7463,3396,Motor,5333.0,15734602,33,2024-11-23,2027-08-10,Online,Pol-Motor
7464,730,Motor,5399.0,12148373,22,2024-02-01,2025-11-22,Bancassurance,Pol-Motor
7465,3300,Motor,8181.0,1453694,39,2023-06-18,2026-08-31,Agent,Pol-Motor
7466,3012,Travel,8255.0,15466514,22,2024-08-29,2026-06-20,Online,Pol-Travel
7467,3021,Crop,5625.0,26120241,4,2025-09-10,2026-01-08,Bancassurance,Pol-Crop
7468,1014,Health,8032.0,3442376,24,2024-02-05,2026-01-25,Aggregator,Pol-Health
7469,4776,Health,12974.0,15415304,59,2024-09-09,2029-07-15,Online,Pol-Health
7470,1321,Health,4706.0,9972151,56,2025-09-01,2030-04-08,Aggregator,Pol-Health
7471,3265,Health,10266.0,2543520,16,2023-06-17,2024-10-09,Online,Pol-Health
7472,4609,Property,3707.0,1701386,50,2025-01-23,2029-03-03,Partnership,Pol-Property
7473,4683,Health,3164.0,7879801,46,2024-05-08,2028-02-17,Agent,Pol-Health
7474,4944,Motor,8530.0,14826502,13,2023-11-14,2024-12-08,Online,Pol-Motor
7475,2909,Motor,7099.0,3975989,15,2024-06-11,2025-09-04,Online,Pol-Motor
7476,3044,Crop,7767.0,1889567,33,2023-09-20,2026-06-06,Aggregator,Pol-Crop
7477,2191,Motor,7704.0,776421,30,2023-11-01,2026-04-19,Aggregator,Pol-Motor
7478,2242,Crop,11825.0,6115237,56,2024-12-01,2029-07-08,Partnership,Pol-Crop
7479,2570,Health,9566.0,2771599,23,2023-07-25,2025-06-14,Agent,Pol-Health
7480,3505,Health,9267.0,2579444,42,2024-04-27,2027-10-09,Agent,Pol-Health
7481,1303,Motor,14643.0,25187428,59,2025-05-04,2030-03-09,Aggregator,Pol-Motor
7482,790,Motor,11517.0,10836267,50,2024-01-29,2028-03-08,Bancassurance,Pol-Motor
7483,3300,Health,8021.0,10076474,5,2024-03-24,2024-08-21,Aggregator,Pol-Health
7484,1965,Health,12429.0,5157942,53,2023-07-22,2027-11-28,Aggregator,Pol-Health
7485,417,Health,6388.0,8757445,39,2023-02-10,2026-04-25,Aggregator,Pol-Health
7486,3273,Health,6473.0,7154194,34,2023-01-04,2025-10-20,Online,Pol-Health
7487,1345,Motor,14148.0,3969145,41,2023-10-20,2027-03-03,Bancassurance,Pol-Motor
7488,2738,Property,6544.0,5307610,57,2025-07-03,2030-03-09,Aggregator,Pol-Property
7489,2416,Travel,8977.0,16342193,5,2025-06-07,2025-11-04,Agent,Pol-Travel
7490,2646,Crop,8742.0,7429005,59,2023-10-26,2028-08-30,Aggregator,Pol-Crop
7491,2608,Health,7923.0,47075997,50,2024-07-03,2028-08-11,Bancassurance,Pol-Health
7492,805,Motor,18039.0,17298501,44,2023-05-04,2026-12-14,Bancassurance,Pol-Motor
7493,2766,Motor,6894.0,5096320,55,2023-12-09,2028-06-15,Agent,Pol-Motor
7494,1953,Health,17794.0,6573799,4,2023-01-24,2023-05-24,Online,Pol-Health
7495,3398,Property,4282.0,5506759,16,2024-04-05,2025-07-29,Online,Pol-Property
7496,4919,Health,7160.0,19351432,11,2024-05-11,2025-04-06,Aggregator,Pol-Health
7497,1964,Health,6504.0,1900397,51,2025-09-18,2029-11-26,Agent,Pol-Health
7498,4406,Crop,10801.0,4844076,27,2025-08-18,2027-11-06,Agent,Pol-Crop
7499,4799,Motor,3720.0,10270656,23,2023-12-08,2025-10-28,Agent,Pol-Motor
7500,2576,Travel,8874.0,8845477,55,2023-04-12,2027-10-18,Online,Pol-Travel
7501,3375,Motor,11642.0,20929887,33,2023-02-18,2025-11-04,Agent,Pol-Motor
7502,4793,Motor,6225.0,3775896,23,2025-06-06,2027-04-27,Aggregator,Pol-Motor
7503,3714,Crop,5374.0,1331704,13,2023-04-06,2024-04-30,Aggregator,Pol-Crop
7504,3749,Travel,5394.0,8604295,58,2023-12-28,2028-10-02,Online,Pol-Travel
7505,605,Property,9388.0,6566928,5,2023-12-25,2024-05-23,Aggregator,Pol-Property
7506,3351,Property,3318.0,8247384,32,2024-11-18,2027-07-06,Partnership,Pol-Property
7507,3797,Crop,3811.0,3872308,55,2023-04-13,2027-10-19,Online,Pol-Crop
7508,2701,Health,7644.0,9553426,40,2025-06-27,2028-10-09,Aggregator,Pol-Health
7509,1651,Health,9820.0,4400409,10,2023-04-10,2024-02-04,Aggregator,Pol-Health
7510,4417,Motor,8414.0,10058267,15,2024-11-17,2026-02-10,Agent,Pol-Motor
7511,3549,Motor,9903.0,4809158,15,2024-06-16,2025-09-09,Online,Pol-Motor
7512,304,Health,4344.0,22645362,23,2025-06-06,2027-04-27,Online,Pol-Health
7513,519,Property,3059.0,1105333,45,2024-12-20,2028-08-31,Online,Pol-Property
7514,4031,Motor,11401.0,1100268,58,2023-05-02,2028-02-05,Agent,Pol-Motor
7515,941,Health,3890.0,9813016,34,2024-10-10,2027-07-27,Agent,Pol-Health
7516,2879,Travel,9485.0,1441725,4,2024-03-27,2024-07-25,Agent,Pol-Travel
7517,80,Health,2938.0,6294693,54,2023-12-11,2028-05-18,Aggregator,Pol-Health
7518,103,Travel,10285.0,3502485,13,2023-12-02,2024-12-26,Online,Pol-Travel
7519,729,Crop,7326.0,18159193,29,2023-11-26,2026-04-14,Online,Pol-Crop
7520,4238,Health,12338.0,5684080,9,2025-08-27,2026-05-24,Online,Pol-Health
7521,2451,Motor,10896.0,3389986,5,2024-08-29,2025-01-26,Online,Pol-Motor
7522,956,Motor,6170.0,24570302,12,2024-02-13,2025-02-07,Online,Pol-Motor
7523,3661,Health,5576.0,9635775,34,2023-11-25,2026-09-10,Agent,Pol-Health
7524,4866,Health,8587.0,1970935,52,2023-10-11,2028-01-18,Bancassurance,Pol-Health
7525,4915,Motor,5706.0,960883,8,2025-06-02,2026-01-28,Agent,Pol-Motor
7526,740,Crop,1425.0,17766238,20,2025-05-26,2027-01-16,Online,Pol-Crop
7527,4258,Health,6372.0,7287473,16,2025-04-25,2026-08-18,Bancassurance,Pol-Health
7528,594,Motor,4768.0,11735249,24,2023-09-18,2025-09-07,Online,Pol-Motor
7529,3550,Property,5610.0,15524884,20,2023-08-18,2025-04-09,Agent,Pol-Property
7530,563,Motor,8507.0,9259100,8,2025-08-27,2026-04-24,Bancassurance,Pol-Motor
7531,1700,Motor,13637.0,7114157,29,2023-02-07,2025-06-26,Agent,Pol-Motor
7532,725,Motor,18376.0,4878873,19,2023-10-11,2025-05-03,Partnership,Pol-Motor
7533,1434,Motor,9366.0,7964743,52,2024-04-02,2028-07-10,Online,Pol-Motor
7534,1343,Crop,5445.0,4021575,42,2024-11-03,2028-04-16,Partnership,Pol-Crop
7535,1896,Health,11905.0,17964521,25,2025-03-26,2027-04-15,Aggregator,Pol-Health
7536,4484,Health,3444.0,10183522,37,2024-04-12,2027-04-27,Agent,Pol-Health
7537,4101,Health,5191.0,20514424,3,2023-07-11,2023-10-09,Aggregator,Pol-Health
7538,2283,Health,6537.0,7294967,19,2025-05-12,2026-12-03,Agent,Pol-Health
7539,375,Health,2800.0,5812782,52,2024-05-20,2028-08-27,Bancassurance,Pol-Health
7540,2323,Crop,8295.0,4998840,34,2025-02-13,2027-11-30,Agent,Pol-Crop
7541,1395,Health,4861.0,25145670,7,2024-08-25,2025-03-23,Online,Pol-Health
7542,3874,Property,8288.0,1863549,55,2024-10-09,2029-04-16,Online,Pol-Property
7543,1556,Property,6420.0,1025967,9,2024-02-02,2024-10-29,Agent,Pol-Property
7544,924,Motor,4814.0,4539479,8,2023-09-21,2024-05-18,Partnership,Pol-Motor
7545,841,Health,4449.0,4914794,19,2025-06-04,2026-12-26,Aggregator,Pol-Health
7546,1731,Crop,7157.0,14639548,37,2023-09-16,2026-09-30,Aggregator,Pol-Crop
7547,4073,Crop,10535.0,18911430,8,2023-01-04,2023-09-01,Partnership,Pol-Crop
7548,4724,Motor,10373.0,4835944,47,2024-10-21,2028-08-31,Aggregator,Pol-Motor
7549,2052,Motor,8491.0,3732947,24,2024-03-22,2026-03-12,Aggregator,Pol-Motor
7550,3911,Health,9762.0,623428,2,2024-04-05,2024-06-04,Online,Pol-Health
7551,1548,Motor,7610.0,45546121,29,2024-03-29,2026-08-16,Online,Pol-Motor
7552,3979,Motor,5277.0,9524857,12,2023-05-12,2024-05-06,Bancassurance,Pol-Motor
7553,2454,Motor,14797.0,17968657,49,2023-01-21,2027-01-30,Agent,Pol-Motor
7554,1437,Motor,5284.0,14637243,48,2025-05-03,2029-04-12,Bancassurance,Pol-Motor
7555,3261,Motor,16122.0,1080879,5,2024-03-02,2024-07-30,Online,Pol-Motor
7556,2365,Property,10078.0,3474115,1,2023-02-20,2023-03-22,Agent,Pol-Property
7557,4615,Motor,6461.0,5410180,13,2024-08-17,2025-09-11,Agent,Pol-Motor
7558,924,Health,3857.0,4658764,39,2024-04-15,2027-06-29,Online,Pol-Health
7559,1451,Health,8677.0,11561921,8,2025-02-23,2025-10-21,Bancassurance,Pol-Health
7560,1546,Property,7160.0,1614789,59,2024-01-23,2028-11-27,Bancassurance,Pol-Property
7561,4787,Motor,13450.0,3706913,54,2023-02-01,2027-07-10,Bancassurance,Pol-Motor
7562,3814,Motor,4362.0,5400832,19,2025-06-01,2026-12-23,Agent,Pol-Motor
7563,2905,Crop,12437.0,2316010,46,2023-01-29,2026-11-09,Partnership,Pol-Crop
7564,2259,Crop,15328.0,12692524,28,2023-12-17,2026-04-05,Agent,Pol-Crop
7565,3865,Health,5117.0,7013242,10,2025-05-02,2026-02-26,Partnership,Pol-Health
7566,4543,Motor,10604.0,16136390,49,2023-06-27,2027-07-06,Aggregator,Pol-Motor
7567,70,Motor,14792.0,33604443,50,2024-12-14,2029-01-22,Aggregator,Pol-Motor
7568,1325,Motor,14480.0,4602989,34,2023-06-18,2026-04-03,Bancassurance,Pol-Motor
7569,3140,Motor,12410.0,11608108,10,2025-03-15,2026-01-09,Aggregator,Pol-Motor
7570,2330,Motor,17325.0,977159,18,2023-10-29,2025-04-21,Agent,Pol-Motor
7571,368,Motor,7581.0,1445468,10,2024-06-05,2025-04-01,Agent,Pol-Motor
7572,1884,Motor,7169.0,7199762,21,2025-01-09,2026-10-01,Online,Pol-Motor
7573,2089,Property,16069.0,4074949,2,2025-09-14,2025-11-13,Agent,Pol-Property
7574,685,Property,2253.0,23020920,9,2024-04-12,2025-01-07,Aggregator,Pol-Property
7575,1774,Motor,6359.0,9426720,48,2023-05-31,2027-05-10,Online,Pol-Motor
7576,3714,Travel,4875.0,1486700,38,2024-01-19,2027-03-04,Partnership,Pol-Travel
7577,2565,Property,7487.0,7110573,7,2023-01-04,2023-08-02,Online,Pol-Property
7578,3942,Motor,9032.0,3589923,3,2024-11-28,2025-02-26,Partnership,Pol-Motor
7579,3202,Motor,9834.0,17968370,26,2023-07-03,2025-08-21,Agent,Pol-Motor
7580,1921,Motor,7625.0,4483068,7,2024-09-30,2025-04-28,Online,Pol-Motor
7581,688,Property,7992.0,4031242,52,2025-03-27,2029-07-04,Online,Pol-Property
7582,3094,Motor,11904.0,2202693,40,2025-03-04,2028-06-16,Aggregator,Pol-Motor
7583,2089,Motor,5510.0,1918857,25,2023-04-18,2025-05-07,Bancassurance,Pol-Motor
7584,153,Health,6172.0,2651123,37,2025-03-21,2028-04-04,Online,Pol-Health
7585,4654,Property,4639.0,12905341,35,2025-09-08,2028-07-24,Bancassurance,Pol-Property
7586,4029,Motor,7285.0,24962144,46,2023-02-15,2026-11-26,Online,Pol-Motor
7587,1071,Health,3259.0,23282710,27,2025-07-12,2027-09-30,Agent,Pol-Health
7588,3791,Motor,14042.0,8248788,38,2024-10-10,2027-11-24,Agent,Pol-Motor
7589,4099,Health,10915.0,2675126,35,2023-03-26,2026-02-08,Bancassurance,Pol-Health
7590,4872,Motor,4487.0,1782443,54,2023-05-13,2027-10-19,Agent,Pol-Motor
7591,1060,Health,13597.0,6663064,7,2024-10-21,2025-05-19,Agent,Pol-Health
7592,2859,Health,6419.0,2185473,38,2023-06-18,2026-08-01,Agent,Pol-Health
7593,4092,Motor,5164.0,33337008,20,2024-04-10,2025-12-01,Partnership,Pol-Motor
7594,4339,Motor,8838.0,10778146,23,2025-09-18,2027-08-09,Online,Pol-Motor
7595,3822,Motor,3211.0,5431553,50,2025-04-10,2029-05-19,Aggregator,Pol-Motor
7596,1442,Motor,6166.0,6712210,29,2024-12-29,2027-05-18,Online,Pol-Motor
7597,2267,Motor,8835.0,5399123,53,2023-11-06,2028-03-14,Online,Pol-Motor
7598,2249,Motor,17877.0,14434068,54,2024-07-09,2028-12-15,Partnership,Pol-Motor
7599,4490,Motor,3880.0,7300655,22,2025-06-08,2027-03-30,Bancassurance,Pol-Motor
7600,601,Motor,4039.0,3027224,21,2025-02-03,2026-10-26,Bancassurance,Pol-Motor
7601,836,Crop,6503.0,7360912,42,2025-07-24,2029-01-04,Online,Pol-Crop
7602,400,Crop,6237.0,4396573,5,2024-01-23,2024-06-21,Agent,Pol-Crop
7603,2329,Motor,10851.0,3781305,40,2023-11-29,2027-03-13,Aggregator,Pol-Motor
7604,1008,Health,15701.0,4013083,53,2023-11-20,2028-03-28,Aggregator,Pol-Health
7605,767,Travel,12254.0,4680978,47,2023-06-03,2027-04-13,Online,Pol-Travel
7606,433,Health,5880.0,399063,48,2025-06-15,2029-05-25,Agent,Pol-Health
7607,400,Crop,15150.0,8886270,43,2023-07-25,2027-02-04,Online,Pol-Crop
7608,329,Crop,7056.0,9896857,54,2023-11-06,2028-04-13,Agent,Pol-Crop
7609,4731,Travel,9503.0,2102042,10,2024-01-16,2024-11-11,Bancassurance,Pol-Travel
7610,1772,Motor,9041.0,1321843,33,2023-03-21,2025-12-05,Online,Pol-Motor
7611,1613,Motor,9170.0,19885324,1,2023-10-17,2023-11-16,Agent,Pol-Motor
7612,4174,Motor,11350.0,37531100,49,2024-05-31,2028-06-09,Agent,Pol-Motor
7613,4428,Health,10969.0,4989332,36,2023-12-17,2026-12-01,Online,Pol-Health
7614,4246,Health,10539.0,14875548,16,2024-09-18,2026-01-11,Bancassurance,Pol-Health
7615,2005,Motor,5640.0,4689688,19,2024-09-09,2026-04-02,Agent,Pol-Motor
7616,3011,Motor,4748.0,6489044,5,2023-12-03,2024-05-01,Agent,Pol-Motor
7617,4246,Property,10638.0,3754144,23,2023-08-05,2025-06-25,Agent,Pol-Property
7618,1609,Motor,8668.0,10631170,54,2023-01-28,2027-07-06,Aggregator,Pol-Motor
7619,3119,Health,11377.0,7180262,3,2023-05-25,2023-08-23,Aggregator,Pol-Health
7620,362,Property,5818.0,19171551,46,2024-05-02,2028-02-11,Agent,Pol-Property
7621,1717,Health,10623.0,4011797,50,2023-10-05,2027-11-13,Agent,Pol-Health
7622,2422,Motor,6300.0,8142438,18,2023-12-06,2025-05-29,Agent,Pol-Motor
7623,4191,Crop,6109.0,11118132,3,2024-07-11,2024-10-09,Aggregator,Pol-Crop
7624,3462,Motor,13185.0,8187412,42,2025-07-25,2029-01-05,Bancassurance,Pol-Motor
7625,3982,Crop,12707.0,7375380,51,2024-04-09,2028-06-17,Online,Pol-Crop
7626,2130,Crop,8179.0,20074391,3,2023-06-23,2023-09-21,Bancassurance,Pol-Crop
7627,4729,Health,6166.0,2129117,14,2024-01-23,2025-03-18,Aggregator,Pol-Health
7628,2461,Health,7034.0,9219152,8,2024-01-30,2024-09-26,Aggregator,Pol-Health
7629,2051,Motor,7894.0,2854522,32,2023-02-27,2025-10-14,Agent,Pol-Motor
7630,4109,Crop,6040.0,2484531,30,2023-10-22,2026-04-09,Agent,Pol-Crop
7631,4260,Motor,8612.0,3858156,19,2023-05-22,2024-12-12,Agent,Pol-Motor
7632,4713,Health,5694.0,7494871,6,2025-03-10,2025-09-06,Agent,Pol-Health
7633,1369,Motor,15942.0,8290603,9,2023-09-01,2024-05-28,Aggregator,Pol-Motor
7634,4262,Travel,2720.0,4386512,48,2023-05-03,2027-04-12,Agent,Pol-Travel
7635,3147,Travel,5341.0,11268324,30,2025-05-27,2027-11-13,Agent,Pol-Travel
7636,661,Property,10791.0,12084709,56,2023-07-28,2028-03-03,Aggregator,Pol-Property
7637,4563,Health,16131.0,28037734,6,2025-05-28,2025-11-24,Online,Pol-Health
7638,516,Motor,5436.0,3739430,48,2024-02-15,2028-01-25,Aggregator,Pol-Motor
7639,720,Health,6534.0,2752756,31,2025-02-01,2027-08-20,Partnership,Pol-Health
7640,172,Property,9226.0,5974749,42,2025-03-24,2028-09-04,Online,Pol-Property
7641,1470,Health,9412.0,1548794,53,2024-04-14,2028-08-21,Bancassurance,Pol-Health
7642,1174,Health,7847.0,39761164,21,2023-04-14,2025-01-03,Agent,Pol-Health
7643,4667,Crop,10833.0,4039773,40,2023-05-10,2026-08-22,Bancassurance,Pol-Crop
7644,4901,Motor,8501.0,2637540,55,2024-07-28,2029-02-02,Agent,Pol-Motor
7645,1175,Crop,8587.0,5767683,15,2024-09-08,2025-12-02,Aggregator,Pol-Crop
7646,3745,Health,16061.0,5886145,43,2025-08-31,2029-03-13,Agent,Pol-Health
7647,4209,Motor,6748.0,6697000,21,2024-07-10,2026-04-01,Aggregator,Pol-Motor
7648,1942,Property,6498.0,8154462,43,2025-07-22,2029-02-01,Aggregator,Pol-Property
7649,4032,Crop,6298.0,2265748,14,2024-10-04,2025-11-28,Partnership,Pol-Crop
7650,1398,Health,5459.0,7410482,58,2025-05-17,2030-02-20,Online,Pol-Health
7651,4022,Health,6921.0,4183017,38,2024-05-18,2027-07-02,Partnership,Pol-Health
7652,698,Property,5390.0,3637778,12,2024-07-04,2025-06-29,Online,Pol-Property
7653,1775,Crop,9236.0,12320030,15,2023-11-22,2025-02-14,Aggregator,Pol-Crop
7654,3212,Travel,9298.0,1283201,37,2024-04-15,2027-04-30,Agent,Pol-Travel
7655,3474,Motor,8274.0,10354873,11,2025-08-10,2026-07-06,Online,Pol-Motor
7656,4064,Health,8949.0,26989761,30,2023-10-04,2026-03-22,Online,Pol-Health
7657,2755,Crop,11004.0,7683085,57,2025-04-16,2029-12-21,Agent,Pol-Crop
7658,4452,Health,4391.0,33039361,59,2024-03-20,2029-01-23,Online,Pol-Health
7659,4335,Health,8404.0,10465845,54,2025-06-12,2029-11-18,Partnership,Pol-Health
7660,3054,Health,16370.0,4196808,35,2023-07-22,2026-06-06,Online,Pol-Health
7661,4609,Motor,5620.0,2654727,35,2023-10-09,2026-08-24,Agent,Pol-Motor
7662,2681,Motor,25672.0,4830160,42,2025-09-25,2029-03-08,Agent,Pol-Motor
7663,3604,Motor,6303.0,6109399,42,2024-01-10,2027-06-23,Agent,Pol-Motor
7664,3345,Health,8301.0,4168339,52,2023-10-28,2028-02-04,Online,Pol-Health
7665,1430,Motor,8486.0,10657147,37,2023-12-23,2027-01-06,Bancassurance,Pol-Motor
7666,2162,Crop,3585.0,1637599,28,2023-08-28,2025-12-15,Online,Pol-Crop
7667,27,Motor,4916.0,2011343,41,2023-01-15,2026-05-29,Agent,Pol-Motor
7668,3772,Motor,10201.0,6545887,10,2024-09-07,2025-07-04,Agent,Pol-Motor
7669,1442,Travel,6529.0,3040019,11,2025-05-03,2026-03-29,Online,Pol-Travel
7670,4688,Health,4747.0,4635586,2,2023-11-20,2024-01-19,Online,Pol-Health
7671,2228,Motor,13465.0,1726783,2,2023-02-14,2023-04-15,Online,Pol-Motor
7672,567,Crop,8556.0,4070688,46,2024-02-13,2027-11-24,Aggregator,Pol-Crop
7673,247,Property,6832.0,4164070,17,2024-09-17,2026-02-09,Bancassurance,Pol-Property
7674,1524,Health,22977.0,3050805,40,2024-12-19,2028-04-02,Agent,Pol-Health
7675,2365,Crop,4448.0,7648365,49,2025-03-12,2029-03-21,Online,Pol-Crop
7676,3966,Motor,4375.0,2082900,13,2023-05-13,2024-06-06,Online,Pol-Motor
7677,3693,Motor,6009.0,19508947,38,2024-10-04,2027-11-18,Bancassurance,Pol-Motor
7678,1774,Property,8429.0,6968502,2,2024-08-17,2024-10-16,Online,Pol-Property
7679,2938,Motor,9191.0,2990246,57,2023-11-07,2028-07-13,Aggregator,Pol-Motor
7680,3891,Travel,5097.0,357322,52,2023-03-02,2027-06-09,Agent,Pol-Travel
7681,1092,Motor,3655.0,31684012,26,2023-09-18,2025-11-06,Aggregator,Pol-Motor
7682,747,Motor,9819.0,8770922,27,2024-09-05,2026-11-24,Agent,Pol-Motor
7683,1575,Health,5879.0,14493221,53,2023-07-30,2027-12-06,Partnership,Pol-Health
7684,4441,Health,7361.0,9713006,50,2024-08-06,2028-09-14,Online,Pol-Health
7685,3602,Motor,7655.0,12147965,53,2023-12-07,2028-04-14,Aggregator,Pol-Motor
7686,2100,Motor,11827.0,6909280,39,2023-07-19,2026-10-01,Online,Pol-Motor
7687,3517,Travel,5674.0,7640775,37,2025-04-15,2028-04-29,Online,Pol-Travel
7688,3806,Crop,16226.0,6389977,33,2024-02-08,2026-10-25,Aggregator,Pol-Crop
7689,2853,Motor,6814.0,11451443,57,2024-05-15,2029-01-19,Aggregator,Pol-Motor
7690,592,Health,3748.0,11883571,18,2025-02-01,2026-07-26,Agent,Pol-Health
7691,693,Health,4429.0,7657436,29,2024-01-11,2026-05-30,Aggregator,Pol-Health
7692,1164,Crop,4331.0,12143639,4,2023-06-13,2023-10-11,Aggregator,Pol-Crop
7693,3793,Health,5094.0,12912274,48,2025-04-17,2029-03-27,Online,Pol-Health
7694,409,Crop,8342.0,3230630,30,2023-09-11,2026-02-27,Aggregator,Pol-Crop
7695,2383,Crop,12126.0,3126713,38,2024-11-26,2028-01-10,Agent,Pol-Crop
7696,405,Health,2415.0,11600045,17,2024-08-17,2026-01-09,Agent,Pol-Health
7697,4743,Motor,11470.0,2924584,57,2023-01-06,2027-09-12,Agent,Pol-Motor
7698,1484,Health,14863.0,7967080,48,2025-04-02,2029-03-12,Agent,Pol-Health
7699,2123,Crop,20448.0,2294573,57,2025-05-05,2030-01-09,Agent,Pol-Crop
7700,865,Health,9044.0,4400551,40,2024-07-26,2027-11-08,Agent,Pol-Health
7701,1585,Crop,3014.0,523276,57,2024-10-06,2029-06-12,Online,Pol-Crop
7702,217,Crop,3745.0,3165942,13,2023-06-06,2024-06-30,Agent,Pol-Crop
7703,743,Motor,11455.0,6216463,20,2023-03-09,2024-10-29,Agent,Pol-Motor
7704,4514,Health,7682.0,2725845,57,2025-09-12,2030-05-19,Agent,Pol-Health
7705,3839,Health,5351.0,1161728,36,2024-11-28,2027-11-13,Agent,Pol-Health
7706,3275,Motor,3477.0,2663768,5,2024-09-13,2025-02-10,Online,Pol-Motor
7707,4752,Health,4280.0,4090990,54,2025-04-05,2029-09-11,Online,Pol-Health
7708,864,Motor,9532.0,8496878,27,2023-06-29,2025-09-16,Bancassurance,Pol-Motor
7709,3983,Crop,9317.0,5172903,23,2023-05-27,2025-04-16,Agent,Pol-Crop
7710,2856,Travel,11887.0,2308674,11,2024-01-01,2024-11-26,Aggregator,Pol-Travel
7711,4047,Motor,14185.0,14292658,35,2023-01-18,2025-12-03,Online,Pol-Motor
7712,3685,Health,4728.0,25682453,18,2024-05-20,2025-11-11,Agent,Pol-Health
7713,4392,Health,11631.0,2767883,44,2025-08-23,2029-04-04,Aggregator,Pol-Health
7714,450,Property,5060.0,27255609,53,2023-10-14,2028-02-20,Partnership,Pol-Property
7715,2151,Health,6888.0,4247994,58,2023-01-01,2027-10-07,Agent,Pol-Health
7716,1116,Motor,5083.0,8199256,3,2023-01-06,2023-04-06,Online,Pol-Motor
7717,2838,Motor,10776.0,17531309,31,2023-02-06,2025-08-24,Online,Pol-Motor
7718,3429,Motor,5487.0,16615841,43,2023-09-15,2027-03-28,Agent,Pol-Motor
7719,2194,Travel,10136.0,4066908,15,2023-02-27,2024-05-22,Agent,Pol-Travel
7720,3339,Health,9315.0,16822506,35,2023-08-23,2026-07-08,Agent,Pol-Health
7721,2167,Travel,12957.0,8723893,39,2025-07-21,2028-10-03,Online,Pol-Travel
7722,1527,Health,9821.0,4770783,6,2024-03-07,2024-09-03,Aggregator,Pol-Health
7723,264,Health,18668.0,2839495,29,2024-04-15,2026-09-02,Aggregator,Pol-Health
7724,1300,Property,5317.0,4537413,27,2023-10-27,2026-01-14,Online,Pol-Property
7725,3419,Property,10911.0,10511744,28,2023-10-27,2026-02-13,Agent,Pol-Property
7726,3037,Motor,8961.0,3822219,3,2023-10-10,2024-01-08,Agent,Pol-Motor
7727,2713,Motor,5028.0,6901247,23,2024-04-19,2026-03-10,Online,Pol-Motor
7728,787,Motor,11830.0,3395424,26,2024-07-02,2026-08-21,Online,Pol-Motor
7729,4989,Property,11220.0,12153072,27,2025-05-05,2027-07-24,Agent,Pol-Property
7730,3970,Property,5311.0,2488461,58,2025-05-08,2030-02-11,Aggregator,Pol-Property
7731,2410,Motor,3179.0,41224225,6,2024-09-23,2025-03-22,Aggregator,Pol-Motor
7732,3047,Motor,6959.0,6694617,33,2024-08-29,2027-05-16,Agent,Pol-Motor
7733,236,Health,5204.0,2970057,14,2023-06-07,2024-07-31,Aggregator,Pol-Health
7734,3335,Health,7954.0,3398677,53,2023-03-29,2027-08-05,Online,Pol-Health
7735,1075,Health,7372.0,2156330,52,2024-07-30,2028-11-06,Aggregator,Pol-Health
7736,4447,Travel,17868.0,13702519,3,2023-12-26,2024-03-25,Agent,Pol-Travel
7737,4513,Property,5070.0,7214197,19,2025-09-18,2027-04-11,Online,Pol-Property
7738,2891,Motor,9856.0,7234501,40,2023-05-23,2026-09-04,Agent,Pol-Motor
7739,744,Motor,3730.0,7884318,19,2025-03-02,2026-09-23,Aggregator,Pol-Motor
7740,3944,Motor,4494.0,2828262,27,2024-09-20,2026-12-09,Online,Pol-Motor
7741,1006,Motor,5877.0,4150070,50,2023-01-11,2027-02-19,Bancassurance,Pol-Motor
7742,13,Property,4805.0,1030289,37,2023-12-29,2027-01-12,Aggregator,Pol-Property
7743,1851,Motor,9120.0,31106976,58,2025-09-24,2030-06-30,Online,Pol-Motor
7744,4902,Health,7230.0,1587585,51,2023-04-22,2027-06-30,Partnership,Pol-Health
7745,3604,Health,11073.0,3170415,42,2023-02-19,2026-08-02,Partnership,Pol-Health
7746,2261,Motor,4389.0,4456704,48,2024-06-25,2028-06-04,Online,Pol-Motor
7747,4366,Motor,8017.0,6688073,51,2024-06-13,2028-08-21,Online,Pol-Motor
7748,984,Property,5054.0,5843898,40,2024-09-14,2027-12-28,Agent,Pol-Property
7749,4870,Crop,13852.0,8255745,41,2024-11-03,2028-03-17,Partnership,Pol-Crop
7750,1960,Motor,4389.0,32847546,2,2025-05-23,2025-07-22,Aggregator,Pol-Motor
7751,2229,Health,3045.0,7736530,45,2024-10-04,2028-06-15,Bancassurance,Pol-Health
7752,1763,Health,5467.0,2040433,14,2023-11-18,2025-01-11,Online,Pol-Health
7753,1289,Property,4185.0,21707405,49,2025-02-17,2029-02-26,Bancassurance,Pol-Property
7754,1017,Health,7876.0,19840314,56,2024-01-11,2028-08-17,Online,Pol-Health
7755,2154,Crop,9808.0,7188692,28,2025-05-02,2027-08-20,Partnership,Pol-Crop
7756,4583,Motor,10561.0,9086915,58,2025-03-01,2029-12-05,Online,Pol-Motor
7757,4500,Motor,2521.0,2909828,10,2023-07-03,2024-04-28,Agent,Pol-Motor
7758,4486,Property,10521.0,13740357,38,2023-03-06,2026-04-19,Bancassurance,Pol-Property
7759,608,Crop,8214.0,2497662,28,2024-07-17,2026-11-04,Bancassurance,Pol-Crop
7760,4045,Motor,10412.0,2951067,13,2023-09-20,2024-10-14,Bancassurance,Pol-Motor
7761,4219,Health,11381.0,10266181,57,2023-04-21,2027-12-26,Online,Pol-Health
7762,2837,Motor,5386.0,13299511,28,2024-04-19,2026-08-07,Aggregator,Pol-Motor
7763,4133,Crop,4664.0,2392036,45,2023-12-03,2027-08-14,Online,Pol-Crop
7764,710,Property,8637.0,3769997,17,2024-11-05,2026-03-30,Agent,Pol-Property
7765,767,Motor,11878.0,3917335,5,2025-06-30,2025-11-27,Bancassurance,Pol-Motor
7766,4599,Health,3921.0,14018075,47,2023-11-03,2027-09-13,Agent,Pol-Health
7767,3599,Health,7567.0,3889787,5,2024-11-23,2025-04-22,Online,Pol-Health
7768,2965,Motor,5657.0,4054946,19,2025-08-20,2027-03-13,Online,Pol-Motor
7769,92,Crop,5647.0,17982575,34,2023-11-28,2026-09-13,Bancassurance,Pol-Crop
7770,100,Motor,6034.0,1499940,41,2023-11-04,2027-03-18,Online,Pol-Motor
7771,3025,Health,10173.0,3100179,43,2025-05-03,2028-11-13,Bancassurance,Pol-Health
7772,686,Health,9793.0,564989,39,2023-07-31,2026-10-13,Online,Pol-Health
7773,1751,Crop,4703.0,698945,31,2023-08-13,2026-02-28,Online,Pol-Crop
7774,3949,Motor,3689.0,3101431,25,2023-07-18,2025-08-06,Aggregator,Pol-Motor
7775,3670,Health,12547.0,1130376,51,2024-11-25,2029-02-02,Online,Pol-Health
7776,394,Motor,10951.0,1771600,1,2024-02-25,2024-03-26,Bancassurance,Pol-Motor
7777,594,Crop,13620.0,845549,50,2025-02-13,2029-03-24,Online,Pol-Crop
7778,2882,Motor,9642.0,4028481,22,2024-10-24,2026-08-15,Agent,Pol-Motor
7779,886,Property,14279.0,9823416,38,2024-10-02,2027-11-16,Bancassurance,Pol-Property
7780,3053,Health,2303.0,5124910,48,2025-01-29,2029-01-08,Agent,Pol-Health
7781,505,Motor,6919.0,12452535,29,2023-08-21,2026-01-07,Agent,Pol-Motor
7782,3751,Motor,5182.0,1658100,2,2023-09-25,2023-11-24,Agent,Pol-Motor
7783,1778,Motor,19784.0,25943942,41,2023-04-07,2026-08-19,Agent,Pol-Motor
7784,4438,Crop,4025.0,4933927,42,2025-02-01,2028-07-15,Agent,Pol-Crop
7785,3498,Health,3746.0,1773325,30,2025-02-21,2027-08-10,Agent,Pol-Health
7786,134,Crop,5359.0,4922189,17,2024-03-17,2025-08-09,Agent,Pol-Crop
7787,2926,Motor,5639.0,7560283,36,2023-10-10,2026-09-24,Aggregator,Pol-Motor
7788,4308,Motor,6074.0,11040150,52,2025-09-02,2029-12-10,Agent,Pol-Motor
7789,585,Travel,11519.0,16986485,14,2025-04-26,2026-06-20,Online,Pol-Travel
7790,1437,Property,15382.0,5895494,17,2025-03-27,2026-08-19,Agent,Pol-Property
7791,357,Property,11909.0,5079607,28,2024-09-28,2027-01-16,Online,Pol-Property
7792,3355,Crop,25315.0,7359035,53,2025-08-16,2029-12-23,Online,Pol-Crop
7793,1751,Travel,13932.0,16822917,6,2024-07-16,2025-01-12,Online,Pol-Travel
7794,1701,Motor,5343.0,2786963,9,2023-06-01,2024-02-26,Agent,Pol-Motor
7795,1710,Motor,6931.0,2511053,11,2023-11-09,2024-10-04,Partnership,Pol-Motor
7796,3682,Motor,10888.0,4956937,8,2024-03-04,2024-10-30,Online,Pol-Motor
7797,537,Property,4112.0,14741704,47,2025-05-25,2029-04-04,Agent,Pol-Property
7798,2469,Motor,6274.0,3353010,52,2023-02-19,2027-05-29,Online,Pol-Motor
7799,151,Health,10151.0,10467442,54,2025-03-11,2029-08-17,Aggregator,Pol-Health
7800,1756,Crop,19073.0,7866493,23,2023-07-25,2025-06-14,Agent,Pol-Crop
7801,2551,Health,7455.0,3650697,6,2024-08-09,2025-02-05,Online,Pol-Health
7802,888,Motor,8075.0,3148429,21,2024-06-21,2026-03-13,Aggregator,Pol-Motor
7803,2996,Health,9492.0,7353582,17,2025-06-02,2026-10-25,Online,Pol-Health
7804,4839,Motor,3081.0,1885328,39,2024-04-04,2027-06-18,Online,Pol-Motor
7805,2563,Health,6121.0,18228714,11,2023-08-14,2024-07-09,Online,Pol-Health
7806,1609,Motor,4782.0,21045512,39,2024-09-24,2027-12-08,Agent,Pol-Motor
7807,1242,Motor,10815.0,4652548,5,2024-01-12,2024-06-10,Agent,Pol-Motor
7808,208,Property,5888.0,31115291,31,2023-04-11,2025-10-27,Online,Pol-Property
7809,3833,Travel,13468.0,6709521,16,2025-03-15,2026-07-08,Agent,Pol-Travel
7810,3362,Travel,9118.0,3425849,12,2025-01-14,2026-01-09,Agent,Pol-Travel
7811,2900,Motor,6771.0,3817437,30,2025-09-13,2028-03-01,Online,Pol-Motor
7812,3588,Crop,5535.0,4510821,25,2023-03-21,2025-04-09,Online,Pol-Crop
7813,2756,Health,5132.0,3338854,12,2024-05-01,2025-04-26,Bancassurance,Pol-Health
7814,2726,Property,16418.0,2563423,3,2023-09-25,2023-12-24,Aggregator,Pol-Property
7815,4035,Crop,2650.0,14380549,17,2023-02-16,2024-07-10,Agent,Pol-Crop
7816,2280,Travel,7032.0,4486125,53,2025-03-07,2029-07-14,Aggregator,Pol-Travel
7817,989,Motor,7653.0,991241,4,2025-08-19,2025-12-17,Agent,Pol-Motor
7818,4977,Property,2370.0,48880896,6,2025-02-12,2025-08-11,Bancassurance,Pol-Property
7819,2860,Property,14108.0,9693542,50,2025-06-04,2029-07-13,Online,Pol-Property
7820,4303,Motor,8147.0,1000099,48,2025-02-16,2029-01-26,Online,Pol-Motor
7821,1650,Motor,10567.0,1457142,15,2025-09-19,2026-12-13,Online,Pol-Motor
7822,2409,Motor,10634.0,1205571,32,2023-05-10,2025-12-25,Online,Pol-Motor
7823,2421,Crop,11558.0,5934763,21,2024-08-16,2026-05-08,Online,Pol-Crop
7824,1125,Crop,10991.0,8069344,56,2023-11-01,2028-06-07,Bancassurance,Pol-Crop
7825,529,Health,10988.0,6758869,56,2023-05-24,2027-12-29,Agent,Pol-Health
7826,1272,Health,8913.0,3439767,2,2025-08-23,2025-10-22,Online,Pol-Health
7827,1420,Motor,12021.0,3133476,46,2025-09-01,2029-06-12,Bancassurance,Pol-Motor
7828,4174,Property,28648.0,6261717,48,2025-06-28,2029-06-07,Online,Pol-Property
7829,1736,Motor,4784.0,3077727,3,2024-12-03,2025-03-03,Online,Pol-Motor
7830,4137,Health,9484.0,5600152,25,2025-02-09,2027-03-01,Partnership,Pol-Health
7831,4386,Crop,11151.0,10883027,27,2025-07-25,2027-10-13,Partnership,Pol-Crop
7832,1149,Health,3397.0,3049561,27,2024-06-03,2026-08-22,Agent,Pol-Health
7833,1524,Health,18893.0,18639037,23,2024-05-22,2026-04-12,Bancassurance,Pol-Health
7834,2762,Motor,10150.0,1586360,9,2023-04-13,2024-01-08,Online,Pol-Motor
7835,711,Motor,8569.0,3598087,36,2025-07-30,2028-07-14,Bancassurance,Pol-Motor
7836,961,Health,6125.0,5409161,11,2024-07-02,2025-05-28,Aggregator,Pol-Health
7837,4919,Motor,11190.0,1617164,39,2024-08-17,2027-10-31,Aggregator,Pol-Motor
7838,3710,Motor,4195.0,6216650,7,2024-01-02,2024-07-30,Bancassurance,Pol-Motor
7839,5,Motor,17414.0,7852900,13,2024-05-05,2025-05-30,Agent,Pol-Motor
7840,4920,Health,12381.0,1722599,7,2025-01-28,2025-08-26,Agent,Pol-Health
7841,118,Motor,6895.0,2874200,42,2025-06-04,2028-11-15,Aggregator,Pol-Motor
7842,2792,Health,15073.0,2953636,47,2025-04-13,2029-02-21,Aggregator,Pol-Health
7843,4757,Health,3071.0,1321123,43,2023-02-06,2026-08-19,Agent,Pol-Health
7844,1567,Motor,4431.0,6700533,13,2024-02-25,2025-03-21,Aggregator,Pol-Motor
7845,4763,Motor,7565.0,4435771,53,2025-02-09,2029-06-18,Online,Pol-Motor
7846,3373,Crop,7727.0,2357339,6,2024-05-06,2024-11-02,Aggregator,Pol-Crop
7847,3330,Health,9197.0,4142036,4,2024-03-19,2024-07-17,Agent,Pol-Health
7848,2709,Motor,8150.0,5250286,43,2023-04-08,2026-10-19,Online,Pol-Motor
7849,1186,Health,13701.0,712383,25,2024-09-01,2026-09-21,Online,Pol-Health
7850,3347,Motor,3546.0,5117839,20,2024-01-18,2025-09-09,Agent,Pol-Motor
7851,4513,Motor,2821.0,2674517,9,2023-04-18,2024-01-13,Online,Pol-Motor
7852,1148,Health,3653.0,1132169,25,2023-10-20,2025-11-08,Aggregator,Pol-Health
7853,4966,Motor,3841.0,9956365,37,2024-01-03,2027-01-17,Agent,Pol-Motor
7854,3067,Health,7504.0,2649639,9,2025-01-17,2025-10-14,Partnership,Pol-Health
7855,616,Motor,6871.0,23938505,41,2024-09-26,2028-02-08,Partnership,Pol-Motor
7856,3121,Motor,8672.0,5661785,44,2024-11-03,2028-06-15,Bancassurance,Pol-Motor
7857,1027,Motor,8860.0,5456321,19,2024-12-26,2026-07-19,Aggregator,Pol-Motor
7858,3071,Motor,8496.0,8664124,12,2025-01-20,2026-01-15,Agent,Pol-Motor
7859,762,Crop,3433.0,26906365,35,2023-09-06,2026-07-22,Online,Pol-Crop
7860,2631,Motor,6655.0,3147494,4,2025-08-18,2025-12-16,Aggregator,Pol-Motor
7861,4367,Travel,5747.0,15843277,56,2025-03-23,2029-10-28,Bancassurance,Pol-Travel
7862,2006,Travel,13705.0,3805262,19,2024-03-07,2025-09-28,Agent,Pol-Travel
7863,4823,Health,8858.0,4036263,50,2024-07-29,2028-09-06,Bancassurance,Pol-Health
7864,434,Property,18873.0,4834150,44,2023-03-01,2026-10-11,Agent,Pol-Property
7865,4618,Travel,4544.0,4461279,46,2024-10-20,2028-07-31,Partnership,Pol-Travel
7866,2917,Motor,6413.0,4081978,6,2024-03-18,2024-09-14,Agent,Pol-Motor
7867,3963,Motor,11770.0,1427209,31,2025-03-20,2027-10-06,Aggregator,Pol-Motor
7868,2538,Motor,5815.0,5054277,47,2025-05-18,2029-03-28,Bancassurance,Pol-Motor
7869,4906,Health,8996.0,4010122,51,2023-01-15,2027-03-25,Aggregator,Pol-Health
7870,1223,Motor,5500.0,14256952,32,2023-11-03,2026-06-20,Agent,Pol-Motor
7871,4532,Travel,13351.0,5039123,9,2023-12-04,2024-08-30,Online,Pol-Travel
7872,2265,Health,3694.0,1092942,58,2025-06-11,2030-03-17,Online,Pol-Health
7873,1534,Crop,19436.0,3725127,57,2023-07-27,2028-04-01,Online,Pol-Crop
7874,4794,Motor,10958.0,8817423,48,2023-10-18,2027-09-27,Aggregator,Pol-Motor
7875,792,Health,9566.0,1365693,26,2023-11-12,2025-12-31,Agent,Pol-Health
7876,3157,Health,9082.0,826256,6,2023-04-13,2023-10-10,Agent,Pol-Health
7877,1053,Motor,5272.0,8438944,37,2023-09-24,2026-10-08,Online,Pol-Motor
7878,2085,Crop,10638.0,12581105,43,2024-01-26,2027-08-08,Online,Pol-Crop
7879,2555,Health,5763.0,10148507,34,2024-10-31,2027-08-17,Agent,Pol-Health
7880,3604,Motor,2609.0,13495497,40,2024-07-11,2027-10-24,Online,Pol-Motor
7881,1682,Travel,7826.0,2151509,51,2023-09-18,2027-11-26,Aggregator,Pol-Travel
7882,2308,Health,5152.0,6793821,21,2023-03-07,2024-11-26,Bancassurance,Pol-Health
7883,3723,Motor,8036.0,7496443,42,2025-03-23,2028-09-03,Aggregator,Pol-Motor
7884,3327,Motor,7414.0,15006532,27,2024-05-27,2026-08-15,Online,Pol-Motor
7885,2037,Health,3680.0,13169482,52,2025-06-13,2029-09-20,Agent,Pol-Health
7886,3158,Health,16624.0,10270368,19,2024-02-07,2025-08-30,Aggregator,Pol-Health
7887,3726,Health,5355.0,3120420,27,2024-07-20,2026-10-08,Aggregator,Pol-Health
7888,2682,Health,12740.0,1043731,3,2024-09-16,2024-12-15,Aggregator,Pol-Health
7889,1965,Motor,5229.0,851195,25,2023-06-24,2025-07-13,Partnership,Pol-Motor
7890,2460,Motor,7518.0,8752426,34,2024-10-24,2027-08-10,Online,Pol-Motor
7891,422,Property,8591.0,11446629,51,2023-06-15,2027-08-23,Online,Pol-Property
7892,959,Health,2699.0,2794120,21,2023-09-29,2025-06-20,Aggregator,Pol-Health
7893,2047,Motor,5473.0,9883519,11,2023-01-14,2023-12-10,Online,Pol-Motor
7894,595,Motor,8498.0,8569394,27,2025-08-21,2027-11-09,Online,Pol-Motor
7895,2218,Travel,7668.0,2042462,28,2023-09-07,2025-12-25,Online,Pol-Travel
7896,1349,Crop,7580.0,14853420,4,2023-09-19,2024-01-17,Online,Pol-Crop
7897,2830,Health,11750.0,7220137,44,2023-09-17,2027-04-29,Aggregator,Pol-Health
7898,228,Motor,4968.0,873382,41,2025-04-16,2028-08-28,Online,Pol-Motor
7899,5,Health,7698.0,3566447,53,2025-03-13,2029-07-20,Bancassurance,Pol-Health
7900,152,Motor,3770.0,13277041,48,2024-10-27,2028-10-06,Agent,Pol-Motor
7901,2269,Health,5772.0,2713885,26,2024-01-28,2026-03-18,Agent,Pol-Health
7902,4253,Property,13730.0,13784328,21,2025-08-02,2027-04-24,Agent,Pol-Property
7903,3330,Health,7472.0,15951395,39,2023-09-04,2026-11-17,Online,Pol-Health
7904,3078,Motor,5861.0,2691835,4,2023-07-16,2023-11-13,Online,Pol-Motor
7905,2326,Health,4936.0,2093072,37,2024-10-26,2027-11-10,Online,Pol-Health
7906,3972,Property,3717.0,9615628,49,2025-03-23,2029-04-01,Partnership,Pol-Property
7907,1005,Health,11935.0,8421691,55,2023-03-23,2027-09-28,Aggregator,Pol-Health
7908,4977,Property,21345.0,9000846,43,2025-05-19,2028-11-29,Agent,Pol-Property
7909,3661,Motor,5972.0,4741783,4,2023-06-07,2023-10-05,Online,Pol-Motor
7910,3519,Property,2978.0,19477668,50,2023-03-01,2027-04-09,Partnership,Pol-Property
7911,995,Health,15925.0,12088920,23,2025-03-10,2027-01-29,Aggregator,Pol-Health
7912,1737,Motor,4700.0,3628223,56,2023-04-09,2027-11-14,Online,Pol-Motor
7913,1623,Health,8904.0,10129635,9,2024-08-18,2025-05-15,Agent,Pol-Health
7914,2628,Health,9560.0,6132716,40,2025-03-09,2028-06-21,Aggregator,Pol-Health
7915,1954,Health,12897.0,1465321,24,2025-09-06,2027-08-27,Online,Pol-Health
7916,4709,Motor,6546.0,1381052,56,2023-04-01,2027-11-06,Agent,Pol-Motor
7917,3493,Motor,9258.0,5232402,29,2025-08-03,2027-12-21,Aggregator,Pol-Motor
7918,1926,Travel,6236.0,3230956,7,2024-07-26,2025-02-21,Online,Pol-Travel
7919,173,Health,2709.0,2118457,18,2023-05-25,2024-11-15,Online,Pol-Health
7920,1193,Motor,5960.0,3727869,2,2023-06-28,2023-08-27,Agent,Pol-Motor
7921,1127,Crop,8841.0,8932330,28,2024-10-16,2027-02-03,Aggregator,Pol-Crop
7922,228,Motor,4451.0,7063528,43,2023-09-11,2027-03-24,Agent,Pol-Motor
7923,3644,Health,7678.0,5317698,41,2023-05-20,2026-10-01,Online,Pol-Health
7924,1987,Motor,8394.0,1238264,29,2023-01-11,2025-05-30,Bancassurance,Pol-Motor
7925,3729,Travel,14334.0,1006405,45,2025-05-23,2029-02-01,Agent,Pol-Travel
7926,1235,Motor,4614.0,17867968,17,2024-08-06,2025-12-29,Online,Pol-Motor
7927,3767,Property,8287.0,5041502,31,2024-08-01,2027-02-17,Online,Pol-Property
7928,4617,Health,4247.0,11201326,17,2025-01-06,2026-05-31,Partnership,Pol-Health
7929,3716,Motor,2460.0,6063851,31,2024-09-19,2027-04-07,Aggregator,Pol-Motor
7930,4522,Motor,5778.0,2755487,23,2023-01-25,2024-12-15,Agent,Pol-Motor
7931,2122,Motor,5578.0,3753272,10,2025-03-16,2026-01-10,Online,Pol-Motor
7932,343,Travel,8706.0,15376416,6,2025-05-22,2025-11-18,Agent,Pol-Travel
7933,4467,Property,13102.0,9135197,38,2025-09-03,2028-10-17,Online,Pol-Property
7934,2932,Crop,7737.0,2683328,56,2023-04-06,2027-11-11,Online,Pol-Crop
7935,4318,Motor,5300.0,12072836,47,2024-11-19,2028-09-29,Aggregator,Pol-Motor
7936,4736,Motor,4860.0,2716858,27,2024-06-17,2026-09-05,Bancassurance,Pol-Motor
7937,1359,Health,13131.0,7700224,11,2023-08-23,2024-07-18,Online,Pol-Health
7938,2422,Health,10337.0,1226736,20,2023-07-14,2025-03-05,Agent,Pol-Health
7939,4833,Property,4714.0,4527214,46,2024-02-12,2027-11-23,Agent,Pol-Property
7940,3175,Crop,3703.0,6775811,5,2024-12-24,2025-05-23,Agent,Pol-Crop
7941,738,Crop,4711.0,3238198,32,2025-08-15,2028-04-01,Aggregator,Pol-Crop
7942,4661,Motor,12022.0,10815912,5,2024-10-16,2025-03-15,Agent,Pol-Motor
7943,1027,Property,4573.0,1828147,22,2025-03-23,2027-01-12,Online,Pol-Property
7944,4640,Health,9228.0,10615112,1,2023-12-31,2024-01-30,Aggregator,Pol-Health
7945,1104,Health,17093.0,7250305,20,2024-07-06,2026-02-26,Aggregator,Pol-Health
7946,2684,Health,4925.0,2684866,51,2025-06-20,2029-08-28,Partnership,Pol-Health
7947,4945,Crop,6073.0,1231790,15,2025-03-28,2026-06-21,Online,Pol-Crop
7948,396,Health,7218.0,22334891,11,2024-01-04,2024-11-29,Aggregator,Pol-Health
7949,2940,Motor,3286.0,5250192,32,2025-03-20,2027-11-05,Agent,Pol-Motor
7950,4485,Health,5141.0,3296897,59,2024-12-06,2029-10-11,Agent,Pol-Health
7951,3332,Travel,8014.0,3786749,55,2023-05-06,2027-11-11,Aggregator,Pol-Travel
7952,1535,Property,4509.0,2230229,28,2023-04-07,2025-07-25,Agent,Pol-Property
7953,45,Motor,21348.0,9693303,28,2024-08-12,2026-11-30,Aggregator,Pol-Motor
7954,1980,Property,5732.0,6047496,17,2024-03-19,2025-08-11,Agent,Pol-Property
7955,1865,Motor,6709.0,1524452,34,2023-05-16,2026-03-01,Aggregator,Pol-Motor
7956,1808,Motor,5502.0,5647954,59,2023-03-23,2028-01-26,Partnership,Pol-Motor
7957,2275,Health,6493.0,1648240,24,2025-06-23,2027-06-13,Aggregator,Pol-Health
7958,4445,Health,5109.0,10986110,2,2023-08-27,2023-10-26,Aggregator,Pol-Health
7959,2161,Motor,2597.0,2711296,27,2024-01-12,2026-04-01,Online,Pol-Motor
7960,3102,Property,6123.0,15375436,9,2024-11-27,2025-08-24,Bancassurance,Pol-Property
7961,2324,Crop,18096.0,20314152,52,2024-04-02,2028-07-10,Bancassurance,Pol-Crop
7962,3434,Health,16554.0,3799526,19,2024-06-22,2026-01-13,Online,Pol-Health
7963,4822,Motor,4327.0,2684245,36,2024-09-05,2027-08-21,Aggregator,Pol-Motor
7964,3508,Motor,3301.0,1422931,57,2024-11-10,2029-07-17,Bancassurance,Pol-Motor
7965,804,Motor,2627.0,969610,55,2023-07-21,2028-01-26,Aggregator,Pol-Motor
7966,2070,Motor,4508.0,1396770,29,2023-07-30,2025-12-16,Bancassurance,Pol-Motor
7967,4481,Crop,5553.0,3312100,11,2024-05-05,2025-03-31,Aggregator,Pol-Crop
7968,491,Health,8966.0,620308,32,2025-07-12,2028-02-27,Agent,Pol-Health
7969,1480,Motor,5958.0,10468521,27,2025-08-30,2027-11-18,Partnership,Pol-Motor
7970,2936,Motor,11375.0,8270358,52,2023-08-05,2027-11-12,Partnership,Pol-Motor
7971,1704,Travel,9864.0,8289028,39,2025-07-09,2028-09-21,Online,Pol-Travel
7972,4317,Health,8718.0,15470459,24,2025-06-12,2027-06-02,Online,Pol-Health
7973,3666,Health,6900.0,1887791,27,2024-01-29,2026-04-18,Agent,Pol-Health
7974,2013,Health,12014.0,1989753,27,2024-11-01,2027-01-20,Aggregator,Pol-Health
7975,4687,Motor,10069.0,14891665,40,2025-05-28,2028-09-09,Bancassurance,Pol-Motor
7976,4909,Travel,3533.0,3238816,32,2025-06-19,2028-02-04,Online,Pol-Travel
7977,3231,Motor,9549.0,7674605,45,2025-04-25,2029-01-04,Agent,Pol-Motor
7978,143,Property,5501.0,776152,44,2025-04-26,2028-12-06,Partnership,Pol-Property
7979,1850,Motor,11609.0,14138380,22,2024-02-16,2025-12-07,Bancassurance,Pol-Motor
7980,4021,Health,10183.0,7408592,59,2023-03-14,2028-01-17,Bancassurance,Pol-Health
7981,45,Crop,17319.0,1392997,59,2024-05-04,2029-03-09,Online,Pol-Crop
7982,451,Property,2700.0,20191045,49,2024-08-06,2028-08-15,Online,Pol-Property
7983,1260,Motor,8549.0,6191959,42,2023-12-30,2027-06-12,Agent,Pol-Motor
7984,1004,Health,5297.0,30689023,32,2023-05-21,2026-01-05,Bancassurance,Pol-Health
7985,4778,Motor,21271.0,842242,59,2024-08-05,2029-06-10,Agent,Pol-Motor
7986,3352,Travel,1608.0,7420881,59,2024-05-20,2029-03-25,Online,Pol-Travel
7987,1997,Property,9123.0,3118112,48,2023-07-15,2027-06-24,Aggregator,Pol-Property
7988,3675,Motor,9687.0,4113804,46,2025-07-05,2029-04-15,Bancassurance,Pol-Motor
7989,3489,Motor,2518.0,6160697,35,2024-10-18,2027-09-03,Online,Pol-Motor
7990,4889,Motor,9505.0,1065290,54,2024-07-18,2028-12-24,Agent,Pol-Motor
7991,3654,Property,2674.0,35944719,1,2023-01-02,2023-02-01,Partnership,Pol-Property
7992,3033,Health,5105.0,25632122,53,2023-06-10,2027-10-17,Online,Pol-Health
7993,1495,Motor,8995.0,6598264,34,2025-07-18,2028-05-03,Agent,Pol-Motor
7994,1073,Crop,4498.0,1646359,1,2025-06-22,2025-07-22,Online,Pol-Crop
7995,4113,Motor,7618.0,4159197,42,2025-01-18,2028-07-01,Online,Pol-Motor
7996,4245,Motor,7307.0,6646596,35,2024-04-30,2027-03-16,Aggregator,Pol-Motor
7997,1579,Motor,9580.0,2914269,29,2025-09-14,2028-02-01,Online,Pol-Motor
7998,1236,Motor,4297.0,11687147,18,2023-09-12,2025-03-05,Bancassurance,Pol-Motor
7999,1740,Health,11646.0,6162357,6,2025-08-26,2026-02-22,Partnership,Pol-Health
8000,1016,Health,1728.0,5046021,6,2025-03-28,2025-09-24,Agent,Pol-Health
8001,4813,Motor,15670.0,10876700,27,2024-10-02,2026-12-21,Aggregator,Pol-Motor
8002,2966,Motor,6448.0,1142352,39,2024-09-20,2027-12-04,Bancassurance,Pol-Motor
8003,1560,Motor,6786.0,2642298,55,2024-08-28,2029-03-05,Agent,Pol-Motor
8004,1569,Motor,8554.0,4870792,53,2025-03-23,2029-07-30,Online,Pol-Motor
8005,1987,Motor,8066.0,2745392,19,2023-02-01,2024-08-24,Agent,Pol-Motor
8006,1511,Motor,7322.0,1503662,38,2023-03-03,2026-04-16,Agent,Pol-Motor
8007,4576,Motor,13680.0,1885511,3,2025-05-12,2025-08-10,Aggregator,Pol-Motor
8008,3857,Property,3417.0,5366451,53,2023-11-20,2028-03-28,Agent,Pol-Property
8009,1712,Motor,4549.0,6813236,51,2024-11-06,2029-01-14,Partnership,Pol-Motor
8010,4140,Health,9107.0,42770790,38,2024-10-16,2027-11-30,Agent,Pol-Health
8011,3528,Motor,6104.0,14239377,20,2024-01-11,2025-09-02,Agent,Pol-Motor
8012,4971,Health,13981.0,1995894,57,2023-04-24,2027-12-29,Aggregator,Pol-Health
8013,3869,Property,22456.0,16398776,2,2023-03-19,2023-05-18,Online,Pol-Property
8014,4452,Health,7351.0,5643344,7,2025-08-02,2026-02-28,Agent,Pol-Health
8015,4570,Motor,3102.0,4713093,5,2023-01-18,2023-06-17,Online,Pol-Motor
8016,3670,Motor,4721.0,2922367,25,2023-05-19,2025-06-07,Agent,Pol-Motor
8017,3645,Property,2640.0,1290946,42,2025-08-30,2029-02-10,Online,Pol-Property
8018,2161,Health,9992.0,5433831,53,2023-12-02,2028-04-09,Aggregator,Pol-Health
8019,1502,Motor,4567.0,1687874,13,2023-05-23,2024-06-16,Agent,Pol-Motor
8020,815,Travel,6771.0,4140511,12,2023-07-22,2024-07-16,Agent,Pol-Travel
8021,4066,Health,6344.0,15292547,5,2025-06-25,2025-11-22,Online,Pol-Health
8022,3326,Property,12899.0,13614029,12,2025-01-30,2026-01-25,Online,Pol-Property
8023,4497,Motor,7540.0,4324916,18,2024-04-19,2025-10-11,Online,Pol-Motor
8024,1324,Motor,6404.0,13265642,3,2024-03-14,2024-06-12,Aggregator,Pol-Motor
8025,5,Health,4628.0,6875268,54,2024-03-18,2028-08-24,Aggregator,Pol-Health
8026,3518,Health,9917.0,20806900,4,2025-04-15,2025-08-13,Partnership,Pol-Health
8027,1259,Motor,4228.0,1860956,43,2025-09-12,2029-03-25,Aggregator,Pol-Motor
8028,2035,Health,3917.0,4822319,19,2023-03-04,2024-09-24,Aggregator,Pol-Health
8029,200,Health,5449.0,3487443,21,2025-06-10,2027-03-02,Aggregator,Pol-Health
8030,1706,Motor,20789.0,7755508,25,2023-07-04,2025-07-23,Agent,Pol-Motor
8031,3942,Health,6977.0,7343526,3,2023-06-03,2023-09-01,Partnership,Pol-Health
8032,3932,Motor,7147.0,5337035,7,2025-06-29,2026-01-25,Aggregator,Pol-Motor
8033,2069,Health,8597.0,40383016,9,2023-12-28,2024-09-23,Online,Pol-Health
8034,3759,Motor,8237.0,1900080,4,2025-04-24,2025-08-22,Agent,Pol-Motor
8035,3146,Health,6576.0,2469730,55,2025-05-03,2029-11-08,Online,Pol-Health
8036,2844,Motor,4518.0,12855589,59,2025-05-29,2030-04-03,Online,Pol-Motor
8037,2197,Crop,5886.0,7571452,23,2024-09-07,2026-07-29,Agent,Pol-Crop
8038,625,Health,6612.0,2484364,11,2023-03-26,2024-02-19,Agent,Pol-Health
8039,2134,Health,3613.0,17408089,19,2024-10-12,2026-05-05,Agent,Pol-Health
8040,2579,Crop,6582.0,5600354,1,2023-07-05,2023-08-04,Agent,Pol-Crop
8041,692,Motor,8084.0,5681815,4,2025-04-13,2025-08-11,Online,Pol-Motor
8042,2598,Health,5609.0,3152365,9,2024-05-23,2025-02-17,Online,Pol-Health
8043,814,Motor,13620.0,8022545,42,2024-04-03,2027-09-15,Agent,Pol-Motor
8044,1628,Travel,8413.0,1857146,7,2024-09-28,2025-04-26,Online,Pol-Travel
8045,4617,Property,5010.0,2630456,26,2023-12-12,2026-01-30,Agent,Pol-Property
8046,3593,Property,5962.0,11855612,54,2024-02-29,2028-08-06,Online,Pol-Property
8047,2581,Motor,13550.0,508498,21,2024-09-20,2026-06-12,Aggregator,Pol-Motor
8048,3933,Motor,5388.0,3144649,48,2023-05-23,2027-05-02,Online,Pol-Motor
8049,296,Motor,4909.0,8972754,59,2025-01-25,2029-11-30,Aggregator,Pol-Motor
8050,3252,Health,4804.0,19792322,10,2025-02-04,2025-12-01,Aggregator,Pol-Health
8051,1155,Motor,7610.0,6206770,10,2024-04-05,2025-01-30,Online,Pol-Motor
8052,3981,Motor,8184.0,11289162,1,2025-09-01,2025-10-01,Bancassurance,Pol-Motor
8053,533,Health,10298.0,9477850,36,2024-03-15,2027-02-28,Agent,Pol-Health
8054,888,Crop,5098.0,2873247,3,2024-01-10,2024-04-09,Aggregator,Pol-Crop
8055,3273,Motor,15663.0,3784060,35,2023-02-20,2026-01-05,Agent,Pol-Motor
8056,2926,Crop,9464.0,5884742,45,2024-09-30,2028-06-11,Online,Pol-Crop
8057,2433,Motor,5954.0,32123587,12,2023-08-18,2024-08-12,Agent,Pol-Motor
8058,3598,Motor,11086.0,7616048,27,2024-11-20,2027-02-08,Partnership,Pol-Motor
8059,2421,Crop,18992.0,4786034,17,2023-05-27,2024-10-18,Bancassurance,Pol-Crop
8060,3236,Health,9349.0,1616709,19,2025-07-28,2027-02-18,Bancassurance,Pol-Health
8061,4619,Travel,17670.0,3756764,10,2024-05-06,2025-03-02,Online,Pol-Travel
8062,835,Health,4427.0,3812542,43,2023-03-16,2026-09-26,Aggregator,Pol-Health
8063,1378,Travel,2796.0,9747356,26,2023-11-28,2026-01-16,Agent,Pol-Travel
8064,3481,Motor,9570.0,3161046,8,2024-08-21,2025-04-18,Agent,Pol-Motor
8065,4607,Health,12938.0,5823182,52,2024-05-27,2028-09-03,Agent,Pol-Health
8066,212,Travel,3777.0,6381081,39,2025-05-11,2028-07-24,Online,Pol-Travel
8067,927,Motor,13647.0,6412394,2,2023-02-08,2023-04-09,Online,Pol-Motor
8068,2673,Motor,5893.0,3018090,12,2025-07-07,2026-07-02,Aggregator,Pol-Motor
8069,4033,Motor,9944.0,3336493,39,2025-09-11,2028-11-24,Agent,Pol-Motor
8070,345,Crop,8368.0,7193702,54,2025-05-29,2029-11-04,Bancassurance,Pol-Crop
8071,3083,Health,9250.0,3142053,56,2023-10-27,2028-06-02,Aggregator,Pol-Health
8072,4432,Health,9735.0,1144318,40,2023-01-21,2026-05-05,Agent,Pol-Health
8073,1702,Property,7022.0,6391556,31,2024-02-16,2026-09-03,Online,Pol-Property
8074,4701,Property,5909.0,925804,29,2024-01-30,2026-06-18,Online,Pol-Property
8075,3847,Health,8710.0,4666274,8,2024-10-25,2025-06-22,Agent,Pol-Health
8076,4017,Crop,6385.0,2057919,15,2024-10-13,2026-01-06,Bancassurance,Pol-Crop
8077,296,Health,5184.0,4167310,26,2024-11-30,2027-01-19,Agent,Pol-Health
8078,2749,Health,8596.0,25038789,48,2024-08-01,2028-07-11,Agent,Pol-Health
8079,4484,Motor,5439.0,9325362,36,2024-11-03,2027-10-19,Agent,Pol-Motor
8080,1497,Motor,6652.0,3186781,41,2023-03-18,2026-07-30,Online,Pol-Motor
8081,3080,Crop,5622.0,1606387,56,2025-08-19,2030-03-26,Agent,Pol-Crop
8082,1568,Motor,15997.0,978171,4,2023-09-02,2023-12-31,Aggregator,Pol-Motor
8083,1976,Motor,7729.0,1580377,50,2023-10-25,2027-12-03,Online,Pol-Motor
8084,4133,Health,3320.0,2348516,33,2023-10-27,2026-07-13,Aggregator,Pol-Health
8085,4279,Health,13671.0,1777408,12,2025-04-04,2026-03-30,Bancassurance,Pol-Health
8086,4166,Motor,2962.0,7742674,50,2024-10-17,2028-11-25,Bancassurance,Pol-Motor
8087,237,Property,21365.0,4897006,53,2023-03-25,2027-08-01,Bancassurance,Pol-Property
8088,464,Health,7478.0,22083339,11,2023-08-12,2024-07-07,Online,Pol-Health
8089,4287,Crop,5366.0,2036989,30,2023-08-03,2026-01-19,Bancassurance,Pol-Crop
8090,930,Health,6113.0,3860262,53,2024-12-02,2029-04-10,Online,Pol-Health
8091,1887,Health,3307.0,1101851,45,2025-06-24,2029-03-05,Agent,Pol-Health
8092,3912,Motor,6962.0,5589371,26,2023-07-10,2025-08-28,Agent,Pol-Motor
8093,4413,Motor,5867.0,957664,50,2023-10-06,2027-11-14,Online,Pol-Motor
8094,718,Motor,7106.0,1912952,30,2024-04-09,2026-09-26,Bancassurance,Pol-Motor
8095,658,Motor,11497.0,4979165,36,2025-08-03,2028-07-18,Aggregator,Pol-Motor
8096,1213,Travel,8533.0,349551,56,2023-03-13,2027-10-18,Aggregator,Pol-Travel
8097,3822,Crop,4113.0,2827347,33,2024-05-30,2027-02-14,Partnership,Pol-Crop
8098,4053,Health,4469.0,3346529,45,2025-04-19,2028-12-29,Aggregator,Pol-Health
8099,2271,Motor,8313.0,11351220,31,2024-01-11,2026-07-29,Agent,Pol-Motor
8100,758,Motor,9369.0,8637885,2,2023-05-31,2023-07-30,Online,Pol-Motor
8101,3479,Motor,7072.0,5072632,15,2023-02-03,2024-04-28,Bancassurance,Pol-Motor
8102,1231,Crop,9679.0,2604585,2,2025-04-01,2025-05-31,Aggregator,Pol-Crop
8103,2974,Health,7875.0,4117554,53,2024-04-25,2028-09-01,Aggregator,Pol-Health
8104,2448,Property,7987.0,9765215,12,2023-09-27,2024-09-21,Aggregator,Pol-Property
8105,3259,Health,11158.0,6922133,18,2024-04-13,2025-10-05,Aggregator,Pol-Health
8106,2013,Health,19170.0,18352735,8,2024-05-30,2025-01-25,Aggregator,Pol-Health
8107,3676,Health,8514.0,5158347,3,2024-04-18,2024-07-17,Agent,Pol-Health
8108,83,Motor,34251.0,6342514,35,2025-04-29,2028-03-14,Agent,Pol-Motor
8109,3763,Health,7881.0,1868336,56,2023-02-15,2027-09-22,Bancassurance,Pol-Health
8110,1401,Crop,7818.0,4151460,33,2024-07-02,2027-03-19,Partnership,Pol-Crop
8111,659,Health,19472.0,6047201,31,2024-12-05,2027-06-23,Agent,Pol-Health
8112,2873,Health,6751.0,4835406,4,2023-07-09,2023-11-06,Aggregator,Pol-Health
8113,1338,Health,2965.0,25560855,23,2024-08-01,2026-06-22,Agent,Pol-Health
8114,3225,Motor,4242.0,1626810,37,2024-08-25,2027-09-09,Agent,Pol-Motor
8115,694,Health,11528.0,3811605,45,2025-04-06,2028-12-16,Aggregator,Pol-Health
8116,4328,Motor,9359.0,22188136,45,2024-08-14,2028-04-25,Online,Pol-Motor
8117,1145,Travel,4608.0,10048552,35,2024-07-20,2027-06-05,Agent,Pol-Travel
8118,3257,Motor,2755.0,6278754,40,2024-02-24,2027-06-08,Agent,Pol-Motor
8119,3528,Health,6062.0,1689662,53,2024-06-18,2028-10-25,Aggregator,Pol-Health
8120,1853,Motor,13347.0,6290704,38,2024-06-27,2027-08-11,Bancassurance,Pol-Motor
8121,4484,Motor,6927.0,4348239,1,2024-12-18,2025-01-17,Online,Pol-Motor
8122,2680,Health,6137.0,14228468,3,2025-08-01,2025-10-30,Agent,Pol-Health
8123,864,Travel,4232.0,5870659,10,2023-05-03,2024-02-27,Online,Pol-Travel
8124,1250,Property,6236.0,21994486,52,2023-02-08,2027-05-18,Agent,Pol-Property
8125,1219,Motor,9569.0,31874091,30,2024-05-16,2026-11-02,Online,Pol-Motor
8126,4905,Health,6664.0,7132820,58,2025-06-25,2030-03-31,Online,Pol-Health
8127,1050,Motor,6738.0,7709832,58,2023-11-13,2028-08-18,Online,Pol-Motor
8128,2903,Health,12843.0,4726777,28,2024-10-04,2027-01-22,Agent,Pol-Health
8129,4633,Motor,4966.0,1273692,16,2023-05-23,2024-09-14,Bancassurance,Pol-Motor
8130,4807,Property,9273.0,1317084,4,2025-06-08,2025-10-06,Online,Pol-Property
8131,1495,Motor,6778.0,12324706,53,2023-01-08,2027-05-17,Aggregator,Pol-Motor
8132,2337,Motor,16646.0,18984929,48,2025-02-03,2029-01-13,Partnership,Pol-Motor
8133,368,Crop,11302.0,3276258,45,2023-03-31,2026-12-10,Agent,Pol-Crop
8134,412,Travel,14310.0,4118030,57,2023-12-06,2028-08-11,Agent,Pol-Travel
8135,3094,Motor,9971.0,4178663,4,2025-07-29,2025-11-26,Aggregator,Pol-Motor
8136,354,Motor,5736.0,2614535,23,2024-07-15,2026-06-05,Aggregator,Pol-Motor
8137,1566,Property,14884.0,40181160,40,2023-03-07,2026-06-19,Online,Pol-Property
8138,1339,Health,8776.0,3858419,23,2025-03-11,2027-01-30,Bancassurance,Pol-Health
8139,4878,Travel,8205.0,14853357,50,2023-06-26,2027-08-04,Online,Pol-Travel
8140,329,Motor,4935.0,707707,15,2024-02-05,2025-04-30,Agent,Pol-Motor
8141,1494,Motor,10615.0,16057273,13,2023-10-24,2024-11-17,Agent,Pol-Motor
8142,2830,Motor,5923.0,35253326,1,2024-06-14,2024-07-14,Bancassurance,Pol-Motor
8143,1487,Health,5629.0,7241115,37,2023-08-19,2026-09-02,Online,Pol-Health
8144,3736,Property,8513.0,10363326,24,2024-04-04,2026-03-25,Aggregator,Pol-Property
8145,738,Property,5381.0,13118279,44,2023-01-11,2026-08-23,Bancassurance,Pol-Property
8146,3889,Crop,5015.0,8931966,1,2023-03-01,2023-03-31,Agent,Pol-Crop
8147,4844,Motor,4590.0,4661300,45,2023-01-21,2026-10-02,Bancassurance,Pol-Motor
8148,1795,Property,12264.0,2638197,50,2024-03-03,2028-04-11,Bancassurance,Pol-Property
8149,1303,Crop,15002.0,10738476,45,2025-05-08,2029-01-17,Online,Pol-Crop
8150,2669,Crop,19076.0,1819455,13,2023-05-31,2024-06-24,Bancassurance,Pol-Crop
8151,4239,Health,11701.0,9976628,57,2024-08-13,2029-04-19,Aggregator,Pol-Health
8152,3883,Health,2306.0,2161630,38,2025-09-25,2028-11-08,Bancassurance,Pol-Health
8153,4167,Health,8605.0,1981243,17,2024-05-23,2025-10-15,Online,Pol-Health
8154,638,Health,6481.0,846266,56,2024-08-20,2029-03-27,Agent,Pol-Health
8155,4563,Motor,24212.0,3406815,51,2024-06-08,2028-08-16,Aggregator,Pol-Motor
8156,2642,Health,8924.0,14087062,30,2024-11-16,2027-05-05,Aggregator,Pol-Health
8157,41,Property,4840.0,9715782,20,2023-11-05,2025-06-27,Partnership,Pol-Property
8158,3986,Motor,5100.0,3578731,42,2024-11-27,2028-05-10,Online,Pol-Motor
8159,2947,Health,3061.0,2485453,5,2024-11-25,2025-04-24,Agent,Pol-Health
8160,771,Health,7080.0,23991805,41,2023-01-11,2026-05-25,Agent,Pol-Health
8161,4375,Property,3343.0,756703,5,2024-08-15,2025-01-12,Bancassurance,Pol-Property
8162,3017,Health,2671.0,5290534,54,2023-05-23,2027-10-29,Online,Pol-Health
8163,3711,Health,4602.0,1982441,46,2023-06-17,2027-03-28,Online,Pol-Health
8164,58,Health,4393.0,6210528,55,2024-09-01,2029-03-09,Agent,Pol-Health
8165,4264,Motor,7600.0,6090567,37,2024-10-16,2027-10-31,Aggregator,Pol-Motor
8166,1654,Motor,8901.0,12976111,16,2023-08-27,2024-12-19,Partnership,Pol-Motor
8167,3238,Motor,7348.0,16024893,21,2023-09-26,2025-06-17,Agent,Pol-Motor
8168,82,Motor,6934.0,940152,34,2025-07-13,2028-04-28,Aggregator,Pol-Motor
8169,4230,Health,8917.0,2722625,46,2024-11-07,2028-08-18,Online,Pol-Health
8170,1509,Travel,13050.0,5818300,50,2024-01-02,2028-02-10,Aggregator,Pol-Travel
8171,262,Motor,4455.0,14403330,6,2025-08-20,2026-02-16,Online,Pol-Motor
8172,3707,Travel,8640.0,9126338,42,2023-09-02,2027-02-13,Agent,Pol-Travel
8173,4115,Health,7426.0,1795211,6,2025-08-12,2026-02-08,Online,Pol-Health
8174,2318,Motor,8994.0,6536864,10,2023-02-17,2023-12-14,Agent,Pol-Motor
8175,4673,Motor,6661.0,11279959,31,2024-03-17,2026-10-03,Aggregator,Pol-Motor
8176,3803,Property,4700.0,2415571,6,2024-07-07,2025-01-03,Online,Pol-Property
8177,2912,Health,6839.0,2796839,3,2023-09-05,2023-12-04,Agent,Pol-Health
8178,669,Motor,5094.0,3248136,57,2023-01-10,2027-09-16,Online,Pol-Motor
8179,1271,Motor,4472.0,2851318,44,2025-06-30,2029-02-09,Aggregator,Pol-Motor
8180,1735,Crop,13264.0,4431301,55,2024-03-08,2028-09-13,Aggregator,Pol-Crop
8181,3815,Motor,7909.0,5331610,52,2023-04-14,2027-07-22,Online,Pol-Motor
8182,4020,Crop,2731.0,5331617,25,2025-05-10,2027-05-30,Agent,Pol-Crop
8183,4716,Motor,1411.0,8144630,20,2024-08-16,2026-04-08,Aggregator,Pol-Motor
8184,3858,Health,6796.0,3972456,35,2024-09-03,2027-07-20,Partnership,Pol-Health
8185,1900,Health,5344.0,2109837,1,2025-08-07,2025-09-06,Online,Pol-Health
8186,2232,Health,7419.0,2305360,52,2025-01-29,2029-05-08,Online,Pol-Health
8187,441,Motor,8277.0,8453450,31,2025-01-27,2027-08-15,Online,Pol-Motor
8188,581,Motor,7286.0,2715394,14,2023-04-09,2024-06-02,Agent,Pol-Motor
8189,3322,Property,4963.0,7637176,3,2024-12-02,2025-03-02,Aggregator,Pol-Property
8190,376,Motor,11917.0,8279947,16,2025-06-02,2026-09-25,Agent,Pol-Motor
8191,3802,Health,4096.0,13778687,14,2025-08-19,2026-10-13,Agent,Pol-Health
8192,1808,Crop,13473.0,2355148,3,2025-09-11,2025-12-10,Agent,Pol-Crop
8193,729,Crop,9812.0,2541024,6,2024-08-23,2025-02-19,Online,Pol-Crop
8194,2438,Motor,5279.0,11762432,9,2024-08-26,2025-05-23,Partnership,Pol-Motor
8195,4276,Health,9137.0,1020783,33,2024-09-22,2027-06-09,Aggregator,Pol-Health
8196,2424,Health,6135.0,9398986,41,2025-01-31,2028-06-14,Agent,Pol-Health
8197,2892,Motor,14519.0,13948414,12,2025-05-18,2026-05-13,Aggregator,Pol-Motor
8198,2377,Motor,5334.0,1043124,2,2023-06-20,2023-08-19,Online,Pol-Motor
8199,1969,Motor,10963.0,6097111,43,2023-10-30,2027-05-12,Aggregator,Pol-Motor
8200,2248,Health,3893.0,3443870,46,2025-02-25,2028-12-06,Online,Pol-Health
8201,2744,Property,8682.0,20663539,3,2023-05-25,2023-08-23,Online,Pol-Property
8202,2857,Crop,8512.0,25036504,13,2023-03-27,2024-04-20,Bancassurance,Pol-Crop
8203,1760,Property,10073.0,48062015,31,2025-01-25,2027-08-13,Aggregator,Pol-Property
8204,1913,Health,9384.0,20597363,9,2025-09-04,2026-06-01,Online,Pol-Health
8205,3673,Travel,6297.0,20097541,40,2024-02-14,2027-05-29,Partnership,Pol-Travel
8206,3809,Health,2779.0,58586390,41,2025-04-26,2028-09-07,Partnership,Pol-Health
8207,1983,Health,3747.0,6151612,8,2025-08-14,2026-04-11,Aggregator,Pol-Health
8208,2678,Crop,2612.0,9513369,22,2024-02-17,2025-12-08,Online,Pol-Crop
8209,1695,Motor,6411.0,22389140,26,2024-12-02,2027-01-21,Agent,Pol-Motor
8210,4532,Motor,12919.0,4977796,57,2025-04-18,2029-12-23,Aggregator,Pol-Motor
8211,1738,Property,5062.0,2737867,16,2025-04-29,2026-08-22,Online,Pol-Property
8212,46,Crop,6015.0,3120281,32,2024-09-17,2027-05-05,Agent,Pol-Crop
8213,1942,Motor,5454.0,4085596,35,2023-07-22,2026-06-06,Online,Pol-Motor
8214,4340,Property,8303.0,5205521,36,2025-06-06,2028-05-21,Agent,Pol-Property
8215,156,Health,7997.0,2998308,1,2023-05-16,2023-06-15,Agent,Pol-Health
8216,3466,Property,5945.0,1184657,7,2024-05-24,2024-12-20,Agent,Pol-Property
8217,962,Motor,4513.0,16770314,50,2025-01-29,2029-03-09,Agent,Pol-Motor
8218,945,Travel,10029.0,42615091,49,2024-07-17,2028-07-26,Online,Pol-Travel
8219,1279,Crop,12677.0,1473991,40,2024-09-26,2028-01-09,Aggregator,Pol-Crop
8220,1386,Health,10953.0,1799750,42,2025-04-08,2028-09-19,Aggregator,Pol-Health
8221,4055,Crop,4135.0,2977737,48,2023-04-13,2027-03-23,Online,Pol-Crop
8222,3920,Crop,2350.0,1753531,11,2025-07-24,2026-06-19,Aggregator,Pol-Crop
8223,1737,Health,6507.0,3639363,11,2025-07-09,2026-06-04,Online,Pol-Health
8224,2867,Travel,14593.0,5365657,13,2025-04-25,2026-05-20,Aggregator,Pol-Travel
8225,2425,Travel,2710.0,8621236,41,2024-09-01,2028-01-14,Agent,Pol-Travel
8226,4249,Motor,5969.0,3960335,4,2023-01-10,2023-05-10,Aggregator,Pol-Motor
8227,3839,Motor,16394.0,20562137,25,2023-03-21,2025-04-09,Agent,Pol-Motor
8228,2820,Motor,11973.0,2238457,3,2024-05-17,2024-08-15,Agent,Pol-Motor
8229,3224,Health,8230.0,3208281,56,2025-02-05,2029-09-12,Online,Pol-Health
8230,2651,Motor,4037.0,44219302,10,2023-11-04,2024-08-30,Aggregator,Pol-Motor
8231,240,Motor,15462.0,6725993,5,2025-03-07,2025-08-04,Agent,Pol-Motor
8232,3255,Travel,6682.0,8194058,12,2024-11-28,2025-11-23,Agent,Pol-Travel
8233,4527,Property,2382.0,2567346,34,2024-03-10,2026-12-25,Aggregator,Pol-Property
8234,500,Crop,15109.0,6389969,12,2023-03-11,2024-03-05,Online,Pol-Crop
8235,3870,Travel,4365.0,5702882,53,2025-01-11,2029-05-20,Agent,Pol-Travel
8236,4393,Motor,35978.0,5944936,38,2024-10-09,2027-11-23,Agent,Pol-Motor
8237,2231,Health,6691.0,7404221,15,2023-01-22,2024-04-16,Aggregator,Pol-Health
8238,3629,Motor,9061.0,17277983,21,2025-07-28,2027-04-19,Partnership,Pol-Motor
8239,1430,Health,7681.0,1734803,55,2024-01-13,2028-07-20,Partnership,Pol-Health
8240,527,Motor,6420.0,9176543,4,2025-05-30,2025-09-27,Agent,Pol-Motor
8241,1809,Motor,10902.0,6762705,11,2024-07-02,2025-05-28,Online,Pol-Motor
8242,1211,Motor,8107.0,10067829,58,2024-12-03,2029-09-08,Partnership,Pol-Motor
8243,3948,Health,7559.0,12930673,10,2023-04-18,2024-02-12,Bancassurance,Pol-Health
8244,1049,Travel,4381.0,4463266,7,2025-09-09,2026-04-07,Online,Pol-Travel
8245,4395,Motor,6805.0,4475919,9,2024-01-22,2024-10-18,Online,Pol-Motor
8246,4669,Health,4074.0,9606010,18,2023-06-22,2024-12-13,Online,Pol-Health
8247,1155,Health,8980.0,2600170,47,2023-03-31,2027-02-08,Partnership,Pol-Health
8248,676,Health,8689.0,4700381,27,2025-05-22,2027-08-10,Online,Pol-Health
8249,3039,Crop,8008.0,5942078,43,2023-06-12,2026-12-23,Agent,Pol-Crop
8250,3279,Motor,13649.0,13793182,28,2025-02-03,2027-05-24,Bancassurance,Pol-Motor
8251,2286,Motor,10952.0,6064731,57,2024-05-04,2029-01-08,Agent,Pol-Motor
8252,2240,Motor,20797.0,6391502,32,2024-05-06,2026-12-22,Agent,Pol-Motor
8253,1052,Health,11996.0,4402757,10,2024-07-03,2025-04-29,Agent,Pol-Health
8254,3179,Motor,7929.0,7053211,34,2024-03-25,2027-01-09,Online,Pol-Motor
8255,3295,Motor,6319.0,6345785,55,2025-05-01,2029-11-06,Online,Pol-Motor
8256,429,Property,3619.0,3006303,5,2023-05-04,2023-10-01,Agent,Pol-Property
8257,2132,Motor,14583.0,9481556,20,2024-04-10,2025-12-01,Bancassurance,Pol-Motor
8258,498,Health,9752.0,1637101,55,2024-07-06,2029-01-11,Aggregator,Pol-Health
8259,2285,Travel,5847.0,5883365,30,2025-04-25,2027-10-12,Aggregator,Pol-Travel
8260,3867,Health,8560.0,26786674,33,2025-09-14,2028-05-31,Online,Pol-Health
8261,851,Health,7846.0,1469251,19,2024-04-22,2025-11-13,Agent,Pol-Health
8262,2660,Motor,7004.0,2241033,2,2023-08-24,2023-10-23,Agent,Pol-Motor
8263,2892,Health,11646.0,15869948,18,2023-01-16,2024-07-09,Agent,Pol-Health
8264,1059,Property,3381.0,11216362,14,2023-11-02,2024-12-26,Agent,Pol-Property
8265,2145,Crop,11231.0,2216001,5,2024-05-18,2024-10-15,Bancassurance,Pol-Crop
8266,3305,Health,14176.0,1832899,58,2024-02-24,2028-11-29,Bancassurance,Pol-Health
8267,2573,Property,4204.0,718878,18,2024-07-12,2026-01-03,Aggregator,Pol-Property
8268,1782,Motor,2756.0,1070953,45,2024-01-14,2027-09-25,Agent,Pol-Motor
8269,489,Motor,9252.0,4430864,51,2023-07-08,2027-09-15,Online,Pol-Motor
8270,404,Property,11884.0,15618046,15,2023-12-04,2025-02-26,Agent,Pol-Property
8271,4870,Motor,4721.0,14003888,23,2023-07-18,2025-06-07,Bancassurance,Pol-Motor
8272,403,Crop,3643.0,10974009,50,2023-09-24,2027-11-02,Online,Pol-Crop
8273,3658,Health,2863.0,1502929,4,2025-06-29,2025-10-27,Aggregator,Pol-Health
8274,1802,Health,12602.0,18860793,34,2024-11-16,2027-09-02,Bancassurance,Pol-Health
8275,184,Property,6957.0,9511629,24,2023-07-23,2025-07-12,Agent,Pol-Property
8276,4991,Property,14069.0,1437821,12,2025-01-25,2026-01-20,Online,Pol-Property
8277,3640,Property,1829.0,1771361,29,2023-05-04,2025-09-20,Agent,Pol-Property
8278,1517,Health,7644.0,11164679,6,2023-09-10,2024-03-08,Aggregator,Pol-Health
8279,4157,Health,12798.0,11836720,24,2023-07-10,2025-06-29,Aggregator,Pol-Health
8280,1709,Travel,4584.0,3778023,47,2025-09-11,2029-07-22,Agent,Pol-Travel
8281,3694,Crop,10611.0,3450207,22,2025-04-13,2027-02-02,Aggregator,Pol-Crop
8282,1948,Motor,4326.0,8351949,59,2024-01-30,2028-12-04,Online,Pol-Motor
8283,4242,Property,4564.0,6339105,17,2024-09-07,2026-01-30,Online,Pol-Property
8284,1550,Crop,7596.0,9333914,57,2024-06-28,2029-03-04,Bancassurance,Pol-Crop
8285,4279,Health,5416.0,1483662,32,2024-09-25,2027-05-13,Online,Pol-Health
8286,4411,Health,14543.0,5314798,25,2023-01-12,2025-01-31,Aggregator,Pol-Health
8287,3949,Health,7364.0,7436760,53,2024-01-23,2028-05-31,Online,Pol-Health
8288,4755,Motor,14814.0,6427652,26,2023-06-28,2025-08-16,Agent,Pol-Motor
8289,2792,Motor,10268.0,5564118,27,2023-08-21,2025-11-08,Online,Pol-Motor
8290,996,Crop,4648.0,2763668,7,2024-08-18,2025-03-16,Online,Pol-Crop
8291,2857,Health,8196.0,7290856,35,2025-05-18,2028-04-02,Online,Pol-Health
8292,652,Motor,4834.0,1097718,34,2025-09-12,2028-06-28,Partnership,Pol-Motor
8293,893,Health,13057.0,6652415,27,2025-02-09,2027-04-30,Online,Pol-Health
8294,2837,Motor,15194.0,20241031,8,2024-07-26,2025-03-23,Agent,Pol-Motor
8295,2003,Crop,3089.0,6530308,35,2023-02-12,2025-12-28,Aggregator,Pol-Crop
8296,1065,Health,9731.0,2357694,18,2025-02-08,2026-08-02,Bancassurance,Pol-Health
8297,2431,Health,13433.0,4014817,23,2023-03-13,2025-01-31,Partnership,Pol-Health
8298,169,Motor,11460.0,2577200,30,2024-04-17,2026-10-04,Aggregator,Pol-Motor
8299,171,Property,6964.0,6464438,16,2024-05-26,2025-09-18,Bancassurance,Pol-Property
8300,3690,Travel,28924.0,5507084,31,2024-07-12,2027-01-28,Partnership,Pol-Travel
8301,739,Property,8251.0,2322678,57,2023-12-10,2028-08-15,Agent,Pol-Property
8302,3528,Health,3493.0,14234101,38,2023-09-09,2026-10-23,Online,Pol-Health
8303,3563,Crop,10368.0,4062705,50,2024-06-14,2028-07-23,Agent,Pol-Crop
8304,1318,Motor,12660.0,7949625,34,2025-09-18,2028-07-04,Agent,Pol-Motor
8305,1288,Motor,9854.0,21863053,1,2024-05-27,2024-06-26,Agent,Pol-Motor
8306,2295,Health,8127.0,1785264,9,2025-08-19,2026-05-16,Agent,Pol-Health
8307,4244,Motor,3659.0,22097511,36,2025-06-26,2028-06-10,Aggregator,Pol-Motor
8308,4037,Motor,3208.0,3110557,44,2023-10-26,2027-06-07,Agent,Pol-Motor
8309,4537,Health,4517.0,17806501,4,2023-02-24,2023-06-24,Agent,Pol-Health
8310,4458,Health,2201.0,15806511,45,2023-06-18,2027-02-27,Agent,Pol-Health
8311,2270,Crop,15750.0,3069054,58,2025-01-07,2029-10-13,Agent,Pol-Crop
8312,658,Motor,7596.0,4872264,20,2024-09-05,2026-04-28,Aggregator,Pol-Motor
8313,4204,Travel,6199.0,995208,45,2023-07-10,2027-03-21,Online,Pol-Travel
8314,3202,Motor,3573.0,3965898,17,2023-11-14,2025-04-07,Bancassurance,Pol-Motor
8315,576,Health,3857.0,2205986,44,2025-05-27,2029-01-06,Agent,Pol-Health
8316,300,Motor,7405.0,2770302,10,2023-11-09,2024-09-04,Partnership,Pol-Motor
8317,3507,Health,6344.0,5709154,46,2024-12-30,2028-10-10,Agent,Pol-Health
8318,1893,Travel,7831.0,7906885,43,2024-06-15,2027-12-27,Online,Pol-Travel
8319,224,Property,3773.0,3050872,40,2025-02-20,2028-06-04,Agent,Pol-Property
8320,3649,Motor,8880.0,5559771,13,2025-07-21,2026-08-15,Agent,Pol-Motor
8321,2742,Health,13909.0,3477715,57,2025-05-24,2030-01-28,Aggregator,Pol-Health
8322,1859,Health,6355.0,8072067,57,2025-04-19,2029-12-24,Online,Pol-Health
8323,3695,Motor,10851.0,4371097,57,2023-04-27,2028-01-01,Agent,Pol-Motor
8324,2298,Crop,6721.0,2010608,38,2023-09-09,2026-10-23,Agent,Pol-Crop
8325,4337,Motor,6049.0,2819994,44,2025-08-16,2029-03-28,Bancassurance,Pol-Motor
8326,2865,Health,9086.0,4219251,16,2024-05-31,2025-09-23,Online,Pol-Health
8327,3545,Motor,5806.0,9551066,39,2025-07-27,2028-10-09,Online,Pol-Motor
8328,1700,Motor,5358.0,21067783,33,2025-05-01,2028-01-16,Agent,Pol-Motor
8329,3335,Crop,12593.0,3031182,27,2024-08-05,2026-10-24,Partnership,Pol-Crop
8330,2063,Motor,2954.0,1110744,37,2023-02-20,2026-03-06,Aggregator,Pol-Motor
8331,665,Motor,7670.0,16652622,48,2024-12-09,2028-11-18,Aggregator,Pol-Motor
8332,496,Property,4321.0,8956271,16,2024-05-18,2025-09-10,Bancassurance,Pol-Property
8333,1465,Motor,18092.0,6999097,15,2025-01-20,2026-04-15,Online,Pol-Motor
8334,4646,Health,11539.0,1635753,16,2023-08-28,2024-12-20,Agent,Pol-Health
8335,2085,Health,13897.0,5032373,6,2023-02-10,2023-08-09,Online,Pol-Health
8336,3706,Travel,8091.0,10158440,29,2024-12-27,2027-05-16,Agent,Pol-Travel
8337,436,Property,10055.0,1511203,40,2024-03-21,2027-07-04,Online,Pol-Property
8338,2341,Travel,8146.0,12307452,17,2025-07-07,2026-11-29,Agent,Pol-Travel
8339,4397,Health,5533.0,7822413,40,2023-03-28,2026-07-10,Online,Pol-Health
8340,1698,Motor,17775.0,16243410,7,2025-07-01,2026-01-27,Aggregator,Pol-Motor
8341,4012,Motor,10423.0,11046357,34,2025-02-01,2027-11-18,Agent,Pol-Motor
8342,1047,Crop,4856.0,736759,45,2024-02-29,2027-11-10,Aggregator,Pol-Crop
8343,2398,Health,3352.0,2187447,55,2023-10-02,2028-04-08,Agent,Pol-Health
8344,1090,Motor,4410.0,9949397,36,2024-06-24,2027-06-09,Aggregator,Pol-Motor
8345,1419,Travel,7541.0,1791667,26,2023-05-02,2025-06-20,Online,Pol-Travel
8346,3022,Motor,5293.0,2676652,26,2023-05-12,2025-06-30,Online,Pol-Motor
8347,3049,Health,11693.0,4653960,11,2023-07-16,2024-06-10,Partnership,Pol-Health
8348,570,Property,8429.0,3432270,54,2023-07-21,2027-12-27,Bancassurance,Pol-Property
8349,29,Property,6473.0,891794,25,2024-10-15,2026-11-04,Agent,Pol-Property
8350,3155,Motor,7337.0,8039050,36,2025-03-15,2028-02-28,Partnership,Pol-Motor
8351,3507,Health,6894.0,4403171,42,2024-03-01,2027-08-13,Online,Pol-Health
8352,641,Motor,6523.0,6704276,48,2023-07-03,2027-06-12,Partnership,Pol-Motor
8353,3205,Health,8890.0,4492254,2,2025-09-21,2025-11-20,Online,Pol-Health
8354,4211,Health,5671.0,696418,41,2023-01-04,2026-05-18,Aggregator,Pol-Health
8355,4776,Crop,4090.0,3007724,28,2025-02-12,2027-06-02,Agent,Pol-Crop
8356,4177,Motor,10657.0,2355733,1,2024-01-02,2024-02-01,Bancassurance,Pol-Motor
8357,1986,Crop,4925.0,5537069,6,2025-02-17,2025-08-16,Agent,Pol-Crop
8358,2655,Property,13632.0,9788196,55,2024-12-27,2029-07-04,Online,Pol-Property
8359,4817,Health,6752.0,3784922,40,2024-02-08,2027-05-23,Online,Pol-Health
8360,4032,Motor,5864.0,9497534,36,2024-12-22,2027-12-07,Aggregator,Pol-Motor
8361,4168,Motor,4595.0,18558669,1,2024-02-02,2024-03-03,Bancassurance,Pol-Motor
8362,2030,Property,6282.0,9136553,49,2025-02-07,2029-02-16,Agent,Pol-Property
8363,474,Travel,8734.0,29049659,15,2025-02-06,2026-05-02,Bancassurance,Pol-Travel
8364,171,Health,4940.0,1868904,1,2023-09-06,2023-10-06,Online,Pol-Health
8365,2088,Crop,10596.0,14093747,19,2024-12-03,2026-06-26,Agent,Pol-Crop
8366,3245,Health,4215.0,3502265,25,2023-12-27,2026-01-15,Agent,Pol-Health
8367,2472,Crop,11585.0,7161257,14,2023-12-24,2025-02-16,Bancassurance,Pol-Crop
8368,1246,Motor,7747.0,1379318,22,2024-08-21,2026-06-12,Bancassurance,Pol-Motor
8369,798,Property,5854.0,30126205,23,2023-08-11,2025-07-01,Online,Pol-Property
8370,3747,Crop,8883.0,2822449,7,2024-10-15,2025-05-13,Agent,Pol-Crop
8371,2498,Crop,16341.0,11510120,34,2024-08-05,2027-05-22,Agent,Pol-Crop
8372,4741,Property,13051.0,27350176,11,2024-07-14,2025-06-09,Agent,Pol-Property
8373,322,Motor,8797.0,5199533,16,2025-06-20,2026-10-13,Bancassurance,Pol-Motor
8374,3935,Health,11708.0,16809484,47,2024-11-18,2028-09-28,Aggregator,Pol-Health
8375,3896,Motor,5933.0,1756499,38,2025-04-08,2028-05-22,Agent,Pol-Motor
8376,1069,Motor,5351.0,12017065,9,2024-10-24,2025-07-21,Agent,Pol-Motor
8377,324,Motor,10467.0,6163226,4,2025-03-18,2025-07-16,Bancassurance,Pol-Motor
8378,3333,Motor,8258.0,4431413,45,2024-12-17,2028-08-28,Bancassurance,Pol-Motor
8379,2668,Health,6342.0,3051936,56,2024-11-27,2029-07-04,Agent,Pol-Health
8380,2095,Health,10975.0,1488221,40,2023-05-30,2026-09-11,Online,Pol-Health
8381,645,Motor,7494.0,6099599,35,2024-09-26,2027-08-12,Online,Pol-Motor
8382,3845,Health,13936.0,3712679,23,2024-10-19,2026-09-09,Agent,Pol-Health
8383,1712,Motor,2547.0,9494000,24,2025-07-17,2027-07-07,Partnership,Pol-Motor
8384,2681,Motor,5694.0,7019648,54,2024-05-21,2028-10-27,Partnership,Pol-Motor
8385,841,Property,11635.0,7237636,4,2023-05-03,2023-08-31,Bancassurance,Pol-Property
8386,303,Motor,16750.0,9453964,30,2024-08-09,2027-01-26,Agent,Pol-Motor
8387,3262,Health,14238.0,2093104,40,2024-06-02,2027-09-15,Agent,Pol-Health
8388,4868,Motor,5343.0,1408606,59,2024-07-05,2029-05-10,Online,Pol-Motor
8389,3761,Health,13818.0,2280800,32,2025-01-17,2027-09-04,Aggregator,Pol-Health
8390,2625,Motor,2963.0,4095180,52,2023-04-20,2027-07-28,Bancassurance,Pol-Motor
8391,4960,Motor,4629.0,2281683,38,2023-12-15,2027-01-28,Bancassurance,Pol-Motor
8392,336,Motor,6443.0,1757552,34,2024-07-30,2027-05-16,Aggregator,Pol-Motor
8393,1879,Property,9200.0,1365018,34,2023-06-16,2026-04-01,Online,Pol-Property
8394,3292,Motor,4489.0,4640098,31,2024-07-27,2027-02-12,Agent,Pol-Motor
8395,1853,Motor,6843.0,4291623,31,2025-06-13,2027-12-30,Online,Pol-Motor
8396,4756,Motor,14492.0,5303881,32,2025-03-27,2027-11-12,Bancassurance,Pol-Motor
8397,2001,Health,4075.0,10911692,36,2025-09-11,2028-08-26,Partnership,Pol-Health
8398,4708,Motor,3918.0,5397220,22,2023-02-03,2024-11-24,Partnership,Pol-Motor
8399,5000,Motor,4939.0,8698486,19,2023-12-12,2025-07-04,Partnership,Pol-Motor
8400,2130,Travel,24193.0,9401882,45,2024-05-06,2028-01-16,Online,Pol-Travel
8401,969,Motor,9042.0,1790686,35,2024-09-28,2027-08-14,Online,Pol-Motor
8402,1957,Health,4775.0,33372859,38,2024-03-18,2027-05-02,Online,Pol-Health
8403,2526,Travel,11611.0,2513735,42,2024-09-29,2028-03-12,Aggregator,Pol-Travel
8404,2347,Motor,2927.0,4878514,15,2025-04-26,2026-07-20,Partnership,Pol-Motor
8405,750,Health,6867.0,3140827,56,2023-10-12,2028-05-18,Online,Pol-Health
8406,2744,Motor,7842.0,4825354,38,2025-03-03,2028-04-16,Agent,Pol-Motor
8407,1300,Crop,12785.0,16765545,8,2024-07-25,2025-03-22,Online,Pol-Crop
8408,304,Crop,3568.0,14790255,32,2025-01-31,2027-09-18,Aggregator,Pol-Crop
8409,2916,Motor,13934.0,3549351,36,2023-03-11,2026-02-23,Bancassurance,Pol-Motor
8410,4066,Motor,12246.0,1505671,37,2024-05-14,2027-05-29,Agent,Pol-Motor
8411,3345,Health,14302.0,29634951,30,2023-01-27,2025-07-15,Aggregator,Pol-Health
8412,36,Travel,4023.0,19772800,51,2023-11-20,2028-01-28,Agent,Pol-Travel
8413,4518,Motor,17455.0,696956,48,2024-08-02,2028-07-12,Partnership,Pol-Motor
8414,3550,Travel,2862.0,6372011,23,2023-12-30,2025-11-19,Online,Pol-Travel
8415,2386,Property,3920.0,1505216,43,2025-01-30,2028-08-12,Aggregator,Pol-Property
8416,4724,Motor,8015.0,4530051,7,2024-03-02,2024-09-28,Online,Pol-Motor
8417,1434,Property,6070.0,6309953,22,2024-09-09,2026-07-01,Aggregator,Pol-Property
8418,4559,Motor,3750.0,8817669,36,2023-10-20,2026-10-04,Partnership,Pol-Motor
8419,81,Health,23904.0,1137032,39,2023-06-27,2026-09-09,Bancassurance,Pol-Health
8420,1503,Motor,3139.0,22383912,28,2024-06-23,2026-10-11,Online,Pol-Motor
8421,4516,Health,3078.0,2191167,12,2025-07-20,2026-07-15,Online,Pol-Health
8422,3512,Health,8629.0,3337718,3,2025-09-07,2025-12-06,Bancassurance,Pol-Health
8423,2943,Health,7135.0,6274871,45,2024-08-01,2028-04-12,Online,Pol-Health
8424,795,Health,3529.0,3277844,38,2024-11-30,2028-01-14,Online,Pol-Health
8425,1731,Health,21804.0,8383470,44,2025-02-23,2028-10-05,Online,Pol-Health
8426,184,Travel,7721.0,7608391,36,2024-08-29,2027-08-14,Agent,Pol-Travel
8427,4654,Property,5516.0,8674928,21,2024-12-02,2026-08-24,Online,Pol-Property
8428,1172,Health,7329.0,7052883,22,2024-08-23,2026-06-14,Online,Pol-Health
8429,2043,Motor,3339.0,1533896,23,2024-04-26,2026-03-17,Agent,Pol-Motor
8430,1288,Motor,12633.0,8204932,7,2024-07-12,2025-02-07,Agent,Pol-Motor
8431,3677,Motor,8353.0,19578347,7,2025-08-02,2026-02-28,Bancassurance,Pol-Motor
8432,4936,Health,6476.0,3058761,21,2025-05-05,2027-01-25,Agent,Pol-Health
8433,3561,Health,7327.0,5121500,44,2023-08-14,2027-03-26,Agent,Pol-Health
8434,1883,Health,4704.0,13112371,14,2025-03-01,2026-04-25,Bancassurance,Pol-Health
8435,282,Travel,12937.0,12954274,42,2025-04-23,2028-10-04,Online,Pol-Travel
8436,4711,Motor,5289.0,2817099,7,2025-05-30,2025-12-26,Agent,Pol-Motor
8437,2250,Health,5552.0,2465659,5,2025-09-10,2026-02-07,Agent,Pol-Health
8438,4670,Crop,8098.0,5428203,37,2024-12-21,2028-01-05,Aggregator,Pol-Crop
8439,417,Health,2689.0,7161766,19,2023-11-21,2025-06-13,Agent,Pol-Health
8440,317,Health,9656.0,10934596,25,2025-04-21,2027-05-11,Agent,Pol-Health
8441,3300,Travel,7229.0,822992,12,2024-03-20,2025-03-15,Agent,Pol-Travel
8442,2964,Health,9566.0,4354460,9,2023-12-01,2024-08-27,Aggregator,Pol-Health
8443,1092,Property,6498.0,5614616,1,2023-07-25,2023-08-24,Aggregator,Pol-Property
8444,2845,Travel,4812.0,1209140,52,2023-08-25,2027-12-02,Agent,Pol-Travel
8445,3886,Health,7764.0,6482080,43,2024-07-04,2028-01-15,Online,Pol-Health
8446,677,Motor,12045.0,2794920,29,2024-12-20,2027-05-09,Bancassurance,Pol-Motor
8447,1125,Crop,5557.0,13308014,43,2023-10-06,2027-04-18,Partnership,Pol-Crop
8448,2291,Property,11103.0,3987705,19,2024-03-08,2025-09-29,Aggregator,Pol-Property
8449,1114,Motor,6315.0,4932811,15,2025-08-17,2026-11-10,Agent,Pol-Motor
8450,1973,Health,5835.0,1727644,36,2024-10-24,2027-10-09,Agent,Pol-Health
8451,2949,Health,11416.0,16958232,18,2024-06-11,2025-12-03,Agent,Pol-Health
8452,4223,Crop,8719.0,12553402,22,2025-07-17,2027-05-08,Online,Pol-Crop
8453,4715,Motor,3697.0,5649172,22,2023-02-20,2024-12-11,Online,Pol-Motor
8454,4930,Health,6630.0,4302609,30,2024-07-15,2027-01-01,Online,Pol-Health
8455,1423,Health,4102.0,11999405,7,2023-12-02,2024-06-29,Partnership,Pol-Health
8456,3374,Health,9545.0,10067834,48,2023-03-07,2027-02-14,Aggregator,Pol-Health
8457,756,Travel,4652.0,2743281,6,2024-02-18,2024-08-16,Agent,Pol-Travel
8458,3769,Travel,7946.0,2592489,13,2024-09-01,2025-09-26,Bancassurance,Pol-Travel
8459,4872,Motor,9505.0,2420538,56,2024-05-02,2028-12-07,Agent,Pol-Motor
8460,3837,Motor,9553.0,5020005,52,2023-02-04,2027-05-14,Agent,Pol-Motor
8461,3973,Motor,5577.0,3832125,14,2024-05-14,2025-07-08,Online,Pol-Motor
8462,4169,Health,7513.0,15490649,2,2024-09-27,2024-11-26,Aggregator,Pol-Health
8463,4475,Health,5173.0,14355053,42,2024-03-18,2027-08-30,Bancassurance,Pol-Health
8464,2993,Health,5931.0,4827361,16,2023-05-05,2024-08-27,Aggregator,Pol-Health
8465,492,Motor,4563.0,9580797,39,2024-06-22,2027-09-05,Agent,Pol-Motor
8466,684,Motor,7540.0,13139994,46,2023-04-22,2027-01-31,Agent,Pol-Motor
8467,1976,Motor,9312.0,42865333,33,2023-06-13,2026-02-27,Aggregator,Pol-Motor
8468,304,Health,4809.0,10888335,1,2023-06-07,2023-07-07,Aggregator,Pol-Health
8469,3998,Health,4822.0,9471797,30,2024-11-24,2027-05-13,Aggregator,Pol-Health
8470,1953,Motor,16281.0,634123,11,2025-03-14,2026-02-07,Agent,Pol-Motor
8471,3570,Motor,4817.0,14579628,14,2024-07-26,2025-09-19,Aggregator,Pol-Motor
8472,4005,Property,10504.0,6006061,37,2025-07-17,2028-07-31,Agent,Pol-Property
8473,1261,Crop,12131.0,2855637,37,2023-07-12,2026-07-26,Agent,Pol-Crop
8474,1031,Motor,8454.0,2662281,53,2024-08-31,2029-01-07,Agent,Pol-Motor
8475,4352,Health,8799.0,7573399,35,2024-01-21,2026-12-06,Bancassurance,Pol-Health
8476,1195,Motor,7599.0,1556598,14,2023-01-12,2024-03-07,Bancassurance,Pol-Motor
8477,3360,Motor,3706.0,2100256,48,2025-09-01,2029-08-11,Aggregator,Pol-Motor
8478,234,Property,12524.0,10889869,22,2023-11-23,2025-09-13,Bancassurance,Pol-Property
8479,2921,Motor,5864.0,14081856,31,2024-10-04,2027-04-22,Online,Pol-Motor
8480,1719,Health,11118.0,20313916,18,2024-10-08,2026-04-01,Partnership,Pol-Health
8481,493,Travel,7250.0,2006023,10,2025-07-29,2026-05-25,Online,Pol-Travel
8482,3283,Property,9315.0,2801024,24,2023-01-07,2024-12-27,Partnership,Pol-Property
8483,2015,Health,8400.0,6341500,24,2024-11-30,2026-11-20,Online,Pol-Health
8484,4325,Motor,5805.0,13140876,32,2023-04-23,2025-12-08,Online,Pol-Motor
8485,345,Motor,10891.0,7975552,37,2023-01-16,2026-01-30,Bancassurance,Pol-Motor
8486,265,Property,3760.0,6503592,54,2024-07-26,2029-01-01,Online,Pol-Property
8487,3576,Motor,13564.0,3190656,34,2023-07-06,2026-04-21,Bancassurance,Pol-Motor
8488,4840,Motor,12723.0,1917476,53,2023-08-27,2028-01-03,Online,Pol-Motor
8489,1673,Motor,6421.0,1395100,56,2024-04-24,2028-11-29,Agent,Pol-Motor
8490,3648,Motor,8314.0,3868296,10,2023-06-05,2024-03-31,Online,Pol-Motor
8491,429,Health,6461.0,2859699,46,2024-12-07,2028-09-17,Partnership,Pol-Health
8492,3163,Crop,4842.0,3156407,14,2025-07-20,2026-09-13,Agent,Pol-Crop
8493,2911,Travel,7024.0,6071488,23,2024-09-27,2026-08-18,Agent,Pol-Travel
8494,454,Property,8404.0,8236261,32,2024-07-13,2027-02-28,Online,Pol-Property
8495,349,Motor,14265.0,3185606,47,2025-01-22,2028-12-02,Online,Pol-Motor
8496,422,Motor,6637.0,7205485,57,2025-03-02,2029-11-06,Online,Pol-Motor
8497,2763,Motor,7369.0,8675380,12,2023-09-02,2024-08-27,Online,Pol-Motor
8498,4782,Motor,14085.0,3368538,41,2025-05-21,2028-10-02,Online,Pol-Motor
8499,582,Health,9451.0,3220953,24,2023-08-28,2025-08-17,Partnership,Pol-Health
8500,2663,Crop,3647.0,5819093,34,2024-12-02,2027-09-18,Agent,Pol-Crop
8501,4259,Health,7222.0,2223467,47,2023-05-30,2027-04-09,Online,Pol-Health
8502,2352,Property,11140.0,57209874,20,2025-04-17,2026-12-08,Online,Pol-Property
8503,2367,Health,25053.0,7053542,29,2025-04-20,2027-09-07,Agent,Pol-Health
8504,1030,Health,8044.0,1977867,16,2025-05-17,2026-09-09,Online,Pol-Health
8505,1325,Travel,2588.0,8034348,52,2025-05-22,2029-08-29,Online,Pol-Travel
8506,101,Property,2950.0,3547944,40,2024-08-10,2027-11-23,Partnership,Pol-Property
8507,416,Health,5201.0,12683631,50,2023-05-23,2027-07-01,Partnership,Pol-Health
8508,1384,Motor,4564.0,7082246,42,2025-04-17,2028-09-28,Aggregator,Pol-Motor
8509,2434,Motor,11092.0,7926935,9,2025-07-30,2026-04-26,Bancassurance,Pol-Motor
8510,1044,Crop,18681.0,470755,44,2023-11-09,2027-06-21,Agent,Pol-Crop
8511,1747,Motor,10806.0,6927624,50,2023-01-15,2027-02-23,Online,Pol-Motor
8512,4492,Health,11539.0,22154534,52,2023-11-28,2028-03-06,Agent,Pol-Health
8513,4444,Health,10207.0,21969507,3,2024-02-02,2024-05-02,Online,Pol-Health
8514,1289,Property,8791.0,35903899,10,2023-03-07,2024-01-01,Agent,Pol-Property
8515,4861,Motor,5012.0,19030619,40,2025-09-04,2028-12-17,Bancassurance,Pol-Motor
8516,4140,Motor,10875.0,5199955,1,2024-07-27,2024-08-26,Aggregator,Pol-Motor
8517,4171,Property,6109.0,12542313,55,2023-10-10,2028-04-16,Online,Pol-Property
8518,4149,Health,11090.0,5224322,7,2023-02-13,2023-09-11,Bancassurance,Pol-Health
8519,3955,Motor,9104.0,9223968,31,2023-07-28,2026-02-12,Aggregator,Pol-Motor
8520,38,Travel,7332.0,12758330,41,2025-03-22,2028-08-03,Partnership,Pol-Travel
8521,766,Property,5057.0,5830462,13,2023-01-25,2024-02-19,Aggregator,Pol-Property
8522,3878,Health,7075.0,12544877,58,2023-02-12,2027-11-18,Partnership,Pol-Health
8523,2465,Property,5481.0,3289666,56,2024-08-04,2029-03-11,Agent,Pol-Property
8524,4807,Motor,3095.0,9973539,22,2025-08-15,2027-06-06,Agent,Pol-Motor
8525,4844,Travel,4211.0,6528483,16,2024-12-02,2026-03-27,Online,Pol-Travel
8526,2892,Travel,8489.0,3462655,22,2025-09-22,2027-07-14,Partnership,Pol-Travel
8527,116,Health,1994.0,12819081,6,2023-12-29,2024-06-26,Agent,Pol-Health
8528,279,Health,24056.0,1502999,53,2023-06-02,2027-10-09,Bancassurance,Pol-Health
8529,454,Property,5700.0,4212491,46,2023-12-23,2027-10-03,Agent,Pol-Property
8530,3214,Health,11261.0,5430785,1,2024-01-09,2024-02-08,Partnership,Pol-Health
8531,4704,Health,2488.0,20196775,2,2024-01-04,2024-03-04,Partnership,Pol-Health
8532,4465,Health,4492.0,4832712,27,2025-02-01,2027-04-22,Online,Pol-Health
8533,4466,Motor,12463.0,4850264,12,2025-01-17,2026-01-12,Aggregator,Pol-Motor
8534,301,Health,9033.0,14566282,6,2024-02-04,2024-08-02,Online,Pol-Health
8535,717,Health,6016.0,6015494,2,2023-05-16,2023-07-15,Online,Pol-Health
8536,1376,Motor,19808.0,2658846,37,2023-01-28,2026-02-11,Online,Pol-Motor
8537,195,Property,3618.0,47073912,10,2023-04-17,2024-02-11,Online,Pol-Property
8538,1329,Health,12679.0,12344508,17,2025-04-18,2026-09-10,Agent,Pol-Health
8539,4354,Health,5915.0,4045981,17,2025-06-14,2026-11-06,Agent,Pol-Health
8540,1980,Motor,4799.0,4796346,6,2023-12-14,2024-06-11,Agent,Pol-Motor
8541,1558,Health,2743.0,1953074,1,2025-01-04,2025-02-03,Online,Pol-Health
8542,3125,Property,2946.0,6810692,20,2024-03-17,2025-11-07,Online,Pol-Property
8543,4883,Health,7863.0,12499196,18,2023-06-07,2024-11-28,Aggregator,Pol-Health
8544,529,Health,7616.0,1067117,9,2023-09-10,2024-06-06,Agent,Pol-Health
8545,498,Property,5013.0,6509105,32,2024-01-22,2026-09-08,Online,Pol-Property
8546,1811,Motor,6620.0,1475429,17,2024-11-15,2026-04-09,Agent,Pol-Motor
8547,2846,Motor,6807.0,4044246,19,2025-08-12,2027-03-05,Bancassurance,Pol-Motor
8548,2126,Motor,5795.0,6212135,55,2023-03-10,2027-09-15,Bancassurance,Pol-Motor
8549,320,Health,4445.0,6384303,49,2024-09-02,2028-09-11,Agent,Pol-Health
8550,3364,Property,9547.0,46021423,13,2023-07-03,2024-07-27,Bancassurance,Pol-Property
8551,2570,Health,13668.0,6988753,1,2024-10-05,2024-11-04,Agent,Pol-Health
8552,3387,Motor,8844.0,3246651,45,2024-05-23,2028-02-02,Online,Pol-Motor
8553,4710,Motor,9117.0,2304156,38,2023-01-25,2026-03-10,Agent,Pol-Motor
8554,4726,Motor,10700.0,3250041,44,2024-04-01,2027-11-12,Bancassurance,Pol-Motor
8555,2717,Motor,6526.0,7546292,38,2023-10-30,2026-12-13,Online,Pol-Motor
8556,3339,Health,5317.0,1104825,36,2024-09-21,2027-09-06,Online,Pol-Health
8557,245,Motor,2711.0,1817993,10,2023-06-18,2024-04-13,Online,Pol-Motor
8558,2720,Health,5561.0,7013611,35,2024-05-14,2027-03-30,Aggregator,Pol-Health
8559,870,Travel,5350.0,4564161,26,2025-05-14,2027-07-03,Bancassurance,Pol-Travel
8560,1460,Motor,4333.0,8238920,48,2023-01-05,2026-12-15,Bancassurance,Pol-Motor
8561,4110,Crop,8245.0,2616544,33,2023-06-16,2026-03-02,Online,Pol-Crop
8562,671,Health,6657.0,3158213,40,2023-05-04,2026-08-16,Aggregator,Pol-Health
8563,4737,Crop,9076.0,14207375,8,2025-04-17,2025-12-13,Agent,Pol-Crop
8564,686,Motor,4178.0,9723186,55,2023-11-24,2028-05-31,Online,Pol-Motor
8565,1975,Crop,3421.0,1373805,20,2024-06-22,2026-02-12,Aggregator,Pol-Crop
8566,1012,Travel,10240.0,1113489,2,2023-04-18,2023-06-17,Online,Pol-Travel
8567,1385,Crop,11080.0,2120537,39,2024-04-27,2027-07-11,Online,Pol-Crop
8568,4139,Property,4815.0,3173689,40,2024-02-12,2027-05-27,Bancassurance,Pol-Property
8569,911,Motor,6134.0,12539009,28,2023-11-03,2026-02-20,Aggregator,Pol-Motor
8570,1318,Motor,8409.0,1754904,29,2025-01-08,2027-05-28,Online,Pol-Motor
8571,3127,Crop,9798.0,10466631,53,2023-10-10,2028-02-16,Aggregator,Pol-Crop
8572,567,Motor,3046.0,3844976,25,2023-06-17,2025-07-06,Online,Pol-Motor
8573,3918,Motor,11995.0,4746614,26,2025-05-13,2027-07-02,Agent,Pol-Motor
8574,1466,Motor,3773.0,3631872,8,2024-10-16,2025-06-13,Online,Pol-Motor
8575,4203,Health,3635.0,7274593,30,2025-07-30,2028-01-16,Aggregator,Pol-Health
8576,1208,Health,5962.0,13140704,52,2024-08-06,2028-11-13,Online,Pol-Health
8577,3571,Travel,5904.0,2818270,58,2024-11-01,2029-08-07,Online,Pol-Travel
8578,2466,Crop,7436.0,14594970,57,2023-04-18,2027-12-23,Partnership,Pol-Crop
8579,4145,Health,7930.0,11543646,1,2024-03-31,2024-04-30,Online,Pol-Health
8580,4349,Health,17120.0,4170707,28,2025-07-23,2027-11-10,Aggregator,Pol-Health
8581,3927,Health,4647.0,3001658,30,2023-08-10,2026-01-26,Online,Pol-Health
8582,3141,Motor,12485.0,19042475,13,2023-12-10,2025-01-03,Partnership,Pol-Motor
8583,3514,Crop,3503.0,4208627,41,2024-11-08,2028-03-22,Agent,Pol-Crop
8584,4011,Health,3950.0,4507127,49,2023-01-02,2027-01-11,Aggregator,Pol-Health
8585,2878,Health,4582.0,7873138,21,2023-02-01,2024-10-23,Online,Pol-Health
8586,1401,Motor,2793.0,10786036,21,2023-09-07,2025-05-29,Partnership,Pol-Motor
8587,1569,Health,9171.0,18116058,40,2024-03-07,2027-06-20,Aggregator,Pol-Health
8588,741,Motor,13491.0,8627714,11,2025-04-02,2026-02-26,Online,Pol-Motor
8589,700,Motor,11538.0,6153585,27,2025-08-24,2027-11-12,Agent,Pol-Motor
8590,703,Crop,3391.0,6650962,5,2023-04-07,2023-09-04,Bancassurance,Pol-Crop
8591,4389,Motor,22924.0,1768992,13,2024-08-21,2025-09-15,Aggregator,Pol-Motor
8592,956,Health,7753.0,4101196,12,2024-05-23,2025-05-18,Bancassurance,Pol-Health
8593,874,Property,15874.0,2231436,40,2023-04-03,2026-07-16,Partnership,Pol-Property
8594,2409,Crop,6838.0,11347123,33,2023-06-23,2026-03-09,Online,Pol-Crop
8595,4598,Property,6875.0,3003480,58,2023-10-15,2028-07-20,Aggregator,Pol-Property
8596,3379,Crop,6076.0,15016759,30,2025-03-23,2027-09-09,Online,Pol-Crop
8597,1821,Motor,20596.0,3501231,3,2023-02-18,2023-05-19,Online,Pol-Motor
8598,4745,Travel,14675.0,2947721,48,2023-04-22,2027-04-01,Online,Pol-Travel
8599,4182,Motor,7121.0,2771618,23,2023-08-09,2025-06-29,Partnership,Pol-Motor
8600,4392,Motor,6244.0,1497737,31,2023-09-25,2026-04-12,Online,Pol-Motor
8601,3243,Motor,10641.0,2541078,6,2024-09-22,2025-03-21,Aggregator,Pol-Motor
8602,1380,Travel,2888.0,2771887,11,2023-09-03,2024-07-29,Aggregator,Pol-Travel
8603,279,Health,2473.0,13106174,37,2024-07-03,2027-07-18,Aggregator,Pol-Health
8604,4348,Motor,4368.0,4150261,39,2024-01-21,2027-04-05,Aggregator,Pol-Motor
8605,1032,Motor,8847.0,4532571,47,2023-07-18,2027-05-28,Partnership,Pol-Motor
8606,4682,Motor,12465.0,3741055,45,2025-03-18,2028-11-27,Bancassurance,Pol-Motor
8607,1344,Health,3936.0,13685250,37,2023-03-03,2026-03-17,Online,Pol-Health
8608,605,Motor,15822.0,6293599,39,2023-05-16,2026-07-29,Bancassurance,Pol-Motor
8609,2656,Health,5608.0,2358459,58,2024-02-07,2028-11-12,Online,Pol-Health
8610,592,Property,9076.0,1656939,51,2024-12-02,2029-02-09,Aggregator,Pol-Property
8611,3955,Health,5598.0,3381188,6,2023-07-01,2023-12-28,Online,Pol-Health
8612,12,Crop,6916.0,16026349,18,2024-05-16,2025-11-07,Partnership,Pol-Crop
8613,122,Motor,18091.0,4717122,1,2025-03-15,2025-04-14,Aggregator,Pol-Motor
8614,4521,Motor,5608.0,15365163,18,2025-08-26,2027-02-17,Agent,Pol-Motor
8615,2277,Property,4579.0,25337409,52,2023-01-15,2027-04-24,Bancassurance,Pol-Property
8616,2645,Crop,10233.0,31222837,11,2025-03-03,2026-01-27,Online,Pol-Crop
8617,4074,Health,11933.0,4032657,42,2023-07-11,2026-12-22,Aggregator,Pol-Health
8618,878,Crop,3450.0,2517423,6,2024-01-31,2024-07-29,Online,Pol-Crop
8619,786,Health,8811.0,10887412,59,2024-08-01,2029-06-06,Online,Pol-Health
8620,2077,Motor,9589.0,1997169,5,2023-07-22,2023-12-19,Agent,Pol-Motor
8621,101,Health,17546.0,5460351,24,2025-09-18,2027-09-08,Aggregator,Pol-Health
8622,376,Motor,5996.0,2403189,2,2023-03-29,2023-05-28,Bancassurance,Pol-Motor
8623,646,Health,14378.0,3683140,48,2023-09-22,2027-09-01,Agent,Pol-Health
8624,3383,Motor,7948.0,4928195,35,2023-01-21,2025-12-06,Aggregator,Pol-Motor
8625,3512,Motor,6313.0,3553711,34,2024-02-20,2026-12-06,Aggregator,Pol-Motor
8626,2741,Crop,5058.0,10479809,42,2025-06-20,2028-12-01,Bancassurance,Pol-Crop
8627,3529,Motor,9398.0,6681629,2,2023-07-31,2023-09-29,Partnership,Pol-Motor
8628,4817,Motor,4089.0,2241976,52,2024-09-05,2028-12-13,Aggregator,Pol-Motor
8629,2024,Travel,4246.0,2427211,12,2024-09-11,2025-09-06,Online,Pol-Travel
8630,4567,Health,9922.0,3004629,2,2023-09-29,2023-11-28,Online,Pol-Health
8631,1953,Health,18466.0,17298386,47,2023-11-03,2027-09-13,Bancassurance,Pol-Health
8632,1046,Crop,3607.0,10408354,50,2023-12-14,2028-01-22,Online,Pol-Crop
8633,2098,Health,5084.0,900960,35,2023-12-08,2026-10-23,Online,Pol-Health
8634,3823,Motor,8489.0,7068205,29,2023-09-07,2026-01-24,Partnership,Pol-Motor
8635,4822,Health,5562.0,51759292,33,2023-10-26,2026-07-12,Agent,Pol-Health
8636,3867,Property,2864.0,7159770,5,2024-04-15,2024-09-12,Agent,Pol-Property
8637,3632,Crop,4782.0,5018099,43,2025-03-11,2028-09-21,Online,Pol-Crop
8638,2015,Motor,9366.0,3048763,52,2024-10-08,2029-01-15,Bancassurance,Pol-Motor
8639,2350,Motor,6374.0,2198404,43,2023-09-25,2027-04-07,Agent,Pol-Motor
8640,3399,Motor,8809.0,6837890,59,2023-10-02,2028-08-06,Agent,Pol-Motor
8641,384,Health,3707.0,877970,33,2025-03-25,2027-12-10,Bancassurance,Pol-Health
8642,2586,Motor,8673.0,2940985,54,2025-01-26,2029-07-04,Bancassurance,Pol-Motor
8643,703,Crop,2572.0,5237027,39,2024-01-09,2027-03-24,Aggregator,Pol-Crop
8644,2097,Travel,10837.0,14591982,13,2023-03-05,2024-03-29,Agent,Pol-Travel
8645,319,Health,14529.0,1366759,31,2025-04-25,2027-11-11,Online,Pol-Health
8646,21,Travel,3653.0,3631123,36,2024-06-20,2027-06-05,Agent,Pol-Travel
8647,3505,Motor,5508.0,9457796,19,2023-08-09,2025-03-01,Agent,Pol-Motor
8648,592,Property,3494.0,4526020,25,2024-12-11,2026-12-31,Agent,Pol-Property
8649,4105,Health,7676.0,17292173,43,2024-11-29,2028-06-11,Aggregator,Pol-Health
8650,2197,Motor,7914.0,8814854,35,2024-10-21,2027-09-06,Online,Pol-Motor
8651,1461,Motor,3756.0,2600510,53,2025-08-06,2029-12-13,Aggregator,Pol-Motor
8652,2547,Health,5489.0,5521675,37,2024-04-23,2027-05-08,Bancassurance,Pol-Health
8653,1912,Property,12560.0,2603720,39,2024-11-07,2028-01-21,Online,Pol-Property
8654,3127,Crop,9684.0,5016039,33,2023-08-22,2026-05-08,Agent,Pol-Crop
8655,4393,Health,8085.0,6317593,43,2024-07-03,2028-01-14,Aggregator,Pol-Health
8656,2566,Property,12693.0,9865962,3,2025-02-04,2025-05-05,Partnership,Pol-Property
8657,1271,Motor,18083.0,6502697,51,2023-04-10,2027-06-18,Online,Pol-Motor
8658,282,Property,7856.0,1860140,47,2024-09-05,2028-07-16,Aggregator,Pol-Property
8659,2817,Health,8549.0,920055,58,2023-12-22,2028-09-26,Agent,Pol-Health
8660,4353,Motor,6365.0,8616946,42,2024-02-09,2027-07-23,Agent,Pol-Motor
8661,1830,Travel,7984.0,810140,24,2023-03-05,2025-02-22,Online,Pol-Travel
8662,553,Health,5153.0,6250103,3,2024-08-18,2024-11-16,Agent,Pol-Health
8663,3740,Property,3156.0,2299941,7,2025-05-22,2025-12-18,Bancassurance,Pol-Property
8664,2965,Health,10931.0,5212483,13,2024-07-12,2025-08-06,Aggregator,Pol-Health
8665,3468,Travel,10391.0,4644491,57,2025-08-02,2030-04-08,Online,Pol-Travel
8666,2925,Motor,7594.0,6989326,24,2025-05-18,2027-05-08,Partnership,Pol-Motor
8667,2808,Health,7810.0,5339186,38,2025-05-18,2028-07-01,Aggregator,Pol-Health
8668,2920,Motor,5176.0,9752608,30,2023-12-19,2026-06-06,Online,Pol-Motor
8669,3005,Motor,13379.0,6673231,5,2024-08-28,2025-01-25,Aggregator,Pol-Motor
8670,1571,Motor,3994.0,14461525,23,2024-05-14,2026-04-04,Bancassurance,Pol-Motor
8671,2297,Health,14830.0,3397324,41,2023-07-29,2026-12-10,Bancassurance,Pol-Health
8672,2337,Crop,9818.0,2001889,44,2024-03-09,2027-10-20,Aggregator,Pol-Crop
8673,2457,Health,8485.0,6716556,54,2024-09-30,2029-03-08,Online,Pol-Health
8674,4405,Health,8739.0,4874672,27,2024-05-28,2026-08-16,Bancassurance,Pol-Health
8675,61,Travel,12170.0,7419597,59,2024-05-06,2029-03-11,Partnership,Pol-Travel
8676,3576,Property,5536.0,5018736,18,2025-08-27,2027-02-18,Agent,Pol-Property
8677,2829,Motor,10861.0,13375068,40,2024-07-14,2027-10-27,Aggregator,Pol-Motor
8678,2575,Motor,6005.0,8113600,20,2024-03-19,2025-11-09,Agent,Pol-Motor
8679,3383,Motor,9252.0,1781009,6,2023-09-22,2024-03-20,Aggregator,Pol-Motor
8680,3765,Motor,3338.0,3688615,30,2023-01-22,2025-07-10,Aggregator,Pol-Motor
8681,2248,Motor,5232.0,6145666,50,2023-10-06,2027-11-14,Agent,Pol-Motor
8682,3425,Property,17627.0,3695908,6,2023-02-23,2023-08-22,Agent,Pol-Property
8683,1099,Motor,14270.0,3057417,50,2024-11-22,2028-12-31,Agent,Pol-Motor
8684,2804,Motor,16721.0,16817629,17,2023-02-11,2024-07-05,Agent,Pol-Motor
8685,3108,Motor,12970.0,10509690,43,2023-06-27,2027-01-07,Agent,Pol-Motor
8686,198,Health,5340.0,2739966,53,2023-07-16,2027-11-22,Aggregator,Pol-Health
8687,2092,Crop,5683.0,11938858,36,2025-03-29,2028-03-13,Online,Pol-Crop
8688,2689,Travel,12024.0,10931905,59,2024-09-14,2029-07-20,Agent,Pol-Travel
8689,1569,Health,12582.0,9095539,15,2025-09-03,2026-11-27,Online,Pol-Health
8690,871,Health,14662.0,1355067,52,2025-05-15,2029-08-22,Aggregator,Pol-Health
8691,510,Health,8076.0,6167425,17,2023-09-21,2025-02-12,Online,Pol-Health
8692,2464,Health,7098.0,2209141,25,2024-07-04,2026-07-24,Agent,Pol-Health
8693,4034,Health,13335.0,4484413,44,2024-09-30,2028-05-12,Aggregator,Pol-Health
8694,2457,Property,3416.0,14817610,30,2023-10-06,2026-03-24,Agent,Pol-Property
8695,4392,Health,6738.0,3757114,43,2024-04-05,2027-10-17,Aggregator,Pol-Health
8696,1889,Travel,6446.0,4663377,40,2024-07-22,2027-11-04,Bancassurance,Pol-Travel
8697,2251,Motor,6484.0,1506314,17,2023-02-11,2024-07-05,Aggregator,Pol-Motor
8698,4672,Health,14223.0,6083722,5,2025-05-26,2025-10-23,Online,Pol-Health
8699,985,Motor,9991.0,18975339,59,2025-02-24,2029-12-30,Agent,Pol-Motor
8700,796,Property,7799.0,34831925,44,2023-02-19,2026-10-01,Aggregator,Pol-Property
8701,848,Motor,3418.0,12264815,48,2024-08-24,2028-08-03,Online,Pol-Motor
8702,1392,Health,4159.0,3681750,57,2024-08-14,2029-04-20,Partnership,Pol-Health
8703,2994,Health,10980.0,8213038,48,2025-08-14,2029-07-24,Partnership,Pol-Health
8704,4458,Health,8326.0,3538343,49,2025-03-24,2029-04-02,Agent,Pol-Health
8705,4572,Health,13550.0,6225350,42,2023-06-15,2026-11-26,Aggregator,Pol-Health
8706,4400,Health,5137.0,8588796,42,2024-07-08,2027-12-20,Agent,Pol-Health
8707,2233,Property,7491.0,1559866,35,2023-06-27,2026-05-12,Aggregator,Pol-Property
8708,2313,Health,6742.0,10730018,11,2024-09-23,2025-08-19,Aggregator,Pol-Health
8709,1438,Crop,11414.0,7912937,28,2025-08-26,2027-12-14,Online,Pol-Crop
8710,402,Property,20551.0,2751252,44,2024-07-03,2028-02-13,Agent,Pol-Property
8711,2221,Motor,5534.0,895496,20,2025-02-12,2026-10-05,Agent,Pol-Motor
8712,878,Health,2649.0,6483113,2,2025-02-11,2025-04-12,Partnership,Pol-Health
8713,3155,Motor,9355.0,10134188,41,2024-04-02,2027-08-15,Online,Pol-Motor
8714,907,Motor,9019.0,4004005,33,2025-09-09,2028-05-26,Partnership,Pol-Motor
8715,4442,Health,2957.0,4024611,36,2023-11-22,2026-11-06,Agent,Pol-Health
8716,1096,Crop,4476.0,8930393,10,2025-06-27,2026-04-23,Bancassurance,Pol-Crop
8717,3523,Motor,5886.0,3036461,45,2024-10-10,2028-06-21,Agent,Pol-Motor
8718,1807,Health,12992.0,9994397,19,2024-02-26,2025-09-18,Aggregator,Pol-Health
8719,1677,Motor,4380.0,4203865,58,2025-03-10,2029-12-14,Partnership,Pol-Motor
8720,208,Travel,6413.0,6614418,25,2025-06-30,2027-07-20,Aggregator,Pol-Travel
8721,1366,Health,2740.0,7298813,27,2023-03-22,2025-06-09,Online,Pol-Health
8722,1410,Property,9355.0,21982708,35,2023-04-06,2026-02-19,Online,Pol-Property
8723,2926,Health,3940.0,6899935,23,2024-02-20,2026-01-10,Agent,Pol-Health
8724,4258,Motor,21735.0,2383270,43,2024-10-05,2028-04-17,Agent,Pol-Motor
8725,2064,Crop,4793.0,3340534,34,2023-07-02,2026-04-17,Online,Pol-Crop
8726,2791,Health,11787.0,3331607,8,2024-10-13,2025-06-10,Online,Pol-Health
8727,246,Health,9586.0,8584345,2,2025-03-29,2025-05-28,Agent,Pol-Health
8728,2603,Health,4754.0,5112583,58,2023-09-12,2028-06-17,Agent,Pol-Health
8729,3482,Crop,12772.0,5345352,25,2023-10-11,2025-10-30,Online,Pol-Crop
8730,1478,Motor,2667.0,15713331,9,2025-02-03,2025-10-31,Agent,Pol-Motor
8731,2498,Motor,7239.0,11882193,25,2024-01-25,2026-02-13,Aggregator,Pol-Motor
8732,1481,Crop,10436.0,4164383,45,2025-02-10,2028-10-22,Agent,Pol-Crop
8733,1788,Motor,6499.0,25416509,29,2023-09-13,2026-01-30,Agent,Pol-Motor
8734,1813,Health,4138.0,41061954,22,2024-09-20,2026-07-12,Online,Pol-Health
8735,4212,Health,16153.0,2521836,55,2025-05-28,2029-12-03,Partnership,Pol-Health
8736,2924,Motor,6879.0,3337183,14,2025-06-22,2026-08-16,Agent,Pol-Motor
8737,2562,Health,5555.0,2037261,52,2023-10-12,2028-01-19,Agent,Pol-Health
8738,2947,Crop,4219.0,19161230,48,2025-07-11,2029-06-20,Online,Pol-Crop
8739,4109,Health,7691.0,2496506,43,2025-04-08,2028-10-19,Aggregator,Pol-Health
8740,2325,Motor,6591.0,3435687,48,2023-11-12,2027-10-22,Online,Pol-Motor
8741,916,Motor,6343.0,46506981,11,2025-09-08,2026-08-04,Online,Pol-Motor
8742,893,Travel,16740.0,12703030,50,2024-03-21,2028-04-29,Aggregator,Pol-Travel
8743,4313,Motor,16589.0,4251570,51,2024-01-15,2028-03-24,Agent,Pol-Motor
8744,2797,Motor,8309.0,5242582,51,2023-11-02,2028-01-10,Online,Pol-Motor
8745,4390,Travel,10340.0,1095618,13,2024-03-23,2025-04-17,Bancassurance,Pol-Travel
8746,2816,Crop,3482.0,5085100,33,2025-03-24,2027-12-09,Agent,Pol-Crop
8747,4594,Property,7674.0,6633783,3,2024-05-09,2024-08-07,Online,Pol-Property
8748,977,Motor,8384.0,2048275,47,2023-06-24,2027-05-04,Agent,Pol-Motor
8749,750,Motor,6578.0,6599170,52,2023-01-03,2027-04-12,Online,Pol-Motor
8750,3556,Motor,5894.0,34176302,36,2024-05-11,2027-04-26,Partnership,Pol-Motor
8751,3169,Health,4941.0,20251749,51,2025-06-23,2029-08-31,Aggregator,Pol-Health
8752,4800,Motor,7463.0,22295176,48,2024-04-18,2028-03-28,Online,Pol-Motor
8753,3016,Motor,12997.0,4135784,42,2024-10-13,2028-03-26,Online,Pol-Motor
8754,3627,Motor,14122.0,3797534,32,2023-09-13,2026-04-30,Agent,Pol-Motor
8755,269,Crop,7332.0,9124048,36,2024-10-12,2027-09-27,Aggregator,Pol-Crop
8756,3029,Property,12495.0,3324903,43,2024-12-16,2028-06-28,Aggregator,Pol-Property
8757,1012,Health,4599.0,10203566,36,2025-05-19,2028-05-03,Agent,Pol-Health
8758,2136,Motor,9719.0,12936302,35,2023-01-26,2025-12-11,Agent,Pol-Motor
8759,1249,Crop,6931.0,38744728,5,2024-11-27,2025-04-26,Online,Pol-Crop
8760,3208,Health,5214.0,1652982,12,2024-01-02,2024-12-27,Partnership,Pol-Health
8761,763,Health,21547.0,13906661,19,2023-03-24,2024-10-14,Bancassurance,Pol-Health
8762,2972,Travel,5788.0,3500556,40,2024-08-14,2027-11-27,Agent,Pol-Travel
8763,723,Motor,6109.0,21143542,27,2024-05-26,2026-08-14,Online,Pol-Motor
8764,1406,Health,5826.0,7509397,35,2025-07-14,2028-05-29,Aggregator,Pol-Health
8765,439,Property,8716.0,6162198,10,2023-03-01,2023-12-26,Bancassurance,Pol-Property
8766,315,Motor,14390.0,12783150,51,2025-06-19,2029-08-27,Aggregator,Pol-Motor
8767,2113,Motor,4124.0,13059347,56,2024-12-04,2029-07-11,Online,Pol-Motor
8768,4997,Travel,9306.0,3873865,28,2024-11-07,2027-02-25,Agent,Pol-Travel
8769,592,Motor,8725.0,5941219,33,2025-01-26,2027-10-13,Aggregator,Pol-Motor
8770,4741,Health,3277.0,3165090,47,2023-05-17,2027-03-27,Online,Pol-Health
8771,4291,Property,14405.0,6195516,47,2023-06-08,2027-04-18,Aggregator,Pol-Property
8772,3671,Motor,8388.0,12616161,43,2025-02-03,2028-08-16,Agent,Pol-Motor
8773,1910,Health,10524.0,21749118,36,2025-02-03,2028-01-19,Online,Pol-Health
8774,4097,Motor,2600.0,1041574,35,2025-08-19,2028-07-04,Aggregator,Pol-Motor
8775,4464,Motor,15248.0,15214944,49,2025-04-27,2029-05-06,Agent,Pol-Motor
8776,2424,Crop,20536.0,10712504,17,2024-04-14,2025-09-06,Online,Pol-Crop
8777,3263,Property,6801.0,1878878,55,2023-12-10,2028-06-16,Partnership,Pol-Property
8778,4386,Motor,5107.0,1299278,11,2025-05-23,2026-04-18,Aggregator,Pol-Motor
8779,4896,Motor,2155.0,5499058,36,2024-11-12,2027-10-28,Aggregator,Pol-Motor
8780,3271,Health,3833.0,5055813,37,2024-08-14,2027-08-29,Agent,Pol-Health
8781,4331,Motor,11141.0,5691468,18,2024-02-08,2025-08-01,Aggregator,Pol-Motor
8782,1254,Health,7214.0,21476090,31,2023-03-18,2025-10-03,Aggregator,Pol-Health
8783,3298,Motor,3434.0,1387762,35,2023-10-29,2026-09-13,Online,Pol-Motor
8784,1454,Crop,15720.0,1975074,28,2024-12-03,2027-03-23,Bancassurance,Pol-Crop
8785,196,Motor,5247.0,1577689,1,2025-02-23,2025-03-25,Bancassurance,Pol-Motor
8786,790,Crop,3499.0,15444789,31,2025-06-03,2027-12-20,Online,Pol-Crop
8787,2205,Health,7498.0,10183348,52,2024-10-22,2029-01-29,Agent,Pol-Health
8788,3068,Property,9463.0,6247225,27,2024-06-15,2026-09-03,Online,Pol-Property
8789,3554,Crop,3753.0,3403089,40,2025-03-28,2028-07-10,Agent,Pol-Crop
8790,4450,Motor,6310.0,4499986,12,2023-12-09,2024-12-03,Aggregator,Pol-Motor
8791,813,Health,15824.0,3830563,12,2024-10-17,2025-10-12,Online,Pol-Health
8792,4931,Health,3724.0,9473393,27,2025-06-11,2027-08-30,Agent,Pol-Health
8793,2581,Health,8738.0,30318717,27,2023-08-03,2025-10-21,Bancassurance,Pol-Health
8794,1532,Health,6257.0,2012756,51,2024-06-06,2028-08-14,Agent,Pol-Health
8795,405,Motor,9588.0,3671699,46,2024-03-26,2028-01-05,Aggregator,Pol-Motor
8796,2748,Motor,4342.0,4389191,17,2024-03-17,2025-08-09,Online,Pol-Motor
8797,2845,Health,8241.0,535974,52,2025-01-20,2029-04-29,Agent,Pol-Health
8798,2337,Motor,4552.0,11883465,25,2023-05-26,2025-06-14,Bancassurance,Pol-Motor
8799,90,Travel,2696.0,5803702,30,2023-12-31,2026-06-18,Agent,Pol-Travel
8800,1406,Health,3622.0,7700983,10,2024-12-31,2025-10-27,Aggregator,Pol-Health
8801,3574,Health,6575.0,3172608,40,2024-03-08,2027-06-21,Aggregator,Pol-Health
8802,1618,Motor,8241.0,7718015,15,2025-01-30,2026-04-25,Aggregator,Pol-Motor
8803,3595,Health,13432.0,4743957,58,2023-06-04,2028-03-09,Online,Pol-Health
8804,1526,Motor,8770.0,5747846,19,2024-10-27,2026-05-20,Aggregator,Pol-Motor
8805,1696,Health,15984.0,14522916,4,2024-04-20,2024-08-18,Online,Pol-Health
8806,3691,Motor,6631.0,7504605,15,2023-04-18,2024-07-11,Agent,Pol-Motor
8807,4042,Health,9661.0,1403674,59,2025-05-14,2030-03-19,Online,Pol-Health
8808,3163,Health,4488.0,4975479,37,2024-07-23,2027-08-07,Aggregator,Pol-Health
8809,753,Health,8580.0,15850738,15,2023-04-11,2024-07-04,Online,Pol-Health
8810,716,Motor,6083.0,4510724,55,2023-03-24,2027-09-29,Aggregator,Pol-Motor
8811,2442,Motor,5760.0,10667050,33,2023-09-22,2026-06-08,Online,Pol-Motor
8812,3430,Motor,7597.0,21596350,51,2023-01-08,2027-03-18,Online,Pol-Motor
8813,475,Health,3608.0,11884112,13,2025-05-01,2026-05-26,Bancassurance,Pol-Health
8814,2822,Motor,8652.0,8525887,17,2025-05-09,2026-10-01,Online,Pol-Motor
8815,1652,Motor,10429.0,6562366,19,2024-06-19,2026-01-10,Online,Pol-Motor
8816,2118,Motor,5157.0,4410776,59,2023-08-01,2028-06-05,Aggregator,Pol-Motor
8817,4799,Property,8034.0,4916302,59,2024-07-10,2029-05-15,Online,Pol-Property
8818,3761,Health,13699.0,18849855,13,2024-11-30,2025-12-25,Bancassurance,Pol-Health
8819,2088,Travel,10692.0,9910949,6,2024-06-05,2024-12-02,Online,Pol-Travel
8820,2902,Health,6859.0,4700741,57,2025-06-06,2030-02-10,Aggregator,Pol-Health
8821,3101,Motor,8938.0,4190833,54,2025-02-18,2029-07-27,Agent,Pol-Motor
8822,3593,Health,15465.0,5816025,40,2023-11-11,2027-02-23,Aggregator,Pol-Health
8823,4373,Health,8323.0,7244163,30,2025-04-29,2027-10-16,Aggregator,Pol-Health
8824,3656,Health,11772.0,3915581,36,2023-05-07,2026-04-21,Agent,Pol-Health
8825,183,Travel,10915.0,1896025,31,2023-04-14,2025-10-30,Partnership,Pol-Travel
8826,1623,Health,7688.0,8718003,53,2025-03-01,2029-07-08,Agent,Pol-Health
8827,84,Health,13976.0,3744878,13,2024-12-01,2025-12-26,Partnership,Pol-Health
8828,86,Property,4421.0,3111698,24,2025-07-22,2027-07-12,Agent,Pol-Property
8829,1743,Property,9081.0,3638562,29,2023-08-12,2025-12-29,Agent,Pol-Property
8830,1311,Health,5561.0,2990576,49,2025-05-21,2029-05-30,Agent,Pol-Health
8831,941,Motor,11454.0,10472475,56,2025-05-11,2029-12-16,Agent,Pol-Motor
8832,1037,Travel,7268.0,12651167,46,2023-02-24,2026-12-05,Aggregator,Pol-Travel
8833,1401,Motor,11819.0,10368077,2,2023-04-27,2023-06-26,Online,Pol-Motor
8834,3481,Motor,10751.0,6630119,54,2025-03-31,2029-09-06,Online,Pol-Motor
8835,4821,Travel,5942.0,1725447,16,2023-05-19,2024-09-10,Online,Pol-Travel
8836,3012,Crop,9592.0,8572803,52,2025-08-30,2029-12-07,Agent,Pol-Crop
8837,4714,Motor,9216.0,31990989,12,2024-11-28,2025-11-23,Bancassurance,Pol-Motor
8838,3904,Motor,6620.0,4561833,28,2025-02-03,2027-05-24,Agent,Pol-Motor
8839,725,Property,11309.0,1274708,26,2023-10-22,2025-12-10,Agent,Pol-Property
8840,188,Motor,6940.0,10381076,32,2023-04-05,2025-11-20,Aggregator,Pol-Motor
8841,4831,Motor,4966.0,1092297,42,2025-02-22,2028-08-05,Agent,Pol-Motor
8842,2773,Travel,8461.0,2291561,4,2023-06-07,2023-10-05,Bancassurance,Pol-Travel
8843,4613,Health,9206.0,4294547,5,2024-06-08,2024-11-05,Online,Pol-Health
8844,2581,Property,1655.0,14649243,17,2023-04-30,2024-09-21,Online,Pol-Property
8845,3701,Property,24314.0,6239623,20,2025-05-09,2026-12-30,Online,Pol-Property
8846,2940,Property,30190.0,3147915,40,2024-01-07,2027-04-21,Online,Pol-Property
8847,1139,Crop,4830.0,3201181,29,2023-04-09,2025-08-26,Online,Pol-Crop
8848,204,Health,9975.0,2030891,25,2025-05-31,2027-06-20,Partnership,Pol-Health
8849,3381,Property,4298.0,3348891,18,2024-11-24,2026-05-18,Agent,Pol-Property
8850,1346,Property,3194.0,4449231,22,2023-09-04,2025-06-25,Agent,Pol-Property
8851,361,Travel,5829.0,5714092,53,2024-10-19,2029-02-25,Bancassurance,Pol-Travel
8852,1144,Property,3666.0,9435537,8,2023-09-09,2024-05-06,Aggregator,Pol-Property
8853,214,Crop,9576.0,6409711,40,2023-06-27,2026-10-09,Online,Pol-Crop
8854,1849,Motor,11380.0,1851311,47,2023-10-12,2027-08-22,Bancassurance,Pol-Motor
8855,3383,Motor,17682.0,871937,40,2023-07-30,2026-11-11,Online,Pol-Motor
8856,642,Motor,7508.0,3052300,10,2024-10-05,2025-08-01,Aggregator,Pol-Motor
8857,606,Motor,11289.0,33808162,17,2025-02-06,2026-07-01,Online,Pol-Motor
8858,366,Motor,8910.0,4000737,46,2024-03-22,2028-01-01,Online,Pol-Motor
8859,1229,Motor,8467.0,6321163,48,2025-03-15,2029-02-22,Bancassurance,Pol-Motor
8860,899,Travel,4450.0,1521945,58,2023-10-19,2028-07-24,Agent,Pol-Travel
8861,4283,Motor,6504.0,3254665,20,2023-05-28,2025-01-17,Agent,Pol-Motor
8862,2772,Health,6102.0,9519867,27,2024-04-06,2026-06-25,Aggregator,Pol-Health
8863,3065,Crop,9850.0,8688060,2,2023-01-19,2023-03-20,Aggregator,Pol-Crop
8864,2751,Motor,2557.0,5476202,52,2024-11-09,2029-02-16,Online,Pol-Motor
8865,90,Motor,12406.0,7743140,29,2024-06-02,2026-10-20,Partnership,Pol-Motor
8866,989,Motor,6418.0,17374605,6,2023-10-10,2024-04-07,Agent,Pol-Motor
8867,2441,Motor,5254.0,6281948,20,2023-04-26,2024-12-16,Agent,Pol-Motor
8868,3212,Travel,8712.0,23887960,37,2024-02-18,2027-03-04,Aggregator,Pol-Travel
8869,293,Crop,7247.0,7588827,19,2024-08-11,2026-03-04,Bancassurance,Pol-Crop
8870,1490,Crop,7938.0,3025428,11,2024-08-31,2025-07-27,Online,Pol-Crop
8871,4727,Crop,14104.0,2660353,48,2024-09-28,2028-09-07,Bancassurance,Pol-Crop
8872,3170,Motor,2995.0,3964046,18,2023-09-11,2025-03-04,Aggregator,Pol-Motor
8873,4266,Property,3658.0,4858479,39,2023-08-14,2026-10-27,Online,Pol-Property
8874,1450,Property,5559.0,12965760,22,2025-03-14,2027-01-03,Aggregator,Pol-Property
8875,4986,Travel,14751.0,16969260,51,2023-04-10,2027-06-18,Agent,Pol-Travel
8876,1091,Motor,10887.0,4397289,14,2023-01-24,2024-03-19,Agent,Pol-Motor
8877,3630,Health,6893.0,8353193,42,2023-03-05,2026-08-16,Partnership,Pol-Health
8878,2616,Motor,9923.0,6600838,57,2023-09-08,2028-05-14,Online,Pol-Motor
8879,151,Motor,11158.0,4621391,6,2024-04-26,2024-10-23,Partnership,Pol-Motor
8880,984,Health,9500.0,7734026,21,2024-08-31,2026-05-23,Aggregator,Pol-Health
8881,1820,Motor,12608.0,9150540,8,2023-06-02,2024-01-28,Agent,Pol-Motor
8882,977,Health,8004.0,35301184,18,2025-05-03,2026-10-25,Aggregator,Pol-Health
8883,189,Health,9368.0,25036038,22,2024-10-12,2026-08-03,Online,Pol-Health
8884,2779,Motor,9395.0,17440766,6,2025-08-18,2026-02-14,Agent,Pol-Motor
8885,3757,Motor,5972.0,4389536,55,2025-03-16,2029-09-21,Bancassurance,Pol-Motor
8886,2572,Travel,6857.0,2028648,35,2025-05-09,2028-03-24,Online,Pol-Travel
8887,1187,Property,9455.0,8154986,54,2023-12-11,2028-05-18,Agent,Pol-Property
8888,3902,Health,4501.0,1085909,35,2024-10-17,2027-09-02,Online,Pol-Health
8889,3440,Crop,5104.0,4956090,46,2024-03-06,2027-12-16,Bancassurance,Pol-Crop
8890,2565,Motor,6433.0,8385163,45,2025-06-23,2029-03-04,Agent,Pol-Motor
8891,4811,Motor,7533.0,2116474,56,2025-02-27,2029-10-04,Agent,Pol-Motor
8892,1348,Motor,7260.0,7051653,53,2024-02-02,2028-06-10,Online,Pol-Motor
8893,3408,Health,7269.0,11544620,54,2025-01-06,2029-06-14,Aggregator,Pol-Health
8894,2626,Health,7843.0,5036635,57,2024-06-16,2029-02-20,Online,Pol-Health
8895,3753,Motor,6522.0,5790752,9,2024-11-12,2025-08-09,Online,Pol-Motor
8896,667,Motor,5212.0,10516341,16,2025-02-27,2026-06-22,Online,Pol-Motor
8897,4684,Crop,7465.0,25435582,11,2023-11-18,2024-10-13,Aggregator,Pol-Crop
8898,773,Health,10091.0,6651075,48,2024-02-07,2028-01-17,Online,Pol-Health
8899,3205,Travel,11274.0,9965186,21,2025-02-26,2026-11-18,Agent,Pol-Travel
8900,4950,Motor,2710.0,4152997,42,2023-01-03,2026-06-16,Bancassurance,Pol-Motor
8901,1165,Health,4466.0,10096422,23,2024-11-05,2026-09-26,Agent,Pol-Health
8902,4954,Property,11753.0,10332490,54,2023-12-05,2028-05-12,Agent,Pol-Property
8903,4595,Crop,6375.0,8451052,58,2025-06-29,2030-04-04,Agent,Pol-Crop
8904,649,Motor,2929.0,25564024,45,2024-10-19,2028-06-30,Online,Pol-Motor
8905,2224,Motor,13505.0,4270470,20,2025-07-06,2027-02-26,Partnership,Pol-Motor
8906,4896,Motor,12125.0,5596448,17,2025-04-04,2026-08-27,Online,Pol-Motor
8907,4947,Health,4059.0,19636554,31,2025-01-02,2027-07-21,Aggregator,Pol-Health
8908,1060,Health,4080.0,4149279,52,2023-11-11,2028-02-18,Online,Pol-Health
8909,988,Health,32569.0,11284344,18,2025-04-06,2026-09-28,Bancassurance,Pol-Health
8910,2191,Motor,4635.0,28592490,29,2023-09-30,2026-02-16,Aggregator,Pol-Motor
8911,4745,Motor,13472.0,11209476,48,2025-02-17,2029-01-27,Agent,Pol-Motor
8912,4624,Motor,15871.0,8122670,32,2025-06-16,2028-02-01,Online,Pol-Motor
8913,1786,Crop,3547.0,4718673,8,2025-06-24,2026-02-19,Online,Pol-Crop
8914,1528,Property,4649.0,15507141,50,2023-04-21,2027-05-30,Agent,Pol-Property
8915,4680,Health,12280.0,2202084,9,2023-08-02,2024-04-28,Online,Pol-Health
8916,4320,Health,3710.0,1487322,58,2023-01-17,2027-10-23,Partnership,Pol-Health
8917,1902,Motor,4291.0,2434102,46,2023-03-31,2027-01-09,Online,Pol-Motor
8918,2404,Health,6648.0,5617431,6,2023-10-30,2024-04-27,Online,Pol-Health
8919,2986,Motor,6887.0,1912571,5,2023-08-26,2024-01-23,Aggregator,Pol-Motor
8920,1851,Property,12649.0,40501296,45,2024-09-22,2028-06-03,Agent,Pol-Property
8921,1008,Health,9716.0,2611156,13,2024-12-07,2026-01-01,Agent,Pol-Health
8922,546,Motor,8130.0,12361320,25,2024-11-08,2026-11-28,Agent,Pol-Motor
8923,525,Motor,6811.0,2893609,31,2023-02-20,2025-09-07,Agent,Pol-Motor
8924,4011,Motor,4336.0,5370797,34,2025-06-10,2028-03-26,Agent,Pol-Motor
8925,1738,Motor,13469.0,5864723,17,2025-02-28,2026-07-23,Agent,Pol-Motor
8926,1081,Travel,7860.0,2065683,57,2023-07-31,2028-04-05,Aggregator,Pol-Travel
8927,2022,Health,10176.0,5498588,26,2025-05-22,2027-07-11,Online,Pol-Health
8928,1339,Health,8190.0,19813546,20,2024-04-27,2025-12-18,Online,Pol-Health
8929,2159,Health,7756.0,4732432,50,2024-05-26,2028-07-04,Bancassurance,Pol-Health
8930,3188,Health,7723.0,6788438,6,2023-02-28,2023-08-27,Online,Pol-Health
8931,1331,Motor,7347.0,7332522,32,2023-07-26,2026-03-12,Partnership,Pol-Motor
8932,771,Motor,6831.0,7698551,33,2023-12-24,2026-09-09,Agent,Pol-Motor
8933,1742,Health,5434.0,1115118,59,2024-06-05,2029-04-10,Partnership,Pol-Health
8934,4406,Property,9565.0,10979979,20,2023-10-16,2025-06-07,Partnership,Pol-Property
8935,4190,Travel,12864.0,8969494,47,2024-12-27,2028-11-06,Agent,Pol-Travel
8936,4113,Motor,8269.0,5751556,11,2024-01-12,2024-12-07,Online,Pol-Motor
8937,1359,Motor,16357.0,18576442,47,2023-09-19,2027-07-30,Partnership,Pol-Motor
8938,3134,Crop,5825.0,14620121,52,2023-06-08,2027-09-15,Bancassurance,Pol-Crop
8939,2797,Health,21449.0,7847307,10,2023-01-26,2023-11-22,Online,Pol-Health
8940,1597,Travel,9150.0,3571369,43,2024-02-01,2027-08-14,Online,Pol-Travel
8941,1981,Health,1833.0,4465022,39,2025-06-30,2028-09-12,Partnership,Pol-Health
8942,556,Health,19074.0,4980049,19,2025-03-14,2026-10-05,Agent,Pol-Health
8943,3965,Motor,4556.0,9381773,27,2025-01-02,2027-03-23,Agent,Pol-Motor
8944,3572,Motor,8140.0,5372691,40,2024-12-27,2028-04-10,Aggregator,Pol-Motor
8945,3060,Motor,9467.0,6851347,34,2025-08-29,2028-06-14,Bancassurance,Pol-Motor
8946,4355,Motor,7590.0,1870325,36,2024-07-01,2027-06-16,Online,Pol-Motor
8947,2761,Health,6929.0,11579606,56,2023-02-14,2027-09-21,Online,Pol-Health
8948,835,Crop,5321.0,16272969,20,2023-01-25,2024-09-16,Aggregator,Pol-Crop
8949,1648,Motor,5674.0,3898107,46,2024-01-03,2027-10-14,Aggregator,Pol-Motor
8950,3060,Motor,13283.0,3636229,5,2024-02-12,2024-07-11,Partnership,Pol-Motor
8951,867,Travel,4410.0,3038380,10,2023-08-07,2024-06-02,Online,Pol-Travel
8952,904,Motor,7531.0,29998491,32,2025-09-19,2028-05-06,Online,Pol-Motor
8953,2458,Health,10456.0,11277394,40,2025-07-03,2028-10-15,Agent,Pol-Health
8954,4984,Property,4328.0,5247653,40,2024-03-24,2027-07-07,Aggregator,Pol-Property
8955,143,Motor,9261.0,3138039,28,2024-02-17,2026-06-06,Online,Pol-Motor
8956,3724,Crop,12383.0,2155111,53,2023-04-03,2027-08-10,Online,Pol-Crop
8957,2787,Health,8747.0,11119756,29,2023-10-28,2026-03-16,Online,Pol-Health
8958,3391,Motor,12872.0,4260139,48,2024-12-02,2028-11-11,Online,Pol-Motor
8959,2696,Crop,7182.0,8140382,22,2023-10-26,2025-08-16,Online,Pol-Crop
8960,2760,Health,4800.0,18947137,9,2024-06-12,2025-03-09,Online,Pol-Health
8961,3350,Health,6792.0,2169246,2,2024-09-06,2024-11-05,Bancassurance,Pol-Health
8962,3890,Health,3706.0,3059560,13,2025-08-13,2026-09-07,Agent,Pol-Health
8963,3734,Motor,24051.0,8652884,35,2024-04-22,2027-03-08,Aggregator,Pol-Motor
8964,1722,Motor,7303.0,4472396,27,2024-06-20,2026-09-08,Online,Pol-Motor
8965,3154,Motor,2861.0,4672583,57,2024-08-31,2029-05-07,Online,Pol-Motor
8966,4115,Motor,5293.0,11415424,30,2025-03-12,2027-08-29,Partnership,Pol-Motor
8967,4741,Motor,6632.0,10570653,29,2024-11-11,2027-03-31,Aggregator,Pol-Motor
8968,2832,Motor,3869.0,3970600,35,2023-05-22,2026-04-06,Bancassurance,Pol-Motor
8969,1705,Motor,3846.0,3315964,37,2025-05-29,2028-06-12,Aggregator,Pol-Motor
8970,458,Motor,6173.0,5093023,51,2023-09-09,2027-11-17,Online,Pol-Motor
8971,1277,Health,9608.0,14898787,26,2023-11-09,2025-12-28,Online,Pol-Health
8972,4775,Motor,11789.0,1249361,4,2025-07-10,2025-11-07,Aggregator,Pol-Motor
8973,3316,Health,12808.0,4892770,35,2024-06-13,2027-04-29,Bancassurance,Pol-Health
8974,1609,Health,5461.0,9533346,10,2025-07-04,2026-04-30,Agent,Pol-Health
8975,3895,Crop,1925.0,3112203,20,2023-07-18,2025-03-09,Aggregator,Pol-Crop
8976,1097,Health,17840.0,1566594,49,2025-03-08,2029-03-17,Partnership,Pol-Health
8977,627,Crop,6576.0,2060194,56,2023-06-06,2028-01-11,Agent,Pol-Crop
8978,1291,Health,5893.0,7401701,10,2025-05-26,2026-03-22,Bancassurance,Pol-Health
8979,4718,Motor,13629.0,4998996,30,2023-03-07,2025-08-23,Bancassurance,Pol-Motor
8980,4824,Motor,6273.0,982583,11,2023-05-20,2024-04-14,Online,Pol-Motor
8981,3412,Health,9371.0,3461938,16,2025-07-05,2026-10-28,Agent,Pol-Health
8982,2145,Health,8292.0,17013550,7,2024-04-02,2024-10-29,Agent,Pol-Health
8983,900,Health,3950.0,5110009,54,2024-06-29,2028-12-05,Online,Pol-Health
8984,698,Health,4257.0,9069637,23,2023-02-07,2024-12-28,Agent,Pol-Health
8985,2931,Motor,6562.0,4959421,40,2024-08-31,2027-12-14,Agent,Pol-Motor
8986,4056,Crop,7271.0,11217962,1,2023-03-11,2023-04-10,Online,Pol-Crop
8987,4192,Health,5373.0,9160787,45,2024-11-30,2028-08-11,Online,Pol-Health
8988,3618,Health,5349.0,5491437,7,2025-05-02,2025-11-28,Agent,Pol-Health
8989,3441,Travel,7073.0,2433197,41,2024-01-12,2027-05-26,Aggregator,Pol-Travel
8990,3417,Property,5157.0,8014044,4,2024-11-26,2025-03-26,Agent,Pol-Property
8991,3051,Health,11456.0,1555157,2,2024-11-29,2025-01-28,Online,Pol-Health
8992,2490,Crop,8528.0,8417220,17,2025-08-09,2027-01-01,Online,Pol-Crop
8993,793,Health,5632.0,11873056,40,2023-04-02,2026-07-15,Agent,Pol-Health
8994,2076,Health,9841.0,3455439,9,2025-04-05,2025-12-31,Partnership,Pol-Health
8995,3544,Crop,14257.0,1903481,11,2023-11-25,2024-10-20,Aggregator,Pol-Crop
8996,923,Motor,8013.0,13118431,44,2023-08-01,2027-03-13,Online,Pol-Motor
8997,1482,Health,3559.0,5442545,19,2023-12-28,2025-07-20,Online,Pol-Health
8998,742,Motor,16096.0,4615848,56,2025-04-21,2029-11-26,Agent,Pol-Motor
8999,5000,Property,16893.0,6360348,14,2023-11-07,2024-12-31,Online,Pol-Property
9000,2034,Motor,13628.0,3550438,15,2025-03-07,2026-05-31,Bancassurance,Pol-Motor
9001,1446,Health,10048.0,1329878,47,2024-12-20,2028-10-30,Online,Pol-Health
9002,375,Motor,9449.0,3252689,8,2024-01-03,2024-08-30,Online,Pol-Motor
9003,2910,Motor,7874.0,5498898,59,2025-04-30,2030-03-05,Aggregator,Pol-Motor
9004,624,Travel,7695.0,5517459,33,2025-06-04,2028-02-19,Aggregator,Pol-Travel
9005,1049,Motor,4101.0,1108015,56,2023-10-15,2028-05-21,Aggregator,Pol-Motor
9006,606,Motor,4144.0,4246745,2,2025-02-18,2025-04-19,Bancassurance,Pol-Motor
9007,2114,Motor,4723.0,23793560,2,2024-10-25,2024-12-24,Partnership,Pol-Motor
9008,2577,Health,2686.0,5621617,20,2023-04-26,2024-12-16,Online,Pol-Health
9009,278,Property,3929.0,11819406,58,2024-03-01,2028-12-05,Online,Pol-Property
9010,2058,Crop,7311.0,9073340,23,2024-12-05,2026-10-26,Agent,Pol-Crop
9011,1165,Motor,2399.0,3020537,18,2024-11-17,2026-05-11,Agent,Pol-Motor
9012,3882,Health,4555.0,3099260,30,2024-09-18,2027-03-07,Agent,Pol-Health
9013,4124,Health,6530.0,7732855,21,2025-07-27,2027-04-18,Online,Pol-Health
9014,3172,Health,4999.0,3302778,36,2023-10-25,2026-10-09,Bancassurance,Pol-Health
9015,2768,Property,6201.0,15163031,54,2023-04-28,2027-10-04,Aggregator,Pol-Property
9016,4945,Property,8457.0,4095267,3,2025-01-06,2025-04-06,Aggregator,Pol-Property
9017,261,Motor,11855.0,11369327,57,2024-11-16,2029-07-23,Partnership,Pol-Motor
9018,4134,Motor,5071.0,7607689,17,2025-01-27,2026-06-21,Agent,Pol-Motor
9019,3566,Property,6295.0,8286973,24,2025-02-19,2027-02-09,Online,Pol-Property
9020,3819,Health,2427.0,3108994,38,2024-05-16,2027-06-30,Bancassurance,Pol-Health
9021,4563,Health,9862.0,14275342,4,2023-10-12,2024-02-09,Aggregator,Pol-Health
9022,2795,Health,4765.0,44101683,9,2024-01-21,2024-10-17,Aggregator,Pol-Health
9023,1204,Motor,8703.0,2327464,33,2024-05-16,2027-01-31,Online,Pol-Motor
9024,2013,Health,6263.0,12571767,57,2024-09-30,2029-06-06,Aggregator,Pol-Health
9025,1811,Motor,22379.0,5409174,34,2024-11-27,2027-09-13,Agent,Pol-Motor
9026,3609,Health,18311.0,2614384,45,2023-07-11,2027-03-22,Online,Pol-Health
9027,304,Motor,10040.0,2077116,54,2025-03-18,2029-08-24,Online,Pol-Motor
9028,1097,Property,9076.0,2484263,32,2025-06-25,2028-02-10,Online,Pol-Property
9029,4029,Property,8328.0,2794158,59,2023-11-03,2028-09-07,Online,Pol-Property
9030,3619,Health,5825.0,1894115,8,2023-06-28,2024-02-23,Online,Pol-Health
9031,1167,Motor,4983.0,14527673,48,2024-05-22,2028-05-01,Agent,Pol-Motor
9032,4310,Motor,4581.0,5346466,50,2023-07-22,2027-08-30,Online,Pol-Motor
9033,2353,Motor,5342.0,7816009,15,2025-09-17,2026-12-11,Agent,Pol-Motor
9034,345,Motor,9045.0,1910347,31,2025-06-19,2028-01-05,Online,Pol-Motor
9035,744,Motor,6508.0,15891842,5,2025-08-08,2026-01-05,Aggregator,Pol-Motor
9036,1622,Property,2637.0,3339008,42,2024-11-19,2028-05-02,Agent,Pol-Property
9037,2542,Travel,26440.0,17325884,42,2023-07-14,2026-12-25,Online,Pol-Travel
9038,1923,Motor,6757.0,8065830,29,2024-11-24,2027-04-13,Bancassurance,Pol-Motor
9039,1149,Motor,21480.0,2280378,14,2023-03-23,2024-05-16,Aggregator,Pol-Motor
9040,2889,Crop,5996.0,7490484,52,2023-04-04,2027-07-12,Bancassurance,Pol-Crop
9041,3951,Health,6482.0,5244258,53,2025-01-23,2029-06-01,Bancassurance,Pol-Health
9042,657,Health,11658.0,2251191,13,2024-02-09,2025-03-05,Aggregator,Pol-Health
9043,4713,Travel,6314.0,2061877,48,2025-04-22,2029-04-01,Online,Pol-Travel
9044,776,Health,8963.0,11286405,26,2025-08-30,2027-10-19,Online,Pol-Health
9045,1670,Health,6220.0,15987058,20,2025-01-26,2026-09-18,Online,Pol-Health
9046,2008,Health,5773.0,2107425,31,2023-03-18,2025-10-03,Online,Pol-Health
9047,4598,Motor,15807.0,5947414,51,2024-07-25,2028-10-02,Bancassurance,Pol-Motor
9048,1660,Health,4011.0,1427568,36,2024-08-01,2027-07-17,Online,Pol-Health
9049,607,Motor,5681.0,11465251,27,2023-05-24,2025-08-11,Online,Pol-Motor
9050,3704,Health,18269.0,5780033,37,2024-06-21,2027-07-06,Online,Pol-Health
9051,430,Motor,6218.0,1628210,33,2025-08-31,2028-05-17,Agent,Pol-Motor
9052,3373,Motor,3514.0,3597901,29,2024-05-30,2026-10-17,Agent,Pol-Motor
9053,1005,Motor,9971.0,3301798,27,2025-05-18,2027-08-06,Partnership,Pol-Motor
9054,1613,Motor,7203.0,2489138,4,2023-03-31,2023-07-29,Online,Pol-Motor
9055,4190,Motor,9180.0,12700720,11,2023-12-24,2024-11-18,Bancassurance,Pol-Motor
9056,2363,Property,7577.0,2527112,25,2024-02-03,2026-02-22,Aggregator,Pol-Property
9057,2201,Health,4219.0,24432114,56,2024-02-09,2028-09-15,Aggregator,Pol-Health
9058,2188,Property,8262.0,11716261,5,2023-07-07,2023-12-04,Agent,Pol-Property
9059,1621,Crop,13815.0,4007755,51,2025-03-19,2029-05-27,Online,Pol-Crop
9060,4312,Motor,5707.0,42211230,2,2025-08-30,2025-10-29,Agent,Pol-Motor
9061,2842,Health,4708.0,3877327,40,2023-11-29,2027-03-13,Aggregator,Pol-Health
9062,4466,Property,6723.0,1547873,13,2024-02-26,2025-03-22,Aggregator,Pol-Property
9063,972,Health,6604.0,13198765,56,2023-02-27,2027-10-04,Agent,Pol-Health
9064,2289,Crop,6244.0,2487539,53,2023-01-18,2027-05-27,Partnership,Pol-Crop
9065,1559,Health,13597.0,16590377,27,2023-10-31,2026-01-18,Agent,Pol-Health
9066,2369,Health,8276.0,1548424,59,2023-11-16,2028-09-20,Online,Pol-Health
9067,2093,Property,16793.0,2511185,39,2023-07-27,2026-10-09,Bancassurance,Pol-Property
9068,4710,Motor,8213.0,3324061,17,2025-01-26,2026-06-20,Aggregator,Pol-Motor
9069,284,Health,8781.0,9012033,31,2025-03-26,2027-10-12,Agent,Pol-Health
9070,2035,Motor,21804.0,3492083,54,2025-04-22,2029-09-28,Aggregator,Pol-Motor
9071,3656,Motor,8704.0,3308910,58,2025-05-07,2030-02-10,Aggregator,Pol-Motor
9072,3625,Motor,6453.0,9772907,11,2025-05-22,2026-04-17,Partnership,Pol-Motor
9073,1815,Health,4579.0,15511460,9,2024-07-30,2025-04-26,Agent,Pol-Health
9074,672,Crop,4783.0,4133635,11,2023-08-12,2024-07-07,Aggregator,Pol-Crop
9075,2135,Motor,5952.0,2198847,7,2025-01-18,2025-08-16,Agent,Pol-Motor
9076,1483,Property,6471.0,19931269,37,2025-01-31,2028-02-15,Online,Pol-Property
9077,2347,Motor,2613.0,4722238,6,2025-08-18,2026-02-14,Agent,Pol-Motor
9078,14,Motor,7273.0,7854777,30,2025-03-30,2027-09-16,Agent,Pol-Motor
9079,756,Crop,1874.0,3524633,29,2024-03-07,2026-07-25,Online,Pol-Crop
9080,169,Motor,13882.0,3812694,31,2024-10-08,2027-04-26,Agent,Pol-Motor
9081,2280,Motor,2852.0,3523857,23,2023-07-09,2025-05-29,Aggregator,Pol-Motor
9082,1135,Motor,8041.0,11417284,13,2024-02-02,2025-02-26,Agent,Pol-Motor
9083,2662,Motor,7886.0,15719280,54,2023-04-15,2027-09-21,Agent,Pol-Motor
9084,4825,Motor,14345.0,3396617,37,2024-10-19,2027-11-03,Online,Pol-Motor
9085,240,Motor,7851.0,3789469,12,2024-10-14,2025-10-09,Aggregator,Pol-Motor
9086,2288,Health,6977.0,16302541,45,2024-04-17,2027-12-28,Agent,Pol-Health
9087,4366,Motor,8583.0,29772406,18,2025-08-30,2027-02-21,Agent,Pol-Motor
9088,2588,Health,5633.0,9005238,12,2023-12-22,2024-12-16,Aggregator,Pol-Health
9089,1310,Crop,5675.0,7371991,59,2024-05-24,2029-03-29,Aggregator,Pol-Crop
9090,443,Motor,8160.0,30540873,3,2024-10-18,2025-01-16,Aggregator,Pol-Motor
9091,725,Health,6331.0,6736667,48,2024-09-22,2028-09-01,Online,Pol-Health
9092,908,Motor,10104.0,6748406,36,2025-07-21,2028-07-05,Agent,Pol-Motor
9093,1527,Motor,4719.0,3543397,53,2024-11-19,2029-03-28,Aggregator,Pol-Motor
9094,2418,Crop,11802.0,10131386,17,2025-09-16,2027-02-08,Aggregator,Pol-Crop
9095,1144,Health,9275.0,3082049,10,2025-09-03,2026-06-30,Online,Pol-Health
9096,75,Motor,7426.0,3696089,13,2024-10-11,2025-11-05,Online,Pol-Motor
9097,2471,Motor,3394.0,4225724,23,2023-03-21,2025-02-08,Aggregator,Pol-Motor
9098,70,Motor,11146.0,9103405,30,2023-08-26,2026-02-11,Online,Pol-Motor
9099,4841,Property,19560.0,4160398,56,2025-01-07,2029-08-14,Bancassurance,Pol-Property
9100,4066,Property,5814.0,12080372,28,2025-03-01,2027-06-19,Partnership,Pol-Property
9101,132,Motor,11266.0,2269638,23,2024-10-16,2026-09-06,Bancassurance,Pol-Motor
9102,1122,Motor,6924.0,3994539,5,2023-03-12,2023-08-09,Online,Pol-Motor
9103,4198,Motor,4237.0,6001781,49,2024-11-05,2028-11-14,Bancassurance,Pol-Motor
9104,1191,Property,4996.0,6401709,30,2025-09-04,2028-02-21,Online,Pol-Property
9105,1129,Health,6950.0,10517092,9,2025-04-26,2026-01-21,Online,Pol-Health
9106,598,Motor,9197.0,2409356,34,2024-11-28,2027-09-14,Bancassurance,Pol-Motor
9107,1573,Motor,3533.0,5676478,48,2025-07-27,2029-07-06,Online,Pol-Motor
9108,672,Motor,5154.0,2274225,26,2024-02-12,2026-04-02,Online,Pol-Motor
9109,4731,Motor,7454.0,9632476,17,2023-02-08,2024-07-02,Bancassurance,Pol-Motor
9110,3716,Property,3904.0,3587651,34,2023-02-28,2025-12-14,Partnership,Pol-Property
9111,3338,Motor,8921.0,11345691,4,2025-08-26,2025-12-24,Aggregator,Pol-Motor
9112,3867,Crop,17360.0,5496747,14,2024-12-13,2026-02-06,Aggregator,Pol-Crop
9113,2900,Health,6969.0,6026467,2,2023-02-02,2023-04-03,Agent,Pol-Health
9114,2309,Motor,10589.0,58903826,48,2025-03-12,2029-02-19,Online,Pol-Motor
9115,2464,Health,3874.0,13382203,6,2024-06-18,2024-12-15,Online,Pol-Health
9116,3991,Motor,5349.0,10029968,56,2023-02-25,2027-10-02,Agent,Pol-Motor
9117,3533,Motor,12056.0,5467333,9,2023-10-28,2024-07-24,Bancassurance,Pol-Motor
9118,2749,Travel,3707.0,3948695,24,2025-01-27,2027-01-17,Bancassurance,Pol-Travel
9119,2591,Health,5141.0,3536073,14,2023-04-06,2024-05-30,Agent,Pol-Health
9120,3031,Motor,12984.0,18929431,13,2024-02-09,2025-03-05,Partnership,Pol-Motor
9121,3382,Motor,5405.0,3160484,11,2024-03-23,2025-02-16,Agent,Pol-Motor
9122,1712,Motor,2697.0,9061007,40,2023-08-02,2026-11-14,Aggregator,Pol-Motor
9123,4145,Motor,5531.0,3287182,25,2024-01-21,2026-02-09,Agent,Pol-Motor
9124,4540,Motor,17534.0,2510942,30,2023-06-21,2025-12-07,Online,Pol-Motor
9125,172,Motor,15061.0,3802649,24,2023-09-22,2025-09-11,Bancassurance,Pol-Motor
9126,3038,Health,7048.0,10410924,34,2025-09-12,2028-06-28,Partnership,Pol-Health
9127,3402,Crop,6525.0,14285314,23,2025-05-01,2027-03-22,Aggregator,Pol-Crop
9128,4102,Motor,23850.0,6745979,19,2023-06-18,2025-01-08,Agent,Pol-Motor
9129,1228,Health,4592.0,4921726,1,2025-04-26,2025-05-26,Bancassurance,Pol-Health
9130,2417,Motor,5320.0,9199332,15,2023-08-23,2024-11-15,Aggregator,Pol-Motor
9131,722,Motor,12453.0,4743220,58,2024-11-10,2029-08-16,Online,Pol-Motor
9132,3620,Health,4754.0,3942174,41,2023-02-27,2026-07-11,Partnership,Pol-Health
9133,931,Crop,8807.0,2479725,56,2023-08-16,2028-03-22,Agent,Pol-Crop
9134,2329,Motor,3951.0,14793272,46,2024-04-13,2028-01-23,Online,Pol-Motor
9135,1079,Health,15446.0,3457024,54,2024-08-13,2029-01-19,Online,Pol-Health
9136,3385,Travel,5907.0,2347403,16,2024-01-13,2025-05-07,Agent,Pol-Travel
9137,2966,Property,5299.0,4585440,34,2023-05-31,2026-03-16,Online,Pol-Property
9138,3550,Motor,4810.0,12282087,43,2023-03-10,2026-09-20,Agent,Pol-Motor
9139,2476,Motor,4126.0,10678623,1,2024-05-22,2024-06-21,Online,Pol-Motor
9140,1536,Travel,6157.0,4697921,58,2023-02-03,2027-11-09,Online,Pol-Travel
9141,413,Motor,2255.0,3714465,22,2024-10-25,2026-08-16,Online,Pol-Motor
9142,839,Health,4251.0,40877578,53,2024-02-14,2028-06-22,Aggregator,Pol-Health
9143,3688,Motor,7394.0,2800806,2,2024-08-06,2024-10-05,Agent,Pol-Motor
9144,1027,Health,7663.0,5643434,49,2023-01-08,2027-01-17,Online,Pol-Health
9145,3669,Motor,7078.0,3110163,13,2025-05-23,2026-06-17,Aggregator,Pol-Motor
9146,4781,Health,5017.0,12174993,35,2023-04-30,2026-03-15,Aggregator,Pol-Health
9147,2836,Motor,15628.0,12443390,21,2024-03-29,2025-12-19,Online,Pol-Motor
9148,60,Health,11323.0,2207202,41,2024-08-24,2028-01-06,Online,Pol-Health
9149,590,Motor,6960.0,6767819,8,2025-01-16,2025-09-13,Online,Pol-Motor
9150,2578,Motor,6921.0,675426,29,2023-10-17,2026-03-05,Online,Pol-Motor
9151,3169,Health,5784.0,6227465,46,2024-11-22,2028-09-02,Aggregator,Pol-Health
9152,2035,Travel,5316.0,467677,9,2025-07-28,2026-04-24,Online,Pol-Travel
9153,4069,Crop,6779.0,7515080,53,2023-12-13,2028-04-20,Agent,Pol-Crop
9154,777,Motor,11762.0,4240003,4,2023-07-26,2023-11-23,Agent,Pol-Motor
9155,148,Health,5864.0,1568082,3,2023-12-04,2024-03-03,Online,Pol-Health
9156,47,Health,13908.0,8982813,51,2023-05-08,2027-07-16,Agent,Pol-Health
9157,1268,Health,5295.0,5776845,43,2024-03-25,2027-10-06,Agent,Pol-Health
9158,1502,Property,15455.0,2424498,4,2025-07-09,2025-11-06,Agent,Pol-Property
9159,1619,Travel,6319.0,10609546,27,2023-06-25,2025-09-12,Partnership,Pol-Travel
9160,1665,Motor,10303.0,5127230,37,2023-01-09,2026-01-23,Online,Pol-Motor
9161,4041,Property,22877.0,7912289,46,2024-10-17,2028-07-28,Aggregator,Pol-Property
9162,3004,Motor,24567.0,4110525,58,2024-03-28,2029-01-01,Agent,Pol-Motor
9163,2023,Crop,3748.0,4756324,30,2024-09-18,2027-03-07,Agent,Pol-Crop
9164,210,Property,12294.0,22252422,15,2025-03-03,2026-05-27,Partnership,Pol-Property
9165,4283,Health,4573.0,3266077,16,2025-07-28,2026-11-20,Bancassurance,Pol-Health
9166,1188,Crop,8845.0,7057170,28,2024-12-27,2027-04-16,Online,Pol-Crop
9167,3054,Health,9362.0,7114319,55,2024-01-23,2028-07-30,Partnership,Pol-Health
9168,35,Health,11278.0,1924386,12,2025-05-12,2026-05-07,Online,Pol-Health
9169,2044,Travel,3867.0,7182040,25,2025-03-22,2027-04-11,Online,Pol-Travel
9170,1277,Motor,4067.0,1291838,28,2024-12-23,2027-04-12,Online,Pol-Motor
9171,4571,Travel,4848.0,33841895,59,2024-12-12,2029-10-17,Agent,Pol-Travel
9172,4855,Motor,9814.0,19427839,52,2024-09-05,2028-12-13,Agent,Pol-Motor
9173,4566,Health,8290.0,926817,53,2024-01-02,2028-05-10,Online,Pol-Health
9174,2955,Motor,9007.0,14921837,53,2025-07-20,2029-11-26,Aggregator,Pol-Motor
9175,264,Motor,4071.0,5866391,46,2023-02-10,2026-11-21,Agent,Pol-Motor
9176,1129,Health,7972.0,1433558,4,2025-02-23,2025-06-23,Partnership,Pol-Health
9177,3292,Motor,5274.0,1078704,35,2023-05-05,2026-03-20,Partnership,Pol-Motor
9178,4863,Travel,5390.0,5206389,39,2025-08-22,2028-11-04,Aggregator,Pol-Travel
9179,407,Motor,6877.0,23992342,5,2023-10-02,2024-02-29,Online,Pol-Motor
9180,2694,Motor,3436.0,45303156,50,2025-06-30,2029-08-08,Agent,Pol-Motor
9181,1230,Crop,9559.0,6993099,29,2025-04-08,2027-08-26,Aggregator,Pol-Crop
9182,2112,Property,3581.0,2191992,57,2024-06-06,2029-02-10,Bancassurance,Pol-Property
9183,3017,Health,5969.0,28366053,17,2024-10-03,2026-02-25,Agent,Pol-Health
9184,872,Motor,10624.0,2336300,31,2023-01-05,2025-07-23,Online,Pol-Motor
9185,4134,Property,3444.0,3981176,12,2024-04-27,2025-04-22,Agent,Pol-Property
9186,4856,Motor,3636.0,9958067,36,2023-09-04,2026-08-19,Agent,Pol-Motor
9187,4761,Travel,12305.0,17687297,31,2023-11-16,2026-06-03,Online,Pol-Travel
9188,4318,Health,4284.0,1931415,11,2023-01-17,2023-12-13,Aggregator,Pol-Health
9189,4866,Crop,11895.0,5292691,46,2025-05-18,2029-02-26,Agent,Pol-Crop
9190,473,Property,9133.0,9702162,39,2023-07-08,2026-09-20,Agent,Pol-Property
9191,3578,Health,3752.0,615901,30,2023-03-20,2025-09-05,Agent,Pol-Health
9192,4675,Property,7987.0,1016508,32,2023-03-28,2025-11-12,Online,Pol-Property
9193,3833,Health,9196.0,1230962,8,2024-11-24,2025-07-22,Aggregator,Pol-Health
9194,4331,Motor,3651.0,6834670,10,2023-10-26,2024-08-21,Aggregator,Pol-Motor
9195,2142,Motor,7558.0,9231064,11,2024-08-16,2025-07-12,Online,Pol-Motor
9196,2909,Motor,11135.0,15968243,27,2024-11-07,2027-01-26,Online,Pol-Motor
9197,2887,Property,7038.0,7254268,6,2023-07-14,2024-01-10,Agent,Pol-Property
9198,4745,Health,7902.0,45256386,55,2025-03-12,2029-09-17,Aggregator,Pol-Health
9199,4112,Health,6836.0,9528812,41,2023-08-04,2026-12-16,Agent,Pol-Health
9200,1399,Crop,12231.0,18031732,6,2024-05-21,2024-11-17,Aggregator,Pol-Crop
9201,364,Health,6984.0,12744538,39,2023-07-13,2026-09-25,Aggregator,Pol-Health
9202,744,Motor,5173.0,6897092,30,2024-04-12,2026-09-29,Online,Pol-Motor
9203,3470,Motor,6553.0,22949959,18,2024-08-06,2026-01-28,Agent,Pol-Motor
9204,2458,Motor,3355.0,9845638,39,2024-09-12,2027-11-26,Partnership,Pol-Motor
9205,3685,Motor,1624.0,3182777,39,2024-05-22,2027-08-05,Online,Pol-Motor
9206,2234,Motor,4847.0,6441559,14,2025-01-16,2026-03-12,Bancassurance,Pol-Motor
9207,4042,Health,15711.0,4031569,15,2025-07-12,2026-10-05,Online,Pol-Health
9208,470,Motor,12203.0,2687129,50,2025-08-11,2029-09-19,Aggregator,Pol-Motor
9209,312,Motor,3224.0,2912752,53,2024-12-13,2029-04-21,Partnership,Pol-Motor
9210,2848,Travel,4339.0,9481404,36,2024-06-25,2027-06-10,Aggregator,Pol-Travel
9211,3150,Travel,5367.0,1556083,23,2025-04-07,2027-02-26,Online,Pol-Travel
9212,4631,Health,6664.0,6902736,36,2023-07-01,2026-06-15,Online,Pol-Health
9213,2170,Motor,4380.0,3395611,25,2025-04-22,2027-05-12,Online,Pol-Motor
9214,4324,Crop,5398.0,2184995,9,2025-05-02,2026-01-27,Agent,Pol-Crop
9215,989,Health,12239.0,4970270,37,2024-03-11,2027-03-26,Agent,Pol-Health
9216,1432,Motor,4448.0,6139546,24,2023-07-26,2025-07-15,Bancassurance,Pol-Motor
9217,4111,Health,9710.0,33796601,19,2024-11-30,2026-06-23,Agent,Pol-Health
9218,214,Motor,10732.0,2134746,36,2023-11-01,2026-10-16,Bancassurance,Pol-Motor
9219,4699,Travel,24326.0,7106230,34,2025-05-08,2028-02-22,Aggregator,Pol-Travel
9220,4148,Crop,5200.0,8180103,11,2024-09-11,2025-08-07,Agent,Pol-Crop
9221,4153,Motor,4192.0,4940747,48,2024-03-04,2028-02-12,Online,Pol-Motor
9222,1313,Health,3103.0,19686638,35,2025-05-07,2028-03-22,Aggregator,Pol-Health
9223,3221,Motor,10201.0,6770449,28,2023-02-22,2025-06-11,Agent,Pol-Motor
9224,2456,Crop,9084.0,11884580,52,2024-03-11,2028-06-18,Agent,Pol-Crop
9225,4628,Motor,6962.0,3056729,41,2023-07-11,2026-11-22,Online,Pol-Motor
9226,3441,Motor,8618.0,1761874,31,2024-12-26,2027-07-14,Online,Pol-Motor
9227,2405,Motor,7643.0,4545395,36,2023-10-21,2026-10-05,Agent,Pol-Motor
9228,700,Motor,5977.0,4484802,33,2025-04-18,2028-01-03,Online,Pol-Motor
9229,1567,Travel,6199.0,3918829,15,2023-01-04,2024-03-29,Agent,Pol-Travel
9230,4770,Travel,6986.0,6945322,2,2023-11-01,2023-12-31,Bancassurance,Pol-Travel
9231,1310,Motor,24976.0,3559069,39,2024-03-26,2027-06-09,Agent,Pol-Motor
9232,4613,Motor,11559.0,3640392,50,2023-06-02,2027-07-11,Aggregator,Pol-Motor
9233,681,Health,4095.0,19875286,27,2024-08-19,2026-11-07,Bancassurance,Pol-Health
9234,1709,Property,8943.0,2257699,47,2023-03-05,2027-01-13,Online,Pol-Property
9235,4823,Motor,7306.0,17921422,16,2024-09-18,2026-01-11,Partnership,Pol-Motor
9236,3901,Health,18086.0,11630423,3,2023-01-24,2023-04-24,Agent,Pol-Health
9237,2165,Motor,13758.0,15041334,27,2023-03-06,2025-05-24,Aggregator,Pol-Motor
9238,4365,Motor,6972.0,15038591,32,2023-02-21,2025-10-08,Bancassurance,Pol-Motor
9239,1788,Property,7229.0,4867378,58,2023-06-28,2028-04-02,Aggregator,Pol-Property
9240,718,Health,4154.0,2921286,35,2023-08-30,2026-07-15,Online,Pol-Health
9241,721,Health,10173.0,4076072,24,2025-05-31,2027-05-21,Online,Pol-Health
9242,3235,Property,13007.0,5358168,7,2023-09-02,2024-03-30,Online,Pol-Property
9243,3858,Property,7792.0,1878621,49,2023-11-23,2027-12-02,Online,Pol-Property
9244,2188,Motor,8369.0,7783565,40,2023-01-25,2026-05-09,Bancassurance,Pol-Motor
9245,3959,Health,6228.0,3714682,19,2024-12-09,2026-07-02,Agent,Pol-Health
9246,3753,Crop,11395.0,6346642,5,2023-11-02,2024-03-31,Online,Pol-Crop
9247,4240,Health,3750.0,4533868,39,2024-10-13,2027-12-27,Agent,Pol-Health
9248,2270,Health,4191.0,12394038,51,2023-08-16,2027-10-24,Online,Pol-Health
9249,781,Motor,11667.0,8732423,56,2024-06-15,2029-01-20,Bancassurance,Pol-Motor
9250,4988,Motor,3622.0,3103446,8,2023-07-01,2024-02-26,Aggregator,Pol-Motor
9251,630,Motor,5341.0,5823643,25,2025-06-26,2027-07-16,Online,Pol-Motor
9252,4531,Health,6379.0,763056,22,2024-02-16,2025-12-07,Bancassurance,Pol-Health
9253,3922,Motor,9280.0,3608901,2,2024-11-20,2025-01-19,Bancassurance,Pol-Motor
9254,3078,Crop,7919.0,6881761,40,2025-02-25,2028-06-09,Aggregator,Pol-Crop
9255,3313,Health,1574.0,2271344,46,2025-01-20,2028-10-31,Agent,Pol-Health
9256,3127,Health,9804.0,10705812,10,2024-05-16,2025-03-12,Aggregator,Pol-Health
9257,2431,Health,6565.0,1676679,18,2025-08-07,2027-01-29,Agent,Pol-Health
9258,3542,Health,12497.0,7103781,25,2023-12-24,2026-01-12,Agent,Pol-Health
9259,3143,Property,4515.0,4694474,50,2023-03-03,2027-04-11,Agent,Pol-Property
9260,1630,Property,16121.0,14392648,16,2024-01-06,2025-04-30,Partnership,Pol-Property
9261,1474,Motor,4073.0,3264853,15,2025-02-13,2026-05-09,Agent,Pol-Motor
9262,480,Motor,5818.0,4588107,7,2023-09-12,2024-04-09,Agent,Pol-Motor
9263,2070,Travel,13768.0,17825192,12,2023-11-20,2024-11-14,Bancassurance,Pol-Travel
9264,561,Health,22640.0,18045525,32,2025-05-04,2027-12-20,Online,Pol-Health
9265,2696,Property,4077.0,971939,3,2024-08-27,2024-11-25,Online,Pol-Property
9266,2660,Property,25506.0,1426461,1,2024-11-11,2024-12-11,Aggregator,Pol-Property
9267,2760,Health,2231.0,19048355,56,2025-09-21,2030-04-28,Aggregator,Pol-Health
9268,2004,Health,10700.0,15388133,43,2023-12-02,2027-06-14,Agent,Pol-Health
9269,4217,Travel,17689.0,11189419,23,2024-11-11,2026-10-02,Aggregator,Pol-Travel
9270,2787,Property,4377.0,4899340,35,2023-12-04,2026-10-19,Online,Pol-Property
9271,3993,Crop,13554.0,5277157,1,2025-09-23,2025-10-23,Aggregator,Pol-Crop
9272,1462,Health,5678.0,1440458,44,2024-04-23,2027-12-04,Online,Pol-Health
9273,4847,Crop,5040.0,3648622,44,2025-07-28,2029-03-09,Partnership,Pol-Crop
9274,4885,Property,3722.0,12052580,58,2023-06-13,2028-03-18,Aggregator,Pol-Property
9275,895,Property,7049.0,4864453,20,2023-11-10,2025-07-02,Online,Pol-Property
9276,1007,Motor,7876.0,12372567,16,2023-05-19,2024-09-10,Aggregator,Pol-Motor
9277,4283,Health,4036.0,13903755,37,2024-02-11,2027-02-25,Aggregator,Pol-Health
9278,518,Motor,14946.0,12773204,45,2023-12-09,2027-08-20,Partnership,Pol-Motor
9279,1001,Health,5411.0,8090787,35,2023-09-25,2026-08-10,Online,Pol-Health
9280,3748,Health,7192.0,4229029,37,2024-03-26,2027-04-10,Online,Pol-Health
9281,640,Motor,8233.0,6673079,1,2023-12-06,2024-01-05,Online,Pol-Motor
9282,730,Health,32791.0,2212900,47,2024-04-15,2028-02-24,Agent,Pol-Health
9283,4749,Health,13923.0,1246820,55,2023-10-18,2028-04-24,Online,Pol-Health
9284,433,Property,11024.0,6455365,34,2024-08-31,2027-06-17,Aggregator,Pol-Property
9285,3938,Health,5880.0,3156038,21,2024-05-21,2026-02-10,Online,Pol-Health
9286,2811,Health,8839.0,2904549,26,2025-08-19,2027-10-08,Online,Pol-Health
9287,2938,Property,9307.0,4656263,14,2024-03-03,2025-04-27,Agent,Pol-Property
9288,4197,Health,7220.0,11885392,18,2023-06-30,2024-12-21,Agent,Pol-Health
9289,1122,Travel,11838.0,15427215,24,2023-08-23,2025-08-12,Online,Pol-Travel
9290,4944,Motor,35085.0,2328007,35,2025-03-15,2028-01-29,Agent,Pol-Motor
9291,2327,Health,4209.0,31549352,1,2023-10-07,2023-11-06,Agent,Pol-Health
9292,1879,Motor,9018.0,7776546,54,2024-12-23,2029-05-31,Aggregator,Pol-Motor
9293,3417,Property,8916.0,8860132,47,2024-12-29,2028-11-08,Aggregator,Pol-Property
9294,2943,Property,6512.0,2227696,43,2023-05-13,2026-11-23,Aggregator,Pol-Property
9295,1615,Property,5246.0,5152239,16,2023-07-21,2024-11-12,Partnership,Pol-Property
9296,4526,Motor,5112.0,4929649,46,2025-07-13,2029-04-23,Bancassurance,Pol-Motor
9297,1063,Travel,22487.0,1109774,56,2023-11-03,2028-06-09,Bancassurance,Pol-Travel
9298,2473,Travel,7937.0,5204076,39,2024-01-02,2027-03-17,Agent,Pol-Travel
9299,4525,Motor,12169.0,11072703,38,2024-08-06,2027-09-20,Agent,Pol-Motor
9300,4551,Health,6375.0,3348525,21,2023-10-01,2025-06-22,Online,Pol-Health
9301,519,Crop,9104.0,2736618,24,2024-01-11,2025-12-31,Agent,Pol-Crop
9302,3425,Health,9493.0,14026895,26,2024-09-24,2026-11-13,Agent,Pol-Health
9303,210,Health,6506.0,6437909,47,2023-12-26,2027-11-05,Online,Pol-Health
9304,4687,Health,8366.0,5082474,46,2023-06-06,2027-03-17,Online,Pol-Health
9305,4990,Health,13931.0,6263239,52,2023-09-07,2027-12-15,Agent,Pol-Health
9306,867,Health,4203.0,9020864,39,2023-11-29,2027-02-11,Partnership,Pol-Health
9307,3941,Health,8208.0,11806386,18,2023-10-16,2025-04-08,Aggregator,Pol-Health
9308,176,Health,9761.0,13274397,41,2023-02-10,2026-06-24,Partnership,Pol-Health
9309,4857,Crop,10929.0,7931200,24,2025-02-07,2027-01-28,Agent,Pol-Crop
9310,3530,Crop,11848.0,17324540,44,2023-03-04,2026-10-14,Partnership,Pol-Crop
9311,217,Property,10531.0,1046099,28,2024-05-03,2026-08-21,Online,Pol-Property
9312,2911,Health,13323.0,14423201,20,2024-09-25,2026-05-18,Agent,Pol-Health
9313,604,Property,5986.0,4488905,39,2024-08-16,2027-10-30,Online,Pol-Property
9314,1743,Motor,15203.0,1906855,17,2023-03-21,2024-08-12,Online,Pol-Motor
9315,3304,Health,7799.0,13936704,21,2023-01-24,2024-10-15,Partnership,Pol-Health
9316,820,Health,11348.0,5630397,50,2024-08-28,2028-10-06,Agent,Pol-Health
9317,1062,Motor,3810.0,12539067,18,2025-07-25,2027-01-16,Online,Pol-Motor
9318,2472,Health,10214.0,4338675,50,2024-05-25,2028-07-03,Agent,Pol-Health
9319,3471,Crop,7920.0,7502212,2,2024-07-19,2024-09-17,Bancassurance,Pol-Crop
9320,3013,Crop,6309.0,4705710,37,2023-01-06,2026-01-20,Online,Pol-Crop
9321,2956,Motor,14005.0,5541934,36,2025-01-08,2027-12-24,Online,Pol-Motor
9322,2627,Health,8203.0,3246346,17,2024-03-17,2025-08-09,Bancassurance,Pol-Health
9323,185,Health,8110.0,1867125,43,2025-09-11,2029-03-24,Aggregator,Pol-Health
9324,3449,Health,3589.0,2148013,6,2023-09-05,2024-03-03,Online,Pol-Health
9325,602,Travel,5203.0,6655826,35,2023-05-26,2026-04-10,Online,Pol-Travel
9326,1310,Health,8039.0,3303362,40,2025-04-16,2028-07-29,Online,Pol-Health
9327,1372,Crop,5233.0,8832840,34,2025-01-12,2027-10-29,Online,Pol-Crop
9328,2767,Health,15153.0,4788830,56,2025-04-22,2029-11-27,Bancassurance,Pol-Health
9329,4626,Motor,6332.0,3529002,22,2024-07-11,2026-05-02,Aggregator,Pol-Motor
9330,1013,Health,4528.0,26040500,37,2024-01-04,2027-01-18,Agent,Pol-Health
9331,1855,Health,4196.0,3118868,32,2023-04-30,2025-12-15,Agent,Pol-Health
9332,7,Property,6859.0,6327705,10,2025-05-16,2026-03-12,Aggregator,Pol-Property
9333,188,Motor,11222.0,25813054,6,2024-03-05,2024-09-01,Online,Pol-Motor
9334,4046,Motor,4584.0,12488990,13,2024-10-11,2025-11-05,Online,Pol-Motor
9335,1624,Property,4347.0,7163948,6,2023-12-04,2024-06-01,Agent,Pol-Property
9336,1140,Motor,5497.0,2915808,36,2025-03-01,2028-02-14,Bancassurance,Pol-Motor
9337,63,Crop,7089.0,863799,33,2023-02-06,2025-10-23,Aggregator,Pol-Crop
9338,441,Health,4322.0,521876,2,2023-03-29,2023-05-28,Aggregator,Pol-Health
9339,1368,Motor,7790.0,3804585,16,2023-06-09,2024-10-01,Online,Pol-Motor
9340,587,Health,15966.0,25428263,40,2024-11-03,2028-02-16,Partnership,Pol-Health
9341,379,Health,7282.0,2696429,25,2025-01-14,2027-02-03,Online,Pol-Health
9342,1256,Motor,5979.0,2164982,20,2025-07-28,2027-03-20,Agent,Pol-Motor
9343,2488,Motor,12825.0,4348021,27,2025-09-24,2027-12-13,Agent,Pol-Motor
9344,2442,Motor,4122.0,6072759,46,2023-03-13,2026-12-22,Agent,Pol-Motor
9345,3947,Motor,9560.0,6930529,15,2023-06-22,2024-09-14,Partnership,Pol-Motor
9346,737,Health,7431.0,15287220,40,2024-10-16,2028-01-29,Online,Pol-Health
9347,3348,Property,17090.0,2451027,10,2024-04-30,2025-02-24,Online,Pol-Property
9348,874,Motor,13726.0,16922898,38,2024-11-09,2027-12-24,Agent,Pol-Motor
9349,4800,Health,2758.0,9685349,27,2023-02-01,2025-04-21,Aggregator,Pol-Health
9350,3239,Crop,8141.0,3161146,17,2025-01-16,2026-06-10,Online,Pol-Crop
9351,99,Health,3535.0,2363457,22,2023-12-26,2025-10-16,Online,Pol-Health
9352,2460,Property,12969.0,1636815,39,2025-03-09,2028-05-22,Aggregator,Pol-Property
9353,3300,Motor,4553.0,15384763,14,2025-05-22,2026-07-16,Aggregator,Pol-Motor
9354,414,Motor,10867.0,4083566,49,2025-08-21,2029-08-30,Aggregator,Pol-Motor
9355,314,Motor,13040.0,4071765,43,2024-02-02,2027-08-15,Agent,Pol-Motor
9356,2374,Property,2949.0,6709258,28,2023-01-14,2025-05-03,Agent,Pol-Property
9357,1786,Health,15318.0,1983657,57,2023-11-03,2028-07-09,Aggregator,Pol-Health
9358,1433,Travel,12855.0,21177448,54,2024-07-07,2028-12-13,Aggregator,Pol-Travel
9359,4519,Health,4330.0,7251093,8,2023-12-28,2024-08-24,Online,Pol-Health
9360,4326,Health,13104.0,7069521,8,2024-08-11,2025-04-08,Agent,Pol-Health
9361,1595,Property,4026.0,4951647,29,2024-07-15,2026-12-02,Partnership,Pol-Property
9362,4773,Motor,11548.0,1568240,41,2024-06-26,2027-11-08,Online,Pol-Motor
9363,3584,Property,7005.0,13987433,1,2023-01-18,2023-02-17,Online,Pol-Property
9364,4812,Motor,3605.0,41558031,45,2024-12-24,2028-09-04,Online,Pol-Motor
9365,338,Motor,15338.0,2508694,54,2023-01-24,2027-07-02,Aggregator,Pol-Motor
9366,4342,Motor,15319.0,2339916,9,2025-02-22,2025-11-19,Bancassurance,Pol-Motor
9367,558,Travel,8073.0,2503965,8,2023-05-19,2024-01-14,Online,Pol-Travel
9368,4300,Health,7415.0,2791664,4,2025-07-06,2025-11-03,Online,Pol-Health
9369,1217,Motor,6000.0,20072309,21,2023-02-20,2024-11-11,Aggregator,Pol-Motor
9370,3911,Motor,9668.0,2161349,57,2024-11-06,2029-07-13,Aggregator,Pol-Motor
9371,3431,Motor,8995.0,44985867,5,2024-12-20,2025-05-19,Online,Pol-Motor
9372,4770,Motor,15728.0,29057604,41,2024-03-26,2027-08-08,Online,Pol-Motor
9373,736,Motor,8145.0,11144418,49,2023-01-14,2027-01-23,Aggregator,Pol-Motor
9374,3326,Property,14764.0,9232538,58,2025-05-16,2030-02-19,Agent,Pol-Property
9375,2332,Property,2892.0,11922129,41,2025-05-22,2028-10-03,Agent,Pol-Property
9376,2266,Travel,10995.0,3329073,58,2025-02-01,2029-11-07,Bancassurance,Pol-Travel
9377,4669,Motor,8014.0,1931080,41,2023-12-05,2027-04-18,Online,Pol-Motor
9378,3624,Crop,8773.0,6076615,38,2025-06-25,2028-08-08,Online,Pol-Crop
9379,182,Motor,18201.0,1607819,23,2023-04-08,2025-02-26,Agent,Pol-Motor
9380,208,Motor,12753.0,2792507,54,2025-06-10,2029-11-16,Aggregator,Pol-Motor
9381,2471,Motor,6154.0,10946827,52,2023-08-25,2027-12-02,Agent,Pol-Motor
9382,1194,Travel,4788.0,7885175,23,2025-06-28,2027-05-19,Online,Pol-Travel
9383,4235,Travel,2813.0,19294477,59,2023-07-13,2028-05-17,Online,Pol-Travel
9384,4350,Crop,9184.0,4187951,2,2024-05-06,2024-07-05,Online,Pol-Crop
9385,1190,Motor,13561.0,26737287,3,2023-12-31,2024-03-30,Online,Pol-Motor
9386,4665,Crop,13822.0,3001573,11,2025-04-25,2026-03-21,Agent,Pol-Crop
9387,1659,Health,5992.0,12341148,28,2025-06-06,2027-09-24,Agent,Pol-Health
9388,426,Motor,13704.0,6306797,52,2024-06-21,2028-09-28,Online,Pol-Motor
9389,3578,Motor,13840.0,14684081,3,2024-08-11,2024-11-09,Online,Pol-Motor
9390,1430,Health,11884.0,2818105,9,2023-01-19,2023-10-16,Bancassurance,Pol-Health
9391,4858,Property,7527.0,12074485,32,2023-03-19,2025-11-03,Online,Pol-Property
9392,569,Crop,7168.0,8350917,45,2023-10-25,2027-07-06,Online,Pol-Crop
9393,2627,Health,9581.0,2522800,52,2023-04-16,2027-07-24,Agent,Pol-Health
9394,231,Health,10313.0,41782111,46,2025-09-11,2029-06-22,Online,Pol-Health
9395,995,Health,5783.0,4896709,10,2025-02-17,2025-12-14,Aggregator,Pol-Health
9396,1657,Property,6119.0,11769859,49,2024-11-05,2028-11-14,Online,Pol-Property
9397,4040,Motor,8388.0,9570335,12,2024-11-12,2025-11-07,Agent,Pol-Motor
9398,790,Property,5382.0,1823575,44,2023-12-20,2027-08-01,Agent,Pol-Property
9399,2626,Motor,5686.0,13279942,56,2025-03-18,2029-10-23,Online,Pol-Motor
9400,1037,Motor,3041.0,1882221,20,2024-09-21,2026-05-14,Aggregator,Pol-Motor
9401,4439,Motor,4427.0,3774522,41,2023-01-04,2026-05-18,Online,Pol-Motor
9402,1613,Health,10638.0,7468251,12,2024-03-07,2025-03-02,Agent,Pol-Health
9403,339,Motor,12131.0,5770812,9,2025-05-14,2026-02-08,Bancassurance,Pol-Motor
9404,586,Crop,7189.0,9677746,25,2024-01-29,2026-02-17,Online,Pol-Crop
9405,422,Health,10888.0,676089,11,2024-09-05,2025-08-01,Agent,Pol-Health
9406,1314,Travel,2403.0,1527509,9,2024-11-15,2025-08-12,Bancassurance,Pol-Travel
9407,1314,Motor,9082.0,10138796,45,2023-03-28,2026-12-07,Online,Pol-Motor
9408,3843,Health,3535.0,4734898,45,2024-06-03,2028-02-13,Online,Pol-Health
9409,1178,Travel,4818.0,7636560,13,2023-12-25,2025-01-18,Online,Pol-Travel
9410,1739,Motor,10144.0,8151749,13,2023-03-17,2024-04-10,Online,Pol-Motor
9411,1667,Motor,11043.0,2290836,7,2023-01-18,2023-08-16,Aggregator,Pol-Motor
9412,4224,Health,2828.0,1729152,12,2023-03-08,2024-03-02,Agent,Pol-Health
9413,4529,Motor,3185.0,11191226,41,2023-04-23,2026-09-04,Agent,Pol-Motor
9414,515,Motor,5243.0,2960217,23,2024-10-05,2026-08-26,Online,Pol-Motor
9415,3330,Travel,2993.0,6870796,27,2024-06-16,2026-09-04,Bancassurance,Pol-Travel
9416,4598,Property,5961.0,5104543,28,2025-08-13,2027-12-01,Agent,Pol-Property
9417,989,Health,11309.0,2050670,31,2024-08-07,2027-02-23,Aggregator,Pol-Health
9418,4513,Motor,3374.0,3623467,56,2023-08-29,2028-04-04,Online,Pol-Motor
9419,4196,Motor,20057.0,14229611,34,2024-07-09,2027-04-25,Aggregator,Pol-Motor
9420,1418,Motor,6436.0,6752673,12,2024-07-26,2025-07-21,Agent,Pol-Motor
9421,4975,Health,8832.0,4241079,4,2024-08-26,2024-12-24,Online,Pol-Health
9422,2726,Health,4385.0,8234239,20,2023-05-07,2024-12-27,Aggregator,Pol-Health
9423,2197,Motor,12341.0,19866497,36,2024-12-19,2027-12-04,Agent,Pol-Motor
9424,2015,Travel,8241.0,5654310,3,2025-09-13,2025-12-12,Aggregator,Pol-Travel
9425,451,Health,8327.0,38809210,29,2024-01-10,2026-05-29,Aggregator,Pol-Health
9426,534,Motor,8896.0,7741861,49,2024-08-02,2028-08-11,Online,Pol-Motor
9427,2916,Property,3840.0,4431107,6,2023-04-30,2023-10-27,Aggregator,Pol-Property
9428,4819,Motor,9003.0,8077798,5,2025-03-04,2025-08-01,Agent,Pol-Motor
9429,4960,Property,10427.0,44396614,43,2024-07-31,2028-02-11,Partnership,Pol-Property
9430,1544,Property,3411.0,19930722,35,2023-12-07,2026-10-22,Bancassurance,Pol-Property
9431,819,Travel,6408.0,1618872,12,2024-06-13,2025-06-08,Aggregator,Pol-Travel
9432,1690,Motor,6287.0,1494759,55,2024-05-26,2028-12-01,Aggregator,Pol-Motor
9433,2294,Motor,7489.0,4478028,38,2023-03-07,2026-04-20,Bancassurance,Pol-Motor
9434,1473,Motor,10518.0,42099818,47,2023-05-15,2027-03-25,Aggregator,Pol-Motor
9435,2202,Motor,11038.0,6656824,20,2024-09-29,2026-05-22,Partnership,Pol-Motor
9436,246,Property,6975.0,3012529,25,2024-02-08,2026-02-27,Bancassurance,Pol-Property
9437,815,Property,11825.0,35887120,32,2023-06-21,2026-02-05,Agent,Pol-Property
9438,3115,Travel,3682.0,14145115,52,2025-06-07,2029-09-14,Aggregator,Pol-Travel
9439,393,Motor,8356.0,4295162,57,2025-09-02,2030-05-09,Bancassurance,Pol-Motor
9440,4259,Property,2678.0,3305706,3,2024-04-06,2024-07-05,Bancassurance,Pol-Property
9441,4562,Motor,5716.0,13889542,46,2024-08-30,2028-06-10,Aggregator,Pol-Motor
9442,4608,Crop,9329.0,2375956,55,2024-08-13,2029-02-18,Agent,Pol-Crop
9443,1171,Motor,10478.0,3562421,55,2025-04-05,2029-10-11,Online,Pol-Motor
9444,4944,Property,8492.0,6334291,1,2023-02-19,2023-03-21,Agent,Pol-Property
9445,3228,Motor,16107.0,3602474,1,2024-10-31,2024-11-30,Aggregator,Pol-Motor
9446,2563,Motor,7741.0,2473761,2,2025-06-12,2025-08-11,Agent,Pol-Motor
9447,2194,Property,3127.0,7771389,52,2024-11-18,2029-02-25,Aggregator,Pol-Property
9448,3584,Crop,2352.0,6414143,13,2023-11-23,2024-12-17,Bancassurance,Pol-Crop
9449,3341,Property,4465.0,6889663,18,2023-01-24,2024-07-17,Agent,Pol-Property
9450,2344,Motor,4451.0,916571,42,2024-04-09,2027-09-21,Aggregator,Pol-Motor
9451,2362,Motor,7471.0,15064952,42,2023-12-03,2027-05-16,Agent,Pol-Motor
9452,2617,Motor,5565.0,991837,45,2023-04-13,2026-12-23,Online,Pol-Motor
9453,2525,Crop,4556.0,7248205,21,2023-01-05,2024-09-26,Agent,Pol-Crop
9454,1143,Motor,5479.0,42815130,2,2024-03-14,2024-05-13,Agent,Pol-Motor
9455,2582,Crop,6192.0,12432715,24,2025-02-07,2027-01-28,Agent,Pol-Crop
9456,3635,Health,4828.0,4221732,6,2025-01-30,2025-07-29,Agent,Pol-Health
9457,4570,Health,7476.0,3456949,3,2025-08-03,2025-11-01,Aggregator,Pol-Health
9458,4824,Crop,11775.0,4955159,50,2023-10-26,2027-12-04,Online,Pol-Crop
9459,588,Health,5301.0,15491511,14,2024-12-25,2026-02-18,Online,Pol-Health
9460,1190,Motor,7642.0,9472236,31,2023-05-05,2025-11-20,Online,Pol-Motor
9461,4576,Motor,20638.0,5618360,30,2023-06-07,2025-11-23,Agent,Pol-Motor
9462,61,Motor,8288.0,13828848,9,2023-11-20,2024-08-16,Agent,Pol-Motor
9463,1841,Health,12647.0,1699448,1,2024-12-09,2025-01-08,Agent,Pol-Health
9464,1303,Motor,5789.0,3205547,38,2025-03-19,2028-05-02,Aggregator,Pol-Motor
9465,4684,Health,13154.0,3468530,55,2024-01-16,2028-07-23,Online,Pol-Health
9466,4305,Motor,4906.0,14888440,47,2024-02-09,2027-12-20,Agent,Pol-Motor
9467,37,Crop,9905.0,6915028,29,2025-02-26,2027-07-16,Partnership,Pol-Crop
9468,1158,Property,12564.0,50293889,25,2024-02-08,2026-02-27,Partnership,Pol-Property
9469,4831,Crop,15852.0,11448146,39,2023-10-20,2027-01-02,Agent,Pol-Crop
9470,2960,Motor,7807.0,2899363,20,2024-05-20,2026-01-10,Online,Pol-Motor
9471,1421,Property,6406.0,12938488,12,2023-12-03,2024-11-27,Bancassurance,Pol-Property
9472,3324,Crop,3672.0,2913449,34,2025-04-20,2028-02-04,Aggregator,Pol-Crop
9473,507,Motor,7067.0,3722146,22,2025-09-18,2027-07-10,Online,Pol-Motor
9474,1615,Travel,10961.0,5018985,44,2024-05-11,2027-12-22,Agent,Pol-Travel
9475,1268,Motor,10394.0,7259508,14,2023-05-31,2024-07-24,Agent,Pol-Motor
9476,4926,Motor,7261.0,6579549,58,2023-07-31,2028-05-05,Agent,Pol-Motor
9477,973,Health,8825.0,6560785,28,2024-01-18,2026-05-07,Aggregator,Pol-Health
9478,450,Motor,16907.0,2242093,59,2025-02-15,2029-12-21,Aggregator,Pol-Motor
9479,4216,Crop,10307.0,5374194,7,2023-08-06,2024-03-03,Bancassurance,Pol-Crop
9480,3381,Motor,6522.0,7136384,6,2023-03-22,2023-09-18,Online,Pol-Motor
9481,4730,Health,7322.0,11731056,36,2024-12-24,2027-12-09,Agent,Pol-Health
9482,212,Health,10278.0,3542152,32,2024-01-10,2026-08-27,Aggregator,Pol-Health
9483,2332,Property,9869.0,453197,45,2023-08-11,2027-04-22,Aggregator,Pol-Property
9484,3602,Motor,22665.0,14787327,59,2024-12-22,2029-10-27,Bancassurance,Pol-Motor
9485,1065,Property,16736.0,8986285,55,2023-08-01,2028-02-06,Aggregator,Pol-Property
9486,1447,Motor,4392.0,1624380,26,2023-04-01,2025-05-20,Online,Pol-Motor
9487,3017,Property,5297.0,1427453,54,2023-11-15,2028-04-22,Aggregator,Pol-Property
9488,1533,Crop,13893.0,9777449,6,2023-01-26,2023-07-25,Online,Pol-Crop
9489,2954,Motor,4972.0,4105406,34,2023-08-24,2026-06-09,Agent,Pol-Motor
9490,1834,Motor,7977.0,1500632,43,2023-10-22,2027-05-04,Aggregator,Pol-Motor
9491,2408,Health,16518.0,2068107,48,2023-05-23,2027-05-02,Bancassurance,Pol-Health
9492,3306,Motor,8570.0,4747920,50,2023-07-09,2027-08-17,Aggregator,Pol-Motor
9493,4742,Motor,11986.0,2723932,29,2025-01-31,2027-06-20,Aggregator,Pol-Motor
9494,1357,Motor,8190.0,3436837,6,2023-02-27,2023-08-26,Online,Pol-Motor
9495,2254,Health,7076.0,5776480,1,2024-09-11,2024-10-11,Online,Pol-Health
9496,3998,Motor,2920.0,13816726,8,2023-01-31,2023-09-28,Online,Pol-Motor
9497,2137,Health,8337.0,9052372,57,2023-07-30,2028-04-04,Online,Pol-Health
9498,936,Health,5625.0,6599740,8,2023-04-14,2023-12-10,Agent,Pol-Health
9499,1123,Property,14348.0,19241980,26,2024-09-12,2026-11-01,Agent,Pol-Property
9500,1510,Travel,2074.0,2314075,22,2024-12-08,2026-09-29,Agent,Pol-Travel
9501,711,Health,5689.0,5110006,45,2024-09-20,2028-06-01,Bancassurance,Pol-Health
9502,994,Motor,14681.0,3131966,16,2023-10-20,2025-02-11,Online,Pol-Motor
9503,55,Motor,19498.0,4783395,10,2023-03-03,2023-12-28,Online,Pol-Motor
9504,1641,Health,13048.0,5174636,17,2024-03-23,2025-08-15,Agent,Pol-Health
9505,2362,Travel,10246.0,3027498,45,2023-02-16,2026-10-28,Online,Pol-Travel
9506,3176,Property,3096.0,3848972,8,2024-12-11,2025-08-08,Online,Pol-Property
9507,1757,Motor,4317.0,9866827,50,2023-02-25,2027-04-05,Partnership,Pol-Motor
9508,776,Crop,11666.0,4884481,20,2023-08-28,2025-04-19,Agent,Pol-Crop
9509,356,Property,3847.0,395890,49,2025-02-23,2029-03-04,Online,Pol-Property
9510,3451,Motor,6521.0,10095787,1,2024-01-29,2024-02-28,Online,Pol-Motor
9511,2743,Property,6275.0,8801497,53,2025-03-21,2029-07-28,Aggregator,Pol-Property
9512,564,Motor,9042.0,1710093,44,2023-07-08,2027-02-17,Agent,Pol-Motor
9513,2395,Health,10252.0,21165482,31,2023-05-22,2025-12-07,Online,Pol-Health
9514,2893,Motor,2060.0,4308778,22,2025-06-05,2027-03-27,Aggregator,Pol-Motor
9515,1527,Motor,8454.0,13398778,43,2024-12-22,2028-07-04,Aggregator,Pol-Motor
9516,4121,Property,5217.0,5598332,25,2023-04-23,2025-05-12,Agent,Pol-Property
9517,4188,Crop,9682.0,3480071,51,2024-01-28,2028-04-06,Partnership,Pol-Crop
9518,2377,Motor,3012.0,7639166,12,2023-07-27,2024-07-21,Agent,Pol-Motor
9519,1562,Motor,12185.0,3367286,29,2023-03-14,2025-07-31,Agent,Pol-Motor
9520,3020,Health,5130.0,4693349,2,2023-09-24,2023-11-23,Aggregator,Pol-Health
9521,4698,Property,6042.0,1309789,14,2024-10-28,2025-12-22,Bancassurance,Pol-Property
9522,4438,Motor,16570.0,4099060,50,2025-01-03,2029-02-11,Online,Pol-Motor
9523,2945,Property,6849.0,1775237,24,2023-05-22,2025-05-11,Aggregator,Pol-Property
9524,3992,Travel,12016.0,5358926,25,2025-02-20,2027-03-12,Aggregator,Pol-Travel
9525,542,Health,7243.0,8475782,47,2025-03-07,2029-01-15,Online,Pol-Health
9526,2574,Motor,16856.0,5653268,24,2023-05-19,2025-05-08,Online,Pol-Motor
9527,1154,Motor,8690.0,12425607,12,2024-02-03,2025-01-28,Online,Pol-Motor
9528,3590,Motor,9494.0,31966349,3,2023-06-21,2023-09-19,Bancassurance,Pol-Motor
9529,1747,Motor,8023.0,4879138,15,2023-01-14,2024-04-08,Partnership,Pol-Motor
9530,1173,Property,6323.0,5772674,45,2024-04-19,2027-12-30,Bancassurance,Pol-Property
9531,1300,Motor,11357.0,2988245,10,2024-09-30,2025-07-27,Agent,Pol-Motor
9532,3733,Motor,5046.0,982587,10,2023-01-03,2023-10-30,Bancassurance,Pol-Motor
9533,3268,Health,10554.0,6087618,40,2024-10-13,2028-01-26,Online,Pol-Health
9534,4505,Crop,11856.0,9959051,42,2023-11-10,2027-04-23,Aggregator,Pol-Crop
9535,4979,Motor,9589.0,5475578,27,2025-02-20,2027-05-11,Online,Pol-Motor
9536,71,Property,4579.0,2580262,6,2023-10-24,2024-04-21,Online,Pol-Property
9537,1223,Health,9171.0,2255061,38,2025-02-23,2028-04-08,Online,Pol-Health
9538,4641,Health,12385.0,1727695,30,2024-12-21,2027-06-09,Partnership,Pol-Health
9539,4915,Crop,3891.0,4894347,9,2025-01-21,2025-10-18,Aggregator,Pol-Crop
9540,602,Motor,3419.0,2187682,40,2025-05-15,2028-08-27,Agent,Pol-Motor
9541,1489,Health,11190.0,15280399,33,2023-08-10,2026-04-26,Partnership,Pol-Health
9542,3162,Property,5307.0,10643623,23,2024-08-21,2026-07-12,Agent,Pol-Property
9543,4981,Crop,10649.0,13844917,54,2024-02-24,2028-08-01,Online,Pol-Crop
9544,2895,Motor,17250.0,16994498,21,2025-03-03,2026-11-23,Agent,Pol-Motor
9545,1812,Motor,3513.0,3833904,51,2023-09-03,2027-11-11,Bancassurance,Pol-Motor
9546,1773,Motor,3363.0,11412430,1,2025-09-26,2025-10-26,Online,Pol-Motor
9547,1,Crop,10951.0,4275186,40,2025-03-10,2028-06-22,Agent,Pol-Crop
9548,4645,Crop,14132.0,4321521,47,2024-02-11,2027-12-22,Aggregator,Pol-Crop
9549,2182,Health,17278.0,4494732,12,2025-07-25,2026-07-20,Bancassurance,Pol-Health
9550,3324,Motor,10974.0,2573572,35,2024-04-08,2027-02-22,Agent,Pol-Motor
9551,4965,Motor,6856.0,4752179,46,2023-08-12,2027-05-23,Online,Pol-Motor
9552,2778,Health,7692.0,4815825,23,2023-10-26,2025-09-15,Aggregator,Pol-Health
9553,4617,Travel,8674.0,9859805,54,2025-08-27,2030-02-02,Agent,Pol-Travel
9554,909,Crop,17015.0,4420874,34,2023-02-26,2025-12-12,Bancassurance,Pol-Crop
9555,1923,Property,8489.0,3307638,34,2024-11-04,2027-08-21,Online,Pol-Property
9556,1987,Health,5193.0,10032897,27,2024-09-30,2026-12-19,Agent,Pol-Health
9557,4043,Travel,8197.0,2388330,32,2023-06-10,2026-01-25,Aggregator,Pol-Travel
9558,1838,Crop,3357.0,4782971,51,2023-11-09,2028-01-17,Online,Pol-Crop
9559,3642,Motor,5554.0,9767842,19,2025-07-12,2027-02-02,Online,Pol-Motor
9560,501,Property,6287.0,11321869,18,2023-02-20,2024-08-13,Aggregator,Pol-Property
9561,1823,Health,6034.0,17613976,8,2023-07-07,2024-03-03,Online,Pol-Health
9562,1332,Health,3317.0,7724683,49,2023-05-15,2027-05-24,Online,Pol-Health
9563,4347,Travel,4051.0,5977922,35,2025-09-26,2028-08-11,Online,Pol-Travel
9564,2953,Motor,7260.0,22582143,48,2023-05-10,2027-04-19,Bancassurance,Pol-Motor
9565,1627,Property,11151.0,2549797,49,2024-11-05,2028-11-14,Bancassurance,Pol-Property
9566,1228,Health,5950.0,10924110,36,2023-02-17,2026-02-01,Online,Pol-Health
9567,2056,Travel,7613.0,6050877,49,2023-09-20,2027-09-29,Online,Pol-Travel
9568,2156,Motor,11369.0,776355,49,2024-04-05,2028-04-14,Bancassurance,Pol-Motor
9569,1878,Property,27871.0,22708169,28,2023-09-09,2025-12-27,Partnership,Pol-Property
9570,4062,Motor,6260.0,2602050,36,2023-03-08,2026-02-20,Agent,Pol-Motor
9571,2865,Motor,4814.0,69990299,38,2024-12-29,2028-02-12,Bancassurance,Pol-Motor
9572,2571,Motor,10884.0,6188615,59,2023-11-23,2028-09-27,Bancassurance,Pol-Motor
9573,1397,Health,11226.0,2284812,54,2024-03-21,2028-08-27,Agent,Pol-Health
9574,4482,Travel,3813.0,11092162,44,2024-05-19,2027-12-30,Agent,Pol-Travel
9575,4279,Motor,4191.0,3805280,52,2024-11-25,2029-03-04,Agent,Pol-Motor
9576,2970,Motor,3696.0,5715132,39,2023-08-24,2026-11-06,Aggregator,Pol-Motor
9577,3590,Motor,5125.0,8891071,40,2023-12-13,2027-03-27,Agent,Pol-Motor
9578,1892,Health,11290.0,5937662,50,2024-10-23,2028-12-01,Agent,Pol-Health
9579,1274,Motor,8765.0,5455729,57,2023-06-05,2028-02-09,Online,Pol-Motor
9580,2246,Travel,7977.0,3439854,5,2025-02-11,2025-07-11,Online,Pol-Travel
9581,3711,Health,4488.0,775263,38,2023-03-07,2026-04-20,Aggregator,Pol-Health
9582,37,Property,4316.0,7638979,49,2023-02-17,2027-02-26,Agent,Pol-Property
9583,2941,Property,7609.0,8969735,13,2024-03-15,2025-04-09,Online,Pol-Property
9584,421,Health,7156.0,34312635,15,2024-02-24,2025-05-19,Online,Pol-Health
9585,3080,Crop,9365.0,11415516,4,2024-06-19,2024-10-17,Aggregator,Pol-Crop
9586,4216,Crop,14674.0,2154387,55,2024-11-02,2029-05-10,Agent,Pol-Crop
9587,4840,Motor,4149.0,853961,38,2025-05-03,2028-06-16,Aggregator,Pol-Motor
9588,3809,Crop,6804.0,660511,31,2024-03-29,2026-10-15,Agent,Pol-Crop
9589,2420,Health,7760.0,5629741,30,2024-08-21,2027-02-07,Online,Pol-Health
9590,2281,Motor,8076.0,9455520,2,2025-07-30,2025-09-28,Online,Pol-Motor
9591,2335,Health,7609.0,7918100,7,2024-04-06,2024-11-02,Online,Pol-Health
9592,738,Motor,7199.0,7261102,57,2023-02-24,2027-10-31,Agent,Pol-Motor
9593,1419,Health,8061.0,18777944,9,2024-01-08,2024-10-04,Agent,Pol-Health
9594,4548,Property,9495.0,7662660,29,2024-02-03,2026-06-22,Online,Pol-Property
9595,2042,Motor,5152.0,2316082,30,2024-09-27,2027-03-16,Online,Pol-Motor
9596,1786,Motor,9272.0,3250307,19,2025-07-27,2027-02-17,Partnership,Pol-Motor
9597,1063,Travel,9484.0,8158159,22,2025-08-16,2027-06-07,Partnership,Pol-Travel
9598,3569,Health,8246.0,6518713,49,2023-03-03,2027-03-12,Agent,Pol-Health
9599,372,Motor,16125.0,5195007,36,2024-12-10,2027-11-25,Online,Pol-Motor
9600,2597,Travel,8169.0,3544373,53,2024-10-23,2029-03-01,Online,Pol-Travel
9601,1003,Crop,8799.0,2397358,57,2024-05-06,2029-01-10,Online,Pol-Crop
9602,2524,Motor,4498.0,24541101,3,2024-04-16,2024-07-15,Online,Pol-Motor
9603,4501,Motor,12332.0,2351162,57,2024-08-12,2029-04-18,Online,Pol-Motor
9604,1419,Crop,19100.0,3181019,30,2023-01-25,2025-07-13,Agent,Pol-Crop
9605,4677,Motor,7928.0,5658733,37,2024-04-19,2027-05-04,Aggregator,Pol-Motor
9606,3202,Health,2612.0,7504701,16,2024-03-20,2025-07-13,Online,Pol-Health
9607,627,Motor,12551.0,6695687,51,2024-11-08,2029-01-16,Agent,Pol-Motor
9608,1822,Property,14540.0,1275073,2,2024-03-10,2024-05-09,Online,Pol-Property
9609,4437,Motor,8170.0,7562395,41,2025-04-25,2028-09-06,Aggregator,Pol-Motor
9610,4308,Health,5658.0,14800488,11,2023-03-26,2024-02-19,Agent,Pol-Health
9611,2962,Motor,13860.0,6900387,47,2024-04-09,2028-02-18,Aggregator,Pol-Motor
9612,1647,Motor,13345.0,34755300,28,2024-04-06,2026-07-25,Bancassurance,Pol-Motor
9613,2000,Motor,8315.0,19500862,29,2024-08-31,2027-01-18,Online,Pol-Motor
9614,2636,Motor,12962.0,4010797,27,2025-01-15,2027-04-05,Agent,Pol-Motor
9615,2344,Crop,5102.0,3380745,45,2024-03-17,2027-11-27,Agent,Pol-Crop
9616,3160,Crop,13990.0,2177890,6,2023-09-22,2024-03-20,Partnership,Pol-Crop
9617,1010,Property,8407.0,5655074,38,2023-08-22,2026-10-05,Bancassurance,Pol-Property
9618,3219,Health,6295.0,7427852,18,2025-09-04,2027-02-26,Partnership,Pol-Health
9619,4151,Motor,7768.0,15737843,40,2025-06-08,2028-09-20,Agent,Pol-Motor
9620,2813,Motor,10982.0,5365222,5,2024-01-30,2024-06-28,Partnership,Pol-Motor
9621,3741,Motor,8555.0,2736302,10,2025-03-27,2026-01-21,Online,Pol-Motor
9622,4977,Property,18360.0,14962258,22,2024-05-06,2026-02-25,Partnership,Pol-Property
9623,4039,Motor,13450.0,1900933,41,2023-08-09,2026-12-21,Online,Pol-Motor
9624,3835,Travel,4081.0,8180380,24,2025-08-22,2027-08-12,Partnership,Pol-Travel
9625,1800,Property,11640.0,6604412,57,2025-05-05,2030-01-09,Agent,Pol-Property
9626,2885,Travel,12126.0,6027989,7,2023-02-22,2023-09-20,Agent,Pol-Travel
9627,1323,Health,9973.0,4251890,33,2023-07-16,2026-04-01,Bancassurance,Pol-Health
9628,2610,Health,4559.0,16097469,12,2025-06-24,2026-06-19,Partnership,Pol-Health
9629,725,Motor,12831.0,7402406,17,2023-09-15,2025-02-06,Online,Pol-Motor
9630,2412,Health,8351.0,8040796,36,2023-12-09,2026-11-23,Aggregator,Pol-Health
9631,1316,Travel,4422.0,10205016,34,2024-06-27,2027-04-13,Aggregator,Pol-Travel
9632,1413,Motor,8763.0,1537076,57,2024-03-24,2028-11-28,Aggregator,Pol-Motor
9633,4849,Motor,12913.0,2112730,20,2023-04-06,2024-11-26,Online,Pol-Motor
9634,3543,Motor,4811.0,2712637,53,2024-10-19,2029-02-25,Online,Pol-Motor
9635,1555,Travel,4812.0,5820465,50,2025-02-22,2029-04-02,Agent,Pol-Travel
9636,426,Motor,10555.0,2558315,15,2025-02-22,2026-05-18,Bancassurance,Pol-Motor
9637,3950,Property,8809.0,2681295,9,2024-02-25,2024-11-21,Partnership,Pol-Property
9638,4495,Motor,11055.0,4491432,16,2023-11-07,2025-03-01,Agent,Pol-Motor
9639,304,Crop,7597.0,13031740,8,2024-07-24,2025-03-21,Bancassurance,Pol-Crop
9640,104,Health,25705.0,12791291,23,2023-02-24,2025-01-14,Aggregator,Pol-Health
9641,364,Motor,6150.0,9652242,44,2023-08-04,2027-03-16,Online,Pol-Motor
9642,4663,Property,10245.0,9159732,7,2024-11-24,2025-06-22,Agent,Pol-Property
9643,2848,Crop,5838.0,5409681,28,2023-12-05,2026-03-24,Aggregator,Pol-Crop
9644,2724,Health,3640.0,6929431,31,2023-09-09,2026-03-27,Agent,Pol-Health
9645,3949,Property,6897.0,5536397,40,2023-10-23,2027-02-04,Aggregator,Pol-Property
9646,1109,Motor,6386.0,6053502,10,2023-05-09,2024-03-04,Aggregator,Pol-Motor
9647,2416,Travel,17915.0,6729337,15,2025-02-17,2026-05-13,Partnership,Pol-Travel
9648,1898,Motor,9139.0,4161691,58,2023-08-31,2028-06-05,Bancassurance,Pol-Motor
9649,4821,Motor,4994.0,923887,7,2023-08-20,2024-03-17,Agent,Pol-Motor
9650,715,Motor,7576.0,10319616,42,2023-03-24,2026-09-04,Bancassurance,Pol-Motor
9651,2873,Motor,4682.0,5972184,55,2023-05-13,2027-11-18,Agent,Pol-Motor
9652,1203,Health,6496.0,1286311,22,2023-01-21,2024-11-11,Aggregator,Pol-Health
9653,92,Health,12362.0,10388978,57,2024-07-20,2029-03-26,Online,Pol-Health
9654,1524,Health,9322.0,7525289,52,2025-07-04,2029-10-11,Aggregator,Pol-Health
9655,4720,Motor,3222.0,1381942,53,2024-01-13,2028-05-21,Partnership,Pol-Motor
9656,3980,Motor,4947.0,26293871,22,2025-09-04,2027-06-26,Agent,Pol-Motor
9657,169,Property,4851.0,5138313,39,2025-09-20,2028-12-03,Partnership,Pol-Property
9658,1320,Property,5206.0,42957517,21,2024-06-18,2026-03-10,Bancassurance,Pol-Property
9659,2241,Motor,8505.0,15249598,21,2025-09-05,2027-05-28,Online,Pol-Motor
9660,870,Health,12379.0,22992424,26,2023-09-23,2025-11-11,Online,Pol-Health
9661,2767,Motor,6200.0,5658935,42,2024-05-12,2027-10-24,Agent,Pol-Motor
9662,3358,Crop,5356.0,6523206,54,2025-08-01,2030-01-07,Online,Pol-Crop
9663,3288,Travel,11140.0,9789702,10,2025-05-18,2026-03-14,Agent,Pol-Travel
9664,975,Motor,8578.0,7207134,25,2023-06-22,2025-07-11,Agent,Pol-Motor
9665,4457,Property,5651.0,9920687,6,2023-02-03,2023-08-02,Agent,Pol-Property
9666,4139,Motor,6039.0,5057302,15,2024-03-20,2025-06-13,Online,Pol-Motor
9667,2229,Motor,6342.0,1150667,24,2025-04-11,2027-04-01,Online,Pol-Motor
9668,2559,Health,12778.0,3639216,52,2024-05-23,2028-08-30,Agent,Pol-Health
9669,2510,Health,9144.0,8185785,16,2025-07-27,2026-11-19,Aggregator,Pol-Health
9670,2334,Property,18352.0,7610281,55,2023-12-30,2028-07-06,Agent,Pol-Property
9671,1321,Property,9645.0,32614583,37,2023-12-07,2026-12-21,Online,Pol-Property
9672,1580,Travel,4708.0,3932602,4,2023-03-05,2023-07-03,Online,Pol-Travel
9673,1909,Health,3186.0,7703109,18,2024-11-10,2026-05-04,Agent,Pol-Health
9674,1785,Health,5372.0,10126075,41,2023-02-13,2026-06-27,Agent,Pol-Health
9675,1916,Health,3244.0,8344820,37,2023-04-21,2026-05-05,Agent,Pol-Health
9676,2981,Motor,4970.0,2653827,11,2025-09-01,2026-07-28,Agent,Pol-Motor
9677,257,Health,7405.0,8027733,13,2025-07-06,2026-07-31,Bancassurance,Pol-Health
9678,1241,Crop,3828.0,2227082,6,2024-10-18,2025-04-16,Bancassurance,Pol-Crop
9679,2570,Motor,10866.0,3644623,33,2023-10-25,2026-07-11,Partnership,Pol-Motor
9680,750,Travel,5693.0,4653682,36,2024-06-02,2027-05-18,Agent,Pol-Travel
9681,3323,Health,10940.0,4594391,21,2025-08-17,2027-05-09,Online,Pol-Health
9682,3287,Property,4571.0,1354409,47,2023-09-01,2027-07-12,Aggregator,Pol-Property
9683,4753,Travel,10530.0,5211562,31,2025-06-14,2027-12-31,Aggregator,Pol-Travel
9684,734,Health,5696.0,6067839,52,2023-06-29,2027-10-06,Agent,Pol-Health
9685,2387,Motor,6514.0,6649959,18,2025-07-09,2026-12-31,Bancassurance,Pol-Motor
9686,4324,Property,5337.0,4289737,17,2023-07-05,2024-11-26,Aggregator,Pol-Property
9687,1260,Crop,6801.0,31877353,9,2025-02-28,2025-11-25,Partnership,Pol-Crop
9688,2414,Motor,9779.0,6358200,15,2024-04-02,2025-06-26,Agent,Pol-Motor
9689,2906,Motor,3681.0,3668861,29,2024-11-25,2027-04-14,Partnership,Pol-Motor
9690,2497,Motor,22268.0,7151252,4,2025-03-28,2025-07-26,Agent,Pol-Motor
9691,2555,Motor,22394.0,3040451,24,2024-11-16,2026-11-06,Bancassurance,Pol-Motor
9692,3705,Travel,5709.0,12837867,11,2025-02-22,2026-01-18,Agent,Pol-Travel
9693,2110,Motor,12067.0,8546309,24,2025-04-24,2027-04-14,Bancassurance,Pol-Motor
9694,3403,Property,4032.0,23076788,44,2023-06-20,2027-01-30,Online,Pol-Property
9695,4283,Crop,3230.0,13243034,12,2024-11-05,2025-10-31,Agent,Pol-Crop
9696,1529,Property,19273.0,20811461,31,2024-09-28,2027-04-16,Online,Pol-Property
9697,851,Motor,10904.0,767655,4,2023-11-10,2024-03-09,Agent,Pol-Motor
9698,2302,Health,7930.0,2148048,40,2024-10-31,2028-02-13,Agent,Pol-Health
9699,4675,Travel,10692.0,10161839,44,2024-03-08,2027-10-19,Bancassurance,Pol-Travel
9700,4410,Motor,5257.0,3201289,20,2025-04-16,2026-12-07,Aggregator,Pol-Motor
9701,3624,Motor,7735.0,21444426,6,2024-07-04,2024-12-31,Online,Pol-Motor
9702,3296,Crop,8281.0,4345471,45,2025-04-08,2028-12-18,Bancassurance,Pol-Crop
9703,4527,Health,3567.0,14855568,5,2024-03-29,2024-08-26,Online,Pol-Health
9704,1380,Health,13079.0,8350536,59,2023-04-12,2028-02-15,Aggregator,Pol-Health
9705,3499,Travel,5868.0,4985559,14,2024-01-19,2025-03-14,Online,Pol-Travel
9706,1416,Property,4083.0,2878884,15,2025-05-19,2026-08-12,Partnership,Pol-Property
9707,2270,Motor,17085.0,7227558,17,2024-12-24,2026-05-18,Partnership,Pol-Motor
9708,2808,Health,13621.0,4622040,15,2024-11-09,2026-02-02,Agent,Pol-Health
9709,1800,Motor,6614.0,2627561,25,2024-01-25,2026-02-13,Online,Pol-Motor
9710,3609,Motor,3926.0,1505463,43,2025-02-11,2028-08-24,Aggregator,Pol-Motor
9711,2814,Health,9580.0,5873519,54,2025-01-28,2029-07-06,Online,Pol-Health
9712,2003,Motor,7622.0,13156930,14,2025-06-21,2026-08-15,Online,Pol-Motor
9713,2120,Crop,22031.0,7010941,28,2023-03-20,2025-07-07,Bancassurance,Pol-Crop
9714,456,Motor,14395.0,10329973,58,2023-03-23,2027-12-27,Agent,Pol-Motor
9715,3147,Health,5858.0,4826067,31,2025-01-10,2027-07-29,Partnership,Pol-Health
9716,4706,Property,15279.0,2642509,45,2023-08-23,2027-05-04,Online,Pol-Property
9717,2885,Property,14488.0,10647202,27,2024-10-28,2027-01-16,Agent,Pol-Property
9718,939,Health,3072.0,4367362,41,2025-07-07,2028-11-18,Partnership,Pol-Health
9719,1685,Health,9867.0,5643045,52,2023-08-09,2027-11-16,Agent,Pol-Health
9720,2566,Crop,13515.0,10468179,52,2024-04-16,2028-07-24,Online,Pol-Crop
9721,3410,Motor,6005.0,10633194,36,2023-08-05,2026-07-20,Agent,Pol-Motor
9722,2086,Property,3973.0,5914417,16,2024-12-24,2026-04-18,Agent,Pol-Property
9723,2367,Travel,33202.0,11894005,50,2024-03-05,2028-04-13,Aggregator,Pol-Travel
9724,140,Motor,16338.0,8752375,35,2024-06-16,2027-05-02,Agent,Pol-Motor
9725,427,Travel,8492.0,8915733,13,2024-07-05,2025-07-30,Online,Pol-Travel
9726,2903,Property,2562.0,18203910,21,2023-04-14,2025-01-03,Aggregator,Pol-Property
9727,2018,Health,6087.0,9169508,47,2024-12-06,2028-10-16,Bancassurance,Pol-Health
9728,1219,Motor,20030.0,28042810,20,2025-03-26,2026-11-16,Bancassurance,Pol-Motor
9729,4311,Crop,14661.0,1604912,49,2024-03-08,2028-03-17,Agent,Pol-Crop
9730,1913,Motor,6556.0,2383060,8,2025-06-08,2026-02-03,Online,Pol-Motor
9731,4637,Health,5836.0,3499217,52,2024-11-12,2029-02-19,Aggregator,Pol-Health
9732,3682,Property,15604.0,2066255,20,2024-11-16,2026-07-09,Agent,Pol-Property
9733,2437,Property,6661.0,27566576,32,2024-09-11,2027-04-29,Partnership,Pol-Property
9734,1453,Motor,7072.0,22605751,55,2025-05-01,2029-11-06,Bancassurance,Pol-Motor
9735,1718,Motor,9345.0,10533150,6,2024-06-06,2024-12-03,Bancassurance,Pol-Motor
9736,2200,Property,10119.0,7451348,14,2023-07-13,2024-09-05,Aggregator,Pol-Property
9737,3175,Health,4345.0,2132846,34,2023-08-27,2026-06-12,Online,Pol-Health
9738,1429,Motor,10266.0,8266476,36,2024-12-01,2027-11-16,Agent,Pol-Motor
9739,1312,Motor,4575.0,6126667,12,2024-10-16,2025-10-11,Bancassurance,Pol-Motor
9740,747,Health,14429.0,11676492,34,2023-10-09,2026-07-25,Aggregator,Pol-Health
9741,2790,Health,6365.0,3627570,16,2024-01-22,2025-05-16,Bancassurance,Pol-Health
9742,3107,Crop,8722.0,9060952,44,2024-02-06,2027-09-18,Agent,Pol-Crop
9743,2915,Motor,1792.0,13446223,35,2024-06-15,2027-05-01,Online,Pol-Motor
9744,754,Crop,11467.0,12338181,59,2025-09-10,2030-07-16,Online,Pol-Crop
9745,484,Crop,12293.0,6206506,43,2023-02-28,2026-09-10,Online,Pol-Crop
9746,3593,Health,5818.0,18437145,58,2024-12-20,2029-09-25,Online,Pol-Health
9747,388,Motor,3797.0,2465911,54,2024-05-03,2028-10-09,Agent,Pol-Motor
9748,1789,Travel,3737.0,6930744,13,2023-08-03,2024-08-27,Partnership,Pol-Travel
9749,545,Motor,7549.0,9070042,27,2023-04-13,2025-07-01,Online,Pol-Motor
9750,2907,Health,4316.0,5387210,41,2024-10-11,2028-02-23,Partnership,Pol-Health
9751,2966,Health,7298.0,10705924,30,2024-04-14,2026-10-01,Partnership,Pol-Health
9752,2747,Crop,7996.0,13695186,33,2024-08-18,2027-05-05,Online,Pol-Crop
9753,4677,Health,8459.0,1077794,36,2025-08-01,2028-07-16,Bancassurance,Pol-Health
9754,1162,Health,15492.0,21733377,32,2024-12-14,2027-08-01,Partnership,Pol-Health
9755,4227,Crop,14518.0,3385096,14,2023-10-09,2024-12-02,Online,Pol-Crop
9756,3323,Travel,8160.0,15581649,48,2025-08-02,2029-07-12,Agent,Pol-Travel
9757,1659,Health,10550.0,2968856,40,2025-09-08,2028-12-21,Bancassurance,Pol-Health
9758,4462,Health,9215.0,8444517,45,2023-05-20,2027-01-29,Online,Pol-Health
9759,421,Crop,15745.0,8664787,20,2023-11-23,2025-07-15,Agent,Pol-Crop
9760,4520,Crop,8137.0,4709883,54,2024-03-20,2028-08-26,Online,Pol-Crop
9761,1809,Motor,12023.0,3616630,27,2023-12-19,2026-03-08,Aggregator,Pol-Motor
9762,3988,Health,22846.0,73442159,33,2023-12-30,2026-09-15,Aggregator,Pol-Health
9763,4066,Motor,9374.0,3444516,32,2024-03-21,2026-11-06,Aggregator,Pol-Motor
9764,2210,Health,5979.0,21015202,42,2024-06-13,2027-11-25,Bancassurance,Pol-Health
9765,4191,Crop,6109.0,72100582,29,2025-01-30,2027-06-19,Aggregator,Pol-Crop
9766,1186,Motor,5258.0,3998771,36,2025-03-26,2028-03-10,Online,Pol-Motor
9767,4931,Motor,11127.0,1308476,7,2025-06-13,2026-01-09,Online,Pol-Motor
9768,1820,Health,9115.0,5474655,22,2024-03-03,2025-12-23,Online,Pol-Health
9769,4559,Crop,6357.0,3594212,25,2024-07-07,2026-07-27,Online,Pol-Crop
9770,931,Property,16442.0,10060905,11,2025-08-28,2026-07-24,Agent,Pol-Property
9771,4777,Motor,6248.0,3626513,3,2025-04-23,2025-07-22,Agent,Pol-Motor
9772,3387,Motor,7979.0,4579834,5,2023-10-15,2024-03-13,Aggregator,Pol-Motor
9773,1354,Health,5147.0,5221800,55,2024-02-24,2028-08-31,Agent,Pol-Health
9774,657,Health,7201.0,1856718,44,2024-02-24,2027-10-06,Bancassurance,Pol-Health
9775,1206,Health,5091.0,4567947,43,2025-06-24,2029-01-04,Agent,Pol-Health
9776,2868,Health,7222.0,5087239,33,2025-09-24,2028-06-10,Partnership,Pol-Health
9777,456,Health,4502.0,2911126,44,2023-12-23,2027-08-04,Agent,Pol-Health
9778,4371,Health,5889.0,7434852,9,2025-01-18,2025-10-15,Bancassurance,Pol-Health
9779,2085,Crop,5327.0,15247175,48,2023-12-29,2027-12-08,Online,Pol-Crop
9780,2491,Crop,5462.0,4387375,11,2023-06-18,2024-05-13,Online,Pol-Crop
9781,875,Motor,4833.0,5342592,57,2024-04-23,2028-12-28,Agent,Pol-Motor
9782,3108,Health,6398.0,4309079,3,2023-05-11,2023-08-09,Agent,Pol-Health
9783,4164,Health,2149.0,27292592,8,2024-09-23,2025-05-21,Partnership,Pol-Health
9784,1434,Motor,10577.0,3095272,50,2024-07-13,2028-08-21,Online,Pol-Motor
9785,4456,Health,8686.0,2984900,36,2023-06-25,2026-06-09,Online,Pol-Health
9786,3193,Health,8750.0,3355109,55,2023-02-18,2027-08-26,Agent,Pol-Health
9787,3739,Property,6898.0,17148471,9,2024-02-27,2024-11-23,Agent,Pol-Property
9788,4030,Motor,14071.0,18528050,36,2025-01-13,2027-12-29,Aggregator,Pol-Motor
9789,575,Motor,5248.0,2569839,33,2024-05-19,2027-02-03,Online,Pol-Motor
9790,1096,Motor,3207.0,11260750,23,2025-02-01,2026-12-23,Online,Pol-Motor
9791,2896,Property,8557.0,3833992,3,2024-05-05,2024-08-03,Bancassurance,Pol-Property
9792,1989,Crop,19384.0,1592411,43,2025-08-29,2029-03-11,Agent,Pol-Crop
9793,290,Health,15387.0,1590405,58,2024-07-23,2029-04-28,Partnership,Pol-Health
9794,2468,Health,11798.0,4766108,57,2023-05-24,2028-01-28,Aggregator,Pol-Health
9795,1589,Motor,23192.0,11721548,42,2025-07-13,2028-12-24,Online,Pol-Motor
9796,1479,Health,6078.0,5604401,57,2024-01-04,2028-09-09,Online,Pol-Health
9797,805,Health,5931.0,6204121,50,2024-12-05,2029-01-13,Bancassurance,Pol-Health
9798,612,Motor,6550.0,1108001,16,2024-08-26,2025-12-19,Online,Pol-Motor
9799,472,Property,2136.0,4018661,55,2023-10-28,2028-05-04,Online,Pol-Property
9800,1970,Motor,15444.0,4369084,46,2024-03-31,2028-01-10,Bancassurance,Pol-Motor
9801,4465,Property,7427.0,3887545,8,2025-05-15,2026-01-10,Partnership,Pol-Property
9802,410,Health,5421.0,2239521,43,2025-04-27,2028-11-07,Aggregator,Pol-Health
9803,1626,Travel,6704.0,31137110,1,2024-03-19,2024-04-18,Online,Pol-Travel
9804,3960,Motor,4604.0,9357897,53,2025-01-27,2029-06-05,Online,Pol-Motor
9805,3575,Motor,7573.0,11887682,43,2024-09-07,2028-03-20,Agent,Pol-Motor
9806,161,Travel,5708.0,6087445,24,2025-05-07,2027-04-27,Online,Pol-Travel
9807,2726,Motor,5843.0,18566517,29,2023-10-05,2026-02-21,Agent,Pol-Motor
9808,3867,Health,4734.0,2388504,13,2025-07-09,2026-08-03,Agent,Pol-Health
9809,4109,Motor,7496.0,12089335,45,2025-05-05,2029-01-14,Online,Pol-Motor
9810,3479,Health,5710.0,1923541,58,2023-09-20,2028-06-25,Partnership,Pol-Health
9811,1987,Health,14470.0,5880175,2,2025-07-05,2025-09-03,Online,Pol-Health
9812,1879,Property,9603.0,5638993,33,2023-03-06,2025-11-20,Agent,Pol-Property
9813,3427,Motor,3812.0,6125347,14,2024-01-15,2025-03-10,Bancassurance,Pol-Motor
9814,3318,Crop,9964.0,5665129,10,2025-06-16,2026-04-12,Partnership,Pol-Crop
9815,4535,Health,8700.0,788605,4,2023-08-30,2023-12-28,Online,Pol-Health
9816,421,Health,7595.0,3890225,47,2025-02-23,2029-01-03,Partnership,Pol-Health
9817,3894,Health,6778.0,5235941,16,2025-01-01,2026-04-26,Agent,Pol-Health
9818,500,Travel,13205.0,3563847,33,2025-03-26,2027-12-11,Online,Pol-Travel
9819,246,Property,4217.0,1368556,47,2023-05-27,2027-04-06,Bancassurance,Pol-Property
9820,4442,Motor,7087.0,4066854,13,2025-09-16,2026-10-11,Aggregator,Pol-Motor
9821,480,Property,3171.0,9756897,5,2025-03-25,2025-08-22,Online,Pol-Property
9822,1334,Health,9573.0,21542759,8,2023-09-09,2024-05-06,Aggregator,Pol-Health
9823,2568,Crop,7099.0,4893139,43,2023-07-08,2027-01-18,Bancassurance,Pol-Crop
9824,4266,Motor,4490.0,4504806,47,2025-06-28,2029-05-08,Agent,Pol-Motor
9825,4215,Motor,8041.0,2762847,8,2025-04-03,2025-11-29,Agent,Pol-Motor
9826,758,Health,14504.0,22410832,31,2023-06-06,2025-12-22,Online,Pol-Health
9827,2111,Property,7752.0,2883245,57,2025-02-08,2029-10-15,Aggregator,Pol-Property
9828,109,Motor,3336.0,4090366,21,2023-01-11,2024-10-02,Agent,Pol-Motor
9829,746,Motor,7264.0,8272047,56,2024-06-27,2029-02-01,Bancassurance,Pol-Motor
9830,1517,Property,8496.0,12984123,10,2025-01-20,2025-11-16,Aggregator,Pol-Property
9831,1624,Motor,5186.0,3461054,21,2024-09-13,2026-06-05,Aggregator,Pol-Motor
9832,4513,Motor,22246.0,4590582,55,2024-11-05,2029-05-13,Aggregator,Pol-Motor
9833,1349,Property,3552.0,4439953,45,2024-07-08,2028-03-19,Agent,Pol-Property
9834,3312,Crop,2056.0,1614643,11,2024-08-07,2025-07-03,Aggregator,Pol-Crop
9835,710,Property,4589.0,8085188,24,2025-03-12,2027-03-02,Bancassurance,Pol-Property
9836,3588,Health,2768.0,3154847,28,2024-12-13,2027-04-02,Agent,Pol-Health
9837,4714,Motor,11756.0,3664047,31,2023-07-11,2026-01-26,Online,Pol-Motor
9838,4348,Crop,12466.0,7324619,12,2023-02-16,2024-02-11,Agent,Pol-Crop
9839,738,Motor,3277.0,5874414,45,2025-02-15,2028-10-27,Agent,Pol-Motor
9840,2552,Motor,4254.0,26597026,24,2024-10-04,2026-09-24,Online,Pol-Motor
9841,2202,Motor,3994.0,26528663,45,2024-04-19,2027-12-30,Online,Pol-Motor
9842,4694,Property,7249.0,20014421,28,2025-07-29,2027-11-16,Online,Pol-Property
9843,1442,Health,9275.0,33013714,18,2025-02-27,2026-08-21,Agent,Pol-Health
9844,684,Crop,15487.0,22958908,33,2023-07-05,2026-03-21,Aggregator,Pol-Crop
9845,1921,Motor,9067.0,1230078,15,2025-01-07,2026-04-02,Bancassurance,Pol-Motor
9846,2208,Property,6196.0,8867934,28,2024-04-20,2026-08-08,Agent,Pol-Property
9847,3352,Health,6057.0,7187478,59,2024-04-25,2029-02-28,Online,Pol-Health
9848,2220,Motor,7699.0,6906213,28,2024-09-26,2027-01-14,Agent,Pol-Motor
9849,3985,Health,7934.0,3499749,40,2024-09-02,2027-12-16,Agent,Pol-Health
9850,3416,Property,6896.0,1118031,41,2025-07-24,2028-12-05,Bancassurance,Pol-Property
9851,271,Health,7698.0,3287549,12,2024-11-20,2025-11-15,Agent,Pol-Health
9852,1890,Motor,7245.0,2938351,23,2025-08-22,2027-07-13,Aggregator,Pol-Motor
9853,4725,Crop,3548.0,10081698,30,2024-03-05,2026-08-22,Online,Pol-Crop
9854,1280,Motor,7895.0,4174431,24,2025-01-25,2027-01-15,Partnership,Pol-Motor
9855,3995,Travel,4735.0,16481185,9,2024-03-05,2024-11-30,Online,Pol-Travel
9856,3465,Property,8130.0,26784754,58,2023-04-15,2028-01-19,Online,Pol-Property
9857,2831,Health,9365.0,2573293,42,2025-01-04,2028-06-17,Online,Pol-Health
9858,1568,Motor,13209.0,2082176,13,2023-06-19,2024-07-13,Online,Pol-Motor
9859,2038,Health,7211.0,8377855,42,2024-07-18,2027-12-30,Online,Pol-Health
9860,794,Health,5329.0,9303923,20,2023-08-25,2025-04-16,Online,Pol-Health
9861,1031,Motor,11183.0,5955789,19,2024-11-03,2026-05-27,Agent,Pol-Motor
9862,860,Motor,7568.0,1898252,4,2024-01-10,2024-05-09,Agent,Pol-Motor
9863,4535,Motor,19571.0,7305560,26,2024-04-17,2026-06-06,Aggregator,Pol-Motor
9864,551,Motor,3608.0,4441619,51,2023-05-30,2027-08-07,Aggregator,Pol-Motor
9865,1566,Motor,5486.0,10107733,18,2025-04-05,2026-09-27,Agent,Pol-Motor
9866,678,Motor,5133.0,4399233,33,2024-06-03,2027-02-18,Agent,Pol-Motor
9867,462,Property,18436.0,11375546,20,2025-06-23,2027-02-13,Aggregator,Pol-Property
9868,1523,Health,9204.0,11421113,43,2025-06-25,2029-01-05,Online,Pol-Health
9869,1235,Travel,2877.0,3188693,21,2025-09-17,2027-06-09,Agent,Pol-Travel
9870,1137,Motor,2991.0,10505823,40,2023-08-09,2026-11-21,Agent,Pol-Motor
9871,4213,Property,11265.0,8647771,23,2025-09-09,2027-07-31,Agent,Pol-Property
9872,4659,Health,4320.0,4638240,11,2023-10-20,2024-09-14,Agent,Pol-Health
9873,2249,Health,7352.0,15820434,59,2024-09-18,2029-07-24,Agent,Pol-Health
9874,124,Health,6613.0,1710364,6,2023-01-20,2023-07-19,Online,Pol-Health
9875,4252,Property,19715.0,3654399,6,2024-01-07,2024-07-05,Agent,Pol-Property
9876,4505,Motor,6513.0,15386516,43,2023-06-25,2027-01-05,Online,Pol-Motor
9877,4562,Motor,5937.0,6347601,37,2024-08-21,2027-09-05,Agent,Pol-Motor
9878,4850,Motor,9722.0,4767453,11,2024-10-10,2025-09-05,Partnership,Pol-Motor
9879,4868,Motor,12785.0,4223994,36,2023-02-15,2026-01-30,Online,Pol-Motor
9880,3931,Health,7795.0,2633848,8,2024-12-22,2025-08-19,Online,Pol-Health
9881,3777,Health,2326.0,18704917,24,2023-05-04,2025-04-23,Aggregator,Pol-Health
9882,2885,Property,10986.0,6360762,43,2023-08-10,2027-02-20,Aggregator,Pol-Property
9883,4490,Motor,3720.0,5560910,10,2023-10-09,2024-08-04,Agent,Pol-Motor
9884,2098,Health,3402.0,14527083,43,2023-09-29,2027-04-11,Bancassurance,Pol-Health
9885,2773,Motor,5732.0,14714794,19,2025-03-28,2026-10-19,Agent,Pol-Motor
9886,1802,Motor,7805.0,6638144,24,2025-05-01,2027-04-21,Online,Pol-Motor
9887,3674,Health,15205.0,49756351,53,2023-01-16,2027-05-25,Agent,Pol-Health
9888,144,Property,2648.0,1558831,33,2024-08-22,2027-05-09,Agent,Pol-Property
9889,166,Health,7922.0,23953325,40,2024-01-13,2027-04-27,Agent,Pol-Health
9890,3139,Motor,15349.0,8349336,23,2025-06-30,2027-05-21,Bancassurance,Pol-Motor
9891,69,Travel,6968.0,10702635,7,2023-04-23,2023-11-19,Agent,Pol-Travel
9892,2502,Crop,10780.0,1786249,48,2023-11-11,2027-10-21,Aggregator,Pol-Crop
9893,25,Health,10336.0,2203603,5,2025-05-13,2025-10-10,Agent,Pol-Health
9894,3929,Travel,5515.0,4914702,37,2024-02-26,2027-03-12,Aggregator,Pol-Travel
9895,2358,Motor,9932.0,7284906,48,2024-03-21,2028-02-29,Online,Pol-Motor
9896,4108,Health,7775.0,7225814,47,2023-09-08,2027-07-19,Partnership,Pol-Health
9897,577,Travel,6255.0,4674295,55,2025-09-03,2030-03-11,Aggregator,Pol-Travel
9898,4330,Health,16287.0,3054229,59,2023-02-26,2028-01-01,Agent,Pol-Health
9899,2883,Health,6719.0,6089594,25,2023-06-30,2025-07-19,Online,Pol-Health
9900,591,Motor,15601.0,1055864,13,2023-08-31,2024-09-24,Aggregator,Pol-Motor
9901,1668,Motor,6183.0,37253388,10,2025-05-30,2026-03-26,Online,Pol-Motor
9902,1299,Motor,6878.0,4692766,17,2024-07-01,2025-11-23,Agent,Pol-Motor
9903,4709,Health,6527.0,2643469,40,2023-02-11,2026-05-26,Aggregator,Pol-Health
9904,4248,Motor,12393.0,2823861,14,2024-07-19,2025-09-12,Bancassurance,Pol-Motor
9905,3524,Motor,4759.0,1966031,11,2025-05-05,2026-03-31,Bancassurance,Pol-Motor
9906,2264,Health,9235.0,13747648,46,2025-09-11,2029-06-22,Aggregator,Pol-Health
9907,4755,Health,8935.0,8581711,10,2024-04-07,2025-02-01,Online,Pol-Health
9908,3864,Property,8961.0,4832798,47,2023-02-21,2027-01-01,Online,Pol-Property
9909,4406,Crop,20425.0,4735435,46,2023-10-04,2027-07-15,Agent,Pol-Crop
9910,4245,Health,6593.0,3763566,41,2024-07-05,2027-11-17,Bancassurance,Pol-Health
9911,3528,Motor,28739.0,870826,30,2024-02-04,2026-07-23,Agent,Pol-Motor
9912,3347,Health,12845.0,10887932,55,2023-08-28,2028-03-04,Aggregator,Pol-Health
9913,3019,Motor,3557.0,5417550,50,2023-03-24,2027-05-02,Bancassurance,Pol-Motor
9914,1205,Health,4148.0,9235632,44,2023-01-20,2026-09-01,Online,Pol-Health
9915,3877,Health,12255.0,12192333,16,2023-05-02,2024-08-24,Partnership,Pol-Health
9916,2252,Health,5053.0,13862245,37,2024-09-27,2027-10-12,Online,Pol-Health
9917,4560,Motor,8292.0,6179784,59,2023-12-24,2028-10-28,Agent,Pol-Motor
9918,974,Motor,5185.0,6113194,14,2024-01-24,2025-03-19,Aggregator,Pol-Motor
9919,4423,Health,5818.0,14759242,30,2024-10-16,2027-04-04,Agent,Pol-Health
9920,4245,Motor,6455.0,4908727,4,2023-10-23,2024-02-20,Aggregator,Pol-Motor
9921,1301,Travel,12002.0,17640788,39,2024-08-08,2027-10-22,Online,Pol-Travel
9922,4009,Travel,6550.0,14330500,3,2023-03-16,2023-06-14,Online,Pol-Travel
9923,35,Health,14965.0,3336145,56,2024-04-26,2028-12-01,Online,Pol-Health
9924,1,Crop,4503.0,2914167,21,2025-03-22,2026-12-12,Aggregator,Pol-Crop
9925,2516,Property,10908.0,1975966,22,2025-04-04,2027-01-24,Partnership,Pol-Property
9926,2651,Motor,8159.0,12036812,4,2024-01-05,2024-05-04,Aggregator,Pol-Motor
9927,1941,Health,3954.0,482924,23,2025-08-25,2027-07-16,Aggregator,Pol-Health
9928,1021,Motor,5459.0,491674,57,2023-02-09,2027-10-16,Agent,Pol-Motor
9929,92,Health,6913.0,7560440,4,2024-01-01,2024-04-30,Aggregator,Pol-Health
9930,4690,Motor,13627.0,1392075,6,2025-08-16,2026-02-12,Aggregator,Pol-Motor
9931,3892,Crop,6885.0,2094412,38,2023-10-07,2026-11-20,Online,Pol-Crop
9932,2147,Health,20618.0,6340332,49,2023-12-20,2027-12-29,Aggregator,Pol-Health
9933,4094,Motor,6252.0,1377170,25,2023-02-09,2025-02-28,Online,Pol-Motor
9934,2558,Crop,7702.0,1608827,59,2023-05-29,2028-04-02,Online,Pol-Crop
9935,1589,Crop,14202.0,22413026,2,2024-12-06,2025-02-04,Agent,Pol-Crop
9936,1877,Crop,3906.0,7685857,58,2023-09-06,2028-06-11,Online,Pol-Crop
9937,3664,Property,13371.0,12478120,33,2025-07-03,2028-03-19,Agent,Pol-Property
9938,3896,Health,5297.0,3155039,37,2023-05-22,2026-06-05,Agent,Pol-Health
9939,3415,Motor,6525.0,25349197,34,2025-08-29,2028-06-14,Bancassurance,Pol-Motor
9940,962,Motor,8310.0,337491,26,2024-09-04,2026-10-24,Agent,Pol-Motor
9941,4342,Motor,4896.0,1264050,15,2023-10-03,2024-12-26,Partnership,Pol-Motor
9942,2849,Motor,27743.0,1142100,21,2025-04-04,2026-12-25,Aggregator,Pol-Motor
9943,3544,Motor,8196.0,2359809,59,2024-02-08,2028-12-13,Aggregator,Pol-Motor
9944,4375,Health,7855.0,15563216,17,2024-09-20,2026-02-12,Partnership,Pol-Health
9945,2822,Motor,5460.0,31529323,47,2025-03-09,2029-01-17,Online,Pol-Motor
9946,853,Motor,3748.0,6123490,55,2023-01-29,2027-08-06,Aggregator,Pol-Motor
9947,3582,Property,12940.0,8917457,20,2024-04-03,2025-11-24,Bancassurance,Pol-Property
9948,4527,Motor,6403.0,615956,56,2025-08-09,2030-03-16,Partnership,Pol-Motor
9949,2490,Motor,8651.0,8531670,48,2025-03-30,2029-03-09,Agent,Pol-Motor
9950,3832,Health,4500.0,2964776,8,2024-08-09,2025-04-06,Agent,Pol-Health
9951,3533,Motor,11014.0,2033930,7,2024-04-10,2024-11-06,Online,Pol-Motor
9952,2313,Travel,6264.0,3659904,1,2025-02-01,2025-03-03,Bancassurance,Pol-Travel
9953,2493,Health,3209.0,4618803,3,2025-04-21,2025-07-20,Partnership,Pol-Health
9954,2271,Health,6344.0,17158311,54,2023-04-22,2027-09-28,Bancassurance,Pol-Health
9955,4903,Motor,10823.0,1293445,38,2024-06-13,2027-07-28,Online,Pol-Motor
9956,269,Motor,9837.0,2119314,38,2024-01-28,2027-03-13,Agent,Pol-Motor
9957,2699,Health,8883.0,15939310,34,2024-01-17,2026-11-02,Partnership,Pol-Health
9958,3403,Travel,7204.0,1750807,31,2024-07-26,2027-02-11,Aggregator,Pol-Travel
9959,4078,Health,7474.0,997587,8,2024-07-23,2025-03-20,Aggregator,Pol-Health
9960,433,Health,5553.0,44860464,51,2025-08-23,2029-10-31,Agent,Pol-Health
9961,803,Motor,13105.0,1958361,53,2025-04-23,2029-08-30,Aggregator,Pol-Motor
9962,4996,Health,7149.0,4640066,25,2025-02-07,2027-02-27,Online,Pol-Health
9963,1304,Motor,5636.0,4409499,28,2024-08-08,2026-11-26,Partnership,Pol-Motor
9964,2929,Motor,17955.0,18713780,55,2023-03-07,2027-09-12,Partnership,Pol-Motor
9965,4664,Health,13618.0,5789473,25,2023-10-28,2025-11-16,Bancassurance,Pol-Health
9966,743,Motor,7697.0,7165365,52,2025-07-25,2029-11-01,Online,Pol-Motor
9967,683,Property,6152.0,10499100,1,2024-12-12,2025-01-11,Bancassurance,Pol-Property
9968,3059,Travel,6246.0,11497404,16,2023-10-08,2025-01-30,Aggregator,Pol-Travel
9969,1850,Motor,4529.0,12500810,58,2023-06-07,2028-03-12,Online,Pol-Motor
9970,1302,Motor,11807.0,18464205,3,2025-09-13,2025-12-12,Bancassurance,Pol-Motor
9971,1796,Motor,18388.0,2918093,43,2025-07-28,2029-02-07,Online,Pol-Motor
9972,896,Motor,9765.0,2278795,48,2024-04-05,2028-03-15,Aggregator,Pol-Motor
9973,481,Health,15928.0,3527773,37,2024-02-20,2027-03-06,Partnership,Pol-Health
9974,4038,Motor,11277.0,2721220,48,2024-10-07,2028-09-16,Agent,Pol-Motor
9975,291,Health,3516.0,11039114,14,2025-06-01,2026-07-26,Aggregator,Pol-Health
9976,2695,Health,15241.0,842742,14,2025-04-06,2026-05-31,Online,Pol-Health
9977,3811,Motor,6554.0,17414362,42,2024-04-12,2027-09-24,Agent,Pol-Motor
9978,1975,Health,8181.0,8250838,49,2025-06-28,2029-07-07,Online,Pol-Health
9979,4015,Crop,4652.0,1200729,55,2025-07-07,2030-01-12,Aggregator,Pol-Crop
9980,190,Motor,3049.0,5559978,49,2024-08-11,2028-08-20,Aggregator,Pol-Motor
9981,377,Health,5372.0,7279442,40,2024-09-29,2028-01-12,Agent,Pol-Health
9982,259,Health,8410.0,12005449,15,2023-12-10,2025-03-04,Aggregator,Pol-Health
9983,827,Property,7820.0,5139686,23,2024-01-17,2025-12-07,Aggregator,Pol-Property
9984,2420,Motor,10921.0,5384696,2,2023-02-17,2023-04-18,Partnership,Pol-Motor
9985,1831,Property,8477.0,4820774,28,2023-07-07,2025-10-24,Agent,Pol-Property
9986,3017,Health,7915.0,14979787,43,2023-10-30,2027-05-12,Agent,Pol-Health
9987,2153,Health,5586.0,29454078,39,2023-05-18,2026-07-31,Agent,Pol-Health
9988,1450,Property,20174.0,7053564,11,2024-07-11,2025-06-06,Agent,Pol-Property
9989,2925,Travel,19629.0,3172426,27,2024-05-03,2026-07-22,Bancassurance,Pol-Travel
9990,3333,Property,8384.0,7603695,22,2023-11-26,2025-09-16,Partnership,Pol-Property
9991,3118,Travel,3668.0,29287489,14,2024-06-03,2025-07-28,Agent,Pol-Travel
9992,4740,Motor,8819.0,5433214,55,2023-12-04,2028-06-10,Agent,Pol-Motor
9993,3598,Motor,3905.0,2857317,17,2024-11-20,2026-04-14,Agent,Pol-Motor
9994,2315,Health,3646.0,22789085,55,2024-08-10,2029-02-15,Bancassurance,Pol-Health
9995,1558,Motor,12086.0,6652864,57,2024-10-22,2029-06-28,Partnership,Pol-Motor
9996,1717,Health,4784.0,5914578,56,2025-05-31,2030-01-05,Bancassurance,Pol-Health
9997,3468,Motor,5733.0,1423267,39,2023-08-29,2026-11-11,Online,Pol-Motor
9998,1173,Health,11602.0,5985116,2,2024-02-14,2024-04-14,Online,Pol-Health
9999,2328,Health,9295.0,11838643,30,2024-01-30,2026-07-18,Bancassurance,Pol-Health
10000,4621,Health,10408.0,3440809,29,2023-01-11,2025-05-30,Agent,Pol-Health
