date,region,rainfall_mm,max_temp,min_temp,cyclone_event,wind_speed_kmph,flood_index
2020-06-15,Coastal,11.6,40.3,33.099999999999994,0,14.8,0.89
2020-08-27,Mountain,5.4,34.8,24.4,0,27.2,0.58
2025-01-05,Inland,0.3,26.8,15.4,0,11.8,0.51
2021-07-11,Mountain,2.8,20.9,13.499999999999998,0,20.5,0.04
2023-08-14,Mountain,3.3,23.3,13.4,0,23.3,0.42
2024-02-15,Urban,1.6,28.9,21.5,0,37.1,0.8
2021-08-27,Inland,3.8,23.7,17.0,0,21.1,0.68
2020-06-03,Coastal,7.2,30.0,20.8,0,35.8,0.59
2021-11-03,Mountain,16.5,24.7,15.899999999999999,0,33.5,0.89
2025-04-10,Inland,0.4,33.2,25.1,0,25.5,0.27
2024-02-20,Inland,1.7,22.3,12.4,0,30.8,0.47
2024-02-06,Mountain,4.1,39.0,29.8,0,38.7,0.21
2022-07-09,Coastal,94.7,20.2,13.299999999999999,0,38.6,0.8
2024-07-16,Coastal,2.4,30.0,18.9,0,17.1,0.8
2024-03-17,Inland,12.9,33.7,25.6,0,29.6,0.62
2020-09-13,Urban,1.5,31.2,19.6,0,33.0,0.2
2022-04-02,Coastal,1.1,21.2,12.899999999999999,0,15.2,0.14
2020-05-15,Inland,7.0,34.6,25.900000000000002,0,8.2,0.26
2025-01-10,Inland,13.5,31.6,24.900000000000002,0,14.5,0.3
2024-02-17,Mountain,0.3,20.7,13.899999999999999,0,10.9,0.55
2021-05-21,Urban,3.8,27.2,20.7,0,31.8,0.6
2024-09-23,Mountain,3.7,28.7,16.799999999999997,0,33.3,0.58
2024-09-06,Inland,11.1,35.7,24.200000000000003,0,30.0,0.18
2021-06-11,Urban,10.7,24.5,18.1,0,37.1,0.17
2020-05-22,Mountain,16.2,40.8,32.8,0,8.1,0.35
2020-02-03,Mountain,14.3,20.6,8.600000000000001,0,27.5,0.54
2021-07-29,Inland,16.5,36.9,30.599999999999998,0,10.5,0.38
2021-03-26,Inland,13.5,41.0,30.4,0,20.8,0.93
2020-01-10,Urban,5.5,39.4,29.099999999999998,0,39.9,0.57
2020-12-22,Urban,1.4,21.6,14.700000000000001,0,14.6,0.37
2024-04-15,Mountain,5.0,26.0,17.5,0,24.0,0.03
2025-03-09,Mountain,2.5,21.0,12.7,0,25.0,0.57
2024-05-19,Inland,0.4,40.7,32.900000000000006,0,17.8,0.01
2024-12-13,Inland,18.3,25.2,15.399999999999999,0,9.7,0.77
2021-05-31,Urban,1.1,28.7,19.0,0,28.1,0.87
2022-03-19,Mountain,0.3,40.4,30.599999999999998,0,13.2,0.31
2023-08-30,Urban,2.3,35.1,24.8,0,12.9,0.75
2023-02-17,Inland,3.0,38.9,28.4,0,24.8,0.38
2020-01-27,Coastal,20.4,34.7,25.1,0,9.6,0.06
2024-04-22,Coastal,45.0,28.6,18.200000000000003,0,29.2,0.44
2022-01-07,Urban,1.0,20.4,9.399999999999999,0,33.3,0.09
2023-07-27,Urban,12.3,27.1,20.200000000000003,0,25.3,0.12
2021-08-22,Inland,27.3,26.7,15.5,0,27.1,0.39
2024-01-10,Mountain,1.7,37.1,29.6,0,31.3,0.93
2023-06-04,Urban,6.0,39.4,31.4,0,38.0,0.86
2022-07-14,Coastal,26.6,36.0,25.8,0,8.5,0.25
2024-01-11,Urban,0.3,26.1,18.1,0,38.4,0.55
2024-09-26,Coastal,1.8,39.7,30.200000000000003,0,25.8,0.41
2024-02-20,Urban,7.6,31.6,21.0,0,28.6,0.4
2021-01-08,Inland,2.9,20.8,11.8,0,7.5,0.1
2020-11-26,Inland,11.0,27.7,18.2,0,20.0,0.73
2021-06-26,Urban,10.8,23.4,15.399999999999999,0,6.8,0.72
2021-08-02,Mountain,0.9,28.6,21.900000000000002,0,19.6,0.01
2022-03-16,Inland,2.7,22.7,16.5,0,26.6,0.36
2020-06-01,Mountain,6.8,30.6,21.700000000000003,0,6.3,0.14
2024-07-08,Inland,0.5,31.3,21.200000000000003,0,19.6,0.49
2023-07-03,Inland,16.4,27.7,18.9,0,20.0,0.43
2024-06-23,Coastal,12.6,30.1,21.900000000000002,0,12.3,0.23
2023-10-23,Inland,1.4,34.0,24.2,0,6.4,0.68
2021-08-02,Coastal,2.7,32.4,22.9,0,31.3,0.24
2023-05-15,Mountain,2.8,22.1,14.600000000000001,0,27.5,0.31
2021-05-27,Urban,4.1,23.2,15.399999999999999,0,28.9,0.23
2023-02-12,Urban,3.1,32.8,22.099999999999998,0,5.4,0.11
2021-10-10,Urban,1.0,35.6,26.3,0,19.9,0.12
2024-10-18,Coastal,4.7,32.0,25.2,0,35.3,0.64
2023-02-04,Coastal,1.4,41.5,34.6,0,18.6,0.37
2022-10-19,Coastal,10.6,32.1,20.3,0,35.1,0.8
2022-06-02,Mountain,3.3,30.6,19.6,0,15.3,0.84
2023-06-08,Mountain,4.6,39.0,28.9,0,12.6,0.16
2021-07-06,Coastal,9.7,32.2,21.6,0,37.1,0.2
2025-02-13,Coastal,8.2,35.5,29.0,0,13.6,0.35
2025-01-04,Coastal,63.1,30.9,19.7,0,34.7,0.53
2020-07-25,Coastal,4.2,20.3,8.600000000000001,0,18.3,0.43
2021-11-17,Coastal,3.0,24.9,18.299999999999997,0,30.7,0.07
2024-04-17,Urban,25.3,21.3,12.100000000000001,0,23.1,0.0
2020-10-08,Coastal,8.0,20.1,10.600000000000001,0,30.4,0.9
2021-06-16,Mountain,13.6,21.5,11.2,0,14.5,0.82
2024-09-04,Coastal,17.7,30.3,22.200000000000003,0,22.5,0.6
2021-08-17,Coastal,0.4,37.7,26.500000000000004,1,140.7,0.09
2021-01-18,Mountain,0.9,29.5,22.4,0,39.5,0.38
2020-04-27,Urban,9.9,40.9,29.599999999999998,0,22.9,0.46
2024-10-06,Mountain,7.3,37.7,31.400000000000002,0,7.1,0.61
2025-05-22,Urban,20.4,39.9,33.5,0,31.5,0.46
2024-01-09,Inland,7.8,39.1,28.5,0,14.2,0.5
2024-12-10,Coastal,5.8,21.7,12.399999999999999,0,11.6,0.03
2020-03-21,Mountain,4.9,33.0,23.8,0,32.3,0.14
2021-04-01,Urban,0.5,34.3,23.499999999999996,0,34.6,0.17
2021-03-20,Coastal,44.5,28.7,22.7,0,25.9,0.73
2022-01-23,Coastal,12.3,33.5,21.9,0,38.7,0.38
2022-02-26,Urban,35.1,40.9,30.4,0,37.6,0.82
2020-02-19,Coastal,3.6,40.8,28.799999999999997,0,13.8,0.85
2023-09-18,Inland,3.5,30.8,19.0,0,9.9,0.46
2024-11-17,Urban,19.5,30.4,19.299999999999997,0,18.2,0.01
2024-02-11,Mountain,6.9,38.3,29.499999999999996,0,17.2,0.99
2020-05-10,Urban,0.5,24.6,14.000000000000002,0,23.7,0.93
2020-11-05,Mountain,7.8,41.4,30.2,0,38.4,0.82
2020-07-16,Inland,19.2,38.8,28.199999999999996,0,20.0,0.43
2023-05-30,Inland,35.3,26.7,19.799999999999997,0,39.3,0.94
2020-03-16,Inland,1.2,30.5,21.5,0,11.1,0.6
2023-05-06,Inland,20.5,38.6,28.400000000000002,0,15.1,0.17
2020-02-24,Urban,2.2,35.7,24.800000000000004,0,30.6,0.88
2020-04-12,Urban,2.0,31.3,19.5,0,16.7,0.19
2022-02-15,Mountain,169.2,25.1,18.900000000000002,0,38.9,0.35
2025-04-22,Mountain,13.2,25.3,14.5,0,39.2,0.08
2020-08-28,Mountain,1.3,20.9,9.299999999999999,0,9.7,0.28
2023-09-06,Inland,2.0,40.2,33.7,0,39.8,0.02
2021-09-21,Mountain,23.4,21.7,9.899999999999999,0,10.4,0.45
2023-09-12,Coastal,8.7,38.0,28.1,0,20.8,0.63
2023-09-07,Coastal,10.2,33.0,23.4,0,19.3,0.96
2023-03-01,Urban,23.2,33.4,23.7,0,15.2,0.69
2025-03-19,Mountain,2.5,41.4,30.099999999999998,0,14.4,0.65
2022-03-01,Coastal,8.5,33.1,26.8,0,25.2,0.4
2020-06-01,Inland,5.5,35.8,28.4,0,22.9,0.21
2021-05-30,Mountain,3.5,40.6,32.1,0,8.3,0.25
2022-10-20,Inland,12.5,22.3,12.700000000000001,0,22.6,0.01
2020-11-28,Mountain,1.3,39.1,27.3,0,28.8,0.34
2022-05-04,Mountain,2.3,23.4,11.599999999999998,0,17.4,0.89
2023-08-31,Inland,5.0,41.8,30.999999999999996,0,29.7,0.4
2023-05-20,Coastal,13.4,32.6,26.400000000000002,0,35.7,0.6
2023-05-30,Mountain,8.7,27.4,17.599999999999998,0,25.5,0.38
2023-09-03,Urban,40.4,24.7,13.6,0,28.6,0.57
2025-03-26,Coastal,12.7,26.5,19.4,0,23.9,0.84
2020-08-22,Urban,3.5,37.7,30.900000000000002,0,15.6,0.98
2024-01-17,Urban,15.3,33.9,25.4,1,87.6,0.36
2021-08-07,Mountain,17.9,25.7,17.9,0,29.9,0.51
2024-02-12,Urban,12.4,29.4,22.2,0,6.5,0.72
2021-05-04,Urban,4.4,31.1,23.8,0,10.2,0.29
2021-07-15,Mountain,4.0,33.0,21.7,1,154.1,0.37
2020-07-12,Coastal,4.0,33.9,27.0,1,255.9,0.77
2020-04-14,Coastal,0.3,31.2,24.2,0,31.6,0.98
2023-03-10,Coastal,3.1,40.6,33.0,0,20.0,0.91
2024-09-24,Mountain,2.1,37.2,30.800000000000004,0,12.4,0.13
2024-10-22,Inland,0.7,40.9,31.9,0,13.9,0.92
2021-04-07,Inland,3.6,20.3,14.100000000000001,0,13.7,0.8
2022-01-31,Coastal,3.0,20.2,8.5,0,13.2,0.14
2022-12-27,Inland,1.6,34.8,27.099999999999998,0,12.1,0.38
2020-04-27,Urban,4.0,31.7,24.9,0,17.7,0.88
2022-12-08,Mountain,24.1,23.5,14.0,0,28.9,0.2
2025-06-13,Mountain,3.3,37.1,28.400000000000002,0,31.9,0.67
2023-12-19,Coastal,3.6,41.6,35.0,0,10.4,0.82
2022-01-10,Mountain,7.6,30.4,23.7,0,11.8,0.89
2025-03-15,Inland,10.6,23.2,13.1,0,31.1,0.36
2025-04-21,Urban,34.5,38.2,31.000000000000004,0,27.1,0.86
2021-12-04,Coastal,6.2,23.3,11.4,0,32.3,0.8
2021-11-28,Coastal,2.4,29.4,18.799999999999997,0,6.4,0.7
2022-10-10,Mountain,7.2,40.4,30.099999999999998,0,31.0,0.27
2023-06-09,Coastal,3.3,28.3,21.4,0,29.0,0.71
2020-12-18,Mountain,4.9,30.7,22.0,0,28.4,0.96
2023-04-27,Inland,2.0,40.7,30.200000000000003,0,20.3,0.11
2023-08-26,Urban,3.5,22.5,13.8,0,30.7,0.13
2020-08-09,Mountain,8.1,33.4,23.799999999999997,0,10.9,0.84
2021-08-30,Mountain,3.4,23.6,13.600000000000001,0,5.4,0.39
2021-08-10,Coastal,0.3,35.7,28.700000000000003,0,5.1,0.18
2024-09-03,Coastal,4.8,34.1,27.900000000000002,0,6.6,0.61
2023-09-23,Coastal,6.8,22.2,12.0,0,27.1,0.13
2023-10-28,Coastal,26.0,33.0,21.6,0,37.5,0.82
2023-06-22,Mountain,21.5,26.8,14.9,0,23.3,0.35
2024-12-30,Inland,0.1,24.5,17.5,0,8.3,0.93
2021-05-25,Urban,5.1,26.5,17.1,0,36.6,0.96
2022-09-20,Mountain,3.8,29.1,18.700000000000003,0,17.6,0.18
2020-12-09,Coastal,8.1,28.9,22.799999999999997,0,14.8,0.6
2024-04-28,Coastal,15.9,27.7,18.0,0,28.9,0.64
2021-01-26,Coastal,1.3,40.9,29.099999999999998,0,5.6,0.38
2020-02-28,Coastal,2.1,24.6,18.400000000000002,0,27.0,0.23
2020-05-18,Inland,6.1,32.2,21.1,0,35.2,0.71
2024-01-16,Coastal,9.9,30.6,19.700000000000003,0,9.7,0.84
2020-10-06,Coastal,4.2,31.2,20.799999999999997,0,35.8,0.36
2024-10-25,Urban,14.1,24.0,13.9,0,8.8,0.93
2024-01-27,Inland,0.8,30.3,24.200000000000003,0,37.5,0.02
2020-03-06,Mountain,2.4,30.5,23.7,0,27.6,0.4
2024-09-20,Mountain,0.4,21.5,14.5,0,28.1,0.76
2021-11-12,Coastal,1.4,29.9,22.799999999999997,0,27.4,0.66
2021-08-06,Inland,3.0,25.2,15.6,0,37.3,0.5
2022-11-18,Inland,4.7,29.9,23.099999999999998,0,39.7,0.67
2024-09-01,Inland,1.9,40.7,30.800000000000004,0,28.5,0.62
2022-11-09,Mountain,2.3,30.3,19.3,0,34.4,0.61
2020-02-28,Urban,35.0,24.4,12.599999999999998,0,32.1,0.56
2024-08-30,Coastal,21.7,35.4,25.4,0,14.6,0.75
2022-09-20,Inland,15.7,29.9,21.9,0,26.2,0.65
2024-12-29,Inland,4.5,24.1,15.8,0,28.0,0.85
2023-02-09,Urban,2.7,27.9,15.999999999999998,0,17.4,0.6
2025-03-28,Inland,2.0,31.6,25.5,0,37.2,0.87
2020-08-06,Inland,5.4,21.3,13.200000000000001,0,39.9,0.29
2021-07-23,Inland,4.9,28.1,18.6,0,14.8,0.71
2020-07-24,Inland,3.2,21.7,13.0,0,28.0,0.92
2020-02-14,Urban,1.8,21.3,13.700000000000001,0,13.4,0.0
2024-04-30,Urban,15.8,25.3,15.100000000000001,0,32.7,0.45
2025-01-04,Mountain,18.6,32.4,21.0,0,29.7,0.61
2021-09-03,Inland,6.7,30.6,24.1,0,30.6,0.22
2021-01-23,Inland,4.4,38.2,29.800000000000004,0,24.1,0.79
2024-03-24,Urban,1.3,23.2,11.6,0,23.0,0.75
2024-10-13,Mountain,1.9,40.0,29.4,0,14.0,0.14
2025-05-15,Inland,10.2,27.4,20.299999999999997,0,22.9,0.86
2021-12-24,Coastal,3.7,24.0,14.7,0,38.2,0.46
2021-12-07,Mountain,5.3,36.6,27.0,0,22.4,0.55
2021-02-14,Urban,19.7,29.0,22.0,0,39.3,0.76
2021-07-11,Mountain,0.6,20.3,12.600000000000001,0,32.2,0.1
2024-06-09,Inland,5.3,20.8,10.700000000000001,0,14.9,0.03
2023-12-21,Inland,42.7,24.8,17.4,0,40.0,0.55
2023-05-06,Urban,0.3,24.7,13.299999999999999,0,5.5,0.91
2022-02-05,Coastal,0.9,24.8,13.9,0,12.8,0.38
2022-06-06,Inland,1.3,35.7,26.900000000000002,0,27.2,0.57
2022-03-13,Mountain,1.8,37.0,29.2,0,18.6,0.44
2022-08-24,Urban,8.9,27.1,19.1,0,13.9,0.82
2022-03-27,Mountain,40.3,32.1,23.200000000000003,0,34.4,0.15
2022-08-09,Mountain,5.4,41.3,35.099999999999994,0,34.6,0.93
2021-05-28,Mountain,3.3,39.9,32.3,0,34.2,0.65
2021-07-06,Urban,11.0,30.8,24.8,0,25.0,0.9
2023-02-03,Coastal,8.2,39.1,27.5,0,26.5,0.59
2024-08-10,Urban,9.8,26.7,17.6,0,19.9,0.57
2023-12-08,Inland,15.1,30.4,22.4,0,28.9,0.82
2022-03-26,Coastal,4.7,22.2,12.799999999999999,0,9.9,0.14
2022-11-27,Coastal,3.6,40.6,29.6,0,7.6,0.86
2021-07-05,Inland,31.3,26.8,16.0,0,22.3,0.28
2023-06-28,Coastal,21.4,21.7,11.5,0,36.5,0.33
2021-09-14,Urban,11.0,32.2,22.6,0,15.4,0.11
2023-10-06,Inland,9.5,28.8,22.1,0,14.1,0.47
2023-04-27,Inland,5.6,33.5,26.6,0,36.8,0.66
2024-04-04,Inland,12.1,28.1,17.200000000000003,0,34.9,0.51
2020-09-23,Mountain,10.3,30.2,20.1,0,29.5,0.63
2023-02-09,Urban,0.8,38.2,30.1,0,38.0,0.69
2020-12-26,Urban,4.8,22.3,11.9,0,6.0,0.17
2022-07-20,Urban,2.8,25.1,18.1,0,38.1,0.54
2020-01-06,Urban,3.5,24.2,17.9,0,9.2,0.74
2025-03-20,Urban,3.6,32.4,24.9,0,17.9,0.74
2025-05-02,Inland,14.0,25.2,14.899999999999999,1,182.1,0.36
2024-12-12,Mountain,4.7,39.7,31.900000000000002,0,33.7,0.02
2024-05-11,Coastal,7.1,25.8,18.8,0,25.4,0.18
2024-10-01,Urban,10.0,26.4,15.399999999999999,0,14.1,0.67
2021-10-02,Inland,1.8,26.3,20.0,0,15.3,0.64
2021-10-19,Urban,10.3,22.2,16.1,0,28.6,0.79
2022-01-07,Urban,2.3,38.4,29.2,0,34.2,0.06
2020-09-01,Urban,10.8,23.4,14.399999999999999,0,15.3,0.12
2021-01-20,Coastal,1.7,34.5,23.4,0,15.1,0.97
2021-06-27,Coastal,5.2,22.4,13.099999999999998,0,30.2,0.47
2025-04-22,Mountain,6.4,28.7,21.5,0,10.8,0.11
2023-10-19,Inland,5.9,27.8,20.9,0,18.2,0.75
2024-04-10,Coastal,3.0,24.9,13.999999999999998,0,11.8,0.02
2020-05-10,Urban,2.4,40.0,29.2,0,21.4,0.49
2023-08-12,Coastal,11.5,30.5,20.9,0,31.1,0.58
2024-04-27,Inland,26.8,29.6,21.8,0,33.0,0.3
2020-05-09,Inland,11.8,31.6,23.200000000000003,0,23.5,0.48
2022-03-30,Inland,2.0,25.6,17.5,0,15.8,0.78
2020-11-04,Inland,18.9,39.6,29.1,0,9.4,0.46
2023-12-24,Mountain,0.5,25.5,18.6,0,25.9,0.85
2025-06-16,Inland,9.6,40.0,32.9,0,35.9,0.93
2021-11-07,Coastal,1.3,24.0,16.3,0,24.6,0.07
2024-03-25,Mountain,12.0,26.5,19.3,0,33.5,0.01
2023-01-30,Inland,1.9,21.8,13.600000000000001,0,13.8,0.44
2020-11-27,Urban,3.1,21.8,13.600000000000001,0,16.5,0.05
2023-04-28,Coastal,45.5,35.7,25.000000000000004,0,7.7,0.7
2023-12-15,Coastal,6.9,23.6,15.900000000000002,0,39.1,0.06
2020-01-09,Inland,23.7,36.3,29.4,0,34.2,0.28
2023-02-20,Coastal,2.5,27.7,20.6,0,35.3,0.85
2021-12-05,Urban,14.7,25.7,14.1,0,9.3,0.39
2020-01-13,Urban,2.1,24.5,14.2,0,6.6,0.75
2023-02-20,Coastal,7.4,32.5,21.8,0,12.7,0.02
2020-04-12,Urban,2.1,25.4,15.899999999999999,0,37.2,0.59
2022-10-10,Mountain,1.6,38.0,31.9,0,18.3,0.41
2021-02-15,Urban,0.8,27.6,20.6,0,39.2,0.68
2023-07-29,Mountain,2.2,28.7,19.1,0,31.9,0.78
2020-10-12,Mountain,1.8,28.1,21.8,0,21.0,0.42
2025-06-14,Urban,3.1,41.1,29.5,0,28.3,0.27
2022-11-13,Coastal,14.5,26.2,20.0,0,24.0,0.51
2023-07-20,Mountain,8.5,31.1,20.3,0,29.3,0.53
2020-06-05,Mountain,13.8,36.3,27.9,0,6.5,0.45
2022-11-21,Urban,1.7,35.1,25.1,0,19.3,0.32
2020-05-31,Mountain,2.0,36.6,29.0,0,7.9,0.78
2022-01-12,Mountain,7.4,24.8,16.3,0,14.7,0.37
2020-07-18,Inland,3.5,28.9,20.2,0,9.9,0.01
2020-02-22,Mountain,11.2,40.4,31.2,0,26.1,0.36
2023-01-15,Urban,5.5,31.6,20.900000000000002,0,21.4,0.07
2025-03-29,Coastal,4.2,28.5,18.1,0,15.9,0.19
2020-03-27,Urban,6.4,26.9,20.099999999999998,0,20.5,0.27
2024-05-04,Inland,32.4,33.8,22.299999999999997,0,29.4,0.88
2024-09-26,Inland,3.3,24.4,13.899999999999999,0,11.3,0.39
2021-10-19,Mountain,17.3,24.3,17.9,0,23.9,0.68
2024-12-16,Mountain,4.9,29.2,19.6,0,38.6,0.77
2021-01-10,Inland,1.8,37.4,30.5,0,28.0,0.57
2023-08-31,Urban,0.7,35.9,27.799999999999997,0,13.6,0.36
2020-09-09,Urban,0.5,34.7,28.6,0,5.7,0.06
2022-06-02,Coastal,1.0,28.5,22.2,0,10.6,0.01
2022-01-26,Inland,7.5,36.5,25.0,0,20.9,0.21
2023-05-01,Urban,1.5,28.4,22.099999999999998,0,16.1,0.7
2020-08-11,Mountain,0.4,31.1,21.400000000000002,0,14.9,0.59
2020-02-05,Mountain,2.2,25.5,19.5,0,8.1,0.43
2020-09-06,Urban,0.6,20.9,9.599999999999998,0,12.9,0.37
2023-03-10,Coastal,2.5,35.6,27.5,0,34.6,0.72
2020-04-03,Urban,30.6,34.7,26.400000000000002,0,38.2,0.02
2023-06-02,Inland,12.6,39.0,27.7,0,9.5,0.48
2020-03-01,Inland,6.0,27.6,17.6,0,18.0,0.19
2020-10-02,Inland,1.0,21.8,13.200000000000001,0,31.8,0.15
2023-01-19,Urban,0.6,37.1,30.900000000000002,0,9.1,1.0
2020-10-20,Inland,0.7,30.9,24.5,0,22.3,0.19
2022-10-10,Urban,4.8,25.2,14.0,1,157.5,0.12
2020-08-22,Coastal,2.5,32.3,24.299999999999997,0,27.0,0.12
2025-06-14,Urban,2.0,42.0,31.0,0,27.0,0.05
2021-01-30,Mountain,3.3,40.4,33.9,0,34.4,0.17
2025-01-07,Urban,0.9,38.7,32.1,0,13.8,0.98
2023-08-18,Mountain,2.1,36.8,27.499999999999996,0,16.4,0.99
2020-07-26,Coastal,40.7,29.3,21.4,0,15.3,0.1
2021-11-12,Mountain,8.5,31.0,19.5,0,36.7,0.86
2023-08-10,Inland,11.5,28.7,22.1,0,32.1,0.52
2023-08-21,Inland,3.3,39.8,30.4,0,25.5,0.07
2024-04-28,Coastal,2.4,27.7,19.2,0,14.9,0.57
2022-05-12,Coastal,0.6,23.8,12.100000000000001,0,11.1,0.52
2022-10-28,Coastal,29.8,40.5,28.9,0,37.9,0.5
2020-01-06,Urban,11.7,27.0,20.8,0,14.7,0.06
2023-03-16,Urban,1.8,37.0,30.0,0,9.6,0.4
2022-02-13,Coastal,5.3,39.1,28.200000000000003,0,19.0,0.5
2024-04-26,Coastal,6.0,41.7,31.000000000000004,0,23.6,0.66
2024-12-24,Coastal,1.1,24.4,18.0,0,35.0,0.03
2020-02-01,Inland,20.9,23.4,17.0,0,37.8,0.27
2022-02-20,Mountain,0.8,24.7,16.6,0,10.6,0.48
2021-05-11,Urban,48.7,31.8,23.0,0,31.1,0.42
2021-06-14,Inland,10.6,23.0,11.2,1,122.0,0.85
2022-06-08,Urban,22.4,23.9,13.799999999999999,0,26.1,0.52
2024-07-31,Inland,3.3,35.1,24.6,0,7.3,0.08
2020-06-08,Coastal,5.7,35.9,24.7,0,14.1,0.18
2025-03-21,Coastal,0.4,41.5,35.0,0,23.0,0.9
2024-02-09,Urban,3.7,20.3,11.0,0,24.2,0.35
2021-08-27,Coastal,7.0,20.8,14.200000000000001,0,18.4,0.32
2021-12-11,Urban,1.4,29.1,20.6,0,25.7,0.54
2021-01-27,Mountain,4.7,40.7,30.500000000000004,0,16.6,0.64
2022-04-01,Coastal,3.2,36.2,25.800000000000004,0,38.0,0.04
2024-07-26,Coastal,4.7,29.0,18.0,0,27.0,0.37
2021-10-03,Inland,1.6,25.7,15.7,0,26.7,0.33
2023-07-19,Coastal,10.7,20.5,12.4,0,39.3,0.75
2024-10-20,Urban,18.5,33.1,24.1,0,28.9,0.95
2022-09-09,Urban,1.4,21.8,10.700000000000001,0,9.5,0.38
2020-10-18,Urban,0.7,36.8,30.199999999999996,0,13.2,0.36
2020-12-16,Inland,3.7,21.2,10.399999999999999,0,25.5,0.52
2021-12-30,Urban,7.9,40.0,31.8,0,39.5,0.42
2023-07-21,Inland,3.4,29.2,19.299999999999997,0,15.7,0.65
2020-04-09,Mountain,1.0,41.2,32.900000000000006,0,32.8,0.22
2020-12-05,Mountain,1.3,30.1,18.400000000000002,0,7.4,1.0
2025-04-03,Coastal,31.5,29.0,22.2,0,24.9,0.31
2023-09-12,Inland,13.6,27.4,16.299999999999997,0,16.3,0.82
2023-03-23,Urban,7.8,35.2,26.1,0,36.6,0.9
2020-05-21,Inland,10.8,23.2,16.7,0,18.4,0.14
2024-08-30,Urban,0.5,26.3,19.6,0,13.5,0.64
2023-04-01,Urban,1.7,26.5,18.8,0,37.3,0.42
2024-01-25,Inland,2.8,23.2,11.6,0,23.1,0.59
2022-05-26,Inland,4.0,31.7,24.1,0,33.3,0.8
2022-03-09,Inland,3.0,34.3,26.499999999999996,0,32.7,0.63
2024-03-08,Inland,0.9,36.3,28.999999999999996,0,26.6,0.0
2020-02-09,Inland,7.0,40.5,33.5,0,25.4,0.31
2023-03-28,Inland,2.4,25.8,16.8,0,31.9,0.17
2020-10-12,Coastal,9.1,27.2,18.2,0,22.1,0.22
2020-09-18,Coastal,5.8,22.6,12.500000000000002,0,6.9,0.03
2021-05-19,Coastal,15.4,27.1,20.5,0,21.9,1.0
2023-06-16,Mountain,2.9,26.7,18.5,1,210.7,0.1
2023-11-23,Urban,12.6,28.9,22.4,0,20.3,0.86
2023-01-31,Mountain,10.1,34.6,22.900000000000002,0,14.4,0.91
2021-08-23,Urban,1.0,30.8,19.9,0,23.8,0.22
2024-09-24,Inland,3.3,28.2,17.5,1,160.5,0.18
2025-03-03,Coastal,7.5,21.3,13.0,0,35.4,0.44
2023-08-30,Urban,4.4,31.4,23.599999999999998,0,14.6,0.08
2023-02-23,Mountain,10.8,27.9,16.5,0,25.6,0.85
2023-02-12,Urban,2.0,27.6,16.1,0,12.1,0.04
2024-10-05,Coastal,5.0,33.6,23.900000000000002,0,27.6,0.39
2022-03-25,Urban,56.7,37.4,28.099999999999998,0,23.1,0.74
2025-02-17,Inland,5.9,36.6,24.8,0,7.0,0.76
2024-08-03,Inland,8.5,25.2,18.0,0,19.4,0.33
2021-12-06,Urban,10.5,27.3,20.5,0,30.2,0.04
2023-08-09,Inland,3.0,35.2,23.500000000000004,0,9.0,0.92
2021-09-05,Urban,1.5,35.5,28.0,0,10.1,0.84
2022-03-24,Coastal,1.4,35.0,24.4,0,22.7,0.51
2025-03-10,Coastal,3.6,29.4,17.4,0,27.3,0.48
2020-09-10,Inland,0.9,25.9,15.499999999999998,0,11.0,0.71
2022-10-13,Mountain,77.6,22.5,12.5,0,5.6,0.91
2021-08-08,Coastal,1.9,23.8,16.4,0,26.7,0.45
2025-03-12,Mountain,2.8,37.1,27.5,0,14.9,0.59
2023-04-12,Coastal,8.9,40.4,30.799999999999997,0,37.4,0.46
2020-04-20,Coastal,10.3,33.6,21.6,0,27.2,0.31
2024-08-20,Coastal,17.5,31.1,21.5,0,9.4,0.36
2023-07-31,Mountain,8.0,20.6,9.000000000000002,0,19.3,0.48
2024-04-21,Coastal,6.7,36.9,30.599999999999998,0,37.9,0.89
2024-10-03,Inland,3.6,29.9,20.9,0,26.6,0.0
2020-07-05,Urban,0.4,40.4,32.4,0,31.4,0.62
2022-03-14,Urban,7.2,39.8,31.799999999999997,0,31.8,1.0
2020-10-21,Coastal,10.3,22.0,13.7,0,39.7,0.01
2021-01-10,Coastal,7.7,26.1,18.400000000000002,0,34.0,0.07
2023-12-12,Mountain,2.0,36.1,30.1,0,15.5,0.45
2020-01-14,Coastal,7.1,38.1,31.5,0,34.4,0.47
2022-07-08,Urban,2.0,34.4,26.2,0,7.1,0.13
2023-07-25,Inland,1.6,25.3,16.3,0,7.9,0.01
2023-08-27,Inland,0.5,38.6,29.200000000000003,0,34.1,0.29
2022-11-17,Mountain,15.7,34.6,26.400000000000002,0,35.5,0.72
2021-05-03,Mountain,0.6,34.6,23.200000000000003,0,17.8,0.26
2024-08-22,Urban,5.0,29.7,22.2,0,23.3,0.45
2023-02-18,Coastal,3.4,39.2,30.400000000000002,0,34.2,0.28
2024-11-11,Urban,0.2,33.7,27.400000000000002,0,19.2,0.34
2020-12-22,Urban,8.6,22.7,11.6,0,21.5,0.57
2020-12-27,Urban,5.2,22.9,13.299999999999999,0,26.6,0.61
2021-11-25,Coastal,0.2,32.7,22.700000000000003,0,32.0,0.0
2022-09-03,Coastal,17.9,36.2,29.6,0,33.3,0.93
2021-04-19,Coastal,3.9,38.6,27.900000000000002,0,27.8,0.89
2022-12-28,Inland,6.4,35.9,24.799999999999997,0,23.3,0.82
2022-02-24,Coastal,3.0,28.3,22.200000000000003,0,26.4,0.97
2022-12-01,Inland,3.6,35.2,28.1,0,5.9,0.35
2024-06-11,Mountain,3.7,34.9,26.299999999999997,0,14.9,0.26
2023-03-10,Mountain,3.3,25.8,14.5,0,38.8,0.33
2023-01-20,Inland,3.9,26.2,16.2,0,6.1,0.7
2024-10-30,Urban,11.7,40.8,32.099999999999994,0,15.6,0.13
2022-06-26,Coastal,6.4,38.4,29.2,0,36.0,0.5
2022-08-27,Urban,8.9,38.7,28.500000000000004,0,35.3,0.12
2023-09-07,Inland,3.8,35.4,26.7,0,8.2,0.17
2023-04-27,Coastal,18.4,30.6,23.200000000000003,0,37.3,0.0
2024-12-22,Coastal,14.1,26.7,18.2,0,9.3,0.31
2022-04-01,Urban,7.7,32.2,23.400000000000002,0,39.5,0.16
2022-02-16,Coastal,33.7,21.4,14.399999999999999,1,174.0,0.14
2025-03-27,Mountain,5.3,22.0,14.4,0,24.4,0.31
2022-04-25,Coastal,13.3,31.9,24.7,0,23.7,0.98
2024-02-10,Mountain,0.6,29.8,22.200000000000003,0,36.9,0.55
2023-08-14,Urban,8.1,41.4,31.099999999999998,0,6.3,0.14
2021-09-09,Mountain,0.8,35.8,24.599999999999998,0,31.0,0.16
2022-03-05,Coastal,11.4,39.7,31.6,0,15.1,0.85
2020-06-06,Mountain,30.3,25.5,13.5,0,7.8,0.38
2023-06-12,Coastal,5.1,34.0,27.5,0,9.8,0.7
2023-09-22,Urban,1.3,37.7,30.300000000000004,0,12.2,0.2
2024-05-17,Mountain,5.2,33.4,24.5,0,29.6,0.62
2020-10-19,Inland,5.6,32.1,21.6,0,20.0,0.09
2023-12-12,Coastal,0.9,38.4,30.0,0,20.9,0.76
2021-04-27,Coastal,5.3,35.2,27.400000000000002,0,18.9,0.74
2024-08-01,Coastal,9.9,36.8,28.699999999999996,0,18.2,0.68
2021-07-05,Coastal,2.2,23.5,15.9,0,14.4,0.44
2022-08-18,Urban,15.5,22.9,12.999999999999998,0,5.2,0.6
2020-01-18,Urban,1.9,22.1,14.100000000000001,0,31.6,0.32
2023-01-06,Mountain,1.4,40.9,29.7,0,26.4,0.42
2022-07-21,Mountain,10.7,33.7,24.400000000000002,0,18.2,0.76
2023-11-05,Coastal,25.2,38.2,26.500000000000004,0,18.1,0.62
2023-07-02,Mountain,5.1,23.1,16.0,0,5.1,0.42
2020-09-06,Coastal,5.7,20.0,8.6,0,27.4,0.4
2025-01-07,Inland,3.9,37.2,26.200000000000003,0,38.8,0.62
2022-09-22,Coastal,5.2,31.7,21.1,0,33.1,0.6
2020-04-26,Urban,1.9,28.6,19.3,0,30.5,0.17
2023-02-01,Urban,8.4,30.4,19.099999999999998,0,38.9,0.76
2023-01-17,Coastal,4.4,28.2,17.5,0,22.2,0.43
2021-03-18,Mountain,1.4,22.5,11.7,0,31.5,0.42
2020-11-24,Inland,2.6,39.4,32.199999999999996,0,21.5,0.34
2020-06-11,Coastal,2.5,37.0,25.4,1,98.2,0.35
2021-06-19,Inland,9.3,20.7,8.799999999999999,0,12.4,0.32
2023-10-25,Urban,15.4,25.8,16.4,0,30.1,0.48
2025-06-14,Coastal,4.3,39.6,28.700000000000003,0,39.7,0.32
2021-05-23,Urban,25.5,37.0,27.5,0,14.7,0.83
2023-08-09,Coastal,3.5,40.7,33.2,0,22.7,0.87
2020-07-19,Inland,20.5,35.1,24.900000000000002,0,6.4,0.67
2025-06-04,Mountain,7.6,24.9,15.499999999999998,0,13.8,0.72
2022-12-06,Coastal,1.5,30.6,23.1,0,35.3,0.46
2020-11-01,Urban,4.7,36.1,26.0,0,28.0,0.22
2024-06-24,Coastal,8.8,36.9,29.4,0,28.4,0.08
2022-08-15,Coastal,23.9,20.8,14.0,0,30.4,0.61
2023-11-18,Mountain,1.6,25.1,15.700000000000001,0,37.1,0.07
2023-09-19,Mountain,23.2,20.1,11.400000000000002,0,25.9,0.47
2021-05-25,Mountain,1.9,34.8,24.799999999999997,0,13.3,0.8
2020-01-15,Mountain,4.6,28.8,17.700000000000003,0,5.2,0.01
2025-05-07,Coastal,39.3,40.0,29.1,0,36.4,1.0
2022-11-04,Coastal,1.2,39.2,28.900000000000002,0,18.6,0.24
2024-03-05,Urban,6.0,32.7,26.000000000000004,0,12.7,0.58
2023-03-24,Urban,13.0,26.2,16.799999999999997,0,15.6,0.11
2023-10-15,Urban,32.2,21.4,14.299999999999999,0,6.6,0.84
2021-01-08,Urban,6.9,23.2,16.2,1,112.7,0.35
2021-05-26,Inland,6.8,21.5,13.9,0,27.0,0.54
2020-11-12,Coastal,0.5,34.6,23.6,0,16.7,0.97
2020-04-10,Coastal,0.4,28.5,18.3,0,16.2,0.38
2024-05-08,Inland,2.5,37.7,30.1,0,20.0,0.54
2025-02-04,Coastal,15.4,36.1,28.1,0,10.7,0.37
2022-08-19,Mountain,3.6,26.6,18.6,0,13.4,0.2
2023-05-19,Inland,12.2,29.0,19.4,0,19.2,0.54
2020-06-18,Urban,2.2,40.5,33.0,0,11.0,0.6
2024-08-25,Coastal,1.0,25.2,18.1,0,39.3,0.11
2024-12-28,Inland,6.0,40.0,28.7,0,25.9,0.0
2023-02-02,Inland,14.0,29.3,21.700000000000003,0,25.9,0.06
2024-11-13,Inland,1.4,20.8,10.100000000000001,0,11.2,0.61
2023-06-14,Urban,10.3,32.2,23.400000000000002,0,18.8,0.77
2022-03-15,Mountain,0.7,41.6,29.900000000000002,0,19.6,0.2
2022-01-20,Mountain,12.0,21.5,10.0,0,19.0,0.77
2024-04-03,Coastal,0.7,35.3,24.999999999999996,0,22.5,0.19
2021-05-20,Inland,7.7,20.4,10.399999999999999,0,22.0,0.2
2020-06-02,Coastal,6.2,25.6,18.900000000000002,0,29.5,0.67
2023-02-23,Coastal,2.8,21.8,15.5,0,35.0,0.82
2025-05-30,Inland,75.0,33.9,24.0,0,37.7,1.0
2021-09-05,Coastal,5.5,37.3,25.699999999999996,0,36.2,1.0
2022-06-07,Urban,0.4,27.9,21.599999999999998,1,210.4,0.49
2022-11-21,Coastal,35.6,22.5,14.1,0,23.8,0.21
2020-07-21,Mountain,11.2,32.7,22.300000000000004,0,39.0,0.27
2021-09-15,Urban,5.2,37.2,26.200000000000003,0,14.8,0.4
2020-03-08,Coastal,22.6,20.0,9.2,0,23.8,0.52
2021-10-07,Inland,2.1,38.3,31.4,0,27.5,0.4
2024-09-28,Mountain,4.7,20.8,14.5,0,21.2,0.86
2023-06-28,Mountain,2.1,41.9,31.2,0,30.6,0.12
2022-04-25,Urban,6.3,28.1,20.700000000000003,0,21.9,0.89
2022-11-09,Inland,2.4,27.5,18.5,0,32.2,0.47
2020-07-15,Mountain,8.9,27.6,16.1,0,18.8,0.23
2022-04-05,Coastal,33.4,37.5,30.2,0,26.2,0.25
2025-01-10,Coastal,0.5,37.4,30.7,0,36.2,0.89
2021-05-14,Coastal,0.4,38.4,31.0,0,14.0,0.88
2023-10-24,Urban,3.4,21.8,14.8,0,29.4,0.16
2023-04-25,Coastal,8.3,34.2,25.800000000000004,0,37.2,0.94
2024-12-23,Coastal,2.0,33.0,24.7,0,28.1,0.14
2021-01-30,Urban,8.3,39.0,31.6,0,15.0,0.13
2022-02-05,Inland,15.4,38.8,27.299999999999997,0,31.2,0.06
2023-10-19,Inland,17.7,31.8,24.700000000000003,0,34.9,0.69
2025-01-18,Urban,16.2,35.1,25.6,0,23.9,0.01
2024-03-09,Mountain,11.6,20.1,13.8,0,34.4,1.0
2023-04-25,Inland,26.7,31.5,25.2,0,34.3,0.75
2023-02-08,Inland,25.7,34.4,22.799999999999997,0,9.7,0.83
2023-07-18,Coastal,0.5,35.1,28.5,0,35.4,0.28
2020-03-05,Urban,1.3,40.7,33.0,0,38.5,0.67
2023-09-18,Inland,161.5,34.3,25.299999999999997,0,30.5,0.44
2023-06-23,Coastal,5.9,34.0,23.5,0,12.8,0.59
2020-11-29,Inland,14.4,30.1,21.200000000000003,0,15.8,0.23
2021-06-10,Urban,2.1,36.2,29.700000000000003,0,10.2,0.9
2023-03-21,Coastal,14.9,28.1,19.1,0,34.7,0.19
2025-01-09,Inland,14.9,37.6,25.700000000000003,0,30.4,0.83
2020-05-23,Inland,4.8,24.5,14.8,0,15.3,0.75
2022-09-13,Coastal,0.4,28.7,21.4,0,15.2,0.34
2022-09-30,Coastal,6.2,39.1,30.900000000000002,0,19.5,0.53
2023-06-23,Inland,3.6,30.0,20.7,0,9.5,0.63
2020-08-01,Urban,1.8,29.3,22.9,0,22.2,0.24
2023-05-28,Inland,29.7,20.1,10.200000000000001,0,34.9,0.15
2022-04-05,Mountain,34.2,24.7,15.299999999999999,0,38.4,0.93
2023-10-29,Urban,28.4,29.8,21.0,0,32.0,0.57
2021-06-14,Coastal,22.5,36.2,27.1,0,17.3,0.97
2024-03-31,Inland,10.0,34.1,23.900000000000002,0,31.0,0.01
2025-06-19,Inland,4.2,37.4,27.2,0,29.4,0.84
2024-03-18,Inland,19.4,24.7,18.0,0,27.4,0.8
2023-05-16,Inland,2.4,40.7,30.900000000000002,0,38.3,0.4
2024-06-07,Mountain,17.3,30.0,19.2,0,38.9,0.82
2020-07-12,Urban,0.5,41.7,34.300000000000004,0,5.3,0.75
2022-10-28,Inland,1.7,32.2,22.000000000000004,0,28.4,0.32
2020-01-13,Mountain,25.6,22.9,12.2,0,10.6,0.63
2024-09-02,Inland,3.0,27.3,17.200000000000003,0,13.0,0.72
2025-03-21,Urban,15.3,22.3,11.200000000000001,0,10.2,0.59
2020-03-08,Coastal,34.3,32.3,21.999999999999996,0,20.3,0.11
2021-04-22,Inland,2.5,40.1,32.800000000000004,0,36.0,0.2
2021-08-07,Inland,1.4,36.9,28.7,0,19.1,0.14
2024-01-01,Coastal,4.1,36.6,27.900000000000002,0,9.5,0.74
2023-06-03,Coastal,0.3,24.4,17.9,0,27.3,0.92
2020-05-27,Urban,13.8,21.9,14.099999999999998,0,36.0,0.92
2020-12-25,Inland,36.4,41.9,30.5,0,31.1,0.2
2020-02-27,Inland,2.3,21.1,11.100000000000001,0,24.1,0.9
2020-12-12,Coastal,2.2,24.7,14.5,0,29.0,0.11
2022-07-16,Urban,15.2,37.5,27.7,0,11.3,0.52
2023-06-20,Inland,7.6,30.3,20.700000000000003,0,15.4,0.68
2023-08-14,Urban,9.9,32.8,23.199999999999996,0,30.4,0.22
2020-03-14,Coastal,11.7,38.4,28.9,0,21.4,0.7
2020-02-27,Mountain,3.9,36.4,24.5,0,13.6,0.73
2022-01-06,Urban,0.9,40.9,34.4,0,23.2,0.5
2020-02-25,Mountain,2.5,21.1,11.200000000000001,0,26.7,0.06
2022-09-02,Coastal,3.6,34.5,24.5,0,21.8,0.82
2023-06-16,Urban,1.8,36.7,26.500000000000004,0,18.2,0.84
2022-05-02,Inland,7.7,34.7,22.800000000000004,0,29.2,0.4
2024-10-09,Inland,5.7,21.9,10.2,0,30.3,0.14
2024-05-28,Coastal,0.7,38.4,30.799999999999997,0,32.5,0.13
2024-12-13,Coastal,5.3,39.2,29.400000000000002,0,23.6,0.49
2020-08-11,Urban,77.8,22.2,10.399999999999999,0,10.7,0.08
2022-01-23,Mountain,1.1,28.3,18.9,0,9.0,0.49
2020-10-27,Mountain,3.4,32.8,25.4,0,25.9,0.02
2021-09-05,Coastal,8.5,20.7,12.899999999999999,0,31.1,0.78
2021-07-19,Urban,14.3,33.3,22.699999999999996,0,15.3,0.98
2023-10-23,Urban,31.5,36.1,26.3,0,36.2,0.13
2020-06-09,Mountain,21.3,32.4,26.0,1,225.2,0.11
2022-05-09,Urban,12.6,27.5,19.1,0,22.8,0.04
2020-01-04,Coastal,27.0,26.8,18.3,0,5.2,0.82
2020-04-30,Coastal,1.1,25.1,17.1,0,20.5,0.72
2020-11-25,Urban,135.6,24.6,18.0,0,35.0,0.85
2024-06-04,Urban,3.1,23.7,11.899999999999999,0,5.2,0.91
2023-05-06,Coastal,15.2,37.0,30.6,0,32.6,0.74
2021-12-29,Inland,1.4,27.9,16.799999999999997,0,28.0,0.83
2021-11-07,Urban,1.7,31.9,25.4,0,10.0,0.5
2022-11-01,Inland,5.6,21.1,9.400000000000002,0,9.9,0.4
2022-08-16,Mountain,5.8,21.8,15.5,0,26.5,0.02
2025-02-05,Coastal,1.6,28.5,20.6,0,8.4,0.88
2023-05-28,Coastal,2.2,33.4,26.7,0,32.3,0.78
2022-07-26,Urban,1.3,30.4,22.299999999999997,0,5.6,0.03
2023-08-16,Inland,18.9,22.1,10.200000000000001,0,15.3,0.84
2021-04-10,Urban,12.7,31.6,21.400000000000002,0,26.9,0.87
2020-08-03,Inland,2.9,30.4,23.7,0,14.5,0.19
2021-09-24,Coastal,4.0,26.9,18.299999999999997,0,9.0,0.14
2023-10-19,Inland,0.9,20.9,12.499999999999998,0,9.6,0.19
2020-08-03,Coastal,5.3,33.3,24.999999999999996,0,22.6,0.84
2021-08-27,Coastal,80.7,24.7,13.899999999999999,0,28.6,0.73
2021-07-27,Mountain,5.2,24.6,14.100000000000001,0,29.6,0.86
2020-08-03,Inland,1.5,22.8,13.8,0,21.9,0.15
2024-05-28,Coastal,5.8,37.0,26.6,0,30.9,0.81
2020-11-25,Mountain,1.1,20.8,13.200000000000001,0,23.1,0.81
2022-03-28,Coastal,16.4,30.3,23.5,0,28.0,0.95
2023-01-27,Inland,5.2,40.1,32.6,0,13.1,0.68
2021-06-08,Inland,2.2,27.4,21.2,0,23.7,0.79
2021-02-03,Inland,5.2,28.1,18.700000000000003,0,39.5,0.92
2021-05-02,Coastal,2.1,29.2,17.9,1,175.6,0.13
2025-01-25,Urban,0.7,38.0,29.5,0,21.1,0.35
2020-01-14,Urban,8.7,33.3,25.099999999999998,0,13.2,0.6
2025-06-03,Inland,1.4,40.2,30.800000000000004,0,14.7,0.58
2023-09-27,Inland,1.2,20.8,14.700000000000001,0,37.2,0.02
2024-07-08,Mountain,35.8,36.4,26.7,1,218.1,0.61
2020-03-08,Inland,1.1,41.4,31.9,0,31.2,0.62
2021-08-11,Urban,6.0,24.5,16.0,0,6.8,0.72
2024-03-30,Mountain,4.3,22.5,12.4,0,32.6,0.55
2022-12-31,Coastal,9.9,25.3,15.0,0,9.2,0.51
2023-12-18,Coastal,4.1,23.8,11.9,0,10.8,0.23
2020-12-07,Inland,4.8,37.5,25.8,0,21.8,0.28
2023-10-23,Mountain,1.7,28.6,18.6,0,18.3,0.32
2023-02-06,Urban,15.6,38.4,28.099999999999998,0,24.5,0.64
2020-07-10,Coastal,5.3,38.4,31.2,0,11.2,0.56
2023-06-25,Mountain,9.7,23.1,12.3,0,5.0,0.45
2025-01-29,Inland,2.8,27.9,21.0,0,9.8,0.15
2022-06-06,Mountain,9.8,30.9,19.4,0,14.9,0.8
2023-07-11,Coastal,11.1,21.9,12.999999999999998,0,9.4,0.58
2020-06-26,Urban,11.3,25.0,13.7,1,118.0,0.11
2020-06-04,Urban,3.5,24.3,13.9,0,23.4,0.38
2025-05-15,Mountain,1.3,41.6,32.2,0,11.2,0.19
2020-07-10,Inland,4.9,21.9,13.399999999999999,0,11.8,0.5
2023-09-16,Inland,2.3,38.7,28.6,0,17.1,0.78
2023-10-10,Urban,1.5,38.6,31.200000000000003,0,7.8,0.0
2022-08-03,Mountain,6.3,29.0,19.8,0,18.7,0.19
2025-01-03,Inland,10.0,21.6,9.600000000000001,0,16.6,0.09
2025-06-10,Inland,7.5,40.1,31.200000000000003,0,14.7,0.58
2023-12-21,Urban,9.5,39.4,29.799999999999997,0,18.5,0.72
2024-02-16,Urban,8.1,32.5,20.7,0,34.2,0.42
2024-08-14,Mountain,7.4,37.1,25.3,0,32.7,0.05
2023-07-17,Coastal,1.6,20.0,9.0,0,27.2,0.83
2020-05-24,Inland,1.7,27.8,19.700000000000003,0,35.4,0.47
2023-01-20,Mountain,4.5,38.8,32.099999999999994,0,14.8,0.85
2023-07-01,Mountain,1.1,27.9,20.099999999999998,0,13.4,0.52
2021-06-05,Urban,2.9,32.1,20.400000000000002,0,14.8,0.36
2020-12-08,Mountain,4.6,35.2,27.400000000000002,0,30.6,0.06
2022-05-15,Urban,0.5,34.5,24.8,0,10.3,0.09
2023-01-08,Coastal,2.4,39.6,29.0,0,28.8,0.92
2023-08-11,Inland,5.6,24.8,18.700000000000003,1,139.3,0.71
2021-12-09,Inland,20.9,26.9,17.799999999999997,0,11.4,0.73
2020-06-07,Mountain,16.6,41.2,29.800000000000004,0,31.5,0.15
2022-10-11,Inland,11.7,34.0,25.3,0,37.5,0.47
2021-01-31,Mountain,4.1,26.9,15.999999999999998,0,37.4,0.22
2022-01-05,Inland,3.0,32.4,25.0,0,10.1,0.48
2021-06-12,Coastal,1.8,26.0,14.4,0,29.2,0.78
2024-06-13,Coastal,4.7,32.1,23.3,0,27.8,0.75
2022-08-20,Mountain,5.6,36.0,27.6,0,35.1,0.07
2020-06-07,Inland,5.6,21.0,9.8,0,18.3,0.71
2023-12-01,Inland,11.6,30.0,22.3,1,85.4,0.34
2021-12-25,Urban,7.4,23.2,16.6,0,28.4,0.02
2022-04-09,Urban,2.9,39.9,32.5,0,18.1,0.31
2020-12-24,Mountain,8.4,28.2,18.0,0,25.4,0.33
2023-02-07,Coastal,4.9,21.1,12.8,0,39.6,0.12
2020-11-01,Mountain,3.9,34.6,23.0,0,21.1,0.45
2020-05-12,Inland,5.3,41.8,35.4,0,19.8,0.63
2022-12-08,Mountain,25.3,23.2,12.2,0,33.0,0.63
2024-01-20,Coastal,2.6,30.0,22.5,0,39.7,0.28
2024-01-18,Mountain,11.4,40.4,33.199999999999996,0,12.0,0.61
2023-09-24,Inland,2.9,29.0,20.0,0,39.2,0.91
2023-01-01,Urban,6.4,21.3,12.200000000000001,0,20.6,0.15
2025-04-14,Mountain,2.0,37.0,29.3,0,14.6,0.14
2021-08-11,Mountain,22.0,29.3,20.6,0,23.5,0.45
2022-03-11,Mountain,1.8,28.3,18.1,0,32.5,0.63
2022-08-22,Inland,4.0,29.0,20.2,0,5.2,0.85
2021-03-05,Inland,1.3,31.2,24.1,0,20.5,0.16
2024-01-09,Urban,1.1,34.2,27.800000000000004,0,10.4,0.71
2023-12-16,Urban,8.3,27.7,18.6,0,33.5,0.1
2020-09-13,Urban,7.5,37.7,29.500000000000004,0,14.6,0.73
2025-05-28,Coastal,3.6,30.7,20.1,0,30.7,0.88
2024-09-16,Mountain,0.4,26.9,20.099999999999998,0,23.9,0.41
2025-06-05,Inland,2.0,27.1,15.200000000000001,0,32.5,0.7
2023-06-21,Coastal,2.7,40.0,28.9,0,10.4,0.68
2023-12-27,Coastal,3.8,41.3,33.699999999999996,0,15.5,0.13
2020-05-04,Inland,7.2,28.5,16.9,0,28.4,0.64
2024-01-07,Inland,4.0,31.2,24.2,0,5.9,0.95
2021-09-17,Inland,6.7,35.8,24.199999999999996,0,10.8,0.97
2022-11-23,Coastal,7.4,22.9,14.7,0,20.9,0.88
2022-03-30,Mountain,0.2,27.5,18.1,0,29.6,0.36
2024-10-14,Inland,0.9,25.4,18.599999999999998,0,19.3,0.66
2022-01-26,Urban,15.7,22.2,12.5,0,22.7,0.96
2023-04-21,Coastal,16.7,34.5,25.9,0,7.9,1.0
2024-12-08,Mountain,54.1,33.8,26.699999999999996,0,14.7,0.52
2025-05-05,Inland,1.7,36.2,25.000000000000004,0,9.8,0.87
2023-03-06,Coastal,3.6,37.6,28.200000000000003,0,7.5,0.46
2025-04-22,Coastal,7.5,26.6,19.400000000000002,0,22.3,0.58
2022-06-13,Urban,0.9,25.2,13.399999999999999,0,16.8,0.09
2021-12-15,Inland,3.7,31.7,21.2,0,35.8,0.38
2021-09-14,Mountain,1.1,34.4,28.0,0,24.0,0.93
2021-11-20,Urban,4.6,35.5,28.7,0,24.1,0.24
2024-10-04,Coastal,2.1,37.2,26.1,0,15.8,0.7
2020-10-31,Coastal,0.5,28.0,21.6,0,16.4,0.2
2023-09-16,Mountain,16.5,29.0,20.0,0,24.8,0.06
2021-10-15,Mountain,3.1,24.0,17.0,0,30.7,0.64
2021-02-17,Inland,72.2,22.4,13.999999999999998,0,22.2,0.6
2023-11-30,Mountain,4.8,35.2,28.1,0,25.7,0.47
2023-07-18,Mountain,4.2,28.0,21.2,0,35.2,0.4
2021-04-28,Urban,0.8,30.5,23.2,0,37.9,0.32
2021-04-30,Inland,1.4,28.9,16.9,0,20.0,0.95
2021-01-06,Inland,0.6,27.8,20.0,0,23.2,0.18
2023-06-09,Inland,1.3,31.0,19.0,0,38.4,0.76
2020-07-12,Coastal,12.3,30.1,20.0,0,15.7,0.17
2021-08-17,Inland,1.4,38.7,27.300000000000004,0,15.8,0.6
2023-08-24,Urban,14.1,26.6,20.6,0,19.1,0.46
2022-06-19,Coastal,6.8,40.3,29.799999999999997,0,17.0,0.92
2021-05-26,Coastal,1.8,29.5,22.7,0,25.1,0.57
2022-06-17,Coastal,0.6,24.0,14.0,0,38.2,0.63
2021-04-26,Inland,7.4,27.3,16.3,0,18.3,0.43
2022-05-13,Coastal,9.0,21.1,12.8,0,9.9,0.61
2022-10-24,Mountain,4.1,40.8,32.599999999999994,0,28.0,0.14
2022-10-04,Mountain,4.6,29.2,21.799999999999997,0,19.3,0.26
2020-03-09,Inland,19.7,30.2,23.6,0,38.6,0.56
2022-06-12,Coastal,0.5,40.6,33.2,0,18.1,0.8
2021-10-07,Inland,19.1,23.4,15.999999999999998,0,12.3,0.96
2023-06-20,Urban,3.9,20.1,8.400000000000002,0,38.0,0.14
2024-06-13,Inland,22.5,35.3,26.999999999999996,0,19.8,0.38
2021-10-22,Inland,8.1,41.0,34.1,0,6.7,0.64
2022-09-05,Mountain,10.0,38.6,29.700000000000003,0,30.9,0.79
2025-03-19,Urban,4.0,29.3,22.4,0,27.6,0.08
2020-11-23,Inland,6.6,28.0,18.7,0,16.7,0.78
2020-03-25,Inland,1.4,33.7,23.6,0,36.5,0.93
2021-12-01,Coastal,10.4,22.7,11.799999999999999,0,32.9,0.75
2020-07-01,Inland,6.1,33.3,24.799999999999997,0,38.8,0.39
2025-04-17,Mountain,6.2,33.4,26.9,0,32.0,0.7
2025-01-25,Urban,2.1,31.5,20.2,0,27.3,0.59
2021-01-20,Coastal,4.0,37.0,31.0,0,17.7,0.87
2022-06-09,Inland,2.2,30.3,20.4,0,25.1,0.75
2022-03-20,Mountain,4.7,30.4,21.5,0,21.6,0.76
2022-03-25,Coastal,42.1,41.9,30.299999999999997,0,13.4,0.8
2021-08-08,Mountain,17.9,30.5,19.8,0,36.2,0.18
2022-02-06,Inland,9.7,36.4,25.2,0,9.6,0.3
2021-03-17,Inland,4.1,35.7,23.700000000000003,0,10.4,0.3
2023-03-07,Inland,1.3,36.3,28.499999999999996,0,13.1,0.14
2020-09-26,Coastal,4.9,25.3,15.5,0,23.5,0.61
2023-07-03,Inland,1.6,20.7,12.5,0,16.4,0.13
2024-09-01,Urban,0.6,40.7,29.500000000000004,0,11.3,0.4
2020-11-15,Inland,20.9,29.1,19.5,0,15.8,0.4
2020-05-19,Inland,0.9,34.0,26.7,0,5.9,0.93
2020-07-01,Mountain,9.1,28.5,21.6,0,20.9,0.46
2020-07-31,Inland,29.5,36.6,27.8,0,27.0,0.17
2024-06-16,Urban,1.2,33.0,23.7,0,29.4,0.38
2020-03-09,Urban,11.3,20.3,14.0,0,20.3,0.98
2020-12-16,Mountain,2.8,34.8,26.9,1,147.9,0.74
2020-10-16,Inland,5.1,25.5,13.7,0,33.4,0.68
2024-08-23,Urban,18.8,33.4,24.5,0,37.8,0.62
2022-08-01,Coastal,0.9,30.0,23.2,0,11.8,0.99
2021-10-03,Coastal,0.1,21.9,14.099999999999998,0,26.8,0.56
2022-05-09,Mountain,1.7,20.5,11.9,0,21.4,0.51
2020-01-01,Urban,14.9,29.5,18.9,0,19.0,0.71
2024-06-08,Inland,14.3,29.2,18.1,0,35.4,0.51
2023-03-10,Mountain,1.3,29.2,18.1,0,22.8,0.26
2023-06-12,Mountain,4.4,30.8,24.0,0,24.3,0.53
2024-12-25,Urban,1.7,28.9,22.7,0,19.4,0.49
2022-08-14,Mountain,17.6,25.5,16.4,0,15.6,0.51
2023-07-25,Mountain,10.1,35.0,25.7,0,10.3,0.59
2022-02-28,Inland,1.9,30.1,22.1,0,16.3,0.44
2023-12-16,Urban,1.7,30.4,22.7,0,9.5,0.78
2023-08-28,Urban,0.3,35.5,24.2,0,22.6,0.16
2025-04-13,Mountain,2.8,34.7,22.800000000000004,0,39.2,0.39
2025-01-23,Coastal,144.5,32.6,21.8,0,15.3,0.06
2021-10-24,Mountain,4.3,31.8,24.200000000000003,0,27.8,0.15
2020-05-12,Inland,111.5,32.2,24.200000000000003,0,37.4,0.61
2021-06-14,Coastal,9.1,21.5,14.9,0,33.6,0.84
2023-07-30,Mountain,15.5,35.0,23.6,0,36.5,0.92
2022-12-26,Inland,1.9,28.5,17.6,0,17.0,0.73
2021-09-02,Mountain,5.1,32.6,22.5,0,36.5,0.69
2023-12-08,Mountain,10.3,34.0,26.4,0,16.6,0.9
2024-04-03,Coastal,11.0,36.9,26.2,0,34.5,0.58
2020-10-22,Inland,2.9,28.3,17.5,0,26.3,0.21
2023-06-24,Mountain,4.7,35.1,23.400000000000002,0,26.2,0.25
2022-01-21,Urban,54.9,28.2,19.7,0,8.6,0.85
2023-05-20,Mountain,7.9,30.0,21.4,0,7.7,0.68
2020-11-29,Urban,2.2,37.8,29.799999999999997,0,28.6,0.87
2024-07-21,Inland,8.3,28.9,17.799999999999997,0,27.7,0.79
2022-03-17,Inland,16.6,26.7,18.4,0,12.9,0.22
2020-03-13,Mountain,8.5,41.4,29.799999999999997,0,7.3,0.12
2023-10-08,Inland,7.4,33.6,22.400000000000002,0,34.7,0.06
2024-09-20,Urban,10.3,24.0,12.7,0,5.9,0.73
2023-10-28,Mountain,1.3,35.6,24.200000000000003,0,26.6,0.71
2024-11-11,Coastal,1.6,39.4,30.599999999999998,0,33.3,0.34
2022-08-27,Coastal,6.2,30.6,23.5,1,231.8,0.64
2023-08-19,Urban,0.9,37.6,27.400000000000002,0,31.1,0.76
2025-04-15,Inland,9.4,30.8,20.1,0,37.4,0.27
2020-04-30,Urban,7.7,37.1,26.400000000000002,0,27.0,0.61
2024-08-30,Coastal,3.1,22.6,13.3,0,13.2,0.71
2020-03-14,Inland,22.7,28.4,21.5,0,14.9,0.61
2023-12-08,Urban,8.4,41.5,31.3,0,29.3,0.78
2020-03-15,Mountain,27.5,35.5,25.4,0,25.3,0.19
2023-08-17,Urban,3.0,35.1,27.8,0,27.4,0.66
2021-02-02,Coastal,2.9,36.0,29.1,0,8.2,0.4
2023-11-09,Inland,5.9,41.0,33.3,0,32.0,0.77
2023-04-13,Coastal,2.7,32.1,23.200000000000003,0,6.6,0.82
2025-01-15,Mountain,3.0,25.0,18.7,0,39.0,0.27
2021-09-04,Inland,0.9,26.6,17.400000000000002,0,25.7,0.78
2022-10-11,Urban,15.6,27.8,21.6,0,13.2,0.94
2023-04-21,Inland,1.4,23.2,16.7,0,25.1,0.28
2020-01-24,Mountain,6.1,41.0,34.8,0,12.3,0.32
2023-09-11,Mountain,18.6,33.5,21.9,0,24.6,0.04
2023-04-26,Coastal,0.3,21.2,9.5,0,24.7,0.06
2023-11-17,Inland,0.8,21.9,15.7,0,25.2,0.19
2024-07-19,Mountain,4.0,29.6,18.3,0,34.2,0.97
2022-11-03,Inland,11.3,40.9,33.699999999999996,0,6.4,1.0
2023-01-24,Urban,52.2,28.0,16.4,0,29.4,0.23
2022-06-14,Inland,6.5,28.6,22.3,0,14.1,0.43
2022-07-13,Inland,9.2,38.3,28.199999999999996,0,18.3,0.79
2022-01-04,Inland,6.6,21.2,13.2,0,23.9,0.91
2023-02-18,Inland,63.7,39.5,28.1,0,39.3,0.45
2023-07-25,Inland,6.4,21.8,14.8,0,35.5,0.43
2021-05-02,Urban,3.9,31.7,23.1,0,38.2,0.72
2021-01-25,Urban,2.1,28.2,20.6,1,185.1,0.58
2024-08-05,Mountain,1.8,24.1,14.200000000000001,0,37.3,0.99
2024-05-06,Urban,20.6,41.3,34.599999999999994,0,34.4,0.38
2023-01-17,Inland,3.3,40.7,31.400000000000002,0,24.2,0.63
2023-04-12,Inland,6.5,21.7,10.6,0,16.0,0.1
2020-09-04,Coastal,2.1,28.1,16.200000000000003,0,29.1,0.8
2021-10-28,Mountain,11.5,22.3,11.8,0,30.3,0.32
2023-03-15,Coastal,11.7,32.8,23.099999999999998,0,25.8,0.19
2024-06-10,Inland,21.3,24.7,17.7,0,15.0,0.02
2020-08-03,Coastal,16.4,39.8,30.4,0,20.8,0.59
2023-10-19,Coastal,0.5,20.4,14.2,0,20.2,0.68
2023-02-04,Mountain,1.8,31.3,22.700000000000003,0,33.1,0.08
2023-09-10,Inland,15.5,41.4,32.7,0,24.8,0.36
2024-01-12,Urban,1.2,22.3,10.4,0,20.0,0.64
2020-12-19,Mountain,2.9,34.1,26.400000000000002,0,7.3,0.06
2024-05-03,Inland,3.3,38.5,30.5,0,9.7,0.0
2023-09-01,Coastal,71.4,34.6,26.1,0,12.3,0.32
2023-09-03,Inland,4.6,30.4,21.299999999999997,0,36.3,0.7
2022-02-25,Mountain,3.1,32.6,22.8,0,13.8,0.08
2024-04-11,Coastal,7.0,24.5,13.5,0,36.3,0.89
2022-09-14,Urban,5.9,33.3,23.799999999999997,0,11.1,0.17
2024-01-21,Inland,1.0,29.4,19.299999999999997,0,34.1,0.21
2022-06-13,Coastal,0.6,36.7,26.200000000000003,0,5.7,0.26
2024-05-31,Mountain,6.2,24.6,13.400000000000002,0,26.9,0.78
2023-08-06,Mountain,4.9,23.4,12.299999999999999,0,19.9,0.13
2023-05-22,Mountain,94.0,26.2,16.2,0,36.6,0.51
2025-02-08,Coastal,11.7,40.5,31.4,0,19.2,0.61
2022-10-26,Inland,2.2,33.0,25.5,0,25.3,0.61
2022-07-03,Mountain,1.5,39.3,29.4,0,23.2,0.08
2025-05-23,Coastal,8.9,26.3,14.700000000000001,0,12.0,0.59
2021-02-11,Inland,1.7,21.1,11.8,0,29.8,0.3
2020-09-21,Mountain,32.0,31.8,24.0,0,13.6,0.57
2023-03-13,Coastal,7.8,28.3,21.0,0,8.0,0.02
2021-07-18,Mountain,11.8,36.1,25.6,0,35.1,0.8
2023-08-20,Mountain,7.0,39.6,33.6,0,18.6,0.36
2023-06-03,Urban,5.3,23.1,12.500000000000002,0,39.8,0.18
2021-04-09,Urban,1.7,28.6,19.900000000000002,0,36.5,0.8
2021-01-13,Coastal,16.2,41.9,30.099999999999998,0,23.1,0.93
2024-04-02,Mountain,1.6,32.2,21.700000000000003,0,25.0,0.67
2024-12-02,Urban,5.9,35.4,24.4,0,27.8,0.86
2024-10-04,Inland,19.9,41.9,32.599999999999994,0,27.7,0.45
2022-08-11,Urban,71.1,31.5,21.5,0,29.0,0.34
2020-09-23,Urban,2.2,24.7,18.299999999999997,0,26.6,0.06
2020-07-27,Inland,2.2,37.2,28.1,0,23.3,0.13
2025-05-06,Mountain,6.7,35.0,28.6,1,244.3,0.34
2021-10-26,Inland,3.9,39.1,32.2,0,33.6,0.54
2024-05-13,Mountain,35.5,28.9,17.299999999999997,0,11.0,0.31
2023-07-28,Urban,0.5,37.0,29.8,0,27.7,0.73
2023-12-09,Coastal,1.0,39.6,31.8,0,17.7,0.87
2023-09-11,Urban,3.7,35.4,29.299999999999997,0,29.5,0.43
2024-09-25,Coastal,22.0,27.8,20.3,0,35.7,0.12
2020-09-13,Inland,2.3,27.4,15.399999999999999,0,33.5,0.47
2024-02-04,Mountain,13.4,26.1,14.8,0,23.0,0.73
2025-01-12,Coastal,22.7,31.1,19.6,0,33.1,0.29
2020-07-14,Mountain,5.0,34.4,23.0,0,10.8,0.65
2022-12-26,Coastal,1.1,31.2,22.2,0,36.3,0.35
2023-08-27,Urban,1.2,22.6,13.700000000000001,0,8.7,0.95
2025-02-11,Coastal,8.4,29.6,21.6,0,15.5,0.2
2024-09-17,Urban,6.9,27.4,18.7,0,5.1,0.68
2020-04-21,Inland,2.1,37.9,26.599999999999998,0,32.6,0.97
2023-08-21,Urban,9.3,26.5,20.4,0,13.0,0.06
2025-03-10,Coastal,71.6,40.7,31.300000000000004,0,9.0,0.79
2023-10-07,Inland,0.4,27.0,15.7,0,8.6,0.43
2023-08-12,Mountain,19.0,21.7,11.899999999999999,0,16.2,0.71
2022-07-08,Urban,1.6,25.7,19.4,0,17.5,0.03
2021-06-17,Inland,2.8,28.1,18.700000000000003,0,11.4,0.88
2022-11-01,Inland,16.1,29.9,19.5,0,13.1,0.05
2023-03-24,Mountain,13.6,38.3,29.4,0,11.8,0.28
2020-02-09,Inland,6.0,24.9,17.599999999999998,0,19.1,0.97
2023-09-10,Urban,5.9,21.0,9.5,0,34.1,0.42
2023-06-03,Inland,3.8,31.7,19.9,0,12.3,0.22
2021-10-12,Coastal,1.5,23.5,15.2,0,28.8,0.19
2023-10-31,Inland,5.4,39.8,30.9,0,22.4,0.86
2021-08-10,Coastal,27.0,37.6,26.900000000000002,0,32.1,0.93
2024-02-28,Mountain,0.8,30.0,18.5,0,6.3,0.04
2024-01-14,Urban,2.6,30.0,23.1,0,29.2,0.96
2023-04-19,Urban,6.7,31.7,24.799999999999997,0,26.5,0.84
2024-03-08,Urban,1.3,34.2,25.200000000000003,0,39.7,0.41
2024-10-30,Coastal,0.7,28.3,21.4,0,24.4,0.55
2021-02-12,Urban,1.3,27.6,18.8,0,21.1,0.72
2024-11-09,Inland,5.4,23.0,13.9,0,29.2,0.58
2020-02-09,Inland,2.0,38.8,28.999999999999996,0,13.4,0.83
2023-06-04,Inland,1.5,25.8,15.3,0,32.5,0.68
2021-11-12,Mountain,2.7,25.7,14.5,0,10.6,0.81
2020-12-23,Inland,1.6,29.4,21.7,0,26.4,0.52
2024-09-25,Urban,22.0,36.2,28.1,0,7.8,0.41
2020-11-13,Urban,0.8,25.6,19.0,0,27.8,0.92
2025-03-30,Mountain,6.6,27.3,15.700000000000001,0,29.6,0.17
2021-06-01,Inland,7.3,23.7,14.2,0,36.2,0.92
2021-07-18,Mountain,25.8,28.2,22.0,0,5.1,0.56
2022-08-27,Inland,28.5,27.4,20.7,0,30.7,0.47
2021-03-07,Mountain,4.1,38.6,31.0,0,7.2,0.97
2022-04-15,Coastal,16.3,37.3,26.099999999999998,0,14.7,0.86
2024-09-22,Inland,1.7,41.1,29.8,0,15.8,0.37
2024-02-09,Urban,12.3,30.1,23.6,0,18.2,0.52
2020-09-12,Inland,2.8,34.2,25.300000000000004,0,39.7,0.24
2020-12-02,Inland,16.8,28.5,21.3,0,39.0,0.43
2024-06-22,Coastal,5.3,29.7,18.4,0,25.8,0.37
2020-01-27,Coastal,8.4,32.6,21.400000000000002,0,6.5,0.81
2024-05-15,Inland,4.2,40.9,31.9,0,13.2,0.47
2023-04-11,Inland,1.1,23.8,15.3,0,29.3,0.3
2023-08-04,Urban,4.3,22.8,15.600000000000001,0,18.1,0.58
2023-07-29,Urban,14.5,24.0,13.2,0,10.9,0.61
2021-07-24,Coastal,4.2,28.6,20.900000000000002,0,20.1,0.1
2020-02-05,Mountain,9.8,37.8,28.199999999999996,0,12.5,1.0
2023-06-16,Mountain,4.3,34.9,28.799999999999997,0,30.0,0.21
2020-10-22,Coastal,7.4,20.5,13.8,0,10.1,0.66
2021-02-11,Inland,12.4,32.3,22.9,0,27.6,0.76
2021-05-17,Urban,7.3,25.0,13.8,0,7.3,0.91
2021-12-02,Mountain,18.5,35.8,25.799999999999997,0,20.8,0.71
2024-09-18,Inland,5.3,30.7,19.7,0,24.1,0.74
2021-01-15,Coastal,3.3,24.7,15.7,0,36.0,0.9
2023-03-20,Inland,24.7,37.6,25.700000000000003,0,22.4,0.92
2020-01-10,Inland,5.5,41.3,31.299999999999997,0,5.4,0.47
2022-01-10,Urban,5.2,26.6,18.3,0,36.4,0.56
2023-12-13,Urban,2.5,33.3,24.4,0,28.9,0.25
2023-08-12,Urban,1.4,21.2,9.299999999999999,0,15.1,0.02
2020-02-10,Mountain,8.5,41.3,32.699999999999996,0,21.5,0.06
2022-06-01,Mountain,5.1,27.2,19.4,0,5.3,0.37
2023-10-29,Mountain,2.6,27.2,18.9,0,39.1,0.91
2022-12-26,Coastal,5.6,32.5,22.4,0,19.0,0.45
2021-04-08,Urban,12.8,35.2,23.400000000000002,0,32.9,0.99
2023-05-13,Mountain,3.1,30.9,20.9,0,14.8,0.96
2021-12-27,Mountain,2.2,38.3,31.799999999999997,0,25.8,0.92
2021-11-05,Inland,1.6,38.8,26.9,0,27.0,0.65
2021-07-31,Inland,8.1,29.8,18.0,0,13.6,0.66
2025-02-17,Mountain,3.0,36.1,25.3,0,8.0,0.19
2020-10-24,Urban,22.0,37.5,26.5,0,26.3,1.0
2021-11-19,Coastal,2.3,20.2,13.899999999999999,0,15.7,0.72
2020-04-14,Coastal,1.1,33.7,21.900000000000002,0,34.6,0.03
2025-01-22,Inland,5.3,35.7,27.700000000000003,0,39.1,0.59
2022-11-11,Mountain,0.4,25.6,14.400000000000002,0,23.4,0.38
2024-11-29,Inland,6.2,34.2,26.700000000000003,0,29.4,0.81
2021-07-11,Coastal,7.0,39.1,30.200000000000003,0,35.7,0.87
2024-10-17,Inland,4.2,31.7,22.4,0,5.8,0.79
2023-06-17,Mountain,1.0,20.6,11.8,0,38.8,0.3
2023-11-30,Coastal,1.7,32.9,23.4,0,7.8,0.36
2024-12-25,Inland,0.3,30.6,18.900000000000002,0,38.6,0.29
2025-05-03,Inland,1.1,39.1,30.5,0,14.3,0.64
2023-07-16,Inland,3.4,36.2,25.300000000000004,0,16.5,0.87
2020-02-21,Mountain,0.9,41.8,30.499999999999996,0,21.0,0.54
2021-12-16,Coastal,1.7,23.2,11.299999999999999,0,9.3,0.4
2021-05-08,Urban,4.0,24.8,16.700000000000003,0,24.7,0.32
2024-01-05,Mountain,1.4,20.3,13.9,0,30.7,0.83
2022-10-06,Mountain,1.7,33.9,26.799999999999997,0,36.7,0.31
2021-07-24,Urban,4.0,22.2,14.5,0,9.2,1.0
2022-06-27,Urban,5.8,29.5,18.8,0,39.8,0.97
2022-08-30,Coastal,1.6,24.6,16.200000000000003,0,6.2,0.27
2024-02-24,Urban,8.5,32.5,20.6,0,16.6,0.54
2023-08-11,Coastal,6.7,24.7,18.2,0,18.6,0.32
2022-05-03,Coastal,3.1,40.1,29.700000000000003,0,39.7,0.66
2023-10-25,Urban,3.5,21.2,10.799999999999999,1,192.1,0.48
2023-02-16,Mountain,1.8,29.8,22.200000000000003,0,31.0,0.07
2025-04-07,Coastal,3.1,41.5,30.3,0,21.4,0.27
2024-01-19,Mountain,3.8,22.1,12.600000000000001,0,36.1,0.54
2025-03-21,Urban,2.6,29.5,22.2,0,22.3,0.26
2023-10-28,Mountain,5.2,26.8,20.6,0,23.7,0.38
2023-01-08,Mountain,0.4,29.8,20.5,0,32.9,0.57
2022-09-27,Coastal,7.4,40.5,29.6,0,17.0,0.12
2025-06-21,Coastal,19.0,27.3,18.9,0,16.8,0.05
2020-10-14,Coastal,1.0,21.4,10.299999999999999,0,8.3,1.0
2022-10-26,Inland,1.8,22.7,12.399999999999999,0,27.2,0.88
2021-11-13,Coastal,12.3,30.1,22.900000000000002,0,22.2,0.73
2024-12-05,Mountain,1.5,20.3,13.700000000000001,0,33.8,0.87
2025-03-27,Urban,8.7,21.2,10.799999999999999,0,17.9,0.61
2024-02-21,Coastal,3.0,28.5,16.6,0,18.3,0.59
2022-03-17,Coastal,4.1,27.1,19.0,0,31.9,0.9
2022-07-12,Coastal,29.9,22.7,16.7,0,37.6,0.02
2020-08-30,Inland,21.5,38.7,30.400000000000002,0,23.8,0.42
2022-04-10,Mountain,1.4,31.6,23.8,0,7.8,0.71
2023-05-06,Coastal,10.4,27.8,17.5,0,16.3,0.37
2025-02-22,Urban,6.6,35.0,28.5,0,16.6,0.54
2022-10-12,Urban,1.7,25.2,16.9,0,35.1,0.27
2020-09-25,Urban,32.5,21.3,15.0,0,19.8,0.39
2023-10-26,Coastal,0.7,28.6,17.6,0,27.1,0.99
2020-09-09,Inland,4.9,21.6,13.3,0,28.0,0.49
2020-02-17,Inland,2.1,29.1,21.8,0,11.5,0.82
2022-01-26,Mountain,55.9,28.5,18.4,0,18.4,0.74
2024-10-03,Urban,1.5,21.3,12.100000000000001,0,21.9,0.23
2020-09-03,Coastal,1.8,35.8,29.499999999999996,0,32.7,0.63
2023-09-01,Urban,9.6,34.2,27.000000000000004,0,35.9,0.57
2024-02-28,Coastal,14.7,33.5,24.5,0,16.9,0.18
2020-01-01,Coastal,12.0,29.9,18.7,0,12.0,0.16
2022-04-03,Urban,8.8,39.5,31.5,0,12.7,0.92
2022-09-20,Coastal,31.3,35.6,23.6,0,12.5,0.75
2020-02-10,Mountain,1.8,38.8,32.3,0,30.4,0.92
2025-01-19,Urban,2.7,39.0,31.7,0,26.8,0.0
2023-09-12,Urban,0.4,32.5,23.2,0,34.0,0.28
2021-10-30,Coastal,7.9,39.2,30.200000000000003,0,11.9,0.53
2020-07-13,Inland,2.7,40.8,33.599999999999994,0,12.7,0.02
2023-10-11,Urban,4.9,21.2,10.799999999999999,0,11.8,0.91
2025-01-20,Mountain,11.9,20.6,13.400000000000002,0,32.6,0.72
2020-09-16,Urban,11.1,21.1,10.600000000000001,0,11.0,0.42
2021-11-16,Coastal,2.7,30.4,19.5,0,27.9,0.61
2023-11-26,Inland,3.0,23.6,15.500000000000002,0,37.7,0.7
2021-10-23,Urban,3.8,33.3,23.4,0,21.2,0.4
2025-06-16,Coastal,2.1,25.1,16.3,0,9.0,0.93
2024-01-21,Urban,1.7,30.1,22.700000000000003,0,13.8,0.13
2024-05-23,Inland,3.4,28.0,20.5,0,26.2,0.0
2022-11-09,Urban,0.6,20.6,14.000000000000002,0,5.3,0.94
2024-01-15,Coastal,3.7,27.5,21.1,0,6.7,0.35
2022-05-18,Urban,23.2,36.7,26.800000000000004,0,15.5,0.5
2024-07-05,Coastal,7.6,22.9,11.399999999999999,0,9.3,0.23
2024-11-15,Mountain,45.1,25.6,14.200000000000001,0,22.2,0.52
2020-11-21,Urban,7.8,28.9,19.2,0,5.3,0.26
2022-01-18,Coastal,9.2,23.0,11.9,0,7.6,0.39
2023-08-14,Coastal,2.0,20.2,13.7,0,27.0,0.68
2021-03-03,Coastal,21.4,35.8,26.599999999999998,0,26.0,0.48
2020-02-22,Coastal,9.2,28.8,17.6,0,18.5,0.13
2024-12-25,Mountain,1.3,22.1,10.600000000000001,0,31.4,0.9
2024-07-11,Coastal,2.2,33.6,23.900000000000002,0,15.1,0.41
2021-03-18,Coastal,0.8,35.2,24.400000000000002,0,17.3,0.86
2024-07-24,Inland,0.6,30.1,23.6,0,39.1,0.95
2020-10-06,Coastal,49.5,37.7,29.6,0,34.1,0.58
2024-11-05,Inland,4.4,37.0,25.0,0,27.0,0.63
2022-12-30,Mountain,2.2,38.9,27.9,0,24.7,0.42
2025-03-22,Urban,3.3,28.3,21.8,0,9.7,0.95
2024-07-23,Mountain,0.6,41.1,29.6,0,16.4,0.25
2023-06-30,Inland,1.5,37.3,27.4,0,37.8,0.38
2022-08-02,Mountain,3.2,20.1,9.600000000000001,0,14.3,0.87
2020-07-12,Inland,2.6,35.3,24.199999999999996,0,21.4,0.22
2021-12-31,Coastal,2.6,31.0,21.7,0,7.4,0.63
2021-02-17,Urban,2.5,39.0,31.5,0,12.0,0.49
2024-08-05,Mountain,2.1,34.7,23.400000000000002,0,36.2,0.65
2020-12-01,Inland,3.4,24.6,15.900000000000002,0,17.7,0.94
2024-05-03,Urban,2.6,29.1,17.400000000000002,0,33.5,0.85
2021-05-03,Urban,28.7,34.0,26.9,0,38.7,0.18
2024-12-10,Inland,24.5,27.9,21.0,0,5.0,0.91
2023-01-25,Coastal,9.5,29.7,23.5,0,20.5,0.76
2021-06-04,Urban,2.7,28.3,18.3,0,18.1,0.17
2021-02-07,Urban,0.4,21.9,12.799999999999999,0,21.0,0.34
2023-06-03,Urban,2.3,23.2,13.799999999999999,0,27.6,0.84
2021-09-01,Urban,5.0,23.4,13.999999999999998,0,6.0,0.07
2024-04-03,Urban,5.8,31.9,20.9,0,12.2,0.65
2020-03-30,Coastal,3.8,40.9,31.0,0,31.3,0.21
2025-05-10,Mountain,6.7,25.5,17.4,0,25.4,0.07
2025-03-04,Inland,15.1,25.5,18.3,0,8.3,0.83
2022-01-18,Mountain,25.9,26.0,17.5,0,39.9,0.22
2021-06-13,Coastal,0.9,22.9,15.599999999999998,0,25.1,0.18
2024-04-08,Mountain,14.3,28.0,20.2,0,39.9,0.42
2023-08-11,Inland,0.4,39.3,30.199999999999996,0,7.5,0.99
2025-05-07,Inland,0.6,25.9,17.5,0,27.0,0.56
2020-02-18,Urban,1.3,41.7,35.2,0,20.0,0.08
2023-11-05,Inland,0.6,21.8,14.100000000000001,0,14.0,0.9
2023-11-20,Inland,2.9,38.4,29.099999999999998,0,14.7,0.54
2021-04-27,Urban,34.5,40.2,29.800000000000004,0,34.0,0.43
2025-05-21,Inland,2.6,28.4,21.799999999999997,0,11.8,0.11
2024-10-10,Mountain,2.4,33.1,25.700000000000003,0,39.9,0.38
2020-04-01,Coastal,2.3,41.7,31.500000000000004,0,23.7,0.75
2020-09-14,Mountain,9.1,35.0,25.1,0,30.1,0.03
2023-11-29,Mountain,2.1,39.6,28.1,0,9.9,0.61
2023-04-13,Coastal,126.1,24.7,15.899999999999999,0,8.8,0.42
2021-10-08,Urban,1.7,21.7,10.7,0,25.4,0.67
2021-07-11,Coastal,8.6,35.3,28.199999999999996,0,14.3,0.72
2024-07-07,Urban,14.0,41.7,30.900000000000002,0,22.3,0.42
2024-01-15,Inland,1.2,32.0,20.0,0,26.4,0.38
2024-02-01,Inland,4.0,29.5,21.1,0,33.9,0.01
2022-10-04,Urban,2.7,21.9,13.099999999999998,0,21.4,0.64
2024-11-28,Coastal,1.8,28.5,19.9,0,31.0,0.11
2024-04-15,Inland,27.4,38.1,28.0,0,29.5,0.84
2020-11-06,Coastal,2.0,20.6,12.600000000000001,0,12.2,0.67
2022-08-23,Coastal,1.5,23.3,14.5,0,24.6,0.61
2024-08-26,Inland,25.1,24.1,13.700000000000001,0,16.9,0.93
2020-03-17,Inland,4.8,39.3,31.799999999999997,0,8.7,0.85
2023-09-17,Mountain,4.1,23.0,12.5,0,14.1,0.12
2023-12-23,Mountain,2.8,22.9,13.899999999999999,0,17.8,0.78
2024-08-10,Urban,0.7,32.3,21.199999999999996,0,6.8,0.76
2023-08-03,Inland,2.0,20.7,13.899999999999999,0,13.7,0.76
2025-02-13,Mountain,3.1,24.4,17.9,0,10.8,0.55
2020-05-31,Urban,7.8,23.7,11.799999999999999,0,38.5,0.06
2025-02-12,Inland,5.1,29.7,21.4,0,17.1,0.53
2020-02-12,Inland,1.6,22.1,14.600000000000001,0,13.3,0.32
2023-03-31,Mountain,3.6,29.8,22.8,0,6.1,0.21
2020-05-20,Urban,3.5,26.3,19.6,0,10.2,0.12
2025-05-29,Mountain,1.1,33.9,26.2,0,29.8,0.27
2021-11-03,Inland,2.7,33.0,26.2,0,6.4,0.65
2023-05-22,Coastal,0.4,23.4,11.899999999999999,0,20.7,0.89
2020-04-20,Coastal,1.7,22.3,11.600000000000001,0,11.7,0.71
2024-02-23,Mountain,1.9,31.1,19.1,0,34.9,0.32
2025-02-19,Mountain,92.9,27.1,17.1,0,8.6,0.17
2025-04-09,Urban,3.3,36.3,29.799999999999997,0,18.5,0.19
2023-01-13,Inland,8.8,22.4,14.099999999999998,0,37.5,0.85
2025-04-29,Mountain,32.4,22.1,10.8,0,32.8,0.65
2021-08-12,Inland,11.2,34.7,24.400000000000002,0,38.3,0.31
2023-11-20,Urban,1.7,32.0,21.3,0,7.4,0.23
2021-08-16,Coastal,2.1,36.6,27.200000000000003,0,26.7,0.74
2020-08-28,Urban,8.1,27.1,20.1,0,10.5,0.98
2022-02-22,Inland,1.4,31.8,22.3,0,28.1,0.2
2021-09-20,Inland,30.1,24.0,14.3,0,10.9,0.02
2025-01-10,Inland,14.6,40.8,34.699999999999996,0,26.7,0.08
2025-04-27,Mountain,1.4,40.6,30.700000000000003,0,36.7,0.73
2025-02-12,Inland,11.6,21.9,9.999999999999998,0,22.4,0.32
2024-06-21,Coastal,7.9,30.1,18.200000000000003,0,9.5,0.64
2021-12-10,Coastal,0.3,31.0,21.2,0,11.9,0.59
2021-02-14,Urban,18.3,22.3,14.9,0,32.1,0.48
2020-07-28,Urban,1.3,27.4,18.599999999999998,0,10.8,0.8
2021-07-19,Coastal,1.8,23.9,13.499999999999998,0,23.9,0.79
2022-10-27,Mountain,13.3,27.0,15.1,0,38.2,0.4
2025-04-26,Coastal,1.3,25.8,16.0,0,35.0,0.28
2024-03-01,Coastal,5.8,30.0,21.7,0,7.9,0.02
2021-04-18,Inland,2.9,23.1,11.200000000000001,0,8.8,0.12
2023-07-20,Inland,10.9,25.7,16.799999999999997,0,34.0,0.67
2020-06-05,Coastal,4.8,40.2,32.2,0,36.8,0.5
2023-07-28,Inland,1.1,23.8,17.5,0,10.7,0.06
2023-05-02,Mountain,3.8,29.2,21.9,0,23.1,0.76
2020-07-14,Urban,4.9,31.9,21.599999999999998,0,20.4,0.37
2024-10-17,Coastal,3.6,33.2,23.200000000000003,0,6.3,0.35
2024-10-16,Urban,0.2,29.7,18.5,0,37.8,0.88
2020-09-26,Urban,0.2,33.8,24.499999999999996,0,35.0,0.76
2020-10-11,Mountain,0.6,33.8,22.4,0,34.7,0.24
2020-01-25,Urban,8.2,33.2,22.1,0,5.7,0.5
2021-03-10,Urban,21.6,36.0,28.5,0,14.7,0.37
2024-04-02,Coastal,5.6,25.6,19.200000000000003,0,24.6,0.75
2021-03-26,Coastal,2.4,35.6,28.6,0,19.9,0.01
2023-05-08,Inland,1.7,36.0,27.5,0,15.6,0.86
2020-07-22,Urban,4.6,28.1,21.900000000000002,0,39.9,0.47
2024-09-23,Inland,6.2,31.7,24.6,1,178.4,0.93
2022-06-01,Coastal,11.2,40.9,29.7,0,8.8,0.19
2024-07-26,Mountain,38.6,30.7,22.299999999999997,0,21.0,0.6
2024-11-22,Mountain,14.7,23.4,13.7,0,27.8,0.27
2023-07-29,Mountain,1.1,25.2,15.7,0,12.1,0.08
2021-02-17,Mountain,24.3,30.2,21.7,0,9.5,0.43
2022-03-20,Inland,10.5,25.9,17.9,0,24.7,0.49
2022-09-30,Mountain,0.9,41.7,34.300000000000004,0,8.2,0.97
2024-12-08,Mountain,1.3,37.4,30.7,0,22.1,0.92
2024-10-09,Inland,23.4,31.9,22.299999999999997,0,10.2,0.88
2022-02-05,Mountain,2.5,33.1,24.900000000000002,0,39.4,0.63
2023-10-08,Urban,28.0,24.7,15.2,0,10.4,0.05
2021-11-27,Urban,40.4,29.2,17.799999999999997,0,39.7,0.24
2023-08-13,Coastal,3.1,29.8,22.200000000000003,0,21.5,0.47
2023-05-10,Inland,0.7,20.9,11.7,0,21.5,0.35
2021-10-04,Urban,3.9,23.2,16.799999999999997,0,39.1,0.64
2020-02-11,Urban,7.2,30.4,21.0,0,7.8,0.8
2023-10-29,Inland,0.4,31.7,21.6,0,12.8,0.38
2025-01-14,Inland,66.8,36.5,29.5,0,10.0,0.77
2024-10-01,Urban,1.9,37.7,29.6,0,23.5,0.53
2022-07-24,Inland,33.7,38.1,29.8,0,8.8,0.14
2022-04-11,Mountain,3.9,24.6,15.400000000000002,0,13.5,0.31
2021-04-16,Urban,0.5,20.1,12.8,0,14.6,0.74
2023-02-21,Coastal,48.0,25.0,18.2,0,28.0,0.93
2021-09-03,Mountain,1.7,28.9,18.099999999999998,0,22.2,0.97
2024-08-24,Mountain,4.7,24.7,12.899999999999999,0,5.3,0.72
2022-10-13,Inland,6.6,33.7,27.1,0,30.7,0.1
2023-01-16,Inland,1.7,29.9,19.299999999999997,0,13.6,0.3
2025-01-14,Coastal,8.1,32.8,24.299999999999997,0,25.5,0.5
2024-04-21,Urban,0.3,22.1,13.8,0,26.6,0.74
2024-11-29,Inland,4.1,40.1,31.200000000000003,0,39.8,0.31
2023-09-27,Coastal,9.2,38.6,31.1,0,26.4,0.96
2021-12-26,Coastal,0.8,37.2,26.800000000000004,0,14.7,0.73
2022-02-04,Urban,0.9,40.4,29.9,0,14.8,0.77
2022-03-27,Coastal,1.6,23.3,16.5,0,16.5,0.46
2020-07-29,Coastal,1.9,41.3,31.099999999999998,0,21.3,0.62
2020-02-07,Coastal,16.4,24.3,17.9,0,33.7,0.95
2022-11-17,Coastal,1.0,27.6,17.3,0,17.0,0.52
2024-05-02,Urban,0.5,36.8,26.999999999999996,0,37.5,0.5
2024-01-18,Coastal,1.8,25.2,18.6,0,22.2,0.33
2023-05-08,Urban,3.4,20.7,9.5,0,34.7,0.43
2020-01-02,Inland,2.6,37.0,29.5,0,18.1,0.5
2020-02-14,Urban,7.7,29.2,22.0,0,24.1,0.59
2020-06-08,Urban,2.1,22.5,11.3,0,23.7,0.96
2020-02-16,Coastal,8.3,38.9,32.1,0,8.8,0.11
2023-08-31,Coastal,0.3,24.3,14.9,0,9.0,0.14
2022-05-02,Coastal,60.0,29.8,18.8,0,23.9,0.13
2020-12-11,Urban,1.3,30.3,23.4,0,19.3,0.5
2025-04-16,Coastal,0.2,21.9,14.299999999999999,0,21.7,0.62
2021-05-05,Mountain,1.2,24.4,18.4,0,20.8,0.21
2020-09-05,Mountain,25.3,38.9,32.199999999999996,0,32.2,0.6
2020-11-03,Urban,10.5,39.2,31.000000000000004,0,27.2,0.05
2024-08-27,Urban,29.1,39.2,29.500000000000004,0,6.8,0.49
2020-12-21,Mountain,7.9,40.5,30.3,0,21.8,0.14
2024-01-25,Mountain,1.1,36.4,26.5,0,11.6,0.12
2022-08-30,Mountain,11.8,35.4,24.799999999999997,0,39.7,0.88
2021-06-09,Coastal,3.9,21.3,10.600000000000001,0,5.7,0.24
2024-02-26,Mountain,7.5,37.0,30.7,0,21.7,0.7
2022-10-31,Mountain,1.6,38.8,31.199999999999996,0,19.4,0.04
2023-02-21,Mountain,50.1,23.8,15.700000000000001,0,37.4,0.99
2022-09-02,Inland,17.9,23.0,16.0,0,26.3,0.77
2025-01-05,Inland,2.0,27.2,16.299999999999997,0,14.3,0.84
2025-04-21,Mountain,26.8,32.8,21.799999999999997,0,13.2,0.57
2023-12-20,Coastal,9.2,21.1,12.000000000000002,0,16.3,0.01
2020-02-07,Inland,2.9,35.0,24.0,0,11.2,0.3
2020-10-05,Inland,12.9,27.1,20.8,0,23.7,0.16
2022-11-09,Coastal,3.9,34.1,25.5,0,23.8,0.63
2020-02-29,Mountain,9.1,38.6,26.6,0,29.6,0.04
2021-07-21,Inland,4.4,30.6,23.400000000000002,0,13.4,0.14
2022-06-24,Urban,2.0,41.9,31.5,0,36.5,0.27
2023-04-17,Inland,2.4,39.0,30.2,0,34.5,0.83
2024-05-25,Coastal,2.4,37.4,25.9,0,14.3,0.37
2022-12-12,Urban,6.7,35.7,25.200000000000003,0,9.7,0.33
2020-10-22,Urban,4.4,33.8,23.099999999999998,0,31.0,0.31
2022-09-17,Urban,17.0,31.1,21.900000000000002,0,26.2,0.9
2025-04-06,Mountain,0.3,28.6,16.900000000000002,0,14.0,0.68
2022-12-27,Inland,6.3,23.4,16.4,0,38.0,1.0
2022-02-20,Inland,1.6,25.2,17.9,0,39.1,0.18
2021-04-07,Coastal,0.5,35.4,27.0,0,35.3,0.96
2024-10-20,Urban,9.0,41.2,32.300000000000004,0,13.9,0.18
2022-02-05,Inland,7.2,25.4,18.4,0,36.8,0.36
2022-12-30,Inland,2.4,30.2,22.299999999999997,0,10.7,0.08
2022-02-02,Urban,3.8,32.9,25.799999999999997,0,16.0,0.32
2025-05-11,Coastal,30.4,32.8,26.599999999999998,0,25.3,0.4
2025-01-05,Urban,9.6,26.7,18.6,0,33.5,0.68
2020-07-29,Inland,1.7,33.1,26.900000000000002,0,20.5,0.94
2023-01-13,Inland,9.7,25.8,18.200000000000003,0,19.9,0.8
2020-07-26,Mountain,2.1,39.1,28.3,0,30.9,0.21
2020-08-01,Inland,0.8,31.8,21.700000000000003,0,10.5,0.04
2021-08-30,Urban,1.0,31.9,25.599999999999998,0,8.4,0.79
2024-01-06,Mountain,1.9,31.3,25.3,0,29.6,0.85
2022-08-10,Urban,1.1,32.0,25.6,0,27.0,0.5
2022-10-26,Coastal,8.5,27.2,15.6,0,19.3,0.37
2022-12-28,Mountain,59.3,37.9,30.2,0,18.4,0.09
2020-12-31,Coastal,3.0,27.7,21.0,0,20.1,0.89
2023-09-27,Mountain,12.5,41.7,31.6,0,17.1,0.26
2020-11-21,Coastal,13.1,37.2,29.300000000000004,0,10.9,0.89
2025-05-21,Mountain,16.3,22.5,13.0,0,31.4,0.57
2022-10-09,Mountain,38.6,32.8,22.299999999999997,0,40.0,0.31
2024-01-26,Mountain,62.6,23.0,12.3,0,17.2,0.35
2023-01-14,Urban,3.5,41.9,31.4,0,36.7,0.88
2023-08-12,Coastal,1.2,29.4,21.4,0,14.1,0.06
2023-10-18,Coastal,1.2,32.7,22.700000000000003,0,31.2,0.23
2020-09-20,Coastal,3.6,40.1,30.6,0,30.5,0.71
2023-02-08,Urban,131.5,29.8,18.200000000000003,0,18.3,0.45
2020-04-25,Inland,6.5,26.3,15.700000000000001,1,100.4,0.04
2024-09-08,Urban,6.3,31.7,21.9,0,9.7,0.92
2025-05-22,Mountain,5.5,41.2,31.300000000000004,0,15.8,0.29
2021-12-13,Mountain,2.9,20.4,12.2,0,35.3,0.19
2022-06-23,Inland,12.7,29.0,19.6,0,6.0,0.67
2022-05-06,Inland,2.4,24.0,17.2,0,25.7,0.24
2020-06-19,Urban,109.8,39.9,30.2,1,207.7,0.39
2021-12-14,Coastal,6.8,32.3,24.799999999999997,0,13.5,0.86
2020-09-26,Coastal,4.5,39.7,32.5,0,8.7,0.76
2024-07-01,Coastal,2.9,39.7,28.800000000000004,0,35.1,0.88
2025-04-06,Mountain,2.4,35.9,26.9,0,19.3,0.84
2021-01-20,Coastal,0.8,41.3,34.099999999999994,0,27.9,0.65
2021-11-08,Inland,0.5,24.4,17.599999999999998,0,11.9,0.89
2021-10-27,Coastal,6.1,27.5,18.9,0,29.7,0.96
2023-02-12,Mountain,13.6,34.5,23.8,0,25.4,0.69
2020-04-06,Mountain,14.1,23.7,15.0,0,15.1,0.38
2021-04-05,Coastal,7.5,39.0,30.7,0,28.3,0.81
2024-06-04,Urban,0.2,30.6,23.0,0,12.1,0.73
2023-04-01,Urban,28.0,30.9,22.099999999999998,0,35.9,0.96
2022-02-28,Urban,4.1,29.7,19.4,0,13.4,0.09
2020-09-01,Inland,1.4,29.3,21.5,0,23.1,0.49
2021-04-26,Inland,25.1,28.7,22.2,0,22.8,0.68
2023-06-05,Coastal,3.3,31.1,24.6,0,15.5,0.56
2022-03-14,Mountain,3.9,25.5,16.6,0,37.9,0.79
2021-02-04,Urban,8.1,34.4,25.2,0,35.6,0.04
2024-01-17,Inland,1.7,36.1,28.700000000000003,0,29.1,0.88
2022-07-01,Coastal,4.5,37.4,29.2,0,29.5,0.71
2024-07-06,Mountain,1.0,29.9,18.799999999999997,0,20.3,0.47
2025-01-22,Mountain,1.2,39.0,29.7,0,35.9,0.9
2022-10-10,Urban,5.8,32.2,23.000000000000004,0,9.1,0.18
2021-02-27,Inland,25.6,39.9,30.799999999999997,0,35.4,0.9
2022-05-18,Urban,7.6,34.3,23.9,0,21.2,0.59
2021-02-10,Mountain,10.4,21.2,14.399999999999999,0,30.7,0.68
2025-01-25,Coastal,16.8,40.3,33.699999999999996,0,35.5,0.84
2021-10-05,Mountain,0.4,39.5,29.8,0,34.4,0.83
2025-02-24,Inland,4.4,27.4,15.399999999999999,0,17.9,0.19
2020-01-05,Coastal,47.1,40.0,33.2,1,157.2,0.94
2022-12-06,Coastal,0.7,41.6,33.0,0,15.8,0.29
2022-05-30,Mountain,9.3,37.0,28.5,0,21.7,0.2
2022-01-05,Coastal,3.1,36.7,29.400000000000002,0,14.3,0.28
2023-07-17,Inland,3.0,36.2,29.1,0,11.5,0.5
2024-07-26,Mountain,2.3,23.3,12.8,0,38.5,0.44
2020-04-30,Inland,23.8,28.1,16.3,0,38.6,0.89
2024-06-01,Coastal,62.4,31.4,20.799999999999997,0,21.7,0.87
2024-08-23,Urban,3.8,22.6,14.8,0,34.9,0.26
2024-11-13,Urban,4.8,21.5,10.8,0,8.1,0.66
2020-05-25,Coastal,0.2,38.3,31.699999999999996,0,14.3,0.74
2023-08-22,Coastal,4.9,37.8,27.9,0,35.8,0.89
2022-11-03,Mountain,9.5,34.5,23.9,0,8.0,0.51
2021-04-12,Mountain,9.5,39.3,33.0,0,7.0,0.65
2021-06-23,Coastal,29.8,26.7,15.399999999999999,0,31.1,0.51
2024-07-29,Urban,8.9,33.1,23.5,0,6.3,0.41
2022-12-10,Urban,7.1,38.2,31.800000000000004,0,5.5,0.8
2024-07-20,Mountain,6.6,37.4,29.099999999999998,0,18.0,0.82
2024-11-24,Coastal,4.6,37.7,26.900000000000002,0,37.5,0.98
2024-09-29,Coastal,5.5,34.0,23.1,0,11.6,0.09
2022-07-22,Urban,2.8,35.7,26.200000000000003,0,38.7,0.48
2020-04-24,Coastal,2.3,41.3,32.3,0,14.7,0.52
2021-06-01,Coastal,4.8,28.0,16.6,0,24.7,0.63
2021-07-23,Inland,3.4,40.2,29.900000000000002,0,21.6,0.95
2024-06-24,Urban,3.2,35.7,28.6,0,25.9,0.87
2024-06-19,Mountain,4.8,32.2,22.700000000000003,0,21.0,0.27
2023-11-09,Coastal,3.7,22.6,16.0,0,7.1,0.55
2021-12-13,Coastal,5.0,38.3,31.599999999999998,0,21.7,0.74
2025-03-21,Mountain,5.8,29.4,20.599999999999998,0,9.7,0.32
2022-04-03,Mountain,4.8,35.0,24.0,0,39.4,0.84
2023-02-19,Urban,9.7,21.2,14.299999999999999,0,16.9,0.99
2020-09-10,Inland,3.4,32.9,24.799999999999997,0,35.2,0.72
2025-01-17,Urban,0.2,28.6,19.1,0,23.0,0.43
2022-07-09,Inland,14.2,33.4,24.099999999999998,0,16.4,0.66
2020-04-08,Urban,0.7,24.7,16.299999999999997,0,20.4,0.78
2024-12-01,Mountain,26.5,20.2,12.1,0,5.2,0.92
2023-07-15,Inland,20.3,38.8,26.999999999999996,0,5.8,0.96
2022-10-07,Urban,1.0,29.6,23.200000000000003,0,35.4,0.99
2021-04-23,Urban,24.4,37.9,27.9,0,19.4,0.76
2022-06-15,Coastal,50.0,29.9,19.099999999999998,0,35.8,0.85
2020-08-09,Mountain,8.9,32.9,26.299999999999997,0,31.4,0.02
2024-11-05,Inland,11.6,30.3,23.200000000000003,1,176.1,0.16
2021-04-27,Coastal,7.5,36.4,24.9,0,8.0,0.63
2024-11-14,Coastal,8.3,36.0,25.5,0,28.5,0.66
2024-07-08,Inland,1.0,39.7,30.000000000000004,0,39.6,0.83
2025-05-12,Mountain,3.4,39.3,31.9,0,34.3,0.96
2024-02-18,Mountain,41.8,32.7,25.700000000000003,0,17.6,0.92
2023-08-28,Coastal,16.9,32.0,20.8,0,26.8,0.59
2023-05-19,Urban,14.9,23.0,13.6,0,14.7,0.85
2020-08-05,Mountain,13.8,31.8,20.4,0,25.2,0.28
2025-02-08,Urban,1.8,33.1,23.900000000000002,0,28.0,0.92
2024-10-28,Urban,0.5,22.4,14.299999999999999,0,17.7,0.15
2024-11-11,Coastal,7.1,31.2,22.1,0,32.1,0.51
2022-05-13,Mountain,11.3,34.0,25.3,0,33.3,0.07
2021-03-31,Mountain,0.3,22.8,13.0,0,24.5,0.8
2020-09-13,Urban,6.6,40.7,33.400000000000006,0,34.5,0.68
2022-06-26,Inland,20.5,25.7,17.6,0,10.9,0.35
2021-01-20,Inland,11.8,38.2,28.400000000000002,0,37.6,0.22
2021-06-21,Inland,4.0,33.4,24.799999999999997,0,12.9,0.27
2020-12-26,Mountain,1.0,27.9,18.2,0,13.7,0.85
2023-02-09,Coastal,1.4,35.1,25.8,0,28.3,0.13
2025-01-27,Urban,16.1,38.3,27.4,0,29.8,0.34
2024-04-28,Urban,0.4,20.1,12.500000000000002,0,29.2,0.38
2021-04-22,Mountain,5.4,30.3,19.9,0,29.1,0.59
2022-09-05,Mountain,2.5,32.3,24.799999999999997,0,8.7,0.95
2021-01-01,Mountain,1.3,33.2,26.000000000000004,0,33.7,0.27
2023-05-29,Mountain,1.8,29.1,20.1,0,20.4,0.2
2023-05-23,Mountain,14.0,20.3,11.0,0,6.5,0.8
2023-07-10,Inland,4.3,32.8,24.499999999999996,0,6.4,0.77
2020-02-26,Mountain,28.8,38.6,28.400000000000002,1,213.4,0.78
2024-08-24,Mountain,1.1,39.1,27.3,0,37.5,0.45
2023-02-06,Inland,25.1,23.4,15.899999999999999,0,15.2,0.03
2021-02-14,Inland,1.4,31.6,25.6,0,18.9,0.99
2023-08-17,Urban,39.3,28.2,18.6,0,10.2,0.3
2020-04-08,Urban,0.5,39.4,32.3,0,18.1,0.36
2020-01-01,Coastal,0.2,22.5,14.2,0,10.4,0.77
2020-10-03,Urban,3.3,26.7,18.2,0,37.1,0.52
2023-05-23,Coastal,5.3,24.9,15.499999999999998,0,20.6,0.83
2022-10-10,Urban,5.2,23.2,15.5,0,31.8,0.59
2023-11-19,Inland,1.2,24.0,17.3,0,32.4,0.41
2022-06-29,Coastal,6.9,40.7,34.2,0,17.5,0.6
2021-05-18,Mountain,21.2,38.4,30.599999999999998,0,29.4,0.2
2024-01-24,Urban,10.4,29.9,20.9,0,21.2,0.41
2024-09-03,Urban,7.1,30.8,21.3,0,23.0,0.21
2020-08-17,Urban,1.3,28.9,17.4,0,37.9,0.64
2020-10-03,Inland,9.2,27.2,18.799999999999997,0,20.4,0.33
2024-06-15,Inland,7.3,34.1,24.1,0,9.1,0.53
2020-06-16,Urban,4.8,34.2,24.700000000000003,0,17.2,0.12
2023-08-08,Mountain,20.7,20.1,13.900000000000002,0,5.0,0.54
2024-08-05,Coastal,3.5,30.1,19.0,0,13.9,0.61
2021-12-30,Inland,1.0,40.3,31.499999999999996,0,26.4,0.35
2024-01-09,Inland,10.5,36.9,28.2,0,26.8,0.94
2020-08-08,Inland,49.4,22.4,15.499999999999998,0,15.0,0.85
2020-02-23,Inland,0.5,21.6,12.400000000000002,0,38.5,0.63
2020-02-17,Inland,8.5,20.9,13.799999999999999,0,39.1,0.2
2020-09-21,Coastal,11.7,38.0,26.3,0,24.8,0.48
2025-05-24,Mountain,2.9,40.4,30.599999999999998,0,12.8,0.98
2023-08-25,Mountain,0.9,25.2,17.299999999999997,0,23.2,0.29
2023-03-15,Coastal,2.5,32.8,22.9,0,14.0,0.73
2023-01-15,Inland,1.1,37.9,29.9,0,25.0,0.23
2023-09-08,Coastal,23.1,40.9,31.799999999999997,0,17.6,0.75
2020-11-22,Inland,4.9,35.3,28.299999999999997,0,19.1,0.88
2022-07-19,Urban,20.2,28.9,18.9,0,28.1,0.69
2021-02-20,Inland,6.6,30.5,19.0,0,8.7,0.7
2020-12-17,Urban,4.1,27.2,16.2,0,36.2,0.63
2020-07-03,Urban,4.8,26.0,19.5,0,31.1,0.81
2023-07-13,Inland,2.5,32.5,21.8,0,12.7,0.91
2025-04-22,Coastal,2.6,27.2,19.799999999999997,0,18.1,0.89
2024-04-09,Urban,7.6,21.6,9.700000000000001,0,17.4,0.82
2023-08-03,Urban,1.0,29.0,21.3,0,21.1,0.54
2023-07-24,Coastal,12.8,40.6,31.1,0,20.4,0.99
2025-01-14,Urban,1.2,23.6,16.0,0,5.2,0.75
2020-11-28,Coastal,4.5,29.5,22.5,0,29.1,0.65
2022-08-07,Urban,1.7,41.6,34.7,0,24.4,0.28
2020-04-24,Inland,2.4,38.8,29.099999999999998,0,16.0,0.33
2020-03-15,Mountain,35.0,22.2,12.7,1,143.2,0.33
2022-04-27,Inland,7.9,31.1,23.200000000000003,0,11.3,0.14
2025-02-19,Inland,2.8,33.7,27.400000000000002,0,12.5,0.84
2022-06-27,Mountain,3.3,26.0,15.9,0,35.2,0.74
2022-05-14,Inland,0.4,22.2,11.5,0,17.1,0.28
2022-08-01,Urban,7.2,33.0,23.8,0,17.5,0.08
2022-05-28,Urban,2.6,23.2,15.899999999999999,0,28.7,0.41
2020-02-13,Coastal,2.1,23.4,13.299999999999999,0,10.8,0.84
2020-07-08,Mountain,12.9,35.5,27.7,0,36.4,0.77
2022-07-10,Mountain,0.2,29.9,18.599999999999998,0,35.6,0.59
2022-08-17,Inland,4.7,21.4,10.099999999999998,0,12.0,0.73
2020-05-25,Urban,3.8,33.0,25.4,0,34.3,0.2
2021-12-21,Inland,0.5,38.1,29.400000000000002,1,234.3,0.92
2025-01-29,Mountain,3.3,41.2,31.400000000000002,0,16.6,0.73
2020-09-24,Mountain,8.1,31.8,20.6,0,10.7,0.59
2025-01-28,Coastal,1.0,25.2,13.7,0,29.0,0.14
2021-01-05,Urban,1.8,32.1,20.6,0,20.2,0.14
2024-05-31,Mountain,11.5,40.6,32.6,0,39.0,0.13
2021-09-18,Mountain,2.0,22.8,16.3,0,33.4,0.78
2022-07-22,Inland,9.8,27.4,21.099999999999998,0,25.1,0.25
2022-03-31,Inland,0.6,23.4,16.2,0,11.4,0.8
2024-10-21,Mountain,10.7,23.5,12.5,0,19.9,0.79
2023-06-01,Coastal,1.3,38.7,32.300000000000004,0,25.9,0.13
2021-08-24,Mountain,2.5,32.2,22.6,0,21.1,1.0
2024-09-15,Mountain,1.2,40.0,30.0,0,31.7,0.9
2020-07-25,Mountain,2.1,25.5,17.2,0,16.3,0.92
2024-05-20,Coastal,3.3,30.0,18.2,1,191.4,0.15
2021-11-22,Urban,5.6,38.3,30.9,0,21.8,0.11
2020-06-10,Inland,13.6,39.3,30.4,0,16.5,0.41
2024-05-28,Mountain,1.2,39.6,32.7,0,20.5,0.07
2023-07-03,Coastal,8.3,39.0,30.7,0,12.3,0.69
2025-04-15,Mountain,18.9,40.4,32.6,0,39.7,0.7
2020-12-21,Urban,10.3,40.8,29.799999999999997,0,39.6,0.38
2022-02-04,Inland,1.3,29.1,17.6,0,19.0,0.3
2023-08-09,Urban,1.0,38.3,28.199999999999996,0,37.2,0.95
2022-11-18,Urban,1.9,25.0,17.3,0,14.5,0.37
2020-10-12,Urban,1.7,25.7,14.5,0,32.3,0.76
2020-04-13,Urban,32.3,31.4,24.2,0,27.5,0.81
2021-12-15,Inland,3.8,29.1,20.1,0,10.3,0.25
2022-03-02,Urban,1.2,22.9,13.099999999999998,0,16.5,0.28
2022-07-16,Urban,6.5,30.4,19.9,0,38.2,0.35
2023-10-11,Urban,15.7,22.8,11.5,0,30.3,0.62
2021-08-12,Mountain,1.5,40.2,30.300000000000004,0,37.2,0.68
2021-10-11,Inland,0.7,39.7,28.500000000000004,0,7.7,0.92
2020-07-08,Inland,14.0,34.6,27.200000000000003,0,17.6,0.71
2024-04-22,Inland,3.9,41.8,32.8,0,39.1,0.74
2025-02-19,Mountain,22.5,24.4,13.499999999999998,0,23.2,0.07
2025-06-13,Mountain,4.4,34.7,24.700000000000003,0,33.1,0.33
2020-09-12,Urban,3.8,39.7,33.6,0,39.2,0.13
2025-02-20,Mountain,0.2,21.6,12.900000000000002,0,22.4,0.19
2022-08-18,Coastal,3.5,26.5,19.1,0,16.9,0.11
2020-08-23,Coastal,0.6,29.6,17.900000000000002,0,35.4,0.7
2021-07-11,Coastal,6.4,23.8,16.9,0,30.1,0.77
2024-02-08,Coastal,0.9,39.7,30.300000000000004,0,10.2,0.91
2021-01-28,Coastal,5.1,37.7,28.500000000000004,0,8.2,0.36
2023-01-04,Urban,8.4,22.8,11.5,0,35.1,0.77
2020-06-01,Coastal,16.6,28.6,19.5,0,19.2,0.9
2022-04-10,Coastal,1.9,37.5,26.3,0,5.7,0.87
2022-12-30,Inland,2.3,30.9,23.2,0,23.0,0.26
2020-02-03,Urban,5.8,34.5,27.4,0,11.3,0.34
2024-02-10,Mountain,2.1,25.4,17.299999999999997,0,9.5,0.75
2022-05-21,Inland,2.4,33.0,26.9,0,13.2,0.78
2021-12-21,Inland,3.8,32.2,24.300000000000004,0,30.5,0.42
2022-07-17,Coastal,4.0,27.3,20.0,0,26.6,0.7
2021-07-02,Mountain,3.3,31.9,22.2,0,33.4,0.14
2022-02-02,Mountain,10.8,29.8,22.200000000000003,0,6.6,0.97
2023-09-21,Inland,5.7,24.4,13.299999999999999,0,15.5,0.22
2024-11-21,Coastal,2.9,39.6,29.1,0,7.5,0.98
2021-03-09,Coastal,39.2,41.7,30.200000000000003,0,21.0,0.65
2020-03-13,Mountain,2.4,29.9,21.099999999999998,0,30.9,0.05
2021-04-20,Coastal,3.6,39.3,30.9,0,27.6,0.21
2021-09-18,Mountain,0.7,33.5,24.7,0,6.4,0.21
2024-10-24,Mountain,2.4,25.9,16.799999999999997,0,36.7,0.04
2020-05-31,Mountain,12.0,33.9,25.799999999999997,0,14.0,0.49
2023-05-04,Inland,2.6,38.1,30.200000000000003,0,20.1,0.49
2024-07-25,Mountain,3.1,23.3,12.5,0,34.1,0.66
2025-05-20,Inland,2.0,37.0,25.3,0,16.2,0.35
2024-08-30,Coastal,4.2,40.1,28.200000000000003,0,32.4,0.55
2020-11-24,Inland,6.0,35.8,25.599999999999998,0,33.8,0.59
2024-10-02,Urban,12.9,41.8,30.4,0,9.3,0.6
2021-07-29,Coastal,9.3,29.3,17.9,0,8.2,0.8
2021-05-13,Mountain,0.5,24.2,13.2,0,18.8,0.09
2022-06-10,Coastal,7.8,21.7,10.1,0,34.5,0.01
2023-11-13,Urban,6.8,20.4,9.599999999999998,0,12.2,0.75
2020-11-24,Urban,1.1,30.5,21.6,0,39.3,0.79
2024-08-16,Inland,4.3,32.8,22.9,0,13.8,0.95
2024-06-04,Coastal,3.8,38.0,31.4,0,18.9,0.83
2022-09-11,Inland,30.8,36.8,30.599999999999998,0,21.7,0.52
2025-05-08,Urban,1.6,24.3,17.8,0,5.7,0.56
2024-09-14,Urban,14.2,22.5,11.5,0,25.5,0.26
2025-04-03,Urban,1.7,23.3,14.5,0,18.0,0.15
2021-06-12,Mountain,20.0,41.0,30.4,0,25.0,0.54
2025-02-20,Inland,37.1,30.7,21.2,0,32.9,0.22
2024-03-26,Urban,12.9,39.6,29.6,0,5.1,0.72
2021-09-19,Inland,2.5,41.4,34.8,0,16.9,0.77
2020-06-08,Coastal,2.6,24.3,12.5,0,30.6,0.6
2023-08-12,Mountain,8.2,39.0,30.7,0,13.0,0.89
2023-09-22,Inland,1.2,33.4,25.299999999999997,0,34.8,0.51
2025-02-11,Inland,8.0,37.9,27.5,0,23.2,0.77
2020-01-23,Urban,2.2,30.6,19.6,0,29.2,0.89
2022-07-01,Inland,8.5,33.6,26.6,0,39.1,0.29
2020-12-03,Urban,8.6,35.4,25.0,0,13.2,0.87
2022-06-22,Urban,1.6,36.7,29.800000000000004,0,37.7,0.7
2022-10-26,Coastal,2.3,35.6,24.8,0,29.6,0.18
2025-05-15,Coastal,5.7,25.3,16.4,0,23.2,0.37
2022-01-09,Mountain,2.2,31.3,21.6,0,25.4,0.41
2024-03-26,Coastal,1.3,22.6,13.3,0,33.3,1.0
2025-05-20,Mountain,6.6,33.8,26.199999999999996,0,19.9,0.22
2020-03-28,Mountain,0.7,38.2,31.300000000000004,0,33.4,0.68
2023-06-08,Inland,1.5,32.6,22.200000000000003,0,28.3,0.38
2022-11-21,Urban,3.9,34.9,28.4,0,39.8,0.29
2022-08-13,Inland,5.6,23.0,13.2,0,5.6,0.28
2021-11-12,Mountain,2.0,22.4,13.2,0,29.7,0.5
2024-10-30,Mountain,1.8,23.5,14.1,0,24.4,0.34
2021-03-18,Coastal,1.4,22.2,11.2,0,22.6,0.42
2025-02-18,Inland,8.4,23.4,14.399999999999999,0,21.9,0.1
2020-02-04,Urban,24.1,30.7,20.4,0,20.5,0.51
2024-09-28,Inland,7.3,26.0,15.4,0,38.1,0.62
2020-09-18,Coastal,3.1,36.1,24.400000000000002,0,12.0,0.86
2022-10-18,Inland,17.8,39.4,29.299999999999997,0,20.0,0.17
2022-02-27,Mountain,22.3,39.5,32.2,0,26.7,0.72
2020-01-16,Mountain,12.0,30.9,20.7,0,20.0,0.17
2025-05-24,Urban,10.8,26.6,19.700000000000003,0,38.5,0.57
2022-02-05,Inland,3.1,35.8,27.599999999999998,0,7.4,0.35
2024-09-18,Coastal,12.8,28.8,20.5,0,15.4,0.67
2020-05-12,Inland,7.7,27.7,18.9,0,19.5,0.26
2021-12-12,Mountain,54.4,24.1,12.900000000000002,0,31.7,0.6
2021-05-26,Inland,1.6,20.4,10.999999999999998,0,9.6,0.5
2024-11-29,Mountain,4.3,26.1,18.6,0,31.5,0.45
2020-01-22,Inland,4.9,20.2,8.7,0,5.8,0.2
2023-01-30,Coastal,49.5,26.8,18.4,0,39.6,0.45
2020-03-27,Coastal,2.3,35.0,24.9,0,18.1,0.41
2021-11-22,Inland,2.6,22.2,12.399999999999999,0,7.8,0.38
2024-12-28,Urban,2.7,21.7,14.5,0,7.8,0.43
2020-01-26,Coastal,33.2,29.0,20.7,0,11.5,0.31
2025-04-24,Inland,36.4,33.1,24.200000000000003,0,17.8,0.09
2023-08-24,Mountain,20.5,29.5,18.0,0,22.3,0.33
2021-01-03,Inland,1.2,36.7,27.700000000000003,0,35.1,0.65
2024-12-15,Inland,13.4,21.5,12.8,0,8.1,0.47
2020-09-28,Urban,1.1,29.0,20.7,0,8.1,0.27
2024-10-21,Mountain,1.7,34.1,26.6,0,25.3,0.07
2021-08-12,Mountain,5.5,28.1,17.5,0,23.4,0.29
2023-08-15,Coastal,12.4,31.1,24.3,0,22.1,0.49
2024-03-10,Inland,2.9,34.4,24.599999999999998,0,35.2,0.22
2020-02-27,Urban,1.3,34.4,24.2,0,31.2,0.2
2020-06-10,Mountain,4.5,40.6,28.8,0,12.5,0.44
2020-07-18,Mountain,6.5,39.5,31.4,0,10.2,0.41
2020-11-16,Urban,10.4,40.1,33.5,0,34.7,0.58
2024-05-13,Urban,0.4,37.4,30.099999999999998,0,23.5,0.07
2020-12-14,Coastal,4.6,32.3,25.299999999999997,0,37.7,0.79
2020-02-05,Coastal,2.4,29.4,21.599999999999998,0,39.2,0.44
2023-09-04,Coastal,1.9,40.3,33.4,0,8.2,0.09
2023-01-10,Coastal,19.3,30.9,23.099999999999998,0,21.0,0.37
2020-06-01,Inland,15.4,22.4,15.2,0,24.9,0.84
2022-02-21,Urban,2.1,22.7,13.799999999999999,0,31.2,0.63
2022-02-20,Urban,6.3,37.3,30.799999999999997,0,37.5,0.26
2024-03-07,Mountain,7.6,35.0,24.0,0,38.7,0.59
2021-01-24,Mountain,2.3,37.0,29.8,0,13.8,0.95
2023-07-23,Urban,0.2,33.5,26.4,0,22.7,0.4
2020-11-07,Urban,2.0,29.7,21.4,0,31.1,0.02
2022-11-02,Inland,2.0,30.6,21.6,0,5.4,0.97
2023-11-08,Mountain,1.2,27.7,19.1,0,36.9,0.33
2024-05-17,Urban,14.6,27.4,17.9,0,20.2,0.78
2024-01-01,Coastal,0.9,31.6,24.5,0,24.1,0.81
2021-09-15,Inland,6.3,41.9,35.1,0,36.5,0.36
2022-05-19,Inland,1.2,25.0,17.8,0,8.6,0.02
2023-10-07,Inland,3.3,29.6,23.5,0,16.7,0.81
2020-07-16,Mountain,6.7,23.3,12.3,0,16.9,0.95
2022-05-24,Urban,3.7,22.6,11.900000000000002,0,39.6,0.71
2025-05-06,Urban,1.3,28.3,16.8,0,23.6,0.81
2021-07-29,Coastal,3.0,21.9,12.099999999999998,0,29.0,0.21
2021-05-10,Inland,11.4,39.8,33.099999999999994,0,28.4,0.27
2022-12-10,Mountain,2.0,21.0,14.5,0,30.1,1.0
2021-11-05,Coastal,2.8,41.6,35.1,0,7.4,0.5
2021-03-30,Coastal,13.8,38.1,32.0,0,34.5,0.22
2021-05-16,Mountain,1.0,36.7,27.200000000000003,0,36.5,0.1
2020-05-22,Inland,12.1,29.6,23.400000000000002,0,38.9,0.75
2023-03-28,Mountain,1.9,36.5,30.3,0,38.7,0.43
2022-08-21,Inland,6.5,41.4,29.5,0,7.5,0.1
2025-06-18,Urban,12.0,36.7,29.400000000000002,0,36.4,0.9
2022-01-30,Coastal,0.4,29.5,21.1,0,19.0,0.81
2020-04-04,Mountain,7.2,31.4,22.299999999999997,0,20.3,0.87
2021-10-18,Mountain,0.7,27.4,17.5,0,28.0,0.01
2023-12-11,Mountain,19.1,25.7,19.4,0,32.2,0.29
2020-04-07,Urban,23.5,37.2,31.1,0,19.4,0.69
2023-02-23,Inland,2.5,22.2,14.399999999999999,0,36.3,0.97
2022-02-08,Coastal,1.5,25.4,18.099999999999998,0,31.1,0.63
2023-05-27,Coastal,0.7,32.2,23.000000000000004,0,7.7,0.01
2023-01-20,Mountain,4.6,29.2,22.799999999999997,0,20.5,0.72
2024-04-07,Urban,3.8,32.2,20.500000000000004,0,17.5,0.17
2024-12-26,Urban,3.3,32.7,21.6,0,16.6,0.65
2023-11-03,Coastal,3.3,27.7,21.2,0,34.9,0.61
2021-12-02,Urban,1.5,36.3,30.099999999999998,0,27.1,0.57
2020-11-21,Coastal,8.7,32.7,23.700000000000003,0,20.0,0.44
2023-08-21,Urban,4.4,36.5,30.2,0,22.3,0.03
2022-07-11,Mountain,3.4,36.5,30.2,0,27.2,0.86
2023-11-13,Coastal,2.2,35.9,23.9,0,23.4,0.2
2021-03-01,Inland,34.1,32.5,20.6,0,16.3,0.22
2024-12-09,Inland,7.6,26.3,18.3,0,38.3,0.13
2023-08-13,Inland,1.1,33.2,27.200000000000003,0,22.1,0.4
2022-06-26,Mountain,22.7,34.7,23.200000000000003,0,11.4,0.22
2025-03-19,Coastal,7.3,38.6,31.8,0,37.7,0.41
2023-12-12,Mountain,1.3,26.3,16.700000000000003,0,25.8,0.87
2022-09-04,Inland,3.7,41.8,31.9,0,35.5,0.97
2025-01-25,Coastal,1.1,23.9,14.599999999999998,0,34.3,0.7
2023-03-24,Mountain,1.0,41.2,30.400000000000002,0,8.5,0.37
2023-10-23,Coastal,6.0,27.9,21.299999999999997,0,6.5,0.4
2024-01-04,Coastal,4.4,23.1,14.400000000000002,0,23.0,0.24
2023-11-20,Urban,15.8,38.0,30.5,0,17.7,0.6
2025-01-19,Mountain,0.5,35.7,26.000000000000004,0,24.3,0.7
2023-07-23,Mountain,10.3,32.4,21.0,0,22.4,0.9
2023-02-27,Coastal,22.8,37.5,27.6,0,14.1,0.87
2023-09-24,Coastal,1.3,26.7,19.7,0,13.2,0.45
2021-01-14,Inland,2.8,37.2,27.700000000000003,0,34.6,0.69
2024-05-28,Mountain,0.5,31.2,21.9,0,14.8,0.38
2025-06-17,Urban,10.7,35.8,24.9,0,7.6,0.81
2023-08-31,Mountain,2.8,33.9,23.299999999999997,0,26.2,0.95
2022-10-03,Urban,12.5,35.1,27.8,0,18.6,0.82
2020-10-02,Mountain,20.8,21.9,15.799999999999999,0,25.0,0.11
2020-10-14,Coastal,1.0,35.7,24.500000000000004,0,31.5,0.91
2025-06-17,Coastal,33.3,22.3,16.0,0,6.6,0.04
2021-03-20,Coastal,8.6,22.5,11.1,0,36.5,0.42
2023-03-04,Coastal,9.6,27.2,18.5,0,6.3,0.54
2022-04-01,Mountain,36.6,25.4,14.399999999999999,0,14.8,0.54
2022-10-29,Inland,0.5,39.4,29.2,0,10.4,0.16
2024-01-06,Inland,1.2,30.6,21.400000000000002,0,28.0,0.9
2024-05-26,Urban,1.4,21.7,11.6,0,7.2,0.87
2024-08-08,Urban,5.4,39.6,28.3,1,132.7,0.44
2023-02-08,Mountain,10.1,32.3,20.699999999999996,0,5.2,0.32
2021-08-27,Coastal,4.6,26.2,18.299999999999997,0,9.9,0.51
2024-07-19,Urban,9.0,28.0,20.7,0,39.3,0.47
2024-03-09,Coastal,1.2,39.6,28.6,0,30.5,0.25
2021-02-10,Urban,11.9,23.2,12.399999999999999,0,12.2,0.23
2024-02-24,Mountain,6.0,22.5,10.7,0,24.1,0.4
2023-03-06,Inland,8.4,28.3,16.700000000000003,0,28.5,0.09
2020-11-26,Coastal,1.6,21.9,11.799999999999999,0,14.1,0.92
2020-10-25,Urban,9.2,39.3,28.699999999999996,0,33.0,0.6
2022-10-01,Inland,8.9,33.5,27.3,0,32.7,0.07
2024-09-19,Mountain,6.2,24.9,15.599999999999998,0,29.9,0.97
2022-05-16,Mountain,2.5,25.2,18.7,0,38.1,0.95
2023-06-16,Mountain,3.0,23.3,11.4,0,32.5,0.09
2023-02-01,Mountain,2.8,34.6,23.400000000000002,0,30.8,0.18
2025-03-22,Mountain,4.2,35.8,25.9,0,36.4,0.6
2020-08-17,Inland,8.9,23.7,16.4,1,233.9,0.7
2024-07-26,Mountain,1.0,29.8,23.3,0,23.1,0.44
2023-08-27,Urban,17.9,40.3,33.9,0,34.8,0.93
2022-11-01,Urban,10.1,20.7,12.399999999999999,0,18.8,0.21
2024-01-03,Inland,11.9,23.5,16.3,0,31.5,0.97
2024-01-08,Urban,0.6,26.3,16.5,0,39.8,0.85
2022-04-06,Coastal,0.6,21.6,12.100000000000001,0,30.7,0.02
2021-10-03,Mountain,11.0,22.9,11.399999999999999,0,25.3,0.16
2023-05-09,Coastal,11.6,21.2,13.6,0,6.3,1.0
2021-11-10,Inland,0.8,38.6,29.200000000000003,0,18.3,0.83
2025-02-28,Inland,2.6,25.1,14.200000000000001,0,5.1,0.78
2022-05-10,Mountain,5.6,25.1,18.700000000000003,0,8.6,0.67
2020-02-17,Coastal,5.6,25.7,15.1,0,32.5,0.32
2021-12-13,Urban,37.4,39.4,28.299999999999997,0,38.5,0.06
2021-01-28,Inland,4.6,24.4,15.499999999999998,0,12.1,0.19
2022-05-15,Mountain,10.7,22.9,13.599999999999998,0,16.7,0.58
2023-10-27,Coastal,3.0,20.6,10.700000000000001,0,36.3,0.33
2021-08-11,Urban,1.1,24.1,15.500000000000002,0,29.4,0.19
2022-11-10,Coastal,9.9,32.5,25.8,0,26.1,0.02
2025-01-19,Urban,4.8,33.6,22.3,0,14.4,0.39
2022-07-26,Inland,2.6,33.9,26.299999999999997,0,23.0,0.64
2022-04-28,Inland,2.0,22.1,14.700000000000001,0,38.0,0.87
2024-01-05,Urban,0.4,22.2,10.799999999999999,0,36.4,0.6
2020-03-29,Coastal,2.4,38.8,30.4,0,5.1,0.02
2021-04-12,Inland,1.3,27.1,19.200000000000003,0,38.7,0.04
2024-05-27,Urban,11.7,40.5,32.6,0,31.3,0.05
2022-08-25,Mountain,1.1,27.1,18.400000000000002,0,15.8,0.42
2023-11-03,Inland,3.3,22.1,14.8,0,13.7,0.05
2024-02-21,Mountain,3.3,24.8,16.6,0,13.5,0.63
2024-11-29,Inland,3.1,23.2,16.2,0,17.4,0.07
2022-01-12,Inland,1.7,20.4,9.2,0,35.2,0.42
2020-10-03,Urban,3.6,32.2,23.700000000000003,0,18.5,0.22
2020-11-11,Coastal,0.9,24.7,15.5,0,11.7,0.61
2020-12-27,Inland,42.1,29.5,19.2,0,11.6,0.14
2020-03-15,Urban,10.4,24.0,14.2,1,187.7,0.33
2024-05-13,Mountain,0.8,32.2,24.500000000000004,0,15.1,0.91
2024-09-01,Urban,10.8,30.9,19.0,0,5.3,0.74
2023-08-15,Urban,6.0,36.5,28.6,0,18.7,0.8
2020-05-15,Urban,0.7,36.0,29.1,0,17.8,0.23
2020-06-08,Mountain,2.0,36.6,28.5,0,7.3,0.48
2022-09-20,Inland,9.9,21.1,12.200000000000001,0,26.8,0.49
2021-01-27,Urban,2.4,39.8,29.599999999999998,0,9.7,0.92
2023-05-27,Mountain,2.0,23.8,13.0,1,182.2,0.78
2021-09-09,Urban,3.4,21.5,13.1,0,21.6,0.54
2021-10-19,Urban,112.4,37.7,28.900000000000002,0,9.3,0.85
2025-01-07,Mountain,2.3,23.2,13.7,0,8.2,0.77
2025-06-22,Mountain,6.0,40.6,31.400000000000002,0,31.8,0.54
2023-10-29,Mountain,2.1,23.2,13.5,0,12.6,0.26
2021-08-09,Coastal,5.5,38.4,27.799999999999997,0,27.3,0.01
2024-09-07,Urban,1.0,35.9,29.7,0,23.8,0.73
2021-04-13,Mountain,4.7,39.7,29.000000000000004,0,20.1,0.77
2023-10-22,Coastal,0.3,28.5,17.6,0,29.9,0.33
2022-01-06,Coastal,2.1,24.6,16.6,0,38.9,0.08
2020-08-23,Coastal,0.4,35.6,24.3,0,28.5,0.04
2024-08-03,Coastal,11.0,39.5,30.8,0,28.2,0.63
2023-07-01,Mountain,2.0,20.5,9.2,0,15.4,0.33
2022-09-04,Urban,5.3,25.8,16.3,0,27.4,0.34
2023-07-06,Mountain,14.3,32.1,20.1,0,10.2,0.88
2025-06-11,Mountain,2.2,36.1,26.200000000000003,0,16.9,0.59
2022-03-17,Mountain,6.3,33.0,21.4,0,11.7,0.95
2023-08-27,Mountain,0.3,35.3,26.499999999999996,0,9.7,0.46
2022-04-17,Coastal,11.2,34.0,23.2,0,28.8,0.92
2023-06-23,Urban,0.7,41.0,29.0,0,27.3,0.75
2020-02-12,Inland,3.9,37.7,26.800000000000004,0,23.8,0.75
2021-04-17,Mountain,73.1,23.6,17.200000000000003,0,19.2,0.76
2020-02-23,Mountain,9.8,35.5,28.9,0,35.8,0.6
2020-06-17,Urban,6.7,40.7,32.6,0,23.6,0.95
2023-01-03,Urban,1.4,27.4,18.5,0,24.6,0.85
2020-07-26,Mountain,7.7,27.7,21.6,0,29.2,0.06
2020-01-30,Inland,4.2,32.3,25.299999999999997,0,8.3,0.38
2023-03-18,Coastal,1.8,24.7,14.899999999999999,0,31.3,0.31
2024-09-04,Coastal,7.5,23.2,14.299999999999999,0,7.5,0.58
2020-02-25,Inland,6.5,37.3,31.199999999999996,0,12.6,0.42
2021-12-04,Coastal,10.3,28.5,19.7,0,34.4,0.15
2023-06-24,Mountain,1.1,21.6,11.700000000000001,0,17.5,0.7
2025-06-05,Mountain,2.3,38.3,27.299999999999997,0,5.6,0.75
2025-03-18,Inland,2.2,39.5,33.0,0,23.7,0.69
2023-04-19,Urban,11.8,39.8,31.299999999999997,0,8.3,0.59
2023-08-25,Inland,8.8,31.6,22.0,0,20.6,0.41
2022-03-17,Urban,6.2,22.1,13.400000000000002,0,33.4,0.22
2020-03-18,Mountain,0.9,41.6,35.5,0,30.6,0.29
2024-10-22,Mountain,3.4,41.4,30.299999999999997,0,39.3,0.34
2023-08-06,Mountain,13.8,22.2,13.899999999999999,0,15.8,0.41
2022-02-11,Urban,8.1,39.1,27.8,0,18.7,0.53
2023-09-18,Urban,2.7,27.6,20.700000000000003,0,21.3,0.03
2025-03-18,Urban,5.4,38.6,30.200000000000003,0,37.5,0.85
2021-09-21,Coastal,1.0,27.7,21.5,0,17.8,0.85
2023-08-10,Coastal,6.6,35.4,25.2,0,22.1,0.27
2021-08-20,Coastal,4.5,24.6,17.700000000000003,0,39.1,0.86
2023-01-04,Mountain,5.1,42.0,34.1,0,8.2,0.07
2024-11-28,Urban,8.4,41.0,30.1,0,21.3,0.53
2020-06-23,Urban,5.8,27.3,17.0,0,23.0,0.13
2025-03-14,Mountain,22.9,31.2,22.6,0,19.7,0.61
2023-12-14,Mountain,2.0,21.3,10.3,0,27.4,0.4
2024-10-30,Urban,27.8,39.3,31.699999999999996,0,18.9,0.4
2023-05-28,Coastal,0.8,20.5,13.8,0,26.3,0.13
2022-02-23,Inland,32.3,35.6,25.3,0,23.8,0.09
2022-07-04,Mountain,7.6,21.5,12.0,0,35.6,0.81
2022-02-19,Coastal,9.4,24.2,16.4,0,21.9,0.96
2023-01-08,Coastal,0.8,36.8,25.499999999999996,0,23.4,0.44
2021-03-26,Mountain,12.5,30.6,21.200000000000003,0,23.2,0.44
2023-05-27,Mountain,0.9,30.2,18.5,0,24.7,0.11
2022-02-24,Inland,0.5,20.4,8.799999999999999,0,24.9,0.03
2023-11-03,Coastal,1.8,34.8,24.9,0,25.5,0.64
2023-10-01,Coastal,6.6,25.3,15.700000000000001,0,21.4,0.71
2024-10-21,Mountain,8.3,27.0,16.0,0,31.6,0.2
2020-09-24,Urban,12.4,40.8,34.5,0,39.7,0.22
2022-10-09,Mountain,2.1,28.4,18.2,0,17.6,0.07
2024-06-12,Inland,19.9,38.2,31.300000000000004,0,17.1,0.88
2021-07-21,Coastal,13.1,41.4,33.0,0,27.7,0.37
2025-01-01,Urban,16.6,36.5,25.1,0,37.5,0.86
2022-09-14,Inland,6.7,29.4,22.2,0,10.9,0.79
2021-07-21,Inland,13.5,20.3,13.4,0,11.9,0.87
2025-01-13,Mountain,2.2,30.4,23.099999999999998,0,7.6,0.64
2020-12-21,Mountain,2.8,30.8,20.0,0,32.5,0.29
2025-01-04,Coastal,8.2,21.2,12.0,0,10.4,0.1
2023-11-19,Urban,0.7,30.6,20.3,1,85.9,0.93
2022-01-05,Inland,5.5,37.0,28.0,0,34.3,0.63
2025-05-19,Urban,4.9,42.0,31.0,0,11.1,0.52
2023-02-26,Coastal,2.2,39.7,28.300000000000004,0,37.3,0.2
2023-10-14,Mountain,24.7,34.3,27.099999999999998,0,23.0,0.34
2025-01-12,Mountain,4.0,38.2,29.000000000000004,0,39.7,0.23
2021-09-03,Coastal,17.4,25.6,18.3,0,20.5,0.88
2021-04-24,Urban,9.7,34.7,27.900000000000002,0,7.6,0.81
2024-02-18,Urban,1.4,34.7,23.1,0,33.0,0.67
2023-12-27,Urban,3.9,30.7,20.2,0,39.9,0.11
2024-10-31,Coastal,19.5,29.6,17.6,0,10.7,0.72
2025-04-27,Urban,7.6,25.1,15.3,0,23.5,0.8
2023-08-30,Inland,13.8,30.4,22.0,0,21.9,0.04
2022-04-25,Inland,4.5,31.0,19.6,0,25.3,0.98
2020-03-24,Mountain,0.9,38.3,31.099999999999998,0,8.9,0.46
2024-04-05,Coastal,3.6,26.3,17.9,0,30.2,0.29
2022-04-17,Urban,22.7,32.3,24.799999999999997,0,10.2,0.33
2024-11-20,Mountain,0.9,35.2,27.6,0,37.2,0.54
2021-03-26,Urban,1.7,23.4,14.899999999999999,0,34.1,0.16
2022-08-04,Mountain,3.9,29.9,21.4,0,28.6,0.43
2023-10-31,Urban,3.4,26.1,18.6,0,38.2,0.57
2024-09-29,Urban,1.3,20.1,12.000000000000002,0,34.1,0.61
2025-06-07,Urban,1.4,36.6,25.8,0,13.9,0.73
2023-10-01,Mountain,1.6,36.2,27.000000000000004,0,36.3,0.32
2021-02-18,Inland,5.2,26.4,15.899999999999999,0,17.8,0.11
2021-03-22,Urban,14.1,20.4,12.2,0,15.0,0.32
2022-08-11,Urban,6.4,40.7,29.700000000000003,0,14.6,0.62
2022-01-04,Mountain,16.2,34.5,25.0,0,5.9,0.93
2021-12-07,Urban,7.6,35.6,27.900000000000002,0,6.9,0.37
2021-04-17,Urban,3.2,36.6,26.8,0,36.1,0.37
2023-03-08,Coastal,0.4,24.0,16.7,0,39.9,0.1
2024-12-13,Inland,6.3,37.8,29.999999999999996,0,27.3,0.12
2020-04-20,Coastal,9.5,38.8,31.199999999999996,0,18.2,0.93
2022-04-09,Mountain,3.6,29.4,19.9,0,37.9,0.88
2021-09-19,Mountain,14.8,28.1,17.0,0,15.1,0.48
2023-04-13,Urban,7.0,42.0,35.9,0,36.3,0.51
2022-09-14,Inland,15.3,24.1,13.500000000000002,0,17.3,0.35
2024-06-22,Coastal,4.0,25.0,15.2,0,8.6,0.42
2020-04-08,Inland,15.4,37.9,30.4,0,22.4,0.57
2021-08-25,Urban,1.5,24.3,17.6,0,9.0,0.84
2021-01-26,Urban,0.9,28.2,19.5,1,196.1,0.1
2023-07-10,Coastal,2.8,29.1,19.1,0,8.2,0.28
2025-01-22,Urban,1.5,31.1,21.1,0,34.4,0.42
2023-09-29,Urban,2.1,24.2,13.299999999999999,0,22.5,0.8
2021-12-22,Inland,9.5,30.5,21.4,0,25.3,0.12
2021-07-31,Coastal,2.5,33.7,26.700000000000003,0,25.8,0.06
2022-10-28,Urban,1.3,35.0,27.1,0,5.1,0.51
2021-11-25,Coastal,1.8,30.0,20.2,0,37.6,0.64
2020-10-22,Mountain,2.4,32.0,25.5,0,16.9,0.57
2023-04-17,Coastal,17.8,24.2,12.899999999999999,0,12.8,0.25
2021-10-27,Inland,1.2,41.8,35.599999999999994,0,30.3,0.97
2023-07-30,Coastal,11.7,26.7,19.4,0,10.1,0.57
2021-10-16,Coastal,2.7,20.8,10.200000000000001,0,25.5,0.91
2024-10-31,Mountain,9.4,20.7,10.0,0,25.8,0.9
2020-02-05,Mountain,3.3,29.2,20.5,0,8.7,0.89
2021-09-07,Urban,3.3,35.2,28.300000000000004,1,235.5,0.05
2021-06-04,Mountain,8.8,20.0,8.8,0,34.8,0.35
2021-12-25,Urban,1.0,41.1,33.6,0,31.1,0.28
2022-08-07,Mountain,2.4,20.1,12.000000000000002,0,19.4,0.18
2022-04-10,Coastal,1.3,33.3,25.799999999999997,0,17.6,0.75
2021-03-22,Coastal,14.9,27.4,16.7,0,32.4,0.08
2022-09-02,Inland,2.2,31.6,20.1,0,23.1,0.38
2020-09-18,Inland,10.4,26.0,17.1,0,12.1,0.37
2024-02-07,Urban,8.5,24.5,13.6,0,16.3,0.05
2024-06-16,Inland,10.6,30.5,19.9,0,8.0,0.73
2022-10-25,Coastal,4.8,21.5,12.2,0,9.4,0.56
2021-02-14,Coastal,2.8,36.6,28.1,0,25.6,0.55
2021-08-31,Inland,1.6,30.6,18.700000000000003,0,34.5,0.94
2022-03-15,Mountain,6.1,34.5,27.5,0,38.6,0.43
2022-10-31,Urban,7.0,41.5,35.5,0,17.8,0.68
2024-10-30,Urban,9.0,23.2,15.799999999999999,0,23.7,0.55
2024-05-30,Inland,7.4,29.3,18.700000000000003,0,6.3,0.39
2021-03-01,Urban,51.0,37.7,30.400000000000002,0,29.6,0.91
2021-01-06,Urban,15.8,23.5,16.3,0,22.9,0.64
2023-10-09,Inland,3.5,41.0,32.9,0,8.1,0.48
2021-11-23,Coastal,23.8,29.2,21.2,0,37.4,0.37
2025-04-28,Urban,0.6,34.2,23.500000000000004,0,22.4,0.07
2024-10-14,Urban,9.1,39.8,29.4,0,7.1,0.73
2024-07-03,Coastal,1.5,40.1,30.8,0,29.7,0.07
2025-03-27,Mountain,5.7,25.4,14.499999999999998,0,10.4,0.14
2023-03-02,Inland,1.6,21.1,9.200000000000001,0,34.2,0.88
2020-01-20,Urban,22.4,33.0,21.3,0,12.8,0.14
2021-02-06,Urban,4.4,30.0,21.3,0,32.5,0.5
2023-01-16,Urban,0.8,28.3,16.5,0,11.1,0.41
2022-06-22,Inland,3.4,28.1,20.5,0,6.2,0.6
2022-09-06,Inland,2.4,23.5,15.3,0,5.2,0.16
2022-11-10,Urban,13.0,21.2,13.899999999999999,0,20.4,0.84
2023-03-25,Coastal,15.2,30.0,18.8,0,36.6,0.02
2022-02-16,Inland,1.1,28.9,21.2,0,31.6,0.32
2020-03-03,Inland,4.2,21.7,15.2,0,10.6,0.6
2024-11-02,Urban,8.0,25.4,17.2,0,27.8,0.04
2021-04-24,Urban,1.7,40.4,31.299999999999997,0,7.5,0.64
2022-05-11,Coastal,5.5,38.5,29.8,0,39.9,0.06
2020-09-26,Urban,1.0,28.5,19.9,0,17.3,0.51
2023-04-02,Coastal,2.0,20.9,12.2,0,20.3,0.36
2023-05-14,Inland,5.8,39.9,28.099999999999998,0,12.8,0.26
2022-04-21,Inland,36.6,25.1,13.3,0,17.9,0.15
2020-07-21,Mountain,1.7,21.5,9.7,0,39.1,0.64
2025-02-08,Mountain,4.4,29.6,23.6,0,36.7,0.32
2022-02-25,Coastal,4.5,22.9,11.599999999999998,0,30.2,0.22
2021-09-11,Mountain,2.8,35.7,25.700000000000003,0,25.5,0.69
2024-12-08,Mountain,0.6,41.6,33.6,0,38.0,0.51
2020-07-18,Coastal,23.2,29.3,22.700000000000003,0,6.2,0.97
2022-05-05,Urban,4.2,27.2,18.7,0,32.7,0.69
2023-06-07,Urban,2.3,40.6,32.400000000000006,1,223.7,0.72
2023-12-11,Mountain,2.3,28.4,22.4,0,27.6,0.9
2021-11-20,Urban,0.6,38.5,29.8,0,5.3,0.47
2024-07-25,Mountain,1.3,32.5,21.1,0,36.9,1.0
2021-12-30,Urban,4.2,23.4,15.599999999999998,0,13.8,0.29
2020-08-05,Coastal,6.4,27.4,20.099999999999998,0,33.2,0.47
2023-12-28,Mountain,6.5,33.4,25.4,0,8.9,0.94
2022-04-11,Urban,6.1,38.1,29.8,0,38.0,0.84
2025-02-04,Mountain,6.0,37.7,30.000000000000004,0,7.6,0.23
2022-08-24,Urban,14.2,41.3,32.599999999999994,0,31.5,0.79
2024-06-05,Urban,3.4,23.9,13.499999999999998,0,36.4,0.5
2024-08-07,Coastal,8.7,31.1,20.400000000000002,0,10.4,0.95
2024-02-10,Urban,6.7,35.3,24.199999999999996,0,22.0,0.74
2025-05-27,Mountain,5.4,28.2,21.299999999999997,0,20.1,0.4
2024-06-28,Inland,2.7,37.6,31.200000000000003,0,16.0,0.71
2024-03-05,Urban,1.1,34.6,28.6,0,12.1,0.84
2023-08-07,Urban,22.2,27.2,19.4,0,18.4,0.94
2022-11-18,Coastal,3.8,41.6,34.9,0,9.8,0.96
2025-03-03,Inland,4.4,41.2,30.900000000000002,0,38.3,0.57
2021-06-01,Mountain,22.8,30.9,23.7,0,12.1,0.94
2023-11-07,Inland,2.3,38.5,27.7,0,6.4,0.66
2024-02-06,Coastal,6.9,31.2,22.6,0,14.9,0.21
2021-11-17,Inland,3.6,31.0,24.4,0,19.2,0.63
2023-02-06,Coastal,2.6,38.5,29.6,0,22.7,0.33
2024-12-16,Urban,5.9,40.4,33.9,0,28.0,0.88
2022-07-11,Inland,1.1,37.6,28.400000000000002,0,22.0,0.38
2021-06-25,Coastal,33.0,35.3,26.999999999999996,0,13.0,0.22
2024-06-02,Urban,3.4,35.1,24.700000000000003,0,26.9,1.0
2025-03-06,Mountain,4.5,38.5,30.0,0,20.1,0.75
2024-11-25,Urban,4.3,36.3,27.999999999999996,0,20.6,0.25
2024-08-24,Inland,5.5,25.7,17.299999999999997,0,16.1,0.8
2023-01-07,Mountain,11.2,36.0,25.3,0,28.5,0.8
2024-08-11,Inland,1.2,22.8,13.5,0,22.3,0.09
2024-02-24,Urban,1.1,23.9,16.299999999999997,0,24.5,0.42
2022-12-24,Coastal,23.4,35.5,24.0,0,23.7,0.99
2023-06-12,Inland,0.8,21.9,12.499999999999998,0,18.7,0.29
2022-09-09,Urban,0.7,39.2,29.200000000000003,0,19.0,0.9
2020-01-16,Mountain,5.8,30.5,24.0,0,34.0,0.63
2021-06-01,Inland,18.3,41.9,33.3,0,23.3,0.58
2021-06-12,Mountain,15.8,34.0,26.2,0,29.5,0.75
2021-06-21,Mountain,26.8,27.8,16.200000000000003,0,6.0,0.47
2020-01-27,Urban,0.6,22.1,10.700000000000001,0,16.6,0.77
2020-10-12,Inland,2.2,35.7,27.500000000000004,1,164.2,0.46
2024-04-07,Urban,17.5,27.5,16.8,0,15.4,0.27
2021-12-30,Urban,2.5,22.9,14.599999999999998,0,29.3,0.57
2023-10-21,Urban,0.1,27.5,19.2,0,8.6,0.49
2024-05-17,Coastal,1.0,20.8,13.8,0,7.0,0.05
2023-08-15,Mountain,9.5,40.9,33.199999999999996,0,32.7,0.22
2024-08-29,Inland,5.4,32.5,22.7,0,9.1,0.38
2023-12-02,Mountain,3.2,41.7,34.900000000000006,0,25.8,0.89
2022-10-26,Coastal,29.6,25.8,15.600000000000001,0,14.8,0.18
2023-04-11,Urban,10.6,29.2,21.6,0,5.1,0.2
2024-04-07,Urban,1.2,26.1,14.100000000000001,0,6.4,0.22
2023-01-27,Coastal,8.2,33.6,25.6,0,25.5,0.09
2022-12-12,Inland,14.0,40.0,32.0,0,17.1,0.81
2024-06-15,Coastal,19.7,39.1,32.4,0,25.7,0.26
2023-07-17,Mountain,17.4,34.0,25.4,0,38.9,0.37
2025-01-19,Urban,2.1,25.4,13.499999999999998,0,31.7,0.68
2025-01-16,Mountain,6.6,38.5,32.1,0,16.1,0.83
2023-04-03,Mountain,1.8,25.2,18.6,0,9.1,0.72
2020-02-22,Inland,5.4,30.6,22.0,0,18.9,0.12
2022-09-10,Mountain,10.6,33.8,22.799999999999997,0,14.5,0.2
2021-01-28,Coastal,6.9,20.1,11.700000000000001,0,9.2,0.1
2021-02-19,Mountain,9.5,39.4,31.099999999999998,0,25.2,0.29
2020-03-12,Inland,27.8,34.8,25.999999999999996,0,12.3,0.34
2023-07-23,Coastal,2.0,37.5,27.5,0,37.2,0.22
2025-01-28,Urban,0.6,41.0,34.5,0,34.5,0.99
2020-02-13,Coastal,36.8,31.3,24.1,0,8.7,0.44
2022-04-18,Mountain,3.8,32.1,20.400000000000002,0,23.3,0.52
2024-07-24,Inland,13.9,33.9,23.599999999999998,0,29.6,0.5
2021-03-01,Inland,7.4,41.7,33.2,0,7.2,0.04
2020-03-25,Inland,0.5,22.7,13.299999999999999,0,21.1,0.7
2024-11-22,Urban,4.1,38.8,28.799999999999997,0,33.4,0.68
2020-12-05,Inland,0.4,34.8,24.799999999999997,0,6.5,1.0
2020-12-19,Inland,3.8,38.1,29.0,0,25.3,0.25
2021-09-10,Urban,3.2,26.2,18.299999999999997,0,11.2,0.05
2025-04-02,Urban,2.6,36.1,26.0,0,18.8,0.09
2020-05-29,Coastal,1.6,36.3,29.199999999999996,0,9.0,0.38
2025-01-10,Urban,12.4,21.9,13.399999999999999,0,16.9,0.27
2023-01-29,Coastal,28.1,22.3,13.4,0,29.5,0.67
2025-04-10,Urban,5.0,20.7,12.799999999999999,0,33.1,0.2
2024-10-30,Mountain,2.4,24.2,15.299999999999999,0,6.6,0.25
2024-01-11,Coastal,0.7,30.1,21.1,0,21.2,0.88
2024-03-06,Urban,3.7,31.5,25.0,0,7.6,0.7
2020-01-15,Urban,7.9,31.4,25.099999999999998,0,13.0,0.26
2023-10-27,Coastal,2.8,32.4,22.5,0,35.5,0.54
2020-11-25,Inland,17.6,33.1,23.3,0,22.6,0.42
2023-02-15,Urban,10.7,20.9,9.599999999999998,0,20.3,0.85
2023-04-12,Mountain,22.1,29.5,19.0,0,34.5,0.03
2020-09-12,Coastal,13.5,36.4,28.0,0,22.4,0.37
2020-01-18,Urban,16.0,23.8,17.1,0,24.9,0.13
2025-05-18,Inland,1.3,21.9,12.499999999999998,0,15.5,0.88
2022-03-02,Coastal,1.2,36.4,26.599999999999998,0,9.3,0.04
2025-03-16,Inland,17.6,39.5,31.9,0,13.2,0.55
2024-06-01,Urban,23.1,33.5,22.9,0,23.4,0.69
2021-10-25,Urban,7.8,21.8,15.4,0,36.8,0.38
2021-04-07,Coastal,22.0,34.1,28.1,0,5.2,0.08
2025-05-06,Coastal,8.5,20.1,12.900000000000002,0,23.4,0.09
2021-02-07,Inland,5.1,39.8,32.699999999999996,0,23.8,0.42
2020-07-07,Coastal,2.4,34.6,27.1,0,37.2,0.06
2020-12-17,Inland,0.3,39.2,28.500000000000004,0,16.1,0.49
2023-09-27,Coastal,14.8,36.3,25.699999999999996,0,7.7,0.32
2023-02-04,Urban,7.1,36.9,29.299999999999997,0,8.6,0.2
2024-11-02,Urban,2.5,20.6,14.000000000000002,0,22.2,0.11
2025-06-18,Inland,1.8,30.0,23.3,0,6.8,0.39
2020-01-31,Coastal,0.8,39.2,27.900000000000002,0,39.1,0.43
2021-05-21,Coastal,19.8,28.3,17.3,0,23.0,0.8
2022-03-23,Inland,1.9,23.9,13.299999999999999,0,6.9,0.2
2022-09-13,Mountain,3.9,22.3,14.0,0,26.5,0.26
2023-10-20,Urban,8.8,41.0,31.1,0,7.8,0.73
2022-05-27,Urban,4.1,23.6,12.400000000000002,0,38.8,0.33
2024-04-30,Urban,5.1,25.1,15.700000000000001,0,6.8,0.96
2020-01-15,Inland,1.8,31.1,25.1,0,17.5,0.22
2021-03-11,Urban,2.1,40.3,31.999999999999996,0,39.1,0.36
2023-02-12,Urban,7.5,36.6,25.700000000000003,0,33.0,0.81
2023-01-13,Mountain,3.1,38.9,31.4,0,9.0,0.01
2024-04-17,Mountain,5.6,40.0,32.6,0,18.2,0.31
2024-01-01,Inland,7.9,36.8,24.9,0,22.0,0.74
2021-07-05,Coastal,0.3,26.5,14.8,0,5.3,0.55
2025-04-14,Coastal,0.7,24.5,18.3,0,7.3,0.77
2022-04-12,Coastal,12.3,37.5,29.1,0,23.1,0.76
2023-04-05,Coastal,12.9,28.3,19.8,0,21.3,0.74
2022-02-05,Coastal,1.9,38.6,31.700000000000003,0,27.8,0.66
2023-06-19,Urban,28.1,32.3,22.099999999999998,0,6.3,0.24
2021-07-28,Urban,23.9,39.7,28.400000000000002,0,14.1,0.44
2024-11-29,Urban,1.5,27.0,15.3,0,25.1,0.57
2024-05-31,Urban,2.3,31.2,23.6,0,20.1,0.82
2022-03-16,Coastal,0.7,27.0,16.2,0,39.2,0.9
2024-11-13,Mountain,1.6,37.2,28.800000000000004,0,30.7,0.55
2023-01-24,Urban,3.2,38.0,27.9,0,38.7,0.65
2020-11-23,Mountain,11.9,28.1,18.8,0,26.2,0.42
2025-04-16,Coastal,4.6,29.2,22.299999999999997,0,35.1,0.85
2022-02-03,Urban,3.9,24.0,17.5,0,12.6,0.83
2025-05-10,Urban,3.4,36.8,28.699999999999996,0,7.0,0.39
2020-12-13,Urban,2.0,31.7,21.7,0,26.9,0.75
2020-07-24,Urban,11.9,23.1,16.1,0,27.6,0.13
2025-03-24,Mountain,7.7,33.4,26.299999999999997,0,26.9,0.55
2022-04-05,Coastal,32.1,40.1,28.900000000000002,0,23.4,0.61
2023-01-06,Urban,20.6,36.0,25.4,0,39.6,0.2
2025-02-06,Coastal,5.6,35.1,23.700000000000003,0,10.0,0.83
2024-04-27,Urban,4.8,34.5,26.7,0,12.9,0.39
2022-12-02,Mountain,6.1,20.3,12.5,0,29.2,0.26
2021-01-27,Urban,2.3,34.9,25.4,0,27.2,0.86
2025-03-30,Inland,2.8,22.4,14.599999999999998,0,39.1,0.52
2022-11-16,Inland,1.2,26.3,16.5,0,34.8,0.49
2020-12-18,Mountain,26.9,20.2,8.7,0,5.3,0.36
2025-06-22,Inland,3.0,38.1,31.0,0,16.9,0.65
2022-01-07,Coastal,14.9,33.5,26.9,0,28.8,0.47
2021-02-06,Urban,2.1,28.9,22.099999999999998,0,10.6,0.49
2022-04-19,Inland,11.1,36.9,30.799999999999997,0,15.4,0.17
2024-11-24,Inland,5.1,30.1,19.1,0,15.2,0.43
2020-02-29,Inland,6.9,34.7,27.900000000000002,0,39.1,0.41
2023-12-19,Mountain,5.0,39.0,27.9,0,33.4,0.28
2020-02-27,Inland,2.9,31.2,21.2,0,7.5,0.88
2021-07-06,Mountain,74.1,32.0,20.9,0,30.5,0.1
2020-08-27,Urban,5.5,40.8,33.599999999999994,0,31.6,0.14
2023-08-15,Urban,13.6,25.8,15.9,0,17.6,0.57
2025-06-14,Urban,5.8,39.9,28.2,0,35.1,0.29
2021-02-10,Urban,11.0,29.8,20.6,0,9.6,0.62
2025-06-09,Urban,1.4,26.4,19.4,0,28.6,0.38
2024-05-21,Urban,6.4,30.2,23.5,0,32.8,0.31
2024-08-12,Mountain,0.5,34.5,23.3,0,28.2,0.97
2023-08-16,Mountain,1.7,33.1,21.8,0,9.1,0.21
2023-11-05,Coastal,9.1,33.8,22.699999999999996,0,16.0,0.78
2022-09-25,Mountain,8.4,30.2,19.7,0,24.8,0.47
2023-05-26,Mountain,3.2,21.7,11.899999999999999,0,26.3,0.94
2024-12-03,Urban,3.6,41.5,34.2,0,23.5,0.27
2025-03-15,Urban,1.7,29.1,19.3,0,15.9,0.87
2024-01-12,Mountain,1.2,24.3,15.0,0,28.3,0.1
2021-10-30,Urban,0.5,40.1,32.5,0,31.0,0.95
2023-03-27,Mountain,21.3,41.2,31.500000000000004,0,31.1,0.9
2021-06-19,Urban,6.9,30.2,23.4,0,31.6,0.8
2022-03-26,Inland,1.7,21.7,14.6,0,31.1,0.12
2023-09-15,Urban,1.3,37.4,26.799999999999997,0,8.4,0.56
2024-12-29,Inland,8.2,30.3,23.1,0,5.1,0.65
2023-10-20,Urban,0.2,29.7,19.1,0,35.1,0.28
2020-12-28,Inland,89.0,23.6,15.100000000000001,1,184.2,0.96
2023-05-13,Urban,3.9,26.4,14.999999999999998,0,37.7,0.56
2025-04-28,Inland,3.0,33.4,24.0,0,11.6,0.25
2025-01-17,Coastal,2.1,31.5,23.8,1,194.9,0.75
2020-05-17,Inland,4.4,27.7,18.4,0,6.6,0.2
2020-01-19,Mountain,3.1,20.8,12.100000000000001,0,26.1,0.34
2021-05-03,Inland,1.8,23.2,14.899999999999999,0,5.2,0.7
2022-07-15,Inland,4.8,26.4,17.2,0,20.6,0.69
2024-10-17,Urban,2.3,24.1,16.8,0,37.0,0.28
2022-10-03,Coastal,10.9,27.3,20.0,0,27.5,0.94
2020-05-03,Mountain,2.4,27.8,16.9,0,15.6,0.79
2024-07-10,Mountain,5.5,40.7,30.1,0,33.7,0.3
2023-07-01,Mountain,3.9,24.6,17.400000000000002,0,33.7,0.88
2022-12-20,Urban,18.5,31.7,25.6,0,20.1,0.47
2025-04-23,Urban,9.6,28.2,21.299999999999997,0,18.7,0.71
2021-04-27,Mountain,9.9,21.4,10.499999999999998,0,38.3,0.57
2023-10-24,Coastal,0.6,21.0,13.0,0,33.4,0.93
2024-02-26,Mountain,17.9,23.6,14.100000000000001,0,11.8,0.08
2023-07-20,Urban,1.8,21.0,14.0,0,26.5,0.94
2021-11-09,Urban,1.9,34.2,26.200000000000003,0,34.0,0.72
2022-02-05,Inland,1.2,32.7,23.300000000000004,0,9.9,0.2
2022-12-30,Mountain,1.8,40.4,30.5,0,13.7,0.21
2023-01-04,Mountain,27.2,36.9,30.9,0,21.4,0.16
2022-05-27,Inland,1.9,34.6,25.1,0,8.7,0.54
2021-08-03,Coastal,28.8,28.2,20.9,0,36.6,0.71
2021-03-23,Coastal,0.6,33.5,23.6,0,39.4,0.19
2024-12-10,Urban,0.7,23.9,17.0,0,7.9,0.86
2021-05-23,Urban,4.5,34.1,25.900000000000002,0,38.6,0.7
2023-02-25,Inland,1.2,24.0,16.3,0,36.7,0.9
2025-01-01,Mountain,7.4,30.4,18.5,0,6.9,0.32
2022-03-19,Urban,131.8,25.0,18.9,0,35.5,0.53
2021-03-20,Inland,2.8,24.7,16.4,0,39.2,0.9
2020-08-29,Mountain,10.9,30.8,24.3,0,10.7,0.56
2022-10-07,Coastal,3.1,38.4,27.099999999999998,0,29.5,0.17
2022-09-30,Urban,0.4,33.3,25.799999999999997,0,36.0,0.48
2025-02-03,Mountain,0.9,23.1,12.000000000000002,0,28.0,0.23
2024-01-11,Inland,1.1,40.3,29.199999999999996,0,17.0,0.05
2024-12-15,Inland,10.7,26.0,15.6,0,31.7,0.39
2023-06-09,Inland,0.7,36.4,30.0,0,33.7,0.89
2020-10-18,Mountain,15.2,29.7,23.7,0,21.2,0.32
2021-04-08,Coastal,0.4,39.7,29.1,0,11.3,0.58
2024-11-02,Urban,3.2,39.2,29.400000000000002,0,18.4,0.59
2023-01-09,Inland,0.4,31.1,24.200000000000003,0,32.1,0.51
2024-06-26,Inland,0.9,23.5,15.0,0,20.6,0.34
2023-03-22,Urban,3.7,21.8,13.9,0,27.9,0.58
2025-06-12,Mountain,2.2,20.7,13.6,0,12.6,0.15
2020-06-15,Inland,11.9,41.5,32.5,0,31.0,0.85
2024-10-19,Urban,0.9,28.6,20.3,0,38.6,0.37
2020-12-14,Coastal,3.5,37.5,26.3,0,7.2,0.32
2021-04-17,Coastal,22.5,31.2,23.1,0,5.3,0.53
2024-04-05,Mountain,9.0,34.1,26.5,0,15.5,0.71
2023-08-07,Coastal,6.8,20.1,11.100000000000001,0,17.4,0.88
2024-05-02,Coastal,66.3,40.2,30.900000000000002,0,6.6,0.59
2023-04-21,Coastal,0.8,36.6,25.0,0,20.4,0.33
2024-03-18,Urban,0.7,40.5,34.4,0,10.8,0.38
2025-02-12,Coastal,9.2,21.7,15.299999999999999,0,21.8,0.83
2024-08-14,Coastal,0.8,23.6,12.600000000000001,0,30.2,0.56
2021-02-23,Urban,2.9,33.6,27.400000000000002,0,10.8,0.37
2021-05-16,Mountain,25.0,38.8,30.9,0,20.5,0.38
2022-10-06,Coastal,8.4,32.7,25.300000000000004,0,29.9,0.71
2024-11-20,Inland,5.7,32.7,25.700000000000003,0,37.3,0.5
2023-03-04,Urban,2.4,35.1,26.3,0,34.4,0.5
2021-01-19,Urban,9.1,41.1,30.400000000000002,0,5.2,0.48
2021-06-15,Inland,20.2,36.8,30.4,0,8.0,0.26
2021-09-11,Inland,3.2,31.1,24.6,0,19.1,0.15
2024-05-17,Inland,1.0,32.5,25.0,0,23.2,0.19
2023-10-26,Urban,10.9,34.5,24.3,0,8.8,0.21
2022-02-25,Coastal,1.0,21.4,9.599999999999998,0,6.7,0.07
2020-09-19,Coastal,5.9,36.1,25.900000000000002,0,23.9,0.94
2024-12-22,Mountain,2.9,33.4,25.099999999999998,0,22.7,0.41
2021-09-15,Coastal,20.2,21.7,9.899999999999999,0,13.7,0.2
2022-08-03,Urban,22.1,38.0,27.8,0,24.3,0.95
2021-02-28,Urban,0.8,23.9,14.2,0,38.0,0.01
2020-12-12,Coastal,6.0,21.6,13.500000000000002,0,27.8,0.98
2021-08-10,Coastal,3.4,34.2,22.300000000000004,0,10.3,0.66
2022-12-01,Urban,7.2,31.8,22.700000000000003,0,27.4,0.54
2021-05-09,Coastal,2.9,40.1,32.1,0,36.9,0.71
2024-07-05,Inland,2.1,30.3,21.1,0,23.7,0.28
2024-07-07,Inland,8.7,29.2,21.5,0,18.3,0.06
2020-09-25,Inland,8.9,20.7,14.0,0,28.6,0.12
2022-06-06,Coastal,29.4,34.8,23.599999999999998,0,30.5,0.46
2023-11-03,Mountain,3.4,38.1,30.900000000000002,0,16.4,0.34
2025-06-08,Urban,3.0,40.6,31.8,0,13.8,0.55
2020-09-23,Mountain,4.8,41.6,30.900000000000002,0,10.4,0.9
2022-07-23,Urban,9.8,28.7,16.799999999999997,0,38.5,0.66
2021-11-16,Coastal,46.6,25.2,17.5,0,27.4,0.76
2021-02-12,Mountain,0.2,31.6,24.1,0,19.5,0.97
2024-04-28,Inland,4.0,35.4,24.799999999999997,0,29.6,0.95
2021-10-06,Coastal,5.9,36.3,28.799999999999997,0,36.6,0.3
2022-12-13,Urban,4.6,29.9,23.7,0,16.8,0.23
2021-10-18,Mountain,4.3,30.3,20.6,0,13.7,0.7
2020-09-22,Mountain,65.7,27.2,16.7,0,38.6,0.39
2020-05-07,Coastal,7.8,41.7,34.900000000000006,0,7.2,0.62
2020-05-30,Coastal,0.5,39.8,28.799999999999997,0,16.3,0.12
2023-10-26,Inland,6.2,41.7,31.6,0,8.7,0.36
2021-03-28,Urban,1.3,41.7,35.1,0,39.4,0.78
2023-03-26,Inland,12.1,32.9,24.5,0,8.5,0.29
2024-10-16,Coastal,16.3,33.0,22.0,0,34.7,0.1
2024-08-12,Mountain,14.7,30.5,20.1,0,8.8,0.52
2025-06-21,Inland,6.8,33.7,26.000000000000004,0,5.1,0.72
2021-10-26,Inland,1.9,22.2,13.0,0,6.9,0.06
2024-08-29,Inland,10.2,30.5,22.0,1,220.7,0.05
2021-02-19,Coastal,2.0,35.4,23.7,0,30.7,0.83
2021-04-30,Mountain,1.5,26.0,18.5,0,22.6,0.82
2024-12-14,Mountain,2.9,32.3,22.799999999999997,0,18.6,0.15
2024-01-17,Inland,19.4,40.1,28.3,0,27.1,0.19
2023-12-20,Mountain,6.2,33.2,26.700000000000003,0,36.6,0.23
2024-10-11,Coastal,1.1,30.5,23.7,0,17.4,0.73
2024-10-22,Urban,5.4,22.1,13.700000000000001,0,10.2,0.06
2024-11-20,Coastal,6.6,27.6,17.3,0,33.6,0.94
2023-01-31,Mountain,1.5,40.1,28.700000000000003,0,18.9,0.0
2023-02-15,Inland,6.0,29.7,23.299999999999997,0,31.4,0.46
2020-11-13,Coastal,0.9,25.2,16.299999999999997,0,9.5,0.95
2023-06-08,Urban,19.1,36.1,28.5,0,25.3,0.67
2023-05-15,Coastal,7.9,31.9,20.9,0,25.3,0.17
2023-08-28,Coastal,1.8,20.7,10.399999999999999,0,39.8,0.43
2024-10-27,Mountain,7.3,29.6,19.3,0,25.9,0.16
2020-09-14,Inland,5.7,32.1,25.8,0,31.8,0.73
2025-06-15,Urban,1.1,39.4,30.7,0,30.7,0.98
2020-11-21,Coastal,2.6,23.6,14.700000000000001,0,35.9,0.39
2024-03-31,Coastal,1.2,34.3,26.199999999999996,0,36.3,0.92
2024-10-13,Coastal,7.2,33.2,27.000000000000004,0,14.6,0.58
2021-09-22,Inland,4.1,41.9,34.0,0,31.6,0.79
2023-09-22,Mountain,3.8,41.9,30.599999999999998,0,14.5,0.89
2024-09-11,Mountain,15.2,35.1,26.200000000000003,0,24.0,0.39
2022-02-04,Urban,5.5,26.9,18.9,0,27.0,0.89
2020-09-26,Urban,0.4,37.7,27.000000000000004,0,14.4,0.53
2022-07-17,Inland,0.4,37.1,28.200000000000003,0,35.6,0.5
2023-06-15,Urban,1.5,32.7,22.200000000000003,0,38.7,0.5
2025-01-25,Mountain,8.5,22.5,13.6,0,29.2,0.11
2023-12-07,Urban,6.0,36.1,27.3,0,8.9,0.11
2020-01-21,Coastal,1.7,20.9,13.399999999999999,0,15.8,0.09
2023-12-26,Mountain,7.0,29.3,21.5,0,19.4,0.67
2022-04-07,Urban,2.8,39.5,28.2,0,5.8,0.68
2020-03-14,Inland,2.1,26.1,16.1,0,29.4,0.06
2022-07-26,Inland,0.2,41.3,34.0,0,26.0,0.09
2022-08-04,Inland,1.3,39.5,27.9,0,18.8,0.97
2023-04-14,Mountain,7.5,38.6,28.6,1,151.2,0.36
2023-09-19,Mountain,19.0,41.4,29.599999999999998,0,19.4,0.86
2023-12-16,Inland,5.0,39.5,33.5,0,19.6,0.05
2025-06-21,Mountain,5.7,41.5,34.9,0,11.4,0.49
2020-08-16,Coastal,28.8,41.7,30.500000000000004,0,24.3,0.95
2021-08-06,Urban,4.3,26.6,20.6,0,11.3,0.73
2021-06-27,Urban,6.4,32.1,24.8,0,27.9,0.43
2021-06-19,Coastal,13.5,35.1,23.5,0,8.5,0.56
2025-05-01,Inland,5.4,26.5,16.2,0,38.3,0.08
2022-10-27,Coastal,6.2,22.6,13.8,0,25.5,0.79
2024-08-20,Mountain,5.2,38.5,29.1,0,9.9,0.71
2021-12-23,Inland,12.9,34.1,24.0,0,6.7,0.68
2023-05-27,Urban,0.7,41.8,31.199999999999996,0,11.3,0.87
2022-02-22,Inland,5.7,41.1,34.5,0,10.9,0.77
2020-06-08,Urban,5.8,23.7,16.6,0,29.8,1.0
2020-11-02,Coastal,1.0,26.7,17.7,0,22.6,0.71
2025-02-13,Coastal,11.8,32.2,23.500000000000004,0,35.0,0.5
2021-06-29,Coastal,9.0,34.3,27.799999999999997,0,6.7,0.65
2020-05-10,Inland,1.9,39.2,29.700000000000003,0,27.7,0.74
2021-12-24,Inland,1.6,38.5,30.5,0,22.1,0.43
2024-04-21,Coastal,14.4,28.6,22.400000000000002,0,28.3,0.67
2021-08-12,Coastal,11.1,31.9,25.099999999999998,0,11.6,0.27
2022-07-04,Coastal,3.4,35.4,24.0,0,25.6,0.16
2022-03-03,Coastal,1.6,27.6,20.3,0,28.1,0.97
2022-02-04,Coastal,108.2,29.9,22.9,0,34.8,0.33
2021-11-05,Coastal,12.9,30.7,23.299999999999997,0,7.1,0.15
2021-04-05,Urban,0.3,36.1,24.5,0,27.2,0.3
2025-06-22,Urban,0.2,41.4,29.7,0,29.0,0.33
2022-09-13,Mountain,3.5,29.4,18.799999999999997,0,20.9,0.27
2023-09-03,Mountain,4.4,20.3,12.600000000000001,0,16.1,0.24
2023-08-22,Urban,0.1,29.8,18.4,0,38.6,0.2
2025-03-02,Mountain,6.3,29.2,19.2,0,9.0,0.17
2020-07-26,Urban,7.9,39.0,32.2,0,20.3,0.06
2020-10-23,Inland,63.6,31.2,20.1,0,9.2,0.15
2021-01-15,Inland,0.3,33.1,22.900000000000002,0,37.0,0.01
2020-11-12,Coastal,2.8,40.8,31.599999999999998,0,13.3,0.87
2022-03-21,Urban,1.5,39.6,28.400000000000002,1,157.4,0.79
2020-09-20,Coastal,2.1,21.6,14.000000000000002,1,198.4,0.28
2023-08-30,Mountain,1.9,34.1,27.200000000000003,0,8.7,0.0
2021-11-07,Inland,21.1,21.0,10.8,0,15.9,0.5
2020-08-22,Urban,36.6,35.0,28.4,0,30.5,0.5
2024-11-14,Urban,3.3,37.0,26.8,0,11.4,0.39
2023-10-27,Mountain,5.8,24.8,14.4,0,18.7,0.17
2023-11-29,Coastal,4.4,41.6,34.7,0,38.9,0.42
2025-02-11,Mountain,14.9,33.0,27.0,0,32.8,0.09
2020-02-18,Inland,3.5,34.0,25.8,0,11.2,0.37
2020-08-08,Mountain,16.4,28.5,19.9,0,10.5,0.65
2024-11-27,Urban,9.6,23.0,13.7,0,34.5,0.22
2020-07-20,Inland,0.4,22.2,15.799999999999999,0,26.3,0.8
2021-11-08,Urban,0.9,34.5,27.7,0,27.8,0.07
2021-02-04,Urban,0.7,25.3,14.3,0,25.0,0.22
2025-03-15,Coastal,3.4,26.0,15.4,0,20.8,0.51
2022-06-21,Coastal,16.4,23.4,17.4,1,187.6,0.53
2022-11-20,Urban,89.9,20.8,13.9,0,33.1,0.39
2025-03-16,Inland,6.3,24.3,13.8,0,20.0,0.1
2023-12-23,Coastal,6.5,33.6,26.6,0,26.5,0.07
2021-12-22,Mountain,2.1,22.0,13.3,0,27.7,0.26
2023-08-31,Inland,2.1,20.5,10.5,0,28.4,0.03
2022-06-29,Inland,1.1,21.8,11.700000000000001,0,32.3,0.25
2022-12-06,Coastal,99.7,23.4,13.399999999999999,0,19.0,0.47
2024-02-03,Inland,11.3,37.0,29.4,0,24.1,0.11
2021-09-22,Coastal,23.0,41.8,34.699999999999996,0,28.7,0.74
2024-02-24,Mountain,3.4,37.4,30.099999999999998,0,24.2,0.09
2021-05-22,Urban,12.9,25.4,17.599999999999998,0,5.4,0.16
2025-04-04,Coastal,26.6,26.9,20.0,0,13.3,0.91
2024-07-01,Mountain,3.3,27.8,16.3,0,21.0,0.12
2024-02-23,Mountain,0.6,33.9,24.5,0,18.0,0.94
2023-08-05,Mountain,10.6,29.2,21.0,0,30.1,0.91
2022-12-11,Coastal,4.3,30.9,23.5,0,29.5,0.74
2021-08-28,Coastal,3.0,37.0,26.4,0,14.3,0.74
2024-12-01,Mountain,1.1,40.3,28.499999999999996,0,29.8,0.7
2021-02-20,Mountain,3.3,40.1,34.0,0,35.4,0.97
2024-10-14,Inland,0.7,21.7,13.5,0,23.9,0.11
2023-06-24,Urban,51.2,30.0,19.8,0,5.7,0.68
2020-11-07,Inland,0.6,31.7,25.7,1,139.2,0.08
2020-10-01,Mountain,0.3,40.9,33.9,0,22.2,0.3
2025-03-03,Mountain,2.0,33.0,23.2,0,27.1,0.21
2020-11-05,Coastal,7.1,37.5,27.9,0,17.5,0.51
2021-12-20,Inland,32.1,24.1,14.3,0,37.6,0.59
2024-01-09,Urban,6.7,32.0,21.2,0,37.0,0.6
2024-06-01,Inland,4.8,38.9,32.699999999999996,0,29.9,0.57
2023-06-28,Coastal,12.3,38.6,31.200000000000003,0,25.4,0.24
2025-06-08,Mountain,6.8,20.6,9.600000000000001,0,38.7,0.58
2025-02-20,Inland,4.9,39.8,32.5,0,34.4,0.33
2020-08-19,Inland,2.4,26.7,18.0,0,19.9,0.24
2021-02-23,Inland,4.0,35.0,26.6,0,10.4,0.16
2023-02-21,Urban,3.1,32.6,26.6,0,15.1,0.25
2021-05-15,Inland,8.9,37.0,30.9,0,21.6,0.4
2021-07-15,Urban,1.3,27.1,17.3,0,7.0,0.25
2021-04-17,Mountain,1.5,28.8,22.700000000000003,0,10.2,0.88
2021-02-13,Mountain,7.8,29.1,22.0,0,35.9,0.05
2025-06-09,Urban,21.8,38.7,30.300000000000004,0,19.9,0.02
2022-02-17,Urban,2.1,21.2,9.799999999999999,0,36.5,0.52
2024-08-27,Inland,6.1,20.6,14.200000000000001,1,168.5,0.48
2020-06-09,Mountain,8.3,28.0,21.3,0,37.9,0.95
2020-03-25,Mountain,4.9,33.2,21.200000000000003,1,238.1,0.7
2021-06-21,Mountain,0.9,35.1,28.0,0,10.0,0.01
2024-09-29,Inland,7.5,35.2,24.300000000000004,0,27.5,0.76
2024-11-12,Mountain,4.3,27.7,18.2,0,26.5,0.9
2021-01-22,Mountain,9.4,24.5,16.5,0,32.0,0.55
2023-10-03,Coastal,3.8,23.0,14.6,0,17.0,0.71
2021-04-13,Mountain,2.6,20.7,13.299999999999999,0,31.7,0.19
2020-09-21,Mountain,6.2,26.1,14.400000000000002,0,37.1,0.9
2025-04-24,Coastal,31.1,41.2,34.400000000000006,0,18.9,0.26
2024-11-14,Urban,0.2,25.4,18.799999999999997,0,25.6,0.7
2021-05-01,Urban,5.4,22.8,12.4,0,8.1,0.65
2021-04-30,Mountain,15.4,32.1,20.400000000000002,0,20.8,0.87
2020-01-14,Urban,4.7,38.0,30.2,0,33.3,0.42
2022-04-03,Inland,12.0,32.6,21.1,0,7.2,0.31
2022-11-21,Urban,8.8,21.9,9.999999999999998,0,30.5,0.76
2021-07-17,Mountain,0.9,21.6,9.700000000000001,0,19.4,0.51
2020-03-05,Mountain,2.0,32.9,25.7,0,7.1,0.39
2024-08-29,Urban,7.0,31.5,24.4,0,38.9,0.46
2021-08-28,Inland,19.7,41.5,35.4,0,12.4,0.02
2022-02-12,Mountain,5.0,30.4,19.799999999999997,0,23.9,0.24
2020-01-14,Mountain,22.5,38.3,28.199999999999996,0,11.1,0.49
2023-10-26,Mountain,0.6,21.2,11.399999999999999,0,23.6,0.87
2023-09-08,Mountain,6.8,24.9,17.5,0,5.6,0.35
2020-09-07,Urban,2.4,39.4,29.2,0,20.4,0.73
2022-03-02,Urban,1.1,38.4,28.4,0,14.5,0.96
2023-11-24,Urban,5.0,32.7,25.1,0,27.2,0.94
2023-07-26,Urban,0.3,22.9,14.399999999999999,0,9.8,0.91
2020-04-08,Urban,6.5,41.2,33.2,0,23.2,0.76
2022-11-10,Mountain,9.0,24.2,17.1,0,11.9,0.48
2024-06-29,Urban,14.7,36.7,27.500000000000004,0,29.5,0.54
2023-05-04,Inland,2.1,21.4,14.599999999999998,0,26.1,0.1
2022-02-28,Coastal,19.4,39.6,28.1,0,6.6,0.64
2022-06-29,Coastal,1.7,28.1,17.0,0,18.5,0.18
2024-04-11,Mountain,1.2,26.7,16.7,0,11.9,0.63
2020-12-22,Inland,6.8,39.4,31.599999999999998,0,29.8,0.91
2022-02-09,Mountain,0.4,38.0,28.0,0,33.8,0.29
2021-08-14,Urban,3.6,37.1,27.6,0,37.3,0.52
2023-07-31,Urban,5.3,25.2,16.5,0,25.6,0.87
2021-03-15,Coastal,67.6,31.2,19.7,1,96.7,0.18
2020-02-08,Mountain,1.3,32.7,24.200000000000003,0,27.2,0.3
2022-09-23,Coastal,1.2,32.2,21.900000000000002,0,15.0,0.52
2021-05-08,Coastal,0.8,30.9,20.2,0,28.6,0.52
2023-01-06,Inland,4.1,37.2,28.300000000000004,0,15.8,0.21
2022-09-08,Urban,36.8,31.2,22.7,0,38.6,0.23
2022-01-24,Mountain,2.1,28.0,17.2,0,37.7,0.2
2024-02-24,Urban,31.3,35.0,25.6,0,5.6,0.34
2020-04-27,Inland,5.1,41.5,32.7,0,30.9,0.65
2021-10-10,Mountain,0.3,41.2,33.400000000000006,0,26.4,0.2
2022-08-29,Inland,6.9,26.5,18.3,0,33.0,0.48
2020-10-25,Coastal,23.1,33.5,22.9,0,10.1,0.97
2020-07-11,Urban,10.6,25.4,13.599999999999998,0,33.2,0.42
2023-02-04,Coastal,3.7,25.4,18.299999999999997,0,12.6,0.22
2022-07-04,Coastal,1.3,25.4,15.2,0,32.8,0.79
2024-12-02,Coastal,91.2,34.2,26.400000000000002,0,16.1,0.43
2022-04-23,Urban,1.2,38.4,26.599999999999998,1,190.4,0.98
2023-02-07,Inland,1.4,27.5,16.9,0,39.4,0.84
2023-05-24,Coastal,20.1,27.7,19.2,0,26.0,0.92
2022-12-28,Coastal,3.2,35.5,23.6,0,22.0,0.48
2023-11-29,Mountain,16.3,40.2,28.300000000000004,0,5.6,0.4
2024-05-09,Urban,112.0,29.6,17.900000000000002,0,13.2,0.6
2024-05-16,Coastal,3.0,41.8,31.4,0,19.3,0.1
2024-02-14,Urban,1.2,20.7,10.399999999999999,0,32.4,0.12
2022-01-22,Mountain,7.3,40.7,30.1,0,21.5,0.11
2023-11-30,Urban,13.3,29.3,22.3,0,33.2,0.82
2022-10-03,Coastal,4.1,34.3,22.299999999999997,0,23.5,0.28
2024-04-05,Coastal,7.2,21.0,13.4,0,6.8,0.19
2020-10-29,Coastal,2.8,27.7,20.799999999999997,0,31.5,0.99
2023-06-22,Coastal,5.3,35.0,25.3,0,10.0,0.77
2023-07-02,Urban,13.5,29.5,23.3,0,31.8,0.24
2020-01-08,Coastal,3.8,20.0,11.1,0,5.9,0.04
2023-08-01,Inland,2.5,33.5,22.8,0,38.1,0.4
2022-01-14,Mountain,5.6,35.7,24.200000000000003,0,34.9,0.64
2023-08-07,Coastal,3.6,41.1,33.2,0,15.6,0.53
2022-04-30,Urban,1.5,41.1,32.3,0,34.0,0.29
2021-11-28,Mountain,20.9,39.9,28.799999999999997,0,11.8,0.66
2021-05-22,Inland,5.3,35.5,23.7,0,34.2,0.27
2024-09-03,Urban,0.5,36.9,26.4,0,33.5,0.98
2023-01-20,Urban,1.7,35.7,27.6,0,8.4,0.83
2024-12-24,Mountain,6.1,24.8,16.5,0,7.3,0.24
2021-12-03,Urban,1.2,20.8,8.8,0,30.9,0.99
2024-12-12,Urban,20.2,33.2,26.300000000000004,0,19.5,0.25
2020-05-03,Mountain,10.2,20.9,9.599999999999998,0,35.2,0.38
2020-06-22,Mountain,4.5,27.4,16.799999999999997,0,39.0,0.81
2022-10-01,Inland,3.1,39.4,32.5,0,5.4,0.25
2021-10-03,Coastal,12.1,33.0,22.4,0,17.0,0.49
2021-06-29,Inland,4.4,29.7,19.9,0,10.3,0.32
2020-12-02,Urban,35.0,41.9,35.4,0,32.7,0.19
2020-01-02,Inland,1.1,21.9,10.499999999999998,0,27.1,0.24
2020-06-16,Inland,14.5,31.1,23.200000000000003,0,8.6,0.64
2022-11-07,Coastal,6.5,30.0,18.6,0,26.2,0.91
2021-07-22,Mountain,9.1,40.8,31.199999999999996,0,19.3,0.43
2024-02-25,Urban,2.6,30.6,23.6,0,32.1,0.87
2024-07-27,Mountain,0.2,21.3,9.700000000000001,0,14.2,0.87
2022-12-05,Inland,30.6,28.6,21.700000000000003,0,5.8,0.03
2025-06-11,Inland,1.1,20.7,9.799999999999999,0,24.3,0.51
2024-02-16,Mountain,2.8,23.3,15.4,0,30.6,0.76
2024-06-04,Urban,23.0,35.5,27.1,0,38.4,0.12
2022-08-17,Inland,12.8,24.9,17.599999999999998,0,8.9,0.6
2023-03-20,Mountain,21.9,32.6,26.5,0,34.6,0.46
2020-01-20,Urban,2.9,27.2,16.7,0,9.4,0.58
2020-10-29,Urban,6.1,30.8,21.6,0,22.6,0.88
2021-11-13,Coastal,14.7,26.6,15.600000000000001,0,19.7,0.45
2024-11-11,Urban,1.1,30.1,21.1,0,10.7,0.25
2020-10-13,Inland,25.8,20.6,14.500000000000002,1,201.0,0.49
2022-12-28,Mountain,5.3,21.3,14.0,0,27.6,0.44
2021-03-04,Coastal,10.3,28.7,20.5,0,28.9,0.97
2023-09-05,Urban,0.6,38.1,29.200000000000003,0,32.1,0.24
2020-06-05,Coastal,5.4,30.2,22.6,0,16.1,0.09
2021-08-11,Inland,1.9,28.5,17.8,0,34.6,0.02
2023-10-19,Urban,2.0,22.4,10.7,0,8.3,0.29
2021-11-07,Inland,3.6,31.3,20.1,0,10.7,0.96
2021-08-04,Mountain,2.1,22.4,11.499999999999998,0,29.5,0.47
2025-04-22,Urban,4.6,39.1,30.3,0,34.8,0.0
2025-04-17,Coastal,2.1,27.5,17.0,0,6.3,0.56
2023-10-30,Mountain,24.9,22.3,10.700000000000001,0,18.0,0.82
2024-11-21,Inland,1.7,32.9,26.5,0,19.2,0.16
2021-12-26,Coastal,0.2,37.9,29.799999999999997,0,28.6,0.81
2022-10-22,Inland,0.6,20.9,11.799999999999999,0,24.4,0.83
2022-01-31,Urban,107.5,27.3,19.700000000000003,0,35.3,0.23
2024-10-24,Inland,5.9,23.9,17.2,0,29.3,0.57
2023-09-15,Coastal,1.2,33.4,23.799999999999997,0,32.5,0.0
2024-10-14,Inland,1.6,28.9,17.7,0,18.4,0.2
2020-09-16,Coastal,2.4,33.9,27.299999999999997,0,27.3,0.88
2024-01-13,Coastal,2.4,34.3,22.499999999999996,0,11.7,0.35
2023-03-21,Inland,29.7,35.6,29.3,0,25.7,0.24
2025-02-11,Mountain,5.3,21.8,12.8,0,28.1,0.4
2023-12-16,Inland,2.5,35.6,28.400000000000002,0,14.5,0.74
2020-02-22,Urban,17.3,38.3,31.499999999999996,0,37.7,0.74
2024-03-31,Coastal,1.6,20.6,9.600000000000001,0,9.2,0.07
2020-11-13,Inland,6.7,26.2,16.7,0,17.3,0.47
2025-06-08,Mountain,1.9,30.4,20.799999999999997,0,30.6,0.89
2024-08-22,Coastal,1.4,25.7,18.7,0,6.1,0.8
2021-02-17,Mountain,54.3,39.9,32.4,0,35.6,0.11
2021-06-16,Mountain,3.8,26.8,15.600000000000001,0,23.8,0.92
2023-06-01,Inland,2.8,22.5,12.1,0,14.6,0.91
2024-01-22,Urban,8.9,22.1,15.400000000000002,0,39.2,0.79
2023-08-06,Inland,19.0,39.5,33.5,0,27.8,0.09
2025-02-04,Mountain,1.0,36.3,28.099999999999998,0,30.7,0.58
2021-02-25,Inland,0.2,20.5,10.1,0,6.6,0.54
2023-07-11,Urban,13.8,30.2,21.4,0,35.7,0.38
2020-01-09,Coastal,0.3,23.7,15.0,0,7.7,0.86
2024-03-06,Inland,6.0,28.6,21.0,0,14.9,0.53
2024-04-28,Inland,5.9,21.8,10.600000000000001,0,34.6,0.81
2024-08-24,Mountain,7.0,25.6,18.5,0,9.7,0.37
2023-07-18,Urban,8.6,30.1,20.5,0,5.4,0.09
2021-02-16,Coastal,11.7,20.5,10.3,0,7.3,0.56
2024-08-21,Urban,1.5,33.5,26.8,0,6.7,0.09
2021-08-09,Mountain,2.0,29.3,22.5,0,28.9,0.47
2022-06-01,Mountain,4.5,33.6,27.200000000000003,0,13.8,0.79
2024-11-22,Urban,12.0,30.3,22.700000000000003,0,9.6,0.14
2021-03-27,Coastal,6.6,39.4,27.9,0,17.8,0.0
2020-10-14,Urban,9.3,24.9,16.4,0,21.2,0.1
2022-09-04,Inland,1.7,32.0,25.8,0,37.8,0.37
2023-06-26,Urban,3.0,32.5,22.2,0,36.4,0.11
2020-09-23,Urban,11.0,27.7,18.4,0,6.2,0.22
2022-11-16,Mountain,4.8,41.6,33.9,0,31.8,0.15
2021-07-18,Urban,0.8,23.5,16.8,0,30.9,0.85
2022-02-11,Coastal,0.2,38.0,31.8,0,19.5,0.59
2025-03-15,Coastal,5.4,20.1,14.000000000000002,0,19.5,0.14
2024-09-23,Mountain,0.8,25.0,17.5,0,7.7,0.79
2023-07-12,Inland,0.5,39.0,27.9,0,28.0,0.12
2021-06-01,Inland,4.8,36.4,26.299999999999997,0,34.8,0.72
2022-11-25,Urban,4.8,28.0,19.6,0,22.2,0.3
2020-11-18,Urban,12.3,29.8,20.8,0,39.6,0.13
2023-03-03,Inland,2.0,32.0,24.4,0,16.2,0.83
2022-02-17,Mountain,0.7,24.8,14.200000000000001,0,16.2,0.69
2021-01-25,Coastal,24.2,20.7,9.899999999999999,0,28.8,0.79
2023-09-02,Inland,0.9,38.2,29.400000000000002,0,13.9,0.03
2022-09-06,Mountain,5.8,36.3,28.4,0,37.3,0.57
2023-10-31,Inland,0.6,30.9,23.799999999999997,0,25.9,0.66
2023-10-05,Mountain,11.5,41.3,31.9,0,13.5,0.02
2021-08-30,Coastal,6.6,28.8,22.1,0,25.6,0.77
2023-05-19,Coastal,0.6,23.1,11.3,0,5.1,0.33
2025-03-02,Urban,3.4,33.4,24.9,0,21.3,0.42
2023-12-03,Coastal,7.1,35.4,26.5,0,21.5,0.83
2021-02-28,Coastal,9.1,27.9,18.599999999999998,0,30.0,0.14
2021-01-23,Inland,6.7,27.9,16.599999999999998,0,6.0,0.81
2025-02-13,Mountain,2.8,25.2,15.0,0,7.0,0.11
2022-05-03,Coastal,19.0,28.9,18.299999999999997,0,6.3,0.27
2022-12-15,Inland,5.8,30.0,18.7,0,21.9,0.08
2020-04-23,Mountain,3.5,40.9,29.799999999999997,0,9.1,0.77
2020-01-11,Urban,2.2,41.1,31.6,0,39.6,0.12
2025-01-19,Coastal,7.5,39.5,31.7,0,16.3,0.25
2024-03-14,Inland,0.6,22.8,16.1,0,20.7,0.46
2024-02-20,Urban,8.2,36.1,27.400000000000002,0,15.9,0.06
2022-08-31,Inland,4.1,21.1,9.500000000000002,0,19.3,0.56
2022-12-05,Mountain,5.6,37.7,25.900000000000002,0,35.7,0.19
2022-08-16,Urban,15.9,34.0,24.6,0,28.1,0.42
2024-04-10,Urban,2.1,41.6,31.0,0,13.7,0.58
2023-07-23,Mountain,55.7,34.2,27.200000000000003,0,38.9,0.86
2022-09-27,Inland,1.2,39.3,33.099999999999994,0,7.9,0.67
2022-02-17,Mountain,3.0,30.2,19.2,0,17.8,0.97
2023-01-10,Coastal,5.3,38.4,28.5,0,18.7,0.04
2021-07-18,Urban,0.9,28.9,20.799999999999997,0,37.1,0.5
2022-07-20,Mountain,6.7,32.7,22.800000000000004,0,20.9,0.23
2024-04-28,Coastal,3.7,34.2,22.200000000000003,0,19.8,0.75
2021-08-20,Coastal,7.6,24.4,17.099999999999998,0,25.9,0.96
2024-12-01,Urban,3.2,29.7,23.0,0,12.9,0.38
2023-06-12,Mountain,4.0,40.9,32.2,0,27.9,0.54
2023-12-08,Inland,4.0,32.7,26.200000000000003,0,16.4,0.35
2021-11-08,Mountain,9.6,30.0,20.4,0,36.6,0.57
2024-10-17,Inland,15.4,22.3,13.600000000000001,0,16.4,0.83
2024-02-09,Mountain,1.4,21.3,10.3,0,11.0,0.86
2023-03-13,Urban,5.5,22.4,13.999999999999998,0,15.5,0.92
2023-06-13,Urban,17.7,33.6,21.700000000000003,0,7.7,0.65
2020-06-02,Coastal,0.9,41.4,34.0,0,11.3,0.55
2020-02-06,Coastal,5.0,29.9,19.5,0,34.0,0.16
2021-04-11,Mountain,15.3,37.6,27.5,0,13.3,0.08
2023-12-06,Inland,14.0,35.5,28.0,0,19.8,0.7
2021-12-07,Inland,1.1,27.2,18.1,0,31.3,0.01
2023-09-15,Inland,7.7,26.5,16.5,0,34.0,0.11
2022-03-08,Coastal,2.5,36.8,28.9,0,28.8,0.17
2022-04-29,Inland,1.5,23.7,14.399999999999999,0,21.9,0.19
2025-04-09,Coastal,1.4,30.5,21.4,0,20.2,0.86
2021-12-14,Mountain,6.8,29.1,22.3,0,20.1,0.79
2020-06-04,Mountain,9.8,35.7,26.500000000000004,0,26.9,0.77
2022-03-29,Urban,8.8,35.0,27.9,0,5.8,0.29
2020-02-19,Inland,60.7,20.0,11.2,0,6.9,0.94
2023-10-03,Coastal,25.1,39.3,28.199999999999996,0,29.2,0.38
2023-10-02,Coastal,2.9,36.0,28.6,0,18.7,0.55
2021-08-19,Mountain,3.0,25.6,17.700000000000003,0,8.6,0.25
2024-02-07,Coastal,4.5,20.5,13.2,1,211.9,0.42
2023-03-29,Mountain,0.2,29.5,20.1,0,9.9,0.14
2025-02-28,Mountain,1.3,25.9,15.099999999999998,0,28.9,0.04
2021-05-16,Inland,8.8,30.1,20.900000000000002,0,20.3,0.27
2022-11-13,Mountain,6.5,30.0,18.4,0,14.9,0.58
2023-01-16,Coastal,5.8,29.7,23.6,0,32.0,0.33
2025-02-03,Mountain,0.3,27.2,18.5,0,35.4,0.09
2022-12-04,Urban,5.4,22.1,12.900000000000002,0,39.7,0.32
2023-08-12,Inland,1.5,24.6,17.8,0,7.2,0.08
2024-02-24,Coastal,8.9,20.1,12.000000000000002,0,22.7,0.31
2022-08-28,Urban,3.7,32.6,21.8,0,35.2,0.39
2024-03-22,Mountain,14.4,21.5,10.5,0,22.8,0.48
2023-09-07,Urban,5.1,38.1,26.200000000000003,0,27.4,0.89
2021-12-09,Inland,0.9,32.1,21.400000000000002,0,24.0,0.76
2022-07-02,Mountain,3.8,24.3,15.600000000000001,0,6.1,0.78
2024-09-25,Urban,1.1,40.0,31.3,0,27.7,0.9
2021-09-12,Mountain,5.5,32.5,24.5,0,29.9,0.45
2025-05-25,Mountain,3.2,28.4,19.799999999999997,0,27.7,0.89
2020-10-22,Coastal,4.8,24.5,18.1,0,36.8,0.46
2021-11-04,Coastal,0.9,23.8,15.9,0,20.0,0.81
2025-02-01,Coastal,1.7,38.4,30.7,0,14.9,0.18
2024-03-24,Mountain,1.3,36.3,25.499999999999996,0,26.4,0.68
2025-03-15,Coastal,3.7,24.8,14.5,0,13.9,0.56
2024-03-22,Mountain,1.1,35.3,25.199999999999996,0,24.1,0.34
2022-07-21,Inland,6.7,29.6,17.6,0,16.8,0.4
2024-09-22,Mountain,52.1,40.1,32.1,0,37.8,0.41
2020-09-03,Urban,3.5,41.8,31.9,0,23.5,0.74
2022-11-27,Mountain,0.7,24.9,14.499999999999998,0,16.3,0.11
2021-08-15,Mountain,0.4,33.5,21.8,0,15.6,0.03
2020-05-03,Inland,3.2,37.0,27.9,0,9.2,0.23
2021-01-22,Urban,1.1,38.6,30.900000000000002,0,31.0,0.24
2024-02-10,Mountain,3.7,29.1,23.0,0,5.8,0.82
2021-03-30,Mountain,2.6,35.3,27.599999999999998,0,25.8,0.65
2020-09-22,Urban,4.4,36.3,24.499999999999996,0,22.8,0.81
2020-04-25,Inland,7.7,30.6,18.6,0,11.3,0.49
2023-07-08,Coastal,12.3,33.6,27.5,0,32.7,0.49
2020-07-01,Coastal,4.0,36.6,28.200000000000003,0,5.5,0.77
2024-10-22,Mountain,8.6,36.3,24.699999999999996,0,5.8,0.19
2023-06-18,Mountain,3.3,21.7,12.7,0,27.8,0.0
2023-05-15,Urban,14.9,33.7,24.6,0,19.4,0.16
2020-05-28,Inland,1.6,25.6,17.3,0,39.4,0.48
2022-08-01,Coastal,2.3,30.0,20.5,0,31.4,0.75
2025-06-21,Coastal,13.6,27.7,17.9,0,8.5,0.38
2025-04-07,Inland,5.2,22.4,14.299999999999999,0,33.8,0.37
2020-04-14,Inland,12.7,23.3,11.700000000000001,0,31.3,0.72
2023-07-25,Mountain,1.6,40.6,28.8,0,26.0,0.04
2022-12-24,Urban,3.8,20.8,13.5,0,10.2,0.25
2021-08-19,Urban,0.5,27.9,16.099999999999998,0,11.0,0.9
2024-10-05,Mountain,3.0,37.4,29.599999999999998,0,20.6,0.14
2020-02-17,Urban,5.0,23.5,12.8,0,11.6,0.01
2020-07-26,Inland,15.9,29.4,22.799999999999997,0,31.0,0.55
2020-10-17,Urban,1.0,33.3,21.699999999999996,0,13.9,0.58
2022-06-23,Urban,6.9,21.2,11.5,0,19.7,0.36
2022-06-26,Inland,9.8,39.2,29.500000000000004,0,23.1,0.91
2021-08-18,Urban,2.8,26.6,16.8,0,30.6,0.82
2020-04-08,Urban,5.4,31.7,20.7,0,30.1,0.91
2021-01-04,Coastal,1.0,36.4,26.5,0,37.1,0.72
2021-08-19,Urban,4.9,38.5,30.2,0,37.4,0.66
2022-09-13,Coastal,5.7,20.8,13.4,0,8.7,0.15
2025-02-27,Coastal,26.3,31.0,23.8,0,24.6,0.57
2024-10-10,Coastal,18.7,34.1,24.400000000000002,0,15.3,0.03
2024-03-06,Inland,12.9,23.2,14.7,0,25.0,0.8
2022-01-25,Urban,2.0,28.4,16.599999999999998,0,7.0,0.11
2023-02-09,Inland,0.3,26.6,20.0,0,39.0,0.46
2020-11-05,Mountain,2.9,28.0,21.5,0,22.1,0.63
2020-06-23,Coastal,3.0,38.3,27.699999999999996,0,39.1,0.01
2020-11-07,Coastal,5.4,33.5,27.2,0,39.0,0.73
2025-05-07,Inland,3.7,28.6,20.400000000000002,0,29.0,0.1
2022-12-28,Urban,1.2,26.9,18.9,0,26.4,0.21
2021-07-10,Urban,1.2,26.9,15.799999999999999,0,35.1,0.63
2022-06-13,Coastal,2.5,36.9,27.0,0,11.0,0.26
2021-03-13,Inland,10.1,33.7,23.1,0,35.4,0.62
2020-08-12,Mountain,10.5,38.6,26.700000000000003,0,6.6,0.44
2024-03-20,Coastal,17.7,27.4,15.899999999999999,0,38.5,0.41
2020-09-25,Urban,0.5,27.5,21.2,0,21.9,0.06
2024-07-17,Urban,0.9,33.6,24.700000000000003,0,25.3,0.01
2021-05-13,Coastal,10.0,41.5,35.5,0,5.0,0.09
2022-12-20,Coastal,0.9,27.4,20.0,0,31.6,0.56
2020-03-08,Mountain,2.6,32.0,23.4,0,22.6,0.53
2024-12-06,Urban,1.0,36.4,27.0,0,20.8,0.89
2024-04-17,Urban,1.6,32.5,20.6,0,10.1,0.18
2021-07-15,Urban,1.6,30.2,24.1,0,19.7,0.29
2023-03-17,Mountain,4.6,25.6,19.5,0,7.7,0.96
2024-07-16,Urban,1.3,26.0,16.5,0,6.6,0.75
2021-01-22,Mountain,0.7,40.5,29.7,0,22.5,0.44
2022-02-22,Mountain,8.3,29.2,17.299999999999997,0,11.6,0.6
2021-06-06,Urban,7.8,31.4,21.7,0,19.5,0.01
2020-05-27,Coastal,8.8,36.8,30.699999999999996,0,27.3,0.61
2021-04-24,Mountain,11.7,34.4,27.7,0,10.0,0.42
2025-05-05,Inland,6.4,31.4,24.2,0,36.2,0.2
2021-10-12,Inland,2.2,30.4,19.5,0,27.9,0.36
2023-01-08,Mountain,15.6,27.8,21.1,0,13.0,0.22
2020-12-04,Mountain,6.5,23.3,15.5,0,14.9,0.56
2020-05-24,Coastal,1.3,36.2,25.200000000000003,0,20.6,0.38
2024-06-21,Mountain,5.4,30.3,21.3,0,12.3,0.06
2025-02-19,Coastal,2.5,30.0,20.3,0,15.6,0.22
2023-05-24,Urban,7.7,20.5,9.9,0,7.5,0.4
2024-05-03,Coastal,13.7,32.2,22.500000000000004,0,28.5,0.49
2024-01-30,Mountain,9.6,38.9,30.099999999999998,0,33.1,0.89
2023-09-09,Urban,81.3,39.2,32.0,0,35.7,0.21
2022-05-03,Mountain,10.4,21.2,10.5,0,18.1,0.71
2021-09-14,Mountain,38.2,35.9,24.5,0,23.6,0.73
2020-11-19,Coastal,1.6,21.6,12.200000000000001,0,38.1,0.49
2022-09-19,Mountain,3.1,21.6,10.100000000000001,0,14.2,0.67
2023-10-31,Inland,1.8,35.9,27.7,0,30.2,0.39
2021-12-11,Coastal,9.8,23.9,14.299999999999999,0,17.1,0.73
2022-12-21,Inland,3.8,41.9,34.8,0,15.0,0.4
2020-04-28,Urban,5.0,35.0,27.6,0,30.3,0.36
2021-07-22,Inland,5.6,36.6,30.0,0,30.4,0.3
2023-11-18,Coastal,4.2,36.8,26.199999999999996,0,14.5,0.44
2022-03-10,Inland,3.1,22.7,14.399999999999999,0,23.1,0.4
2023-08-30,Urban,13.6,29.2,20.7,0,38.6,0.23
2022-05-07,Urban,4.4,32.2,23.700000000000003,0,29.3,0.69
2023-03-18,Coastal,2.2,23.2,12.2,0,25.3,0.33
2021-02-11,Inland,9.0,35.4,27.599999999999998,0,38.5,0.23
2021-04-28,Inland,37.0,38.4,26.9,0,29.8,0.49
2025-05-31,Coastal,31.8,34.2,25.400000000000002,0,37.8,0.18
2021-09-06,Urban,10.6,35.4,29.099999999999998,0,23.2,0.41
2021-08-15,Inland,4.9,39.7,33.1,0,29.4,0.58
2024-04-12,Mountain,4.3,34.1,24.400000000000002,0,39.2,0.1
2023-01-07,Coastal,1.4,27.8,21.3,0,17.5,0.6
2020-06-10,Coastal,1.8,37.6,29.1,0,17.3,0.1
2023-09-05,Coastal,1.6,40.1,30.1,0,17.9,0.97
2020-05-03,Urban,8.8,28.0,16.7,0,34.4,0.23
2023-07-15,Coastal,9.4,27.0,17.2,0,17.1,0.91
2020-06-19,Mountain,2.3,33.7,23.500000000000004,0,23.7,0.38
2022-06-26,Mountain,13.5,23.2,13.7,0,18.6,0.11
2020-12-28,Inland,2.9,24.1,15.700000000000001,0,11.9,0.4
2024-10-07,Mountain,2.5,32.5,26.0,0,14.8,0.76
2021-05-18,Urban,1.3,33.4,22.0,0,15.0,0.94
2023-08-08,Mountain,6.5,29.9,22.299999999999997,0,22.9,0.23
2023-07-09,Mountain,4.7,22.5,10.9,0,5.9,0.7
2022-05-09,Inland,1.9,39.6,32.4,0,14.3,0.2
2021-05-13,Coastal,14.7,35.7,24.200000000000003,0,15.9,0.49
2020-09-30,Mountain,4.1,35.9,24.7,0,8.6,0.14
2022-07-10,Urban,3.8,25.3,17.4,0,20.3,0.48
2022-08-27,Mountain,1.0,29.7,18.6,0,25.7,0.06
2020-08-11,Mountain,76.6,40.6,34.1,0,8.4,0.52
2023-11-03,Coastal,6.2,35.8,25.799999999999997,0,30.9,0.3
2022-07-20,Coastal,4.2,22.8,12.3,0,16.0,0.19
2023-01-01,Inland,5.1,33.2,22.000000000000004,0,31.5,0.17
2021-07-17,Urban,4.2,34.7,28.000000000000004,0,9.6,0.7
2024-02-25,Urban,2.3,35.7,23.800000000000004,0,17.0,0.53
2024-12-09,Urban,2.7,34.9,25.5,0,13.6,0.33
2021-06-25,Mountain,2.9,30.4,21.4,0,37.8,0.89
2020-06-25,Urban,11.5,30.6,23.6,0,21.4,0.72
2023-10-20,Inland,10.6,36.1,26.0,0,11.3,0.13
2023-07-23,Mountain,17.3,38.7,29.700000000000003,0,32.6,0.28
2021-06-02,Coastal,1.3,22.4,13.2,0,36.3,0.57
2022-03-26,Urban,2.7,37.7,27.700000000000003,0,32.7,0.55
2022-03-29,Inland,1.4,34.5,24.2,0,10.6,0.97
2023-10-06,Mountain,1.5,21.6,11.100000000000001,0,21.1,0.0
2024-02-28,Mountain,4.5,39.9,33.3,0,35.2,0.1
2020-09-18,Urban,4.7,22.7,15.299999999999999,0,27.4,0.98
2023-06-21,Inland,3.4,22.4,14.999999999999998,0,24.5,0.35
2020-05-29,Inland,9.4,36.9,30.299999999999997,0,6.6,0.45
2022-07-14,Urban,31.3,33.9,25.799999999999997,0,6.1,0.31
2024-08-16,Mountain,7.2,27.3,16.9,0,15.0,0.54
2020-02-13,Inland,13.3,32.9,25.0,0,25.8,0.1
2024-05-31,Coastal,5.7,30.2,19.2,0,16.3,0.35
2021-03-30,Inland,2.7,30.8,22.3,0,20.4,0.89
2025-02-25,Inland,29.8,23.4,14.2,0,31.6,0.73
2021-11-19,Urban,51.4,33.6,26.0,0,31.9,0.59
2023-04-28,Mountain,0.1,23.5,12.1,0,36.7,0.94
2022-07-30,Coastal,3.0,40.4,32.3,0,13.7,0.33
2021-05-04,Inland,29.5,38.2,31.000000000000004,0,7.8,0.72
2021-10-26,Coastal,2.6,21.2,9.899999999999999,0,21.0,0.62
2024-03-07,Urban,3.9,27.9,18.2,0,6.4,0.37
2023-01-27,Inland,14.2,33.9,27.9,0,34.6,0.42
2020-06-11,Urban,6.4,32.7,20.700000000000003,0,11.0,0.13
2022-02-13,Urban,2.7,36.8,25.199999999999996,0,8.2,0.77
2021-10-20,Mountain,54.1,29.6,17.700000000000003,0,26.5,0.38
2020-08-30,Inland,4.0,35.0,27.0,0,30.2,0.37
2022-03-11,Inland,32.2,22.9,13.599999999999998,0,22.0,0.98
2021-12-27,Inland,1.4,24.1,16.3,0,17.8,0.31
2024-03-23,Coastal,10.0,38.3,28.599999999999998,0,18.6,0.69
2021-12-21,Urban,1.8,30.7,20.799999999999997,0,19.2,0.71
2020-08-30,Mountain,5.6,25.5,17.6,0,32.7,0.94
2025-05-21,Coastal,0.6,21.5,11.7,0,15.3,0.25
2020-05-20,Inland,1.1,30.4,21.0,0,31.2,0.38
2025-01-29,Mountain,6.7,24.8,14.5,0,38.2,0.31
2024-09-18,Mountain,1.5,20.2,8.5,0,37.0,0.34
2022-02-17,Inland,5.2,38.8,30.999999999999996,0,30.7,0.22
2024-12-28,Urban,2.4,34.6,25.400000000000002,0,34.0,0.0
2024-03-16,Inland,13.9,32.9,22.7,0,12.8,0.52
2025-03-31,Urban,8.6,37.5,25.6,0,26.5,0.84
2023-05-29,Inland,22.4,34.9,28.9,0,36.6,0.11
2023-05-20,Inland,6.8,26.0,19.9,0,25.3,0.44
2024-10-27,Urban,0.4,34.4,27.7,0,31.1,0.32
2020-05-29,Urban,9.8,24.7,16.1,0,12.7,0.99
2022-02-09,Urban,40.5,38.5,30.1,0,39.2,0.25
2020-06-19,Mountain,12.7,29.8,19.6,0,36.3,0.61
2020-12-10,Urban,6.7,37.2,29.700000000000003,0,11.1,0.13
2024-02-15,Coastal,1.5,40.5,29.4,0,12.4,0.08
2020-01-30,Inland,5.3,37.6,25.8,0,18.5,0.08
2023-07-13,Inland,0.1,36.2,27.500000000000004,0,28.7,0.67
2023-04-03,Mountain,0.6,33.9,25.4,0,9.7,0.25
2023-08-20,Inland,5.3,31.7,22.9,0,36.2,0.97
2024-08-17,Inland,5.4,28.8,19.6,0,34.8,0.59
2024-11-30,Mountain,9.2,34.4,24.299999999999997,0,30.2,0.53
2023-06-12,Mountain,3.9,34.2,23.6,0,25.6,0.1
2025-03-01,Urban,7.9,39.1,30.8,0,17.4,0.22
2022-12-11,Coastal,7.0,34.2,26.1,0,38.5,0.59
2023-06-24,Inland,2.1,35.7,25.400000000000002,0,25.5,0.02
2021-10-05,Coastal,6.5,35.7,25.000000000000004,0,7.6,0.34
2024-10-07,Inland,4.6,22.1,15.400000000000002,0,6.2,0.95
2021-06-17,Mountain,4.0,33.6,21.900000000000002,0,6.8,0.56
2024-01-11,Inland,5.0,39.1,28.900000000000002,0,16.2,0.03
2022-08-14,Inland,3.5,20.5,12.7,0,22.5,0.57
2021-02-07,Coastal,5.5,37.5,28.9,0,29.5,0.79
2023-06-29,Mountain,38.3,28.3,21.9,0,7.9,0.22
2023-11-19,Mountain,7.6,36.6,29.1,0,18.5,0.16
2024-10-17,Coastal,4.3,31.9,24.0,0,38.8,0.36
2020-05-29,Inland,1.4,30.6,23.400000000000002,0,16.3,0.36
2024-02-08,Coastal,3.5,25.3,19.200000000000003,0,29.1,0.01
2022-06-11,Mountain,2.7,22.0,10.3,0,38.7,0.19
2022-06-23,Coastal,15.2,29.8,19.5,0,29.4,0.65
2023-08-24,Coastal,1.5,21.8,10.200000000000001,0,8.6,0.77
2023-11-19,Inland,2.1,30.8,21.1,0,11.5,0.58
2025-04-23,Inland,1.0,38.0,26.8,0,33.3,0.7
2020-05-26,Urban,4.5,41.9,30.799999999999997,0,39.7,0.62
2021-09-30,Inland,4.1,34.3,23.799999999999997,0,28.5,0.04
2023-12-25,Coastal,2.3,32.2,20.400000000000002,0,12.3,0.1
2020-11-25,Coastal,13.8,36.5,30.0,0,8.1,0.4
2024-05-07,Coastal,4.2,27.6,17.0,0,22.2,0.67
2021-05-26,Inland,4.9,35.0,28.0,0,32.4,0.42
2023-09-17,Urban,22.7,32.4,21.7,0,17.0,0.73
2020-10-20,Inland,0.6,41.4,34.699999999999996,0,6.1,0.66
2021-08-15,Mountain,2.4,36.9,28.099999999999998,0,31.9,0.73
2022-12-05,Mountain,3.4,20.2,9.7,0,21.4,0.24
2022-02-03,Urban,17.1,27.0,15.0,0,19.3,0.95
2020-01-19,Inland,1.5,24.3,14.4,0,7.7,0.3
2024-02-11,Mountain,2.4,25.6,18.1,0,22.8,0.77
2025-02-20,Urban,9.2,39.3,28.799999999999997,0,20.9,0.45
2023-02-06,Inland,3.9,34.2,22.6,0,7.9,0.6
2022-07-22,Urban,15.4,26.0,16.1,0,27.8,0.29
2022-05-11,Mountain,3.8,40.5,30.5,0,27.6,0.55
2020-09-27,Coastal,6.0,40.1,29.3,0,34.6,0.37
2023-06-24,Mountain,0.2,26.6,18.0,0,36.1,0.85
2020-08-19,Inland,5.9,34.9,23.7,0,32.6,0.32
2020-08-20,Urban,3.9,21.3,14.0,0,31.5,0.67
2024-10-21,Inland,1.9,40.8,34.0,0,25.2,0.8
2020-11-27,Urban,2.5,39.4,32.5,0,18.5,0.5
2021-10-20,Mountain,20.0,33.8,24.099999999999998,0,39.7,0.55
2023-12-08,Urban,5.3,39.7,31.200000000000003,0,22.9,0.06
2024-09-07,Coastal,14.7,31.1,19.900000000000002,0,26.7,0.78
2023-10-04,Mountain,1.7,34.2,26.800000000000004,0,24.8,0.07
2025-01-14,Coastal,1.6,26.7,15.899999999999999,0,30.2,0.43
2022-06-08,Coastal,48.7,40.8,31.599999999999998,0,18.3,0.68
2024-10-30,Coastal,13.0,40.8,32.5,0,19.6,0.43
2021-09-08,Coastal,2.7,34.7,24.300000000000004,0,39.4,0.73
2023-10-27,Coastal,18.4,37.5,25.9,0,29.7,0.86
2023-06-29,Mountain,10.9,22.0,10.7,0,34.9,0.75
2021-04-10,Coastal,10.6,23.4,14.399999999999999,0,39.8,0.25
2023-04-25,Inland,4.6,28.6,18.400000000000002,0,6.2,0.81
2024-10-16,Urban,0.9,26.3,15.100000000000001,0,9.9,0.73
2022-02-01,Urban,1.9,23.2,15.5,0,17.1,0.73
2024-06-09,Mountain,1.0,25.9,15.899999999999999,0,20.7,0.28
2024-06-01,Mountain,0.5,24.6,14.100000000000001,0,35.8,0.88
2025-03-04,Inland,2.6,36.3,26.799999999999997,0,8.4,0.03
2025-06-05,Coastal,4.0,32.7,26.200000000000003,0,12.6,0.62
2025-04-03,Urban,4.0,39.7,30.900000000000002,0,5.0,0.35
2022-05-26,Urban,1.0,41.7,34.6,0,35.2,0.94
2020-01-22,Inland,4.0,32.4,24.099999999999998,0,5.7,0.05
2020-03-25,Mountain,4.6,23.8,15.4,0,9.1,0.16
2021-10-08,Inland,0.9,33.7,23.000000000000004,0,11.3,0.49
2020-02-21,Mountain,3.5,41.6,35.0,0,29.1,0.86
2022-06-15,Inland,27.7,40.3,29.099999999999998,0,23.9,0.55
2024-07-30,Inland,9.8,22.6,11.600000000000001,0,19.4,0.01
2021-11-21,Mountain,4.4,33.3,25.299999999999997,0,22.8,0.37
2025-03-31,Urban,1.2,36.5,29.1,0,38.6,0.28
2024-04-20,Urban,6.4,24.5,12.8,0,12.6,1.0
2025-03-26,Mountain,10.8,23.7,13.1,0,7.5,0.91
2022-08-20,Mountain,13.3,28.3,20.8,0,5.8,0.39
2021-10-29,Urban,25.1,28.0,21.8,0,6.8,0.11
2024-11-03,Mountain,22.9,34.9,23.099999999999998,0,15.6,0.58
2022-12-18,Inland,4.3,20.1,10.700000000000001,0,15.6,0.61
2023-07-13,Mountain,2.8,24.2,13.7,0,10.4,0.32
2020-10-23,Coastal,9.7,29.1,17.200000000000003,0,35.9,0.07
2022-01-27,Mountain,10.4,40.1,30.900000000000002,0,18.8,0.66
2025-01-03,Mountain,2.8,33.7,23.6,0,15.3,0.75
2024-07-07,Mountain,1.0,29.5,20.7,0,39.0,0.48
2022-01-02,Inland,2.1,30.6,21.6,0,33.8,0.13
2023-08-14,Inland,1.0,38.3,30.299999999999997,0,9.6,0.55
2023-06-30,Mountain,2.5,23.9,12.299999999999999,1,168.3,0.6
2025-01-02,Inland,0.8,24.7,16.4,0,7.6,0.51
2021-10-18,Inland,16.8,33.5,23.8,0,7.0,0.32
2021-03-12,Inland,0.3,20.7,11.7,0,26.1,0.42
2022-08-25,Mountain,5.2,34.2,23.500000000000004,0,9.0,0.2
2021-06-23,Urban,0.6,32.4,24.099999999999998,0,15.5,0.9
2022-05-19,Mountain,2.4,26.5,17.7,0,39.2,0.73
2020-12-19,Coastal,15.5,32.9,25.5,0,36.7,0.07
2024-09-30,Urban,9.2,31.1,24.400000000000002,0,31.9,0.75
2023-05-17,Inland,2.5,28.3,21.0,0,39.1,0.93
2020-11-25,Coastal,7.4,26.6,19.6,0,27.8,0.98
2021-08-11,Coastal,10.1,22.7,16.4,0,21.0,0.53
2022-11-07,Urban,1.0,24.4,13.599999999999998,0,27.1,0.46
2024-10-24,Mountain,0.4,34.6,23.3,0,22.8,0.98
2021-05-01,Inland,3.7,24.6,16.6,0,31.7,0.53
2020-10-23,Mountain,3.6,39.3,27.799999999999997,0,37.7,0.25
2022-10-12,Urban,3.9,31.1,25.0,0,11.8,0.6
2020-01-12,Urban,1.8,29.5,21.4,0,18.8,0.86
2024-03-30,Mountain,3.8,35.7,28.700000000000003,0,37.5,0.25
2022-11-01,Mountain,2.1,41.6,34.0,0,20.3,0.56
2022-02-04,Mountain,6.7,34.3,24.599999999999998,0,38.2,0.49
2022-11-23,Mountain,3.4,40.2,30.1,0,22.8,0.47
2024-03-24,Mountain,7.0,20.7,14.1,0,32.3,0.97
2023-03-18,Inland,0.2,41.0,33.8,0,15.7,0.25
2023-06-17,Inland,16.6,24.3,14.8,0,29.6,0.05
2025-03-29,Inland,31.4,32.1,23.0,0,39.3,0.4
2023-11-21,Inland,1.7,35.0,26.2,0,24.5,0.26
2020-01-06,Coastal,6.7,34.5,23.8,0,25.7,0.21
2024-06-13,Inland,34.1,40.1,31.3,0,6.5,0.9
2024-11-14,Coastal,0.6,39.9,28.299999999999997,0,25.6,0.4
2023-11-30,Coastal,6.9,22.8,16.5,0,6.6,0.05
2025-02-13,Inland,10.6,41.5,35.3,0,8.7,0.05
2020-06-01,Mountain,5.2,22.1,11.8,0,25.5,0.47
2020-10-13,Inland,0.2,20.2,11.899999999999999,0,20.6,0.79
2024-03-04,Inland,7.9,20.2,13.299999999999999,0,13.9,0.91
2022-04-19,Coastal,8.7,36.3,29.799999999999997,0,17.1,0.51
2025-02-04,Mountain,13.9,41.1,33.1,0,36.7,0.61
2021-07-19,Coastal,5.4,33.0,25.5,0,16.1,0.83
2023-09-25,Coastal,10.4,39.1,29.400000000000002,0,15.2,0.84
2020-02-28,Urban,5.6,21.3,11.4,0,26.8,0.72
2023-05-10,Inland,13.7,20.4,10.399999999999999,0,21.2,0.95
2021-07-11,Mountain,1.0,36.0,24.0,0,37.3,0.37
2025-06-14,Coastal,2.2,38.8,26.9,0,6.0,0.84
2024-12-20,Mountain,3.3,40.1,30.200000000000003,0,25.2,0.65
2020-08-13,Inland,2.4,20.9,13.799999999999999,0,16.7,0.22
2024-03-15,Urban,16.2,33.9,24.599999999999998,0,34.8,0.95
2024-03-29,Mountain,2.5,34.4,28.0,0,17.4,0.21
2024-07-21,Coastal,0.1,32.9,21.299999999999997,0,12.3,0.31
2022-04-21,Coastal,15.7,32.3,24.299999999999997,0,7.7,0.87
2020-02-05,Mountain,8.1,37.6,30.0,0,27.1,0.88
2022-08-21,Mountain,32.1,25.2,15.2,0,6.3,1.0
2021-02-18,Coastal,1.4,29.7,20.6,0,31.7,0.34
2024-11-03,Coastal,2.0,27.6,18.1,0,17.9,0.87
2021-04-29,Inland,1.6,24.7,14.2,0,22.3,0.53
2020-05-08,Urban,10.2,33.0,25.7,0,35.2,0.27
2023-10-27,Mountain,0.1,32.8,21.9,0,21.5,0.63
2021-12-17,Mountain,31.3,37.6,28.200000000000003,0,15.8,0.84
2022-09-19,Inland,10.2,21.5,11.3,0,39.9,0.44
2024-12-16,Inland,4.5,27.8,20.8,0,37.8,0.27
2024-10-27,Coastal,3.4,38.5,31.0,0,28.4,0.79
2021-06-22,Urban,13.2,20.6,13.900000000000002,0,5.9,0.32
2020-11-20,Coastal,5.6,21.3,13.600000000000001,0,25.5,0.73
2020-09-22,Coastal,3.5,35.8,28.499999999999996,0,9.6,0.45
2022-02-28,Inland,3.0,23.0,15.6,0,32.1,0.42
2022-07-16,Coastal,8.6,32.9,21.099999999999998,0,6.6,0.27
2024-10-20,Coastal,3.1,40.3,32.599999999999994,0,13.1,0.32
2022-01-21,Urban,13.3,41.9,30.0,0,38.2,0.42
2024-07-04,Mountain,2.0,30.0,23.9,0,34.8,0.99
2021-09-22,Inland,1.0,29.1,22.5,0,23.7,0.75
2021-09-05,Mountain,5.3,21.1,13.8,0,14.8,0.81
2023-06-07,Coastal,2.6,41.9,31.4,0,13.5,0.58
2025-04-12,Coastal,3.7,33.8,22.099999999999998,0,23.5,0.64
2024-05-21,Inland,1.4,37.9,30.5,0,30.9,0.67
2023-03-22,Urban,12.2,28.3,16.4,0,20.4,0.45
2020-02-20,Urban,0.9,36.8,25.599999999999998,0,11.3,0.74
2022-12-01,Mountain,0.6,29.5,21.2,0,7.1,0.71
2022-04-09,Coastal,1.6,36.7,29.000000000000004,0,31.4,0.36
2024-11-09,Mountain,5.6,41.2,29.300000000000004,0,23.9,0.07
2025-01-06,Coastal,35.7,32.6,23.8,0,29.6,0.14
2020-02-27,Mountain,15.1,32.4,25.9,0,19.1,0.28
2021-09-22,Coastal,1.8,33.4,25.0,0,10.2,0.51
2023-12-05,Mountain,4.5,23.0,11.9,0,15.6,0.13
2021-01-16,Urban,6.0,36.9,30.799999999999997,0,33.8,0.49
2023-06-19,Urban,7.5,28.3,22.3,0,33.3,0.88
2023-09-26,Coastal,13.7,28.0,18.3,0,17.7,0.44
2021-10-13,Mountain,31.4,29.7,18.2,0,24.3,0.44
2022-02-25,Urban,22.4,28.3,19.5,1,103.8,0.59
2021-03-13,Inland,58.1,38.8,31.599999999999998,0,17.9,0.86
2025-06-10,Urban,10.9,21.2,14.5,0,39.9,0.34
2023-06-08,Urban,8.4,31.7,21.9,0,34.5,0.88
2025-03-09,Mountain,13.9,38.7,27.1,0,10.1,0.92
2025-04-06,Inland,19.8,20.4,11.899999999999999,0,26.1,0.34
2024-09-20,Urban,8.7,23.1,12.700000000000001,0,13.6,0.31
2020-12-21,Coastal,16.1,32.3,22.699999999999996,0,32.8,0.84
2021-04-01,Urban,2.4,26.0,18.1,0,14.2,0.14
2022-07-11,Mountain,9.2,35.0,24.4,0,20.5,0.64
2024-10-16,Inland,12.2,30.8,24.0,0,6.7,0.22
2020-09-09,Urban,2.8,22.0,13.0,0,7.6,0.58
2022-06-18,Mountain,1.0,34.9,25.299999999999997,1,248.4,0.65
2020-12-25,Coastal,4.6,27.1,18.8,0,22.7,0.68
2023-10-21,Coastal,2.6,24.3,13.8,0,26.7,0.85
2020-09-03,Inland,3.8,21.9,11.799999999999999,0,26.8,0.36
2020-08-11,Mountain,4.6,35.6,28.0,0,9.7,0.21
2023-01-22,Coastal,0.3,21.9,10.7,0,38.2,0.07
2023-12-19,Coastal,13.2,26.8,20.4,0,29.0,0.93
2024-03-26,Inland,15.0,32.4,22.2,0,19.9,0.71
2025-03-29,Urban,8.5,29.2,21.5,0,16.0,0.32
2022-05-10,Inland,9.3,37.7,27.6,0,40.0,0.14
2021-09-22,Mountain,0.7,30.9,24.099999999999998,0,11.8,0.59
2020-10-22,Urban,13.2,38.1,26.400000000000002,0,6.2,0.14
2023-07-25,Inland,2.8,40.0,28.4,0,23.1,0.21
2024-07-05,Mountain,1.2,25.8,18.700000000000003,0,20.3,0.72
2022-04-07,Urban,7.3,22.7,13.799999999999999,0,21.7,0.06
2022-09-14,Mountain,3.6,32.8,26.499999999999996,0,32.2,0.36
2020-01-21,Urban,8.8,39.2,31.400000000000002,0,19.5,0.5
2022-07-19,Mountain,29.9,28.8,17.1,0,29.8,0.17
2022-01-09,Urban,2.2,36.6,30.1,0,7.1,0.33
2023-05-24,Inland,3.5,25.1,17.200000000000003,0,13.2,0.77
2023-12-21,Coastal,8.5,41.3,31.299999999999997,0,35.4,0.52
2020-08-24,Coastal,2.5,33.7,23.200000000000003,0,14.6,0.79
2021-11-26,Urban,3.3,28.6,22.5,0,14.9,0.62
2020-06-01,Inland,36.1,27.1,18.6,0,12.8,0.05
2024-12-02,Inland,1.9,39.5,33.1,0,29.1,0.09
2022-12-20,Urban,1.9,31.0,23.5,0,32.2,0.13
2024-06-04,Coastal,7.9,24.7,13.7,0,36.6,0.79
2021-02-02,Coastal,57.3,21.4,10.599999999999998,1,207.6,0.19
2020-09-20,Urban,0.3,21.1,9.200000000000001,0,36.9,0.73
2025-02-15,Mountain,16.6,31.7,22.7,0,27.3,0.1
2020-10-13,Mountain,0.4,40.4,31.0,0,21.7,0.94
2021-05-10,Inland,3.1,36.2,29.300000000000004,0,31.4,0.79
2024-01-11,Coastal,2.5,33.0,24.2,0,19.0,0.66
2022-08-06,Urban,1.6,21.9,11.2,0,27.1,0.83
2022-07-07,Coastal,12.8,33.9,24.2,1,99.1,0.63
2025-03-22,Urban,23.8,41.7,33.2,0,7.2,0.32
2022-01-29,Coastal,1.8,40.2,32.5,0,23.7,0.04
2023-03-23,Urban,6.0,35.3,24.499999999999996,0,12.2,0.51
2020-04-03,Inland,17.6,40.4,31.2,0,33.0,0.08
2021-10-04,Mountain,3.7,40.4,29.299999999999997,0,14.2,0.79
2023-08-26,Mountain,3.7,33.5,23.8,0,14.5,0.17
2025-02-07,Urban,6.2,37.1,25.3,0,7.0,0.21
2024-03-10,Inland,5.5,22.2,14.399999999999999,0,36.9,0.44
2020-10-15,Mountain,3.4,21.0,12.5,0,24.9,0.33
2023-07-29,Coastal,5.0,33.8,26.4,0,12.2,0.18
2024-06-30,Coastal,3.2,22.0,16.0,0,31.3,0.2
2020-08-14,Urban,7.4,41.0,30.1,0,23.8,0.75
2022-05-22,Mountain,10.9,24.5,14.7,0,28.7,0.81
2023-10-31,Mountain,0.9,40.1,30.0,0,10.2,0.32
2022-03-15,Urban,1.0,35.5,27.4,0,23.6,0.46
2020-05-23,Coastal,4.9,41.7,34.900000000000006,0,31.9,0.21
2020-07-29,Urban,4.0,37.1,26.8,0,10.2,0.69
2024-12-12,Coastal,19.0,29.2,20.2,0,27.6,0.01
2020-10-01,Coastal,13.0,24.7,15.1,0,24.0,0.68
2025-02-19,Urban,7.0,40.1,31.400000000000002,0,19.1,0.02
2022-11-23,Inland,4.9,35.4,24.9,0,29.4,0.81
2021-07-04,Mountain,3.7,34.2,25.1,0,14.9,0.78
2023-07-18,Inland,0.9,31.2,20.799999999999997,0,36.5,0.4
2024-11-01,Mountain,0.6,30.4,22.599999999999998,0,31.0,0.79
2023-06-04,Inland,5.7,29.3,20.0,0,39.7,0.3
2023-03-18,Mountain,0.7,24.4,15.399999999999999,0,39.8,0.52
2022-12-30,Mountain,8.5,22.2,11.299999999999999,0,36.8,0.72
2022-08-06,Coastal,42.0,27.0,19.2,0,24.9,0.73
2022-03-30,Mountain,17.9,31.3,24.5,0,31.9,0.76
2024-08-01,Urban,1.1,24.0,12.4,0,13.4,0.55
2022-08-02,Mountain,9.6,32.7,21.1,0,24.2,0.46
2024-07-25,Mountain,10.2,20.4,9.599999999999998,0,9.9,0.33
2025-05-12,Coastal,2.6,24.6,17.400000000000002,1,233.3,0.37
2023-10-07,Mountain,129.0,29.9,23.7,0,7.3,0.23
2024-06-14,Coastal,7.9,38.5,32.0,0,8.6,0.81
2025-05-04,Mountain,1.2,36.4,30.099999999999998,0,19.0,0.48
2022-07-12,Mountain,4.7,29.8,22.8,0,28.9,0.67
2020-03-30,Mountain,2.7,20.6,11.600000000000001,0,30.1,0.19
2022-08-09,Mountain,5.8,35.7,28.000000000000004,0,37.6,0.7
2021-03-07,Coastal,5.6,20.9,13.899999999999999,0,21.1,1.0
2021-12-16,Mountain,1.3,24.5,18.4,1,144.2,0.02
2023-02-15,Mountain,3.8,37.3,31.199999999999996,0,38.2,0.07
2021-02-09,Urban,8.0,33.5,24.6,0,13.8,0.62
2024-10-07,Coastal,2.5,25.4,15.7,0,14.6,0.37
2023-09-08,Inland,7.4,27.9,19.599999999999998,0,12.5,0.78
2023-07-18,Coastal,1.5,38.6,31.8,0,29.1,0.81
2022-09-25,Inland,3.4,32.1,25.200000000000003,0,31.0,0.55
2024-02-09,Coastal,2.0,29.1,23.0,0,23.2,0.46
2021-08-16,Inland,4.6,39.3,29.299999999999997,0,28.4,0.44
2020-06-13,Mountain,11.1,32.8,26.199999999999996,0,30.9,0.25
2022-02-24,Mountain,12.9,22.8,16.0,0,25.4,0.53
2021-09-07,Coastal,3.4,21.9,15.899999999999999,0,7.1,0.63
2025-02-26,Mountain,2.9,35.7,25.500000000000004,0,37.4,0.76
2024-04-17,Inland,8.8,28.1,19.8,0,30.2,0.41
2023-06-01,Coastal,1.4,32.9,21.599999999999998,0,26.9,0.91
2024-08-15,Mountain,5.8,40.8,31.099999999999998,0,5.2,0.24
2022-09-09,Mountain,5.2,32.1,25.700000000000003,0,39.9,0.71
2020-02-20,Inland,3.1,24.3,13.100000000000001,0,15.6,0.29
2022-12-07,Inland,4.5,33.7,22.200000000000003,0,21.2,0.05
2021-06-08,Coastal,4.3,37.7,27.000000000000004,0,39.7,0.98
2020-02-20,Mountain,3.2,29.0,18.3,0,32.7,0.56
2023-04-12,Inland,2.5,38.1,30.400000000000002,0,13.1,0.32
2022-07-09,Mountain,15.9,27.0,19.2,0,20.7,0.04
2023-08-26,Mountain,29.8,36.8,25.999999999999996,0,22.4,0.3
2020-02-17,Mountain,2.0,27.7,19.0,0,35.0,0.82
2023-03-07,Coastal,1.5,22.3,13.0,0,37.0,0.28
2022-02-19,Urban,3.2,40.9,34.6,0,19.1,0.54
2024-12-26,Coastal,2.4,21.1,15.000000000000002,0,11.6,0.56
2023-09-28,Inland,1.7,25.9,15.7,0,11.1,0.67
2023-08-28,Coastal,2.1,25.5,16.8,0,20.4,0.27
2023-06-25,Inland,11.1,32.8,23.699999999999996,0,29.9,0.11
2024-02-17,Mountain,4.3,28.8,22.6,0,12.8,0.03
2025-01-23,Coastal,0.6,39.2,31.700000000000003,0,19.7,0.76
2022-06-16,Inland,2.8,35.2,24.000000000000004,0,32.8,0.32
2020-08-23,Coastal,1.3,27.0,15.5,0,28.8,0.3
2021-12-06,Inland,5.1,32.0,23.4,0,32.6,0.93
2025-05-31,Coastal,2.7,35.9,29.5,0,13.9,0.51
2021-07-05,Inland,7.9,28.5,16.9,0,19.6,0.58
2022-06-19,Inland,1.6,22.6,11.8,0,28.7,0.82
2022-04-29,Mountain,4.1,41.1,31.5,0,27.8,0.32
2022-05-28,Inland,12.4,22.0,14.4,0,26.4,0.13
2020-08-13,Urban,16.3,25.8,15.700000000000001,0,17.5,0.74
2023-07-23,Urban,6.5,20.2,12.6,0,19.3,0.74
2024-12-30,Urban,4.5,38.3,30.799999999999997,0,5.9,0.59
2021-02-09,Urban,18.9,25.0,13.2,0,24.8,0.22
2021-03-16,Urban,32.9,21.7,10.299999999999999,0,14.1,0.54
2025-02-12,Coastal,32.8,23.8,12.8,0,25.3,0.53
2021-10-20,Mountain,1.2,34.9,28.7,0,11.4,0.26
2024-03-31,Mountain,1.5,39.1,28.0,0,27.6,0.4
2022-06-26,Coastal,4.9,21.5,11.0,0,8.5,0.49
2023-08-02,Inland,2.9,28.5,18.0,0,16.4,0.87
2022-10-19,Inland,1.8,32.3,23.699999999999996,0,37.6,0.48
2020-09-04,Coastal,1.7,32.3,23.499999999999996,1,207.5,0.54
2022-07-14,Inland,4.1,37.6,30.200000000000003,0,6.6,0.55
2023-05-23,Inland,11.4,27.3,19.6,0,30.6,0.97
2024-06-09,Coastal,0.8,20.3,12.4,0,5.5,0.42
2024-01-03,Urban,1.3,40.4,33.9,0,7.6,0.68
2022-10-29,Inland,3.1,21.7,15.1,0,22.3,0.7
2024-05-15,Inland,2.7,31.3,22.8,0,13.8,0.43
2020-09-01,Coastal,12.0,39.5,31.7,0,37.7,0.84
2021-09-18,Coastal,1.7,21.9,13.299999999999999,0,17.8,0.45
2024-05-01,Inland,6.6,27.6,17.1,0,30.1,0.64
2023-08-29,Urban,7.0,22.0,12.9,0,32.6,0.3
2022-02-01,Urban,13.3,23.0,14.9,0,27.6,0.01
2025-03-24,Urban,4.6,26.0,18.6,0,20.5,0.8
2020-11-22,Inland,24.7,21.8,11.600000000000001,0,9.9,0.39
2020-07-17,Inland,24.9,41.2,34.5,0,10.1,0.82
2020-11-10,Mountain,9.7,34.4,26.7,0,14.7,0.48
2020-11-22,Coastal,12.5,34.4,22.5,0,15.1,0.25
2021-07-25,Inland,1.2,27.6,19.3,0,7.2,0.96
2022-11-15,Coastal,10.4,34.3,24.4,0,26.5,0.39
2022-02-03,Mountain,3.2,36.7,29.400000000000002,0,9.9,0.24
2024-03-14,Coastal,26.1,26.7,20.5,0,18.1,0.94
2025-04-13,Inland,2.8,24.5,14.5,0,19.6,0.28
2020-11-22,Mountain,2.0,27.0,17.7,0,28.5,0.51
2020-06-24,Inland,1.4,39.8,32.5,0,9.5,0.81
2023-02-27,Urban,2.7,36.6,30.3,0,16.4,0.12
2020-03-22,Mountain,9.7,24.9,14.399999999999999,0,28.6,0.3
